"age_standardized","mu_M0","mu_M1","mean_change","observed_change"
1.8864127043073,-1.02214078374406,-0.762244582903852,0.259896200840206,0.240147363964944
-1.49079674074414,0.697841545555095,0.650006192523655,-0.0478353530314396,-0.744105925479356
0.278217730473283,-0.292684771499668,-0.34200553526878,-0.049320763769112,1.80709361563463
-2.29489422766115,0.929997667614903,1.01028472106387,0.0802870534489682,-2.05784370435829
-0.365060259060323,0.158894527983135,0.139570784409588,-0.019323743573547,0.389785634381758
-0.284650510368624,0.173831547035183,0.360855298142905,0.187023751107722,1.18209619716776
1.966822452999,-1.16670561198964,-1.14946432935125,0.0172412826383899,0.883965383756709
1.8864127043073,-1.21032365683825,-1.35482618680375,-0.144502529965495,-0.347677445091967
1.2431347147737,-0.808505688236345,-1.10640558320345,-0.297899894967101,-0.406812295330655
-0.525879756443727,0.316523248448832,0.145402429006749,-0.171120819442082,1.08248507018014
-0.123831012985222,0.210357928625469,0.173881540496744,-0.0364763881287248,2.56819593596253
-0.123831012985222,0.014002581581371,-0.0919225984731228,-0.105925180054494,1.1297101718991
-0.204240761676922,-0.0829781951249764,-0.146507717104423,-0.0635295219794468,-2.13220791127815
-0.284650510368624,0.27241864154993,-0.00202332982233791,-0.274441971372268,-0.225657243850405
1.00190546869859,-0.469393256357677,-0.700029621764334,-0.230636365406657,0.848979729917734
0.680266473931787,-0.313687949325289,-0.376027245017881,-0.0623392956925919,2.16726602726696
-1.41038699205244,1.01368016229448,0.910874989470642,-0.102805172823837,-0.693040716433445
-1.41038699205244,0.496959148216411,0.783070747319311,0.2861115991029,-1.51708784681336
-0.606289505135426,0.232529431129848,0.203952115416,-0.028577315713848,1.11249751664204
1.8864127043073,-1.30318572121848,-1.51292552991086,-0.20973980869238,-1.0234923634455
0.278217730473283,-0.165524103508273,0.0283135948212165,0.19383769832949,0.761473257895906
-1.49079674074414,0.675299405526263,0.813599728462489,0.138300322936225,1.0435666754304
-0.204240761676922,0.117964288058423,-0.194394901668905,-0.312359189727328,-1.04308954926164
-0.123831012985222,0.0358063507606939,-0.157843935338498,-0.193650286099192,-0.128862607447963
-0.365060259060323,0.299765464969723,0.288289058925335,-0.011476406044388,-0.122636288025554
-0.525879756443727,-0.000580834297262245,0.191914663147276,0.192495497444539,-0.799645108952102
1.3235444634654,-0.871082274002491,-0.953051923755064,-0.081969649752573,-0.932525038166616
1.8864127043073,-0.968872553126778,-1.00954788315244,-0.0406753300256588,1.24472154467505
0.278217730473283,-0.182158833588333,-0.107962078291129,0.0741967552972041,-0.297467148797529
-0.525879756443727,0.0407908036333106,0.250841246420789,0.210050442787478,1.67284368793195
-0.525879756443727,0.323019520616193,0.495385418137161,0.172365897520968,3.54304511524773
-2.29489422766115,1.42307776002458,1.29524407725576,-0.127833682768819,-0.171721367712327
0.278217730473283,-0.0209911625340899,-0.00438880730980978,0.0166023552242802,-1.41049920151651
-0.123831012985222,0.185437556973772,-0.0985518746251852,-0.283989431598958,-0.6641617861978
-1.00833824859393,0.472550292315161,0.783931478775989,0.311381186460828,1.56305469522043
-0.284650510368624,0.045669089071177,0.107886671882949,0.0622175828117721,-0.87074746505962
-0.284650510368624,0.0676781517331801,0.00732330222431141,-0.0603548495088687,-0.898347230468486
0.599856725240088,-0.385715642051744,-0.44028099466091,-0.0545653526091663,-1.98722510121577
1.8864127043073,-1.81723629983522,-2.20248232973379,-0.385246029898565,-0.0146236093717511
-0.525879756443727,0.198874723894949,0.209945000661468,0.0110702767665193,1.33910191787296
-0.204240761676922,0.237645253217285,0.074263893436237,-0.163381359781048,-0.381671406768957
0.680266473931787,-0.369609545545103,-0.310901813621719,0.0587077319233841,-0.762840424173923
-0.284650510368624,0.197261805603696,-0.00427854767931787,-0.201540353283014,-0.40006822275081
0.278217730473283,-0.296555126800024,-0.326191849402171,-0.029636722602147,-0.675052181120382
0.197807981781583,-0.156705850243076,-0.066738445220273,0.0899674050228026,0.787542025075725
-0.123831012985222,0.172601597835399,0.0459866561762926,-0.126614941659106,-1.04944755592443
-1.49079674074414,1.07187457485166,0.977360736347012,-0.0945138385046485,-1.13048585646941
-0.84751875121053,0.482134208891194,0.455892192944138,-0.0262420159470562,-1.61080644417899
-2.21448447896945,0.265001563545804,0.536147275275698,0.271145711729894,-0.82370728597555
-0.365060259060323,0.359277582144713,0.203854338580542,-0.155423243564171,-0.652035638718969
0.599856725240088,-0.326749342158579,-0.557806234011006,-0.231056891852426,-0.0236806568444469
0.439037227856687,-0.323767171139151,-0.2293516342359,0.0944155369032509,1.03356282780768
0.439037227856687,0.0229666731277045,0.243197838040289,0.220231164912585,-0.465479180511836
0.278217730473283,-0.0892843488257412,-0.0801340622240128,0.00915028660172847,2.63003127369537
-0.123831012985222,0.137915716469636,0.173560776425014,0.0356450599553776,-0.0349703890085413
-2.29489422766115,1.30088874530298,1.09442971391084,-0.20645903139214,-0.747463918884353
-0.123831012985222,0.0568736771876125,-0.126273690366701,-0.183147367554313,-0.325749462398569
0.278217730473283,-0.160384749022164,-0.12844086294247,0.0319438860796943,-0.645330272190984
-0.284650510368624,0.103849535037637,-0.0975641234682948,-0.201413658505932,-1.48321471152562
-0.284650510368624,0.151622854028977,0.0752422173470104,-0.076380636681967,0.772117902625547
-0.284650510368624,0.250926060628707,-0.0374199744380208,-0.288346035066728,-0.716726877177964
-0.284650510368624,0.124008398772299,0.0670660480176663,-0.0569423507546331,-1.33621575821057
-0.204240761676922,0.0795240553676026,0.154310717844133,0.0747866624765308,1.45808117481219
0.278217730473283,-0.382129632694559,-0.70629415728991,-0.32416452459535,-1.09853289199894
-1.49079674074414,0.454872609233987,0.596187046967426,0.141314437733439,-1.68256786554687
-0.204240761676922,0.350353290314749,0.419433435339089,0.0690801450243398,-0.257725192564461
-0.123831012985222,0.0443535964335474,-0.105597740040403,-0.14995133647395,-0.542162526024716
0.76067622262349,-0.348881636632101,-0.338576976320808,0.0103046603112927,-1.03723126649957
1.2431347147737,-0.59220863097697,-0.8682572121007,-0.27604858112373,0.601416001473916
-0.204240761676922,0.220551964443688,0.306910563549387,0.0863585991056991,0.292939448612999
1.3235444634654,-0.441076259623505,-0.238938032282278,0.202138227341227,1.55243517535961
0.841085971315191,-0.344596967419661,-0.195478145690674,0.149118821728988,-2.34289141994626
-1.00833824859393,0.853950310089697,0.742342050095934,-0.111608259993763,-0.78511216556953
-0.204240761676922,0.00170092534614452,-0.179142263980761,-0.180843189326905,-0.0673959068448136
-1.41038699205244,0.663122491741057,0.561544843955297,-0.10157764778576,-0.719130090396493
1.2431347147737,-0.686142719971593,-0.636923499372795,0.0492192205987978,0.176346592017671
-0.123831012985222,0.204381454675832,-0.287600279176576,-0.491981733852408,-0.783531582914098
-0.606289505135426,0.187238060988109,0.12343880078402,-0.063799260204089,-0.520263747169603
0.278217730473283,-0.116246909471207,-0.00228534662116972,0.113961562850037,0.609780745812181
-0.284650510368624,0.0300971823753714,0.143076484813489,0.112979302438118,-0.558937154771586
-0.123831012985222,0.0885688196457946,0.340464253964121,0.251895434318327,-0.375223547366439
-0.204240761676922,0.178170115889015,0.00192540018316112,-0.176244715705854,-0.88340198841434
0.599856725240088,-0.290227413636332,-0.386948721625053,-0.0967213079887206,-0.524792786900223
0.197807981781583,-0.155822364726581,-0.0362436484357498,0.119578716290831,-1.98500902642001
1.2431347147737,-0.933544831265182,-0.957875309769941,-0.0243304785047588,-1.95225680897271
0.278217730473283,-0.18412066184371,-0.344776691666127,-0.160656029822417,0.560780365559902
1.8864127043073,-0.904619433958103,-0.92281367254755,-0.0181942385894461,0.0167912854009356
-0.365060259060323,0.155014961418506,0.206694505560733,0.0516795441422273,1.65243895307625
-0.365060259060323,0.0654426337062789,0.0123539907169316,-0.0530886429893473,-1.60657682500149
0.197807981781583,-0.103638316481358,-0.124387231728688,-0.02074891524733,-1.83116083756466
-0.284650510368624,0.279027923089083,0.0159735505259518,-0.263054372563131,-0.444033760352863
-2.21448447896945,1.55643745718948,1.21359106740801,-0.342846389781475,-1.03882590078776
0.841085971315191,-0.331326095331385,-0.409114618519838,-0.0777885231884535,-1.01804678317609
0.599856725240088,-0.116649228897183,-0.235167354304189,-0.118518125407005,-1.19137228955432
-0.686699253827128,0.499738749522567,0.51493922983445,0.015200480311883,-0.850171927443307
0.599856725240088,-0.340448116358983,-0.344744315478284,-0.00429619911930051,0.503353349308401
-0.284650510368624,0.190162937950967,0.118037840570844,-0.0721250973801222,3.00145875230282
-0.525879756443727,0.458682617270064,0.237448502016876,-0.221234115253188,2.79161636300786
-1.49079674074414,0.692952359420667,0.636588175442584,-0.0563641839780827,0.131103667189788
0.197807981781583,-0.0804102702068927,-0.0936103243798823,-0.0132000541729896,1.74290700009733
1.3235444634654,-0.778380320553791,-1.04133917087223,-0.26295885031844,-3.28441931301829
-1.00833824859393,0.736999280898625,0.647869104118522,-0.0891301767801034,0.0564299113821517
-0.284650510368624,0.12270630941396,-0.321467332086617,-0.444173641500576,-2.30241292574799
0.197807981781583,0.00257748495260891,-0.155967255444659,-0.158544740397268,0.113686917731888
-2.21448447896945,0.83042876415363,0.825564313506217,-0.00486445064741281,1.21100235332364
-0.365060259060323,0.107021954792322,0.053280328689114,-0.0537416261032084,-1.34644861183891
0.197807981781583,-0.347124588308618,-0.592553163724696,-0.245428575416077,-0.320677325152523
0.439037227856687,-0.195369938717796,0.0223413611970897,0.217711299914885,1.82608283276971
-0.204240761676922,-0.0124635033843671,0.0939724820949175,0.106435985479285,0.295031552033629
0.599856725240088,-0.342340565622314,-0.22003702424408,0.122303541378234,1.26638526567713
-0.686699253827128,0.276773662679294,0.487746695091735,0.210973032412441,0.0868772558134939
0.197807981781583,-0.140322820124207,-0.154003125611422,-0.0136803054872148,-0.429346970681979
0.278217730473283,-0.273452074023822,-0.608965335320709,-0.335513261296887,-0.598498358185345
-0.606289505135426,0.518324715386801,0.461666570256652,-0.0566581451301486,-0.501432848300915
0.278217730473283,-0.274375534561408,-0.246687874752539,0.0276876598088689,-1.70569718379457
0.278217730473283,-0.18776466078924,-0.26130400786316,-0.0735393470739201,-2.33372124531289
-0.525879756443727,0.376183820854692,0.35457531284022,-0.0216085080144724,1.46664364725868
0.197807981781583,-0.1880662055546,-0.18100983540203,0.00705637015257016,0.544427618671752
0.599856725240088,-0.460715647118559,-0.725120116140023,-0.264404469021464,-0.149077110515785
-0.686699253827128,0.252784455655544,0.352536204378005,0.0997517487224605,0.251948688360402
0.599856725240088,-0.475625070193399,-0.574671749068928,-0.0990466788755286,-0.92935932570791
-0.365060259060323,0.257110872474386,0.118863956957587,-0.138246915516799,-0.299344002214824
-0.284650510368624,0.137437645133897,0.23079833475507,0.0933606896211733,-0.772273330043193
-0.525879756443727,0.622541391244724,0.566200024731375,-0.0563413665133488,0.444314194109425
0.197807981781583,-0.174077456300306,-0.228889774452831,-0.0548123181525249,-0.03820043304402
-1.00833824859393,0.562670972503637,0.554209519354079,-0.00846145314955804,-0.248824165870092
-0.606289505135426,0.487430506778274,0.390503241270686,-0.0969272655075871,-0.0676026107245477
-2.29489422766115,1.60587601829575,1.62272625105008,0.0168502327543338,-3.07665811153716
-0.686699253827128,0.455634079270681,0.203416021383295,-0.252218057887386,0.788322523897817
-0.123831012985222,0.08698736611138,-0.073466400484685,-0.160453766596065,-0.73806798880265
0.197807981781583,-0.307530691447842,-0.645049624363935,-0.337518932916093,-0.483304525741808
-0.204240761676922,0.146801304792523,-0.0163365146064902,-0.163137819399013,-0.702987609592437
0.76067622262349,-0.23107611678179,-0.180449675763631,0.0506264410181589,2.44593287318885
-0.84751875121053,0.539408102298579,0.354102007859059,-0.185306094439519,-0.082743376070181
0.599856725240088,-0.148667840867029,-0.0981590091498088,0.0505088317172197,-0.157656215690049
0.278217730473283,-0.0680864927137818,0.0628215289667059,0.130908021680488,-0.571567207057195
-0.606289505135426,0.174366261603164,0.12910275531939,-0.045263506283774,0.139305805875012
-1.32997724336074,0.489168768740489,0.722721870740309,0.23355310199982,-0.405482401729652
-0.284650510368624,0.0648416413532535,0.119397897542639,0.0545562561893857,0.293881993481339
-0.686699253827128,0.210933118348724,0.256083791596479,0.0451506732477548,1.48145588766384
1.00190546869859,-0.385313628182959,-0.339840303794267,0.0454733243886926,1.51237004247663
0.599856725240088,-0.346469967669752,-0.448787553180487,-0.102317585510735,-0.853505241130867
0.278217730473283,-0.268551886385837,-0.410204521423215,-0.141652635037378,-0.363826726537846
-0.284650510368624,0.20837086089152,0.161857440116526,-0.0465134207749943,1.74269614924304
0.197807981781583,-0.148154555574667,-0.108635104755085,0.0395194508195822,0.0398687400527875
1.7255932069239,-0.976565791826691,-0.950326336550037,0.0262394552766549,-0.550658194902638
0.278217730473283,-0.237049031547015,-0.266982988360709,-0.0299339568136936,0.689182314382664
0.197807981781583,-0.235026060680943,-0.324525883890496,-0.0894998232095531,-1.7265527735081
-0.525879756443727,0.428542293911149,0.251532878213104,-0.177009415698045,1.06654313246751
0.278217730473283,-0.0153596155315507,0.245628428488958,0.260988044020508,0.0353140270954524
-0.686699253827128,0.308008617093232,0.499777755900548,0.191769138807316,-0.681385030253318
-0.123831012985222,0.0313664647573034,-0.185023286917502,-0.216389751674806,1.79866229768072
0.599856725240088,-0.354490242140896,-0.501832341009125,-0.14734209886823,-0.391176741310875
1.3235444634654,-0.998435352285911,-1.11160142998899,-0.113166077703077,2.18435285497313
-0.365060259060323,0.480159849409785,0.270574138205588,-0.209585711204197,0.240447599713741
0.76067622262349,-0.679972340828503,-0.835984625544838,-0.156012284716335,-0.409416438162054
-0.204240761676922,0.154435606509322,-0.172517916298123,-0.326953522807446,-0.486277444270023
-0.84751875121053,0.717712432372445,0.477405606222802,-0.240306826149643,0.546641691679155
1.8864127043073,-1.27961468351272,-1.5223025709219,-0.242687887409187,0.0102950023038866
-0.365060259060323,0.382638446628168,0.122569177508991,-0.260069269119177,-0.314973798067552
-0.606289505135426,0.332199917244167,0.331208328425108,-0.000991588819058975,0.0941869709200343
-1.00833824859393,0.705757876012987,0.549408458054676,-0.156349417958311,0.180329843261667
-0.123831012985222,0.0976609052886869,-0.0399537689884956,-0.137614674277182,0.693490716691099
-1.32997724336074,0.877827471339559,0.770036829393905,-0.107790641945654,-0.372255343170276
-0.606289505135426,0.481089603353935,0.28912930105921,-0.191960302294725,-1.35279704005219
-1.32997724336074,0.596181450649486,0.494136904705112,-0.102044545944373,0.953172256761159
-0.123831012985222,0.142839856769372,0.449329779548806,0.306489922779434,0.422619104519752
0.439037227856687,-0.416038163886165,-0.51279660003565,-0.0967584361494847,0.641775232606894
0.680266473931787,-0.520916824323487,-0.468087036917954,0.0528297874055326,0.435284185775163
-0.284650510368624,0.18093654630781,-0.45965548575029,-0.6405920320581,0.575561102067688
0.278217730473283,-0.0997704357512401,-0.303870776216335,-0.204100340465095,-1.19569484645798
-1.41038699205244,0.644616491062048,0.75597180274761,0.111355311685562,0.790447230934764
-1.41038699205244,0.711456322116889,0.569401806555967,-0.142054515560922,0.906561105154833
-0.204240761676922,0.142519261108373,0.205239518653153,0.0627202575447799,-0.83162551064822
1.966822452999,-1.48708110352392,-1.51095608055945,-0.0238749770355278,1.23334827066052
-0.284650510368624,0.2826434745146,-0.0190429328049867,-0.301686407319587,-0.47493728202467
-0.204240761676922,-0.0689193663239647,0.0264976179602995,0.0954169842842642,-1.5533673818712
-1.00833824859393,0.482829777213521,0.494152671799386,0.0113228945858649,0.00395346654134043
-0.525879756443727,0.453733967645271,0.309350134915143,-0.144383832730128,-1.82085330033306
1.8864127043073,-1.11474440567794,-0.997020605621877,0.117723800056067,1.05272052691401
0.599856725240088,-0.429822897721057,-0.345969307881336,0.0838535898397206,-0.806224369341607
-2.29489422766115,1.50735403558679,1.37067412015733,-0.136679915429463,0.304558444839279
-0.686699253827128,0.566106323512245,0.464955946773252,-0.101150376738993,0.0347415100627832
-0.686699253827128,0.58968724082849,0.464533192998431,-0.125154047830059,0.243071936103402
0.841085971315191,-0.532224701375406,-0.332012425723858,0.200212275651547,0.702960533414234
0.76067622262349,-0.358348033797556,-0.448499932062569,-0.0901518982650122,1.95245638815004
0.841085971315191,-0.280394301543815,-0.0953866745152327,0.185007627028582,0.156763963666969
-0.204240761676922,0.104591146348176,-0.154757241624816,-0.259348387972991,-0.24020113965202
-0.606289505135426,0.574376522282832,0.388297449835435,-0.186079072447397,0.679411638495982
1.3235444634654,-0.839120886653365,-0.955706620159793,-0.116585733506428,0.53682598666884
-0.365060259060323,0.177192705902538,0.23100146767558,0.053808761773042,-0.265118845160525
-0.686699253827128,0.566270115883391,0.35773815512122,-0.208531960762171,-0.87641097770288
-0.686699253827128,0.352700910142359,0.25323978673303,-0.0994611234093284,1.55830671791748
-0.525879756443727,0.318233487865139,0.158955590461223,-0.159277897403916,-0.98099837539473
-0.284650510368624,0.0765984416343384,0.0566724483706378,-0.0199259932637006,-2.22378733248976
0.197807981781583,-0.0542865053149195,-0.173536012753439,-0.119249507438519,1.32662209602001
-0.84751875121053,0.505638878587045,0.351749706907495,-0.15388917167955,-0.0739564241175932
-0.606289505135426,0.374269926006466,0.482720353327959,0.108450427321493,0.496480327039047
0.278217730473283,-0.0680830470456209,-0.292116073435264,-0.224033026389643,1.04855879999755
0.278217730473283,-0.123892093346076,0.0698523303469262,0.193744423693002,0.911853377332992
0.278217730473283,-0.206088977775814,-0.340943850076333,-0.134854872300519,-1.23054229373107
0.841085971315191,-0.525042187517226,-0.734295447455016,-0.209253259937791,-0.343975010374347
0.680266473931787,-0.310709016069429,-0.361993488878529,-0.0512844728090998,1.29531190458558
-0.284650510368624,0.294362903081491,0.216442778366582,-0.0779201247149083,-1.48199600900186
-0.525879756443727,0.530486613866172,0.42473114879623,-0.105755465069942,-0.928916534656362
-0.284650510368624,0.22467090310993,0.234672500783476,0.0100015976735468,2.29239730489672
-0.284650510368624,0.184730571445475,0.157286429008453,-0.0274441424370223,-0.29299928355744
1.8864127043073,-1.2741381386999,-1.5402566551885,-0.266118516488592,0.63522066657618
0.841085971315191,-0.499039559182373,-0.740679399653132,-0.24163984047076,-1.76297893232
-0.204240761676922,0.256583495965641,0.342007615514861,0.0854241195492199,-1.5736274592451
-0.123831012985222,0.150686427663072,0.214569274886089,0.0638828472230163,0.0169550807946282
0.278217730473283,-0.181178711176627,-0.308451630994839,-0.127272919818212,-0.188281942805626
-0.84751875121053,0.639888137011191,0.730746447497989,0.0908583104867977,-0.363372465095305
0.76067622262349,-0.540498891188249,-0.606120211786529,-0.0656213205982799,-0.624348472367946
0.278217730473283,-0.0394677501540886,-0.0589259939984953,-0.0194582438444067,-0.285278080343306
0.599856725240088,-0.495668389364027,-0.431672970898429,0.0639954184655976,-0.48275656263792
-0.365060259060323,0.53024688206567,0.501069499858253,-0.0291773822074172,0.457472373708468
-0.525879756443727,0.557926551075852,0.259172420594255,-0.298754130481597,-0.944752877211068
-0.123831012985222,0.231128127715396,0.255924571746082,0.0247964440306859,-1.71562529714226
0.197807981781583,-0.09937419296464,-0.0357696910978748,0.0636045018667652,1.04823950710411
-2.29489422766115,2.39794076228769,2.1931506074983,-0.204790154789397,-2.34676782306553
0.278217730473283,-0.298315328499174,-0.641777953011101,-0.343462624511927,-2.18027174563665
0.841085971315191,-0.394427571549276,-0.473340004316026,-0.0789124327667497,0.603716228750651
-0.204240761676922,0.0527476957189118,-0.264996625118315,-0.317744320837227,0.544487733753152
0.439037227856687,-0.0191712815257768,0.248993042084144,0.268164323609921,1.23771299142306
0.278217730473283,-0.288692523936175,-0.453701303451677,-0.165008779515502,0.894799071436319
1.3235444634654,-0.786233105969538,-0.990323554430133,-0.204090448460595,0.593667903591058
-2.29489422766115,1.24789730309821,1.06080580187209,-0.187091501226119,-1.39374995783795
-0.123831012985222,0.0805509589366945,0.0201451133625439,-0.0604058455741506,0.604425880207793
-0.204240761676922,0.14117140655886,0.0264755756932547,-0.114695830865605,-1.33000981529825
-0.0434212642935202,-0.0522991514576307,-0.100325675818204,-0.0480265243605736,-0.866228720491716
0.439037227856687,-0.207105536529481,-0.429047520034103,-0.221941983504623,1.63815950831834
-0.365060259060323,0.335737438598475,0.172049243975537,-0.163688194622938,-0.141364035166776
0.197807981781583,-0.000200900804106618,0.0169725024890355,0.0171734032931421,1.79824558492124
-2.29489422766115,1.87638075593225,1.74037903207087,-0.136001723861381,1.13257291587267
-2.21448447896945,1.31677826844099,1.26173962610546,-0.0550386423355269,0.523007272883294
-1.32997724336074,0.293944042246227,0.499013264223919,0.205069221977692,0.479590743195691
-0.204240761676922,0.142177115317912,0.0116817214498748,-0.130495393868037,-0.71656842637406
0.680266473931787,-0.094234178611982,-0.0358272834578585,0.0584068951541235,-1.22324518338922
-0.525879756443727,0.220869885610034,0.250340044755487,0.0294701591454522,-0.0759060889122126
0.680266473931787,-0.702683780013113,-0.848266801287605,-0.145583021274493,-0.00960523113064538
0.76067622262349,-0.528801374415509,-0.605522358710586,-0.0767209842950771,0.146797735882267
-0.284650510368624,0.0992022416286035,0.0564578763436931,-0.0427443652849104,0.748211149033398
2.93173943729941,-2.0940564550698,-2.08601687043896,0.00803958463083632,0.4970665554909
-0.204240761676922,0.269705362568325,0.216297377198082,-0.0534079853702427,0.503123599001824
0.197807981781583,-0.106398684935585,-0.0152258685304964,0.0911728164050883,-0.1082213480484
0.680266473931787,-0.538177821274636,-0.850293286427056,-0.31211546515242,-0.465733364915941
-0.686699253827128,0.406188944625524,0.332007386902155,-0.074181557723369,-1.01100321706944
0.680266473931787,-0.549270296672752,-0.496149854587425,0.0531204420853271,0.590029018811694
-0.123831012985222,0.115542578072785,0.457530602922738,0.341988024849953,-1.18589027716741
-0.204240761676922,0.330689878281534,0.0732069162027066,-0.257482962078827,-0.157506428727885
-0.686699253827128,0.403205297096948,0.301605579323984,-0.101599717772964,0.409285267599429
-0.284650510368624,0.167066341991674,0.0337868496566107,-0.133279492335063,1.14856017750126
-0.365060259060323,0.190083894249545,0.130620332302683,-0.0594635619468626,-1.74931113244935
-2.21448447896945,0.875996586848164,0.784248930247219,-0.0917476566009447,-0.426712706268938
-0.84751875121053,0.591024148091714,0.434474171618205,-0.15654997647351,-0.742285117413973
0.197807981781583,0.0307413055346306,0.0835258205801188,0.0527845150454882,1.24497093793042
0.278217730473283,-0.279578579235916,-0.364741629492304,-0.085163050256388,-1.1078816150966
0.599856725240088,-0.512967147476442,-0.552285690081766,-0.0393185426053245,0.629494356865393
-0.686699253827128,0.396130105674007,0.137150611082382,-0.258979494591625,-0.582395573679715
-0.525879756443727,0.331009096772815,0.10411021673236,-0.226898880040455,-0.386874151121451
-2.29489422766115,1.67448073506328,1.60743787023883,-0.0670428648244454,1.13200206182722
0.599856725240088,-0.296833212148467,-0.523967501800561,-0.227134289652094,-0.466393884087333
0.278217730473283,-0.209173473265823,-0.331883194805372,-0.12270972153955,0.0757972984683297
-0.284650510368624,0.368489341250124,0.268479099540647,-0.100010241709477,0.154672840680025
-0.84751875121053,0.43371542158056,0.359941936301034,-0.0737734852795257,-0.460119429705898
-0.123831012985222,0.306357599537705,0.0264606739456918,-0.279896925592013,1.97232750975713
0.76067622262349,-0.298423462939368,-0.213368447662456,0.0850550152769113,-0.90965598754172
-0.284650510368624,0.195975080024261,0.353323942802752,0.157348862778491,-0.415270172231533
-0.365060259060323,0.253667987259213,0.150229845772466,-0.103438141486747,0.384690747352061
1.7255932069239,-1.68087190336949,-1.99262794364969,-0.311756040280202,0.968152958845
0.197807981781583,-0.115062649314938,0.0768746027678818,0.19193725208282,0.103676766391286
-0.204240761676922,0.027040766123827,-0.197708513103756,-0.224749279227583,0.0586804288967869
-0.365060259060323,0.247137968292398,0.0528570504921957,-0.194280917800202,-2.28637617350529
2.93173943729941,-1.60285559378232,-1.4565642204104,0.146291373371921,1.04870274681382
-0.525879756443727,0.339396037226385,0.439216568820233,0.0998205315938481,0.591946967668849
0.197807981781583,-0.209527957608921,-0.156798916193458,0.0527290414154633,0.322883814759968
-1.41038699205244,0.785325682747422,0.632213748906453,-0.15311193384097,1.7030364557855
-1.00833824859393,0.625679337269023,0.490113386854565,-0.135565950414458,-0.933798544887149
-0.123831012985222,-0.00324062358690776,0.0693361107971835,0.0725767343840913,-0.292378092296561
-0.606289505135426,0.449797129304984,0.476089762209291,0.0262926329043074,0.0551699867787738
0.278217730473283,-0.173978453096061,-0.495406326487682,-0.321427873391621,-0.793880486796069
0.278217730473283,-0.193979959904598,-0.354891261807923,-0.160911301903325,1.2033983697232
-0.525879756443727,0.210172771323078,0.237825809556466,0.0276530382333889,-2.93107151603158
0.599856725240088,-0.396065608226094,-0.630503575341332,-0.234437967115238,-0.532098677650659
1.00190546869859,-0.863772672784543,-0.841489477082427,0.0222831957021161,-0.342529685630613
-0.284650510368624,0.086641680243528,0.0713513828401131,-0.0152902974034149,0.364375619722541
-0.0434212642935202,0.176817065586799,0.030521606560837,-0.146295459025962,-0.673766492957099
0.680266473931787,-0.31113051100992,-0.482407256801306,-0.171276745791386,0.333073818873216
-0.606289505135426,0.258137297721832,0.351647859538307,0.0935105618164756,-0.46108417345935
-1.49079674074414,0.488803104876046,0.610733385377203,0.121930280501156,0.923268799230146
-0.365060259060323,0.324533999358819,0.0982265755529588,-0.226307423805861,-0.778694580734447
-0.525879756443727,0.534023466566649,0.442995727969444,-0.0910277385972042,-0.898842778326397
-1.32997724336074,1.14304224270043,0.949554317592711,-0.193487925107714,0.784874129373125
0.599856725240088,-0.455806772924531,-0.577686387778459,-0.121879614853928,-1.10580879523752
-0.525879756443727,0.386910116408774,0.181016483997257,-0.205893632411517,1.17404491308154
-0.84751875121053,0.419734330851759,0.493237310317535,0.0735029794657759,1.05831731480846
0.599856725240088,-0.406658533068217,-0.524577983411134,-0.117919450342917,-1.4001582678814
-0.365060259060323,0.201337225778235,0.101224702125673,-0.100112523652561,-0.614325389280599
-1.41038699205244,1.11216607355523,0.947225376170298,-0.164940697384929,-0.931489157828784
0.197807981781583,-0.121468256563974,-0.0218739654874797,0.0995942910764946,-1.42038014783506
-0.84751875121053,0.639079579743121,0.486112942010666,-0.152966637732455,-0.00654233931969106
-0.525879756443727,0.574920464819658,0.436129458950469,-0.138791005869189,1.12488813204497
0.197807981781583,-0.0870324573987558,-0.144283379806482,-0.0572509224077261,0.907727848700653
-0.284650510368624,0.0636264033256204,0.0841191556612077,0.0204927523355872,0.322385228938346
-0.84751875121053,0.205192871769268,0.533059501389978,0.327866629620709,0.691576308902184
-0.686699253827128,0.562539829020017,0.537808712711977,-0.0247311163080401,-0.561731076372554
-0.84751875121053,0.603098415569121,0.514906427961602,-0.0881919876075197,-0.406243083624717
-0.123831012985222,0.135202970480031,-0.0170122185696878,-0.152215189049719,-0.107354589805077
-0.204240761676922,-0.0414124861404297,0.0541266840295029,0.0955391701699326,1.70812075021184
-0.123831012985222,0.0220720044348356,-0.325533828260121,-0.347605832694957,-0.388648899565406
-1.32997724336074,0.696689316620004,0.877534063925588,0.180844747305584,-0.166624877992871
1.2431347147737,-0.772655130300096,-0.729330264452012,0.0433248658480838,-0.658851620057427
0.439037227856687,-0.387047333110824,-0.236945891244041,0.150101441866782,-2.12607179334597
-2.29489422766115,1.18984376029097,1.39267346790864,0.202829707617665,-1.17254419973906
-0.0434212642935202,0.0533845911219507,-0.0507791591168136,-0.104163750238764,0.348988509889101
0.680266473931787,-0.440393225468615,-0.615968626847974,-0.175575401379359,-0.661877597959079
-0.606289505135426,0.431863261161871,0.354419739452475,-0.0774435217093958,3.26672215848639
-0.84751875121053,0.523020183027469,0.494559898851923,-0.0284602841755465,-2.60960097702765
-1.49079674074414,0.348049344796952,0.499158941057061,0.15110959626011,-1.35648726898454
-2.21448447896945,1.2839068981357,1.3342473424296,0.0503404442939039,1.12160276673593
0.680266473931787,-0.354099420384448,-0.123092570902039,0.231006849482408,-0.480187785521477
0.439037227856687,-0.175703008204727,-0.0987961002218434,0.0769069079828837,-0.351411517149367
-0.525879756443727,0.24518086145833,0.0372616052796932,-0.207919256178637,1.23610827162701
-0.84751875121053,0.348840454612054,0.374812519218475,0.0259720646064215,0.609084014669703
0.439037227856687,-0.2770190599402,0.0657543527631133,0.342773412703313,0.16002800966557
1.8864127043073,-0.833886619470197,-0.666613229583535,0.167273389886662,1.2795827672801
0.76067622262349,-0.489982825153386,-0.550752779973077,-0.060769954819691,-2.80245499068793
-0.123831012985222,0.00471928998893337,0.32028413022671,0.315564840237776,-0.358982890038675
-1.49079674074414,1.09458699574931,1.21554934728061,0.120962351531302,0.0257101004083531
2.93173943729941,-1.40133376257915,-1.16763735129303,0.233696411286124,0.458686540896664
-0.284650510368624,0.228749497376527,0.0987290784437043,-0.130020418932822,-1.47274655105494
-0.84751875121053,0.595145935215204,0.388899829853766,-0.206246105361438,-0.875325680857855
1.966822452999,-1.70151165054719,-1.97914838683983,-0.277636736292639,0.301145412155497
-0.204240761676922,0.320344403030162,0.00150165116258386,-0.318842751867578,1.29348229677059
-0.284650510368624,0.0993567305670254,-0.019094182330651,-0.118450912897676,0.00970562505959544
0.76067622262349,-0.317096239661399,-0.0953672783914498,0.22172896126995,0.664169835242512
2.93173943729941,-2.34927608298467,-2.51113208490494,-0.161856001920268,0.274688544284394
1.00190546869859,-0.561991856072826,-0.602253127373024,-0.0402612713001983,-0.293456806976581
-0.284650510368624,0.115689633933204,-0.156734083699326,-0.27242371763253,-1.1819340669717
0.76067622262349,-0.653509408125369,-0.632644103576705,0.0208653045486635,-0.156072724461124
0.278217730473283,-0.239541218139558,-0.254177215677459,-0.0146359975379008,-0.35223301358155
-0.204240761676922,0.143516214495269,0.153956884075026,0.0104406695797567,-1.26847321123626
1.00190546869859,-0.410324453487708,-0.596397652020087,-0.186073198532379,-1.14760612962766
-1.49079674074414,0.905971735908733,0.845352025394801,-0.0606197105139319,0.739579241417385
1.966822452999,-1.09333097543562,-1.22825600211744,-0.134925026681828,-1.08651201194239
-0.525879756443727,0.478629122282381,0.184105257477923,-0.294523864804458,-0.723724393176356
-1.41038699205244,0.929768602230023,0.975239494474841,0.0454708922448178,0.00716091583679723
0.599856725240088,-0.495551350691388,-0.691399758777014,-0.195848408085626,0.789929441362711
-0.606289505135426,0.231682810891969,0.223088533491556,-0.00859427740041274,-0.20927935779565
0.197807981781583,-0.220693075258121,-0.309114350950434,-0.0884212756923135,-0.636530598749945
0.278217730473283,-0.30415706833869,-0.212139260520242,0.0920178078184481,0.349085331912685
-0.686699253827128,0.512813376642678,0.282825032323552,-0.229988344319126,-0.620672524087129
-0.123831012985222,0.105544958296609,0.00284610865271885,-0.10269884964389,1.21028019503704
-0.284650510368624,0.0285577057335836,0.1138240128021,0.0852663070685159,-1.3133203704894
0.439037227856687,-0.17215040054604,-0.0819702200983356,0.0901801804477047,0.252898487607506
1.2431347147737,-0.752436588484983,-0.778727887305978,-0.0262912988209951,0.0950890935222873
-0.123831012985222,0.0307863242236514,0.040823838528788,0.0100375143051367,-2.06288296818603
-0.204240761676922,0.212923747066575,0.0533744245615193,-0.159549322505056,-0.533502048641885
0.197807981781583,0.0515664542131003,-0.0720605189159187,-0.123626973129019,0.40786940725436
-0.204240761676922,-0.0319000857317232,-0.25683752492184,-0.224937439190117,0.0155065071423676
-0.365060259060323,0.397020650357729,0.361485308480791,-0.0355353418769384,-0.495766975463129
1.2431347147737,-1.27267979911119,-1.34163677583802,-0.0689569767268237,-0.822240478441385
-0.84751875121053,0.344045477662285,0.464565789316775,0.12052031165449,-0.294897953618191
-0.365060259060323,0.179358290062804,0.0490375840030697,-0.130320706059734,-0.849241839794028
0.278217730473283,-0.259979861930723,-0.524799762787285,-0.264819900856563,-1.64417457207854
0.197807981781583,-0.0969698861529847,-0.0935058606069162,0.00346402554606856,2.32370942355005
0.76067622262349,-0.504073286089275,-0.673434305838458,-0.169361019749183,-1.51858646832494
-0.686699253827128,0.384978529515578,0.420908891094215,0.035930361578637,0.606764977310892
1.2431347147737,-0.69944726674031,-0.777420750847335,-0.077973484107025,-0.870263248134135
2.93173943729941,-2.26768163265521,-2.68365130612478,-0.41596967346957,-1.47759509217923
-0.204240761676922,-0.0885618774606858,-0.193975600300191,-0.105413722839505,-0.133009099281501
-0.525879756443727,0.382520350651921,0.177474754314162,-0.205045596337759,-0.283398093298164
-1.32997724336074,0.450437567436429,0.576391224887962,0.125953657451533,0.927286617800685
-0.123831012985222,0.266682978629904,0.165000732977188,-0.101682245652716,0.0565122793211848
-0.123831012985222,-0.191248155271221,0.103790698649562,0.295038853920783,0.62458387996527
-1.00833824859393,0.495565116657276,0.456058855438495,-0.0395062612187814,-1.46592989588363
0.439037227856687,-0.155170679609049,-0.10173024640495,0.0534404332040991,-0.477731290073262
0.278217730473283,-0.105702234302841,0.00182030356225671,0.107522537865097,2.66920504061602
-0.84751875121053,0.482676461579868,0.487927860914939,0.00525139933507102,-0.55794467502313
0.76067622262349,-0.554049708595339,-0.906218766291536,-0.352169057696197,0.011277841988178
-0.123831012985222,0.14569888319755,0.126333762958153,-0.0193651202393966,1.60267391325617
-0.123831012985222,0.0593300613027091,-0.100823264452529,-0.160153325755238,-1.06114953905984
-0.123831012985222,0.10737074054465,0.00355211577761472,-0.103818624767035,1.19118702433891
-0.365060259060323,0.156040724982746,0.106877799235374,-0.0491629257473715,-0.336333588222143
-0.284650510368624,0.0475557116420137,0.114275473659466,0.0667197620174523,0.293982508642812
-0.204240761676922,0.124903827290583,-0.271831241898238,-0.396735069188821,-0.641175145822894
-0.0434212642935202,-0.107956465655399,-0.156239831551903,-0.0482833658965034,1.5996667298611
-0.525879756443727,0.246794175065393,0.106610273114658,-0.140183901950735,0.734259612253141
-1.41038699205244,0.575089142750724,0.705282482645585,0.130193339894861,0.657420614092805
-0.84751875121053,0.696592560391472,0.599745100725682,-0.0968474596657903,-0.429815119272638
0.197807981781583,-0.154044850760283,-0.211036571368211,-0.0569917206079281,0.13164358550077
-0.284650510368624,0.221151220725485,0.0186911424527773,-0.202460078272708,-0.989196654820674
-0.284650510368624,0.130728961266341,0.0636281050109771,-0.0671008562553635,0.302314240662569
0.197807981781583,-0.10794937634634,-0.0526342634006703,0.0553151129456702,-0.893294314060654
-0.525879756443727,0.274812018985909,0.311363366652877,0.0365513476669682,-0.657846447444199
-0.204240761676922,0.122737949702848,0.0234732072480241,-0.0992647424548238,0.0057996464588021
-2.21448447896945,1.90999962218323,1.6917093068377,-0.218290315345536,-1.19606022116673
-0.84751875121053,0.567585681708582,0.751170160122804,0.183584478414221,-0.917572357433028
-0.204240761676922,0.116261964636098,0.242402763295247,0.126140798659149,0.884877043321567
-0.123831012985222,-0.0246531633684024,-0.0628334813590463,-0.038180317990644,-0.653628252383485
-0.365060259060323,0.262334397502049,0.34415651739301,0.0818221198909612,-0.356885266185854
-0.0434212642935202,0.0351703497365169,-0.0428017317730436,-0.0779720815095605,0.245871213964803
-0.0434212642935202,0.0833648397146364,0.0491545992976198,-0.0342102404170166,2.11627829066273
-0.284650510368624,0.259383265665103,0.0906617842630972,-0.168721481402005,-0.843868423850197
0.599856725240088,-0.437729281758572,-0.637469962871307,-0.199740681112735,-0.40044574292851
-0.284650510368624,0.289196137494324,0.219108162486893,-0.070087975007431,1.61091236047476
1.8864127043073,-1.15587374952419,-1.49398965857381,-0.338115909049617,-1.631179884844
1.966822452999,-1.2493238411096,-1.40541158002433,-0.156087738914732,-0.120551091531826
-0.606289505135426,0.622855823007025,0.397901107642293,-0.224954715364732,-0.0281023500995475
0.680266473931787,-0.460335231999165,-0.526652296983478,-0.0663170649843132,-0.498325669696766
-0.525879756443727,0.393278123554985,0.102148601391941,-0.291129522163044,-0.738663275770937
-0.204240761676922,0.0483937520258959,-0.11127468832959,-0.159668440355486,0.123416615717792
1.966822452999,-1.11648385728368,-1.12868858534584,-0.0122047280621593,-1.3380683662899
-0.606289505135426,0.574463787761306,0.577780415010551,0.0033166272492452,0.299220190436982
1.00190546869859,-0.57536086230507,-0.640068914611431,-0.0647080523063618,-0.486407819407598
-0.686699253827128,0.231212355365531,0.264660678191862,0.0334483228263309,-1.21764433634263
0.680266473931787,-0.490534631564443,-0.567055575364605,-0.0765209438001617,0.0617663234775112
1.7255932069239,-1.22457828387882,-1.39272206395821,-0.168143780079385,0.151600959453966
-0.204240761676922,0.15177854605846,0.00866004865190473,-0.143118497406556,0.329635341929867
-0.84751875121053,0.439539917252061,0.469782272868617,0.0302423556165555,2.75581131111321
-0.0434212642935202,0.254456241599974,0.0703163883292118,-0.184139853270762,-0.504003465720782
-0.686699253827128,0.479897980856549,0.705133847321304,0.225235866464754,0.083207962322275
-0.365060259060323,-0.0356597866428999,-0.145056035622446,-0.109396248979546,-0.57066874285513
-0.284650510368624,0.107693586995104,0.101408817172966,-0.00628476982213812,0.351498374732909
-1.49079674074414,0.850257546453675,1.04385341985952,0.193595873405842,0.704984177978744
-0.84751875121053,0.259740696446173,0.22352776219158,-0.0362129342545932,0.146238396478593
0.680266473931787,-0.174205854516971,-0.122714416390008,0.0514914381269627,-0.0120708298305616
-0.365060259060323,0.285595607967011,0.312166399917352,0.0265707919503416,-0.964803110939797
-0.365060259060323,0.102629787107768,0.234398495224812,0.131768708117044,0.55042376669402
-1.41038699205244,0.452544510906252,0.413813842060621,-0.0387306688456312,0.285883903609487
-0.686699253827128,0.438813961287457,0.171707862024066,-0.267106099263391,-2.0433762936025
-1.32997724336074,0.758795388016687,0.877323541651614,0.118528153634927,-0.105601102167505
0.197807981781583,-0.139127738688381,-0.247559857727271,-0.10843211903889,0.0176902746797989
-1.41038699205244,0.797060634704713,0.74166175163049,-0.0553988830742238,-1.7710036358063
-0.606289505135426,0.254504755194062,0.289233743335637,0.0347289881415755,0.539721622723356
-0.284650510368624,0.155510424583171,-0.108072573255003,-0.263582997838173,-0.448489951926437
-0.284650510368624,0.158031319300088,0.106322846942445,-0.0517084723576421,0.571660427268503
1.8864127043073,-1.44441770926468,-1.69043451967177,-0.246016810407089,-1.77248591893134
-0.204240761676922,0.0428859033890659,-0.420106460727045,-0.462992364116111,-0.816397431788468
-0.525879756443727,0.330341433082267,0.113873245627023,-0.216468187455244,0.285216121584476
1.3235444634654,-0.483174697661019,-0.290707422376448,0.192467275284571,-0.238309681324362
-0.365060259060323,0.259390452815784,-0.0605950028503441,-0.319985455666128,-0.83348502627323
-0.365060259060323,0.207153372166395,0.368273208134176,0.161119835967781,0.342817469821919
0.599856725240088,-0.328438582211647,-0.219084876603481,0.109353705608165,-0.0900821367543772
0.76067622262349,-0.386154260794937,-0.408875621994835,-0.0227213611998983,1.22701840640928
0.278217730473283,-0.101862446963373,-0.281508166321814,-0.179645719358441,0.171928809225057
-0.0434212642935202,-0.191621520590275,-0.173027956190159,0.0185935644001157,0.30775254281404
0.197807981781583,-0.164266438706699,-0.458124931198023,-0.293858492491324,-0.693726898600757
-1.32997724336074,0.978601626700654,0.896582585285233,-0.0820190414154207,-1.03532699993158
-1.32997724336074,0.957879185992267,0.867963150841801,-0.0899160351504655,-1.15941911615622
-0.284650510368624,0.184068701181352,0.0707551957683021,-0.11331350541305,0.0348922245268908
0.278217730473283,-0.141424374082069,-0.126174412735367,0.0152499613467016,0.577998568074682
-0.204240761676922,0.0935316626493963,0.115785489684206,0.0222538270348101,-0.891168112038952
0.197807981781583,-0.18101029841844,-0.419409255413195,-0.238398956994755,1.38560274471038
-0.686699253827128,0.734850136167636,0.409302209290636,-0.325547926876999,-0.037884586643376
2.93173943729941,-2.24289213574446,-2.31088327038971,-0.0679911346452569,-1.03770706084336
0.680266473931787,-0.38265610496368,-0.579888201578052,-0.197232096614372,0.886501463065007
0.278217730473283,0.0497225473676428,-0.144216084862158,-0.193938632229801,-0.882189377985238
-0.204240761676922,0.0927015096521613,-0.0460409895968369,-0.138742499248998,0.166081987184756
0.197807981781583,-0.143516591521257,-0.0960556718077036,0.0474609197135534,0.464709052725411
-0.204240761676922,0.241857805594669,0.180346929286929,-0.0615108763077394,-0.249707271862556
0.278217730473283,-0.320460949014153,-0.508362005379723,-0.18790105636557,-0.321273351186902
-0.84751875121053,0.662084967730174,0.529363806270039,-0.132721161460135,0.0261586670981219
-0.365060259060323,0.267868831986019,0.267523413132419,-0.000345418853599455,1.62755842998805
0.680266473931787,-0.480327131536818,-0.455934898491422,0.0243922330453961,0.251211032064019
-0.284650510368624,0.22729667932584,0.393770419991796,0.166473740665956,1.02762968939359
0.197807981781583,0.00619995822416153,-0.0320017141665192,-0.0382016723906807,-0.787555272860822
-1.49079674074414,0.74308584432308,1.00144772505966,0.258361880736579,1.87514308170237
2.93173943729941,-1.60927455568539,-1.43486189445025,0.174412661235135,0.330934647843061
1.2431347147737,-1.254765326176,-1.37698749741368,-0.122222171237681,-2.6275442487954
-2.21448447896945,1.22896823594077,1.18054352272161,-0.0484247132191638,0.555569993957629
-0.284650510368624,0.158813986691586,0.21818479852416,0.0593708118325735,0.113646069680822
0.439037227856687,-0.344617575556771,-0.402254765191186,-0.057637189634415,-1.21282795778465
0.278217730473283,-0.172841791504455,-0.294953992915469,-0.122112201411014,1.47488905513776
-0.606289505135426,0.586362483824761,0.317328816332641,-0.26903366749212,1.00003808827928
-0.84751875121053,0.373600876042403,0.417750450070526,0.0441495740281227,1.42550507445071
0.439037227856687,-0.274993159221498,-0.484935326679238,-0.20994216745774,-1.04100605683071
-2.29489422766115,2.02356213124271,1.74241686324385,-0.281145267998861,-0.461728441899312
-0.525879756443727,0.316177916378873,0.333246234042681,0.0170683176638079,1.09625289787264
-0.284650510368624,0.246951035461142,0.297976502919503,0.0510254674583604,-1.09433111956749
-0.0434212642935202,-0.0332800576547773,0.0250588164970206,0.0583388741517979,0.426057284768461
0.197807981781583,-0.161132877125272,-0.243485538736483,-0.0823526616112115,-1.91919764389613
-0.525879756443727,0.417377316905898,0.377668756049775,-0.0397085608561232,1.24662335073362
-0.284650510368624,0.292682907027875,-0.214649521954205,-0.50733242898208,1.91690160637043
-2.29489422766115,1.82366337612498,1.60325446253396,-0.220408913591026,-1.02314683796912
-0.365060259060323,0.296775012006797,0.195916172183877,-0.10085883982292,0.0183503209020687
0.278217730473283,0.0911531041965739,0.191683699213461,0.100530595016887,-0.261079273077949
-1.00833824859393,0.575147163104986,0.69227145513417,0.117124292029184,-0.23962058983393
0.599856725240088,-0.326922774516971,-0.1896213368531,0.137301437663872,-1.18655229347526
0.278217730473283,0.0102684824626799,0.17460504909736,0.16433656663468,-0.924012581880926
-0.84751875121053,0.750255562908801,0.580956223582828,-0.169299339325973,-1.41041554732881
0.197807981781583,-0.307774768376746,-0.333777896141712,-0.0260031277649662,0.718291471219634
0.197807981781583,0.130655084727299,0.0617803249380121,-0.0688747597892865,-1.0049224225882
0.680266473931787,-0.679485139538497,-0.662053531251653,0.0174316082868438,0.258294571353529
0.841085971315191,-0.696821657054572,-0.898893161789792,-0.20207150473522,0.0750662262299735
0.439037227856687,-0.298517231646321,-0.296777442723016,0.00173978892330534,-0.00947800313092673
1.3235444634654,-0.997699835742151,-1.1914173934927,-0.193717557750548,-0.726346855122682
1.00190546869859,-0.0312406481172708,0.388183907989179,0.41942455610645,-0.718950454167681
-0.284650510368624,0.27092364789397,0.21116334783276,-0.0597603000612107,1.42383644051367
-0.123831012985222,0.110762606188119,0.124094848439815,0.0133322422516959,1.65774266135515
0.197807981781583,-0.024582403629884,-0.194207451376302,-0.169625047746418,0.674559162623219
-1.32997724336074,0.890744250769764,0.58342010188408,-0.307324148885683,0.826461704810138
0.439037227856687,-0.227243288265686,-0.494164916452704,-0.266921628187018,-0.634781091361018
1.7255932069239,-0.660896665774408,-0.64978452673006,0.0111121390443482,2.65037377491108
-0.284650510368624,0.184367215261278,0.0299097353700772,-0.154457479891201,-0.330691625972275
-0.123831012985222,-0.0125563242227143,-0.000106307842260289,0.012450016380454,-2.26509723858997
-1.32997724336074,0.911189648120218,0.839253813688139,-0.0719358344320786,0.723502629416016
-0.204240761676922,0.0325773089729038,0.0920153163919195,0.0594380074190157,-0.468810503840374
0.278217730473283,-0.296209479277882,-0.328921555988483,-0.0327120767106011,-0.674012419134486
0.278217730473283,-0.0513284822600258,-0.0518810310369307,-0.000552548776904874,-2.28648921859068
1.2431347147737,-1.00688126895365,-1.22454074822267,-0.217659479269021,-0.363404061353909
-0.204240761676922,0.102168399975975,-0.257462012331461,-0.359630412307437,-1.71157759894395
0.197807981781583,-0.0743928237536416,-0.0762796850241062,-0.00188686127046458,0.152593767732647
-1.32997724336074,0.44067832801829,0.465735400501117,0.0250570724828268,0.370506724823258
0.278217730473283,-0.176863633563096,-0.20818194313421,-0.031318309571114,0.697118640624852
-0.123831012985222,0.105929903884263,-0.0807585663631002,-0.186688470247364,-0.792160927111429
-2.29489422766115,1.34903871502644,0.90224816881276,-0.446790546213678,-1.22723918396666
0.278217730473283,-0.0821547259451827,-0.107625725999256,-0.0254710000540733,0.0566021018394702
-0.525879756443727,0.299502052734604,0.293032075213789,-0.00646997752081496,-1.92715987736432
-2.29489422766115,0.831980548793808,0.988333452604004,0.156352903810196,1.51346681667262
-0.284650510368624,0.164247167850207,0.246090983318281,0.0818438154680746,0.0983453613027156
-0.0434212642935202,0.0461820867831501,-0.075197532288417,-0.121379619071567,-0.679544105398542
0.278217730473283,-0.135798926231502,-0.341000044380799,-0.205201118149297,-0.523440679509585
-0.84751875121053,0.707356416320897,0.736017758114916,0.0286613417940186,-2.06566714226412
0.278217730473283,0.0400401260456094,0.0845151105377099,0.0444749844921005,-0.432545627379238
-0.123831012985222,-0.0564998805648625,-0.295536308138559,-0.239036427573697,0.949959617965687
-0.84751875121053,0.477522480637305,0.555965611287685,0.0784431306503793,1.06403573145068
-0.365060259060323,0.275154194135495,0.213924784233077,-0.0612294099024182,-0.345871943976245
-2.29489422766115,1.59763913076782,1.48081608253414,-0.116823048233677,0.241479440593338
-0.284650510368624,0.152991686640432,0.143922834101588,-0.00906885253884418,-0.347160165041159
-0.204240761676922,0.108601820199778,0.125918368744587,0.017316548544809,0.76453143864408
-0.365060259060323,0.324774814207563,0.26416466058775,-0.0606101536198137,0.215474039552061
1.7255932069239,-1.11856046826656,-1.1719273528114,-0.0533668845448361,-0.71955003701378
-0.686699253827128,0.367625470002403,0.610497330225055,0.242871860222652,1.21119060795851
0.278217730473283,-0.146541982827008,-0.100620426640353,0.0459215561866552,-1.00619597043287
-0.284650510368624,0.135527666152145,0.0447655134557209,-0.0907621526964238,-0.471476502572941
0.197807981781583,-0.126641261679793,-0.171710930291095,-0.0450696686113019,-0.304919870064353
-0.123831012985222,0.193385168790132,0.139628344715228,-0.0537568240749048,1.01088902922375
0.197807981781583,-0.141325458229904,-0.202282832124121,-0.0609573738942171,-2.07784717142085
0.278217730473283,-0.233904045459661,-0.387183567531293,-0.153279522071632,-1.0425388607476
0.278217730473283,-0.0603138278443645,0.283388188450098,0.343702016294463,1.15123792252161
-0.204240761676922,0.179330402892281,0.202476511064997,0.0231461081727155,0.18080273571854
-0.284650510368624,0.249425552897389,0.334227101256775,0.0848015483593869,0.860008183048954
0.197807981781583,0.0458339792601311,0.0341505284689736,-0.0116834507911575,0.0371072066632668
0.76067622262349,-0.611585332088875,-0.871258297490052,-0.259672965401177,-1.49871781779012
-0.84751875121053,0.352718333972867,0.497866242750913,0.145147908778046,0.60286433125704
0.278217730473283,-0.0828462235200267,-0.299025286110332,-0.216179062590305,-1.69076645673049
-0.284650510368624,0.0613500715758035,0.182901889949684,0.12155181837388,-1.39237149559311
0.197807981781583,-0.208211231069043,-0.543809171560108,-0.335597940491065,0.871336732630128
1.966822452999,-1.11117238174904,-1.33395273022311,-0.222780348474069,-1.3057541133192
-0.204240761676922,0.051606588549707,0.244086207319882,0.192479618770175,1.10725759469341
0.278217730473283,-0.0928886006527876,-0.3149724628525,-0.222083862199712,0.0619585584639248
1.00190546869859,-0.8696481003006,-1.05469632798823,-0.185048227687629,-0.00390847003249006
-0.686699253827128,0.217576405473372,0.194628199972985,-0.0229482055003868,0.8513513904891
0.599856725240088,-0.319715584566012,-0.237686019915499,0.082029564650513,1.56401548091125
1.2431347147737,-0.525554068620098,-0.552518351498607,-0.026964282878509,-2.007670357118
0.197807981781583,-0.175830210629014,-0.366586632636668,-0.190756422007654,-0.178462826575419
-0.284650510368624,0.268657929764855,0.227876823145257,-0.0407811066195986,-1.74786283049188
0.439037227856687,-0.391674972132321,-0.640912755346227,-0.249237783213906,-0.551547571422847
0.278217730473283,-0.352151473253641,-0.487004044457076,-0.134852571203434,-0.0488295819597468
0.278217730473283,-0.288753945451482,-0.194729059864808,0.0940248855866741,0.245258451079219
1.3235444634654,-0.617629465294257,-0.817542110925518,-0.19991264563126,-2.04839973774411
0.599856725240088,-0.16543781110232,-0.112325373087475,0.0531124380148445,1.15639535628413
0.197807981781583,-0.20821617081404,-0.589810089877874,-0.381593919063834,0.0976058230724381
1.966822452999,-1.05099673307843,-1.25130807550291,-0.200311342424479,-0.80067830103027
0.278217730473283,0.0369693910753906,-0.164378060279716,-0.201347451355107,-0.343484083874633
-1.32997724336074,0.568338149618004,0.704879325566417,0.136541175948412,0.1369721683308
1.8864127043073,-1.12163270301866,-1.06843402410123,0.0531986789174244,0.683783526318375
2.93173943729941,-1.87297547584694,-1.83152852799897,0.0414469478479704,-1.89898769707918
1.2431347147737,-0.546734215207127,-0.61632004141575,-0.0695858262086236,-0.227919693891029
0.278217730473283,-0.01073814489901,-0.0474613852375128,-0.0367232403385028,0.169647267734661
0.278217730473283,-0.111491016878539,0.0421459267984732,0.153636943677012,0.596392270689162
1.7255932069239,-0.809702871998946,-0.723862172493926,0.0858406995050203,0.286050270521684
-0.204240761676922,0.0893756151174577,0.190351632519053,0.100976017401595,2.33487785173358
-2.29489422766115,1.30948231072622,1.15331188436449,-0.156170426361735,-1.38767848896362
-0.84751875121053,0.777066330860139,0.73597803816515,-0.0410882926949887,-0.265869100876987
0.680266473931787,-0.352826794260616,-0.519949703060758,-0.167122908800143,-1.04921940683538
1.3235444634654,-0.658217825542335,-0.627655649867695,0.0305621756746396,-0.716969603225705
-1.00833824859393,0.739858132453888,0.674629380225096,-0.0652287522287918,-0.468954059248324
0.197807981781583,-0.121882101139048,-0.18640406772633,-0.0645219665872821,1.35500561396146
0.278217730473283,-0.197898787638075,-0.225482708210455,-0.0275839205723797,-0.626474462226831
0.278217730473283,0.0695350254980718,0.0165694980125146,-0.0529655274855572,0.0943857921450996
1.8864127043073,-1.35649409146855,-1.48652695861149,-0.130032867142937,1.02502390447095
1.966822452999,-0.818515377470492,-0.866035630969763,-0.0475202534992709,2.33961614524697
0.278217730473283,-0.169579610827177,-0.427210632452986,-0.257631021625809,-0.798180354009137
-0.686699253827128,0.399454359105318,0.448493376878029,0.0490390177727107,-1.07919580004929
-0.686699253827128,0.646583228790873,0.417971055794614,-0.228612172996259,-0.468532277392631
0.278217730473283,-0.194080866817388,-0.137899644946517,0.0561812218708706,-0.233246987408235
-0.0434212642935202,-0.0327628121237043,0.195465842152184,0.228228654275889,0.853057449992755
-0.284650510368624,0.13483170113437,0.114658186899187,-0.020173514235183,-0.813525321975488
2.93173943729941,-2.54528004997109,-2.84805236548753,-0.302772315516446,-0.875598355227012
-0.284650510368624,0.0649284821470182,0.200909319563484,0.135980837416466,-0.261632709560476
-2.29489422766115,1.03689247570779,1.13600731258491,0.0991148368771169,0.163694410883932
-1.32997724336074,0.828971871654632,0.560583687551303,-0.26838818410333,-1.50847825659643
0.599856725240088,-0.749626195133361,-0.647787300940087,0.101838894193274,0.68733634052357
-0.284650510368624,0.148891858636139,-0.185948796230707,-0.334840654866846,-0.679247131666471
-0.686699253827128,0.391849052647141,0.0140469481781743,-0.377802104468967,1.77150200364572
1.2431347147737,-0.543276114915871,-0.590052085381846,-0.0467759704659741,0.316786967334771
-1.49079674074414,0.640554767098045,0.682386549078931,0.0418317819808863,-2.45316804649759
0.841085971315191,-0.475414085870176,-0.400142488731349,0.0752715971388276,-0.0558359287931509
-2.29489422766115,1.02935956454143,1.27630789497165,0.24694833043022,0.237374945552235
-0.686699253827128,0.534176074576347,0.471967227506065,-0.0622088470702821,1.08368007893864
0.599856725240088,-0.391144248885385,-0.484098779463488,-0.0929545305781026,-0.597609745954156
0.599856725240088,-0.23920105841881,-0.351224208131003,-0.112023149712193,-0.800599784799835
-1.00833824859393,0.586912425080907,0.381596499321812,-0.205315925759095,-0.201780997020705
0.278217730473283,-0.29355797549853,-0.516219777011811,-0.22266180151328,1.58247039788315
-2.21448447896945,1.41457544027882,1.43377925276962,0.0192038124908003,-0.151917939449894
1.7255932069239,-1.03229774890318,-0.915298837066774,0.116998911836411,-1.46847122214564
-0.284650510368624,0.21611995577649,0.212890648193427,-0.00322930758306303,0.582391660114204
0.680266473931787,-0.51700728754277,-0.652025543966054,-0.135018256423284,-0.00909980141456446
1.3235444634654,-0.479022959291368,-0.493159584993784,-0.0141366257024158,-0.440825543496138
-2.29489422766115,1.16991174717394,1.35902955043997,0.189117803266024,0.981777715320006
-1.41038699205244,0.57553706327494,0.659779141910646,0.0842420786357062,-0.411696709851089
1.2431347147737,-0.662130874783165,-0.654067053288503,0.00806382149466245,1.90248018349164
-0.284650510368624,0.2020148497934,0.160283694944863,-0.0417311548485362,0.631726391566643
1.2431347147737,-0.9224847492505,-1.00776328180796,-0.0852785325574617,0.170104088584675
0.599856725240088,-0.375617136022364,-0.772871260117742,-0.397254124095378,-2.43350484675983
-1.41038699205244,0.308673125142428,0.41175974121473,0.103086616072303,0.327372908978793
-0.365060259060323,0.173020578464044,0.100457346903871,-0.0725632315601723,1.1177825822675
0.439037227856687,-0.313746116336249,-0.41571864784416,-0.10197253150791,-1.39952646700825
0.197807981781583,0.0284958793767403,0.121022198364096,0.092526318987356,0.0942958389066864
-1.32997724336074,1.09190852226601,0.778212939652753,-0.313695582613257,-0.145899131746726
-2.21448447896945,1.01481963002321,0.968629186184567,-0.0461904438386466,-0.36750516306314
-1.41038699205244,1.39081583204967,1.12806992969572,-0.262745902353948,-1.54933678065226
-0.84751875121053,0.761529471337738,0.501637498592285,-0.259891972745453,0.552311132749916
0.680266473931787,-0.317383170809115,-0.4858473098464,-0.168464139037285,-1.15740850745114
-0.123831012985222,0.025478550139173,-0.0349113763964273,-0.0603899265356003,-1.01931331317634
0.278217730473283,-0.203131779511855,-0.223078234367381,-0.0199464548555265,1.01436687952976
-2.29489422766115,1.63201951603604,1.43607787100041,-0.195941645035631,-0.593459454214234
1.3235444634654,-0.420615104694109,-0.42462030746287,-0.00400520276876087,0.0230122683486476
-0.365060259060323,0.213832213688643,0.196886074862403,-0.0169461388262395,1.08872119352223
0.278217730473283,-0.178331589729463,-0.273418422668638,-0.0950868329391759,-1.29510730745962
-1.41038699205244,0.825981204581362,0.482974285098748,-0.343006919482614,-0.12245195373661
0.680266473931787,-0.493067649587582,-0.665826524005181,-0.172758874417598,-0.715195889477802
0.197807981781583,-0.0430018499732784,-0.293398467579606,-0.250396617606328,0.469207717855788
-0.204240761676922,0.0841457699241789,-0.270435572504177,-0.354581342428356,-1.50804620139031
-0.284650510368624,0.0503034439697815,0.0253898295339871,-0.0249136144357944,0.867990163033598
-0.84751875121053,0.485222386812822,0.512971714138942,0.0277493273261208,-1.04131534360837
0.680266473931787,-0.444606412111395,-0.75660762222955,-0.312001210118155,-0.323489416347002
0.439037227856687,-0.303496278774013,-0.354452906941089,-0.0509566281670761,-0.966869362937771
-1.49079674074414,0.565391908941103,0.579391093066001,0.0139991841248986,1.54532106802858
0.680266473931787,-0.380151456162715,-0.418531836414085,-0.0383803802513705,1.55588998825576
-0.284650510368624,0.2164925007225,0.201277190611596,-0.015215310110904,-0.552483376868413
-0.365060259060323,0.193250270759658,-0.00726102963471675,-0.200511300394375,-1.30967814438662
-0.284650510368624,-0.119239459730243,-0.00456847434612709,0.114670985384116,-0.05717097797808
-2.21448447896945,1.70053432673539,1.76041947206546,0.0598851453300746,1.61720091746672
-0.123831012985222,0.178892959549248,-0.0989170437670659,-0.277810003316314,0.0841534800038297
-0.284650510368624,0.224658563006088,0.149740117646638,-0.0749184453594504,-0.901770501040268
2.93173943729941,-1.43795217223329,-1.19930033735523,0.238651834878058,3.9793372982195
-0.123831012985222,0.0442821276976137,0.18466398701594,0.140381859318326,0.844874187022814
-0.123831012985222,0.181957685212211,-0.213898286030144,-0.395855971242354,0.619753403100077
-0.525879756443727,0.30252988972959,0.176716275835107,-0.125813613894483,-0.912920223451002
-0.123831012985222,0.189865451424899,0.177532148337148,-0.0123333030877504,-0.924718406201762
-0.204240761676922,-0.0112697661266197,-0.0111021783927175,0.000167587733902255,1.53811839538658
-0.365060259060323,0.205131339416588,-0.126955945327114,-0.332087284743703,0.0143502785417986
1.966822452999,-1.19627055733522,-1.38019060610168,-0.18392004876646,1.668692500479
-0.284650510368624,0.182534120116772,-0.0443194347132017,-0.226853554829974,2.12480198463663
-0.204240761676922,0.197276065641287,-0.109485316740328,-0.306761382381615,-0.433990525952214
1.966822452999,-1.82643007596289,-2.11917804154921,-0.292747965586319,-1.7826942849366
0.439037227856687,-0.266577783213698,-0.271189193599823,-0.0046114103861245,0.127998774389593
-0.204240761676922,0.0269030984642917,0.181162376753796,0.154259278289505,-2.37853566662785
-2.29489422766115,1.38766251790156,1.35221592999157,-0.0354465879099966,-1.71693086320636
1.966822452999,-0.933000350628497,-0.813029727074101,0.119970623554395,-1.27936846862332
-0.686699253827128,0.48022011624114,0.40808146000262,-0.0721386562385196,-0.223702769552115
0.278217730473283,-0.313910478444309,-0.424523760957587,-0.110613282513278,1.2926688345469
1.7255932069239,-0.835267775178697,-0.926014969884776,-0.0907471947060795,-1.11235098888468
-0.204240761676922,0.128329011658391,0.0502741388460212,-0.0780548728123697,0.52148949991231
0.278217730473283,-0.226854054765514,-0.233756504856634,-0.00690245009111964,0.813743300158871
-0.123831012985222,0.0694885454043842,0.0895836006343673,0.020095055229983,0.559862493113672
-1.32997724336074,0.95604195770528,1.04834441656149,0.0923024588562136,1.05307105845081
0.278217730473283,-0.221112369723383,-0.436491192337985,-0.215378822614602,-1.75186992908431
-0.686699253827128,0.0911975114095099,0.181981040316901,0.0907835289073909,0.905669699235583
1.00190546869859,-0.77704898483833,-0.815939832957297,-0.0388908481189666,0.712100876959487
-0.525879756443727,0.385446722183981,0.316619161051345,-0.0688275611326364,0.351729390344834
-0.365060259060323,0.112077866513538,0.000966386680237213,-0.111111479833301,-1.60724205112852
1.966822452999,-0.728810203349763,-0.501149457134046,0.227660746215717,-1.71671242511121
-0.204240761676922,0.0131614067782228,0.181857978756797,0.168696571978574,-0.673466673184565
-1.41038699205244,0.880301642096104,0.612228918675055,-0.26807272342105,-1.22141690178513
0.278217730473283,-0.266040176904007,-0.505431837152218,-0.239391660248212,-1.25016932953536
0.278217730473283,-0.368822064733181,-0.610077483691081,-0.2412554189579,-0.855653418307335
0.278217730473283,-0.0908311293248344,-0.338109841228254,-0.24727871190342,0.148504902877664
-0.525879756443727,0.407822944358353,0.508637005071842,0.10081406071349,-0.36689806295874
-0.686699253827128,0.473674956467599,0.270759889765435,-0.202915066702163,0.518438265888969
1.00190546869859,-0.771954089422379,-0.842864202372767,-0.0709101129503874,-0.2126066345105
0.278217730473283,-0.324346421850427,-0.179024348248182,0.145322073602245,0.637108688792469
-0.123831012985222,0.0109346819904672,-0.0655389646167461,-0.0764736466072133,-0.5358328420368
0.599856725240088,-0.370156539421663,-0.550767950581283,-0.18061141115962,-0.818141409260512
0.680266473931787,-0.536437276468001,-0.565667753301573,-0.0292304768335719,-1.58726356320532
-0.525879756443727,0.206068403487705,-0.0203152038835045,-0.22638360737121,-0.620500521137352
-0.84751875121053,0.516424387904531,0.528722903367087,0.0122985154625563,0.650181168620854
0.197807981781583,-0.295737713538123,-0.414535607865773,-0.11879789432765,1.34627034875166
-0.84751875121053,0.60611092407251,0.258336520310475,-0.347774403762036,0.297735782875807
0.278217730473283,-0.172636142552346,-0.338366578858634,-0.165730436306288,-0.114809899758571
-0.365060259060323,0.0169302601414715,-0.139200186023745,-0.156130446165217,-0.361061794529063
-0.284650510368624,0.385585849851463,0.217811407597185,-0.167774442254277,0.0725491546222451
0.278217730473283,-0.298136696926449,-0.343140707515827,-0.0450040105893785,-0.186580300883945
0.278217730473283,-0.0967327431147708,0.15091790970675,0.247650652821521,0.894435392346575
1.966822452999,-1.32901272875552,-1.38385635935672,-0.0548436306012068,-1.90553891533209
0.599856725240088,-0.4356208285246,-0.757369125622489,-0.321748297097888,1.36256394762314
-1.41038699205244,1.26083298443925,1.07529736898767,-0.185535615451578,2.18144568290467
1.966822452999,-0.747324999966035,-0.637739407885908,0.109585592080127,-1.40787752058144
-0.525879756443727,0.18391108005441,-0.00173823488165536,-0.185649314936066,0.282235806329789
-0.84751875121053,0.601586758315566,0.663780748130492,0.0621939898149257,-0.978528486783766
-0.365060259060323,0.303122594786763,0.280048048943411,-0.0230745458433526,1.06482387046365
-0.525879756443727,0.188016849208881,0.309162644643473,0.121145795434592,-0.0427408690566653
-0.686699253827128,0.176451669466703,0.125388599323195,-0.0510630701435076,0.659845601610469
-0.525879756443727,0.606894502488236,0.306498067476248,-0.300396435011988,-2.21697461761931
0.278217730473283,-0.0661087264986793,-0.234862918820867,-0.168754192322187,-1.03378468090969
-0.204240761676922,0.00664747239014872,0.131518608079593,0.124871135689444,-0.374612369995245
-0.606289505135426,0.414133830940681,0.294096658851572,-0.120037172089109,1.62614117834889
-0.204240761676922,0.0233129256176079,0.00150736002163558,-0.0218055655959723,0.674866158396509
-0.284650510368624,0.213526461681008,0.229101810542876,0.0155753488618675,-1.3999666353451
0.278217730473283,-0.306934129477954,-0.566015972144337,-0.259081842666384,0.205885736471453
-0.284650510368624,0.31521725719446,0.255690986312173,-0.0595262708822871,-2.94616384497994
-0.204240761676922,0.0654091281903513,0.275127567365022,0.20971843917467,0.476395497022661
-0.123831012985222,0.12798283634611,0.0690034105130923,-0.0589794258330178,-1.5480067914856
-0.284650510368624,0.3868994073559,0.251266807799559,-0.13563259955634,-2.53265863119487
0.278217730473283,-0.159442648773849,-0.33257224495417,-0.173129596180321,-2.0899886199383
1.966822452999,-1.08254941986972,-1.00949150477854,0.073057915091185,-1.8329076626949
1.00190546869859,-0.317242593879811,-0.16186151159823,0.155381082281581,-1.42080541169498
-0.84751875121053,0.436785017041113,0.444958450098662,0.0081734330575492,-0.503470143514141
0.841085971315191,-0.184868308746932,0.130359472224575,0.315227780971507,0.773446001900236
-0.525879756443727,0.408635440658785,0.18031366655315,-0.228321774105635,-0.883871659951466
-1.00833824859393,0.490115000417941,0.476489083215233,-0.0136259172027073,1.40883808619181
-0.204240761676922,0.282241260417867,0.312913932780998,0.0306726723631316,1.13195827956146
1.966822452999,-1.43964226176546,-1.62543072125318,-0.185788459487713,0.420890762901031
-0.204240761676922,0.110269978225533,-0.0949292782549177,-0.205199256480451,-1.78533338446745
-0.686699253827128,0.271082147227409,0.118200935800682,-0.152881211426727,0.734143419051655
-0.123831012985222,0.150656423514807,-0.10148870334918,-0.252145126863987,-1.09163865474794
-0.686699253827128,0.681279356104839,0.531112763970894,-0.150166592133945,0.354685110383625
-0.123831012985222,0.0286271796082341,-0.12171141181531,-0.150338591423544,-0.233918515036611
-0.365060259060323,0.247189053954865,0.288486531360508,0.0412974774056434,-0.242893028745026
1.3235444634654,-1.15202827641956,-1.44044626771742,-0.288417991297857,1.4705734366344
0.278217730473283,-0.308852318666449,-0.3143236768424,-0.00547135817595135,-0.519084952567268
-0.123831012985222,0.0978079179045392,0.0327712852578342,-0.065036632646705,0.18647228303526
-0.123831012985222,-0.02552392987348,0.0391765026988778,0.0647004325723578,-0.0911810696359536
1.3235444634654,-0.517863338196572,-0.392271147930586,0.125592190265986,0.558307824966669
-0.606289505135426,0.612231433911784,0.373421786279582,-0.238809647632201,-0.109122472422769
-0.365060259060323,0.171587912210008,0.390541657179789,0.218953744969781,0.108927570891531
-0.123831012985222,0.0350375573270119,0.0937237321047802,0.0586861747777683,-1.72453221518283
-0.525879756443727,0.275770989654635,0.426422654779804,0.150651665125169,-0.106705567442208
-0.284650510368624,0.134870952099934,0.0454860678149899,-0.0893848842849446,-0.269305008813222
-1.32997724336074,1.05672938413577,0.871471473760651,-0.185257910375121,0.1080209637045
-0.284650510368624,0.132519539275369,0.296513797444644,0.163994258169275,-0.222081368427983
1.3235444634654,-0.979747246839553,-1.25410817478764,-0.274360927948087,-2.91248720058567
0.197807981781583,-0.040946536534087,0.0996252422189294,0.140571778753016,0.10332490892585
0.599856725240088,-0.303707738739107,-0.275595484765203,0.0281122539739049,1.38881156994882
-0.686699253827128,0.555858260369108,0.564228323252585,0.00837006288347686,1.49848995567487
0.599856725240088,-0.389558457268063,-0.706146560548547,-0.316588103280484,0.78388267661008
-0.284650510368624,0.0603579896403506,-0.0540381314495777,-0.114396121089928,-0.97581833028503
0.439037227856687,-0.170553290619236,-0.167011778968431,0.0035415116508051,-0.534616214972649
0.278217730473283,-0.111431074936413,-0.109588269751934,0.00184280518447891,-0.040427815552712
-0.284650510368624,0.218091790620849,0.0291627637565409,-0.188929026864308,-0.144248628033212
0.278217730473283,-0.200506020831523,-0.263762913228951,-0.0632568923974275,-0.339315475144281
0.278217730473283,-0.211504094711512,-0.15661991146558,0.0548841832459318,0.303676626400808
0.76067622262349,-0.637600598491716,-0.922725934581572,-0.285125336089857,-1.37305594074418
0.278217730473283,-0.182041378304384,-0.383952374404557,-0.201910996100173,-1.1323103982243
1.966822452999,-1.73321347839383,-2.08647724957834,-0.353263771184508,1.04098404661987
-0.686699253827128,0.335310958259227,0.460115236583369,0.124804278324142,0.963806895644651
0.278217730473283,-0.172869636072159,-0.245997234711222,-0.0731275986390631,0.532869616863044
0.680266473931787,-0.417742072869628,-0.504715695422534,-0.086973622552906,-1.04814063671179
-0.204240761676922,0.229380625810313,0.111297150682458,-0.118083475127855,0.351445386259089
0.278217730473283,-0.215468692789047,0.021826012714809,0.237294705503856,-0.0699411970847033
2.93173943729941,-1.51994756602236,-1.60790541302962,-0.0879578470072568,-1.49421646811726
-0.525879756443727,0.436015766832863,0.564375843480474,0.128360076647612,1.5708082093096
-0.365060259060323,0.49483871026771,0.330057070259669,-0.164781640008041,-0.199032199546948
1.8864127043073,-1.36680044425645,-1.50964448914707,-0.142844044890619,0.838942749117676
0.680266473931787,-0.31316435808363,-0.202124811168072,0.111039546915558,-0.00059695229388182
1.3235444634654,-0.958087352580237,-1.15560408726251,-0.197516734682268,0.64508792598794
0.197807981781583,-0.160959270008775,-0.219688528995508,-0.0587292589867326,0.273524479227915
-0.123831012985222,-0.0083554816163752,-0.156852853583857,-0.148497371967482,0.612810763946174
0.278217730473283,-0.273897481989054,-0.183523182248756,0.0903742997402983,-0.952272124878648
0.599856725240088,-0.173376030409316,-0.192443446070567,-0.0190674156612512,-0.761629648992715
1.3235444634654,-0.728183418524201,-0.862986028274141,-0.13480260974994,0.104953128123503
-0.123831012985222,-0.023605426897903,0.107581980792642,0.131187407690545,0.592135161607205
0.680266473931787,-0.429560184578598,-0.679694280837574,-0.250134096258976,-0.861765737730475
0.278217730473283,-0.268890935327947,-0.344720919706008,-0.0758299843780607,-1.36505715607421
2.93173943729941,-1.42743987060898,-1.45791574587865,-0.0304758752696743,0.510909160595884
-2.21448447896945,1.49155892080647,1.40886293457055,-0.082695986235914,0.21868294528012
0.76067622262349,-0.449263384684508,-0.523335382396218,-0.0740719977117106,0.815685598202193
0.197807981781583,0.0628946853268673,-0.202043437275679,-0.264938122602546,0.302659856490619
1.00190546869859,-0.664416771617451,-0.567778464910642,0.0966383067068091,1.21335425254341
1.2431347147737,-1.04811424332836,-1.1979109956445,-0.149796752316138,-0.366104936116596
-0.525879756443727,0.26485739226065,0.348925158510122,0.0840677662494725,-0.988148817715864
-0.365060259060323,0.136830596686865,0.0780721592321261,-0.0587584374547394,-2.04922310254163
-0.123831012985222,0.315904560569223,0.258809254149168,-0.057095306420055,1.78303731337154
2.93173943729941,-2.16764407511187,-2.37705399022286,-0.209409915110988,-0.119833262168924
0.599856725240088,-0.426508749337397,-0.573386043338097,-0.1468772940007,2.01500705015586
-0.0434212642935202,0.0387428911699705,-0.149117116911996,-0.187860008081967,-0.530119037181558
0.278217730473283,-0.0586404104567355,0.149189082808736,0.207829493265472,1.23400967656215
-1.41038699205244,0.815869548259073,0.657750913183153,-0.158118635075919,1.63507706490877
-1.49079674074414,0.873075330147577,0.785394068705141,-0.087681261442436,0.35293341701475
-0.606289505135426,0.271539087808984,0.100283530157649,-0.171255557651335,1.94575458945115
-0.0434212642935202,0.0358793058540766,-0.3491384176901,-0.385017723544177,0.583069323182452
-0.525879756443727,0.384355942851891,0.581478156906626,0.197122214054735,0.926133771115238
0.76067622262349,-0.565936653528518,-0.807749439263676,-0.241812785735158,0.182418827434357
-0.686699253827128,0.505884064995773,0.230621231754912,-0.275262833240861,-0.566671139455431
1.8864127043073,-1.39678573963404,-1.68022058169494,-0.283434842060899,0.926439402172722
-0.123831012985222,0.030028394509126,0.191339328894317,0.161310934385191,1.06388096429584
0.278217730473283,-0.320972234155049,-0.475266767152869,-0.154294532997819,-0.853387896395768
-0.686699253827128,0.514691555844621,0.423161578023183,-0.0915299778214379,-0.629212647878942
-1.00833824859393,0.987838445785187,0.864681801877391,-0.123156643907796,0.801114454339162
0.439037227856687,-0.188366091989226,-0.349748280091604,-0.161382188102378,0.0420555154924204
-0.84751875121053,0.831693886848401,0.812449164587821,-0.0192447222605798,-0.116702200358014
0.599856725240088,-0.39683294484308,-0.661483766622681,-0.264650821779601,1.24983761084201
0.278217730473283,-0.0455896413697122,0.0328979500679331,0.0784875914376454,-1.33810735484602
0.680266473931787,-0.431216368097126,-0.436356036234714,-0.00513966813758748,-2.68238363640275
0.680266473931787,-0.406125790957104,-0.81907724850142,-0.412951457544316,0.787829043818331
0.680266473931787,-0.422420671523722,-0.503389518768903,-0.0809688472451808,-0.2257027710222
0.76067622262349,-0.457300907729694,-0.491090154386694,-0.0337892466569996,-0.722586723321151
-0.284650510368624,0.327482446365067,0.268254325494442,-0.0592281208706254,0.0142851675199555
-0.123831012985222,0.0425859154313121,-0.018227339232098,-0.06081325466341,0.88760290831413
-0.365060259060323,0.300801491263585,-0.0575343567289079,-0.358335847992493,1.28880259111922
-0.686699253827128,0.442787885291051,0.572610440908475,0.129822555617424,1.91920231265935
0.278217730473283,-0.251301254215592,-0.353976788016468,-0.102675533800876,0.402468786845551
0.680266473931787,-0.418515484644672,-0.43981029158585,-0.0212948069411776,0.53989366532053
0.841085971315191,-0.277976386586958,-0.193018838215959,0.0849575483709988,1.25847437350677
0.278217730473283,-0.183952517046764,-0.297029649972056,-0.113077132925292,-0.0282832207552764
0.841085971315191,-0.20963413623642,-0.208552929145879,0.00108120709054105,0.660829764644292
-0.0434212642935202,-0.00218890774697294,0.0245680965704772,0.0267570043174501,-0.450739616935284
-0.365060259060323,0.479904673950871,0.172559744190167,-0.307344929760703,-0.833165942830027
0.599856725240088,-0.556516849071164,-0.503982068651901,0.0525347804192634,-0.00921619979336796
-0.525879756443727,0.406530539623702,0.182001610741579,-0.224528928882123,-0.0917580045976906
-0.686699253827128,0.27656846263753,0.311293968640212,0.0347255060026816,0.245370948512619
0.278217730473283,-0.182553815737345,-0.230120793555683,-0.0475669778183375,-0.697529695333298
1.3235444634654,-0.559754844489986,-0.480112762950981,0.079642081539005,0.279582816573444
0.278217730473283,-0.230695032857275,-0.208015052441835,0.0226799804154401,-0.630862682897059
0.439037227856687,-0.226376951427202,-0.0559705221161601,0.170406429311042,-0.171583908640736
-0.686699253827128,0.559861698706658,0.479225542763262,-0.0806361559433965,0.0807455583716425
1.7255932069239,-1.52422547872456,-1.75299171045884,-0.228766231734285,-0.895389446270658
-0.606289505135426,0.52218857799087,0.431688159629358,-0.0905004183615122,-0.152819427125106
0.841085971315191,-0.248513006618623,-0.0988910835413858,0.149621923077237,0.831671004312609
-1.00833824859393,0.538558865302103,0.287691074054183,-0.250867791247919,1.32637362535223
-0.84751875121053,0.459204212086245,0.368875544178622,-0.0903286679076225,-0.0112850272058063
0.278217730473283,-0.078560302206128,-0.106077871786046,-0.0275175695799178,-0.830062347877066
0.278217730473283,-0.0903453326222858,-0.20602569601719,-0.115680363394904,0.76219836581421
0.278217730473283,-0.528316205492779,-0.731584835307487,-0.203268629814708,1.38637130786742
-0.204240761676922,0.297298192039666,0.185159727478043,-0.112138464561623,-1.44900827632862
-1.32997724336074,0.564224156959036,0.399188464708844,-0.165035692250193,-1.0887701305502
1.8864127043073,-0.965339161547946,-1.11936792669596,-0.154028765148016,0.684965019882938
-0.365060259060323,0.0666073230166625,0.0426425947267026,-0.0239647282899599,-0.697956268780173
0.197807981781583,-0.0526807074912195,-0.0881992810871295,-0.03551857359591,-3.05263051699018
-0.123831012985222,0.0888618790913471,-0.19564205263815,-0.284503931729497,-0.391434939882855
-0.284650510368624,0.0654702762298111,-0.119138468244338,-0.184608744474149,-1.49454995214483
-0.204240761676922,0.0684460399079176,0.0895547197054734,0.0211086797975558,1.30461276127468
-0.686699253827128,0.626108195357586,0.172101894949322,-0.454006300408265,0.0919576271572964
-0.686699253827128,0.389943361675628,0.203158711457032,-0.186784650218595,0.580033596833328
0.197807981781583,-0.406824807490642,-0.394093495478744,0.0127313120118982,-1.47954107597384
-0.686699253827128,0.410296518911591,0.211531525011699,-0.198764993899892,1.19193533839971
-0.365060259060323,0.187184805765579,-0.0137437576763597,-0.200928563441938,0.743458427105604
-0.365060259060323,0.0725110789232823,0.170836105560212,0.0983250266369292,2.31512327361092
-0.525879756443727,0.383045178175575,0.135909158970652,-0.247136019204923,-3.71194358564944
1.00190546869859,-0.412686430588793,-0.443377565912566,-0.0306911353237734,-0.596847359345043
-2.21448447896945,1.85615326184624,1.74678117593085,-0.10937208591539,-0.130428992778995
0.76067622262349,-0.554430728235683,-0.550617440833922,0.00381328740176157,-0.154093633769124
0.599856725240088,-0.415785290949908,-0.666954637098935,-0.251169346149027,1.10989502651734
0.278217730473283,-0.367841614295932,-0.466365749716645,-0.0985241354207136,0.318862309083262
-0.686699253827128,0.52342453637608,0.311969804930547,-0.211454731445533,-1.46987734870187
0.680266473931787,-0.722371201372636,-1.30791793592017,-0.585546734547534,-0.528189432479569
-0.686699253827128,0.329893154255293,0.461259902209476,0.131366747954184,1.25944371538415
0.841085971315191,-0.503400834786649,-0.570200402251055,-0.0667995674644065,-0.913329245356305
0.76067622262349,-0.729404796555689,-0.900653508945585,-0.171248712389896,-0.0831852139529502
0.197807981781583,-0.226269896774523,-0.639643664340064,-0.413373767565541,-0.899965536585085
-0.686699253827128,0.368990442297376,0.185467150007507,-0.183523292289869,-2.11844406027237
0.599856725240088,-0.399336470423826,-0.357073600262815,0.0422628701610112,2.06889718467758
0.439037227856687,-0.124877708164524,-0.26773216692494,-0.142854458760416,0.0433663314228495
0.599856725240088,-0.497942518274589,-0.72587775176249,-0.227935233487901,-1.10165781121064
0.599856725240088,-0.38459772462694,-0.60811104976892,-0.22351332514198,0.904748268821675
-0.204240761676922,0.166967808852921,-0.137808853652595,-0.304776662505516,-1.15470827342518
1.8864127043073,-1.15314748401695,-1.19445243810792,-0.0413049540909614,1.54646785442494
0.278217730473283,-0.368440812983814,-0.573914192350627,-0.205473379366813,0.227636437758442
0.278217730473283,-0.268747039884106,-0.48012785089723,-0.211380811013124,-1.47007056977154
1.00190546869859,-0.588418750094409,-0.643195942458567,-0.0547771923641576,0.432994362631999
0.197807981781583,-0.0715307458410058,-0.359921980845362,-0.288391235004356,-0.529895304995474
0.278217730473283,-0.164061242883337,-0.212857217120623,-0.0487959742372867,0.257015986069637
0.680266473931787,-0.527263123541154,-0.788040577059465,-0.260777453518311,0.395195181859178
0.680266473931787,-0.690259693815312,-0.907968731374557,-0.217709037559246,0.178881907431199
-0.365060259060323,0.072566100234773,-0.212661457744698,-0.285227557979471,0.636291174650179
-0.686699253827128,0.672160841666752,0.366074265177983,-0.306086576488769,0.653771740775996
-0.84751875121053,0.66568420746488,0.499139251992522,-0.166544955472358,1.16020350931569
1.2431347147737,-0.69551785058631,-0.725572713403034,-0.030054862816725,0.845046747443019
-0.365060259060323,0.212561284931458,-0.0206088384699233,-0.233170123401381,-0.649546371095332
-0.204240761676922,0.122257653618763,0.0141667926970676,-0.108090860921695,-1.82585071484728
-1.32997724336074,0.500607538046699,0.498529395898657,-0.00207814214804153,-0.964889852188297
0.197807981781583,-0.233424270154907,-0.304078412305937,-0.0706541421510306,-0.523046891698631
0.680266473931787,-0.563297865237913,-0.58361244244728,-0.0203145772093669,-1.06598833627403
-0.284650510368624,0.0721661279430959,0.166738292563951,0.0945721646208554,-0.10766415954708
0.439037227856687,-0.14226589260414,-0.127201663900665,0.0150642287034749,0.458126459757704
0.680266473931787,-0.505974021762878,-0.4851866011852,0.0207874205776782,0.3171620294167
0.278217730473283,-0.0423413257628663,-0.114456135071476,-0.0721148093086095,1.09182723287285
-1.49079674074414,0.786963443046977,1.02843709047613,0.241473647429157,-0.538751307038145
0.278217730473283,-0.166510197227582,-0.302227668687464,-0.135717471459882,1.9997643981222
-0.284650510368624,0.284337464390775,0.355361932814058,0.0710244684232826,-1.14441758269463
-0.606289505135426,0.223399046912542,0.312820677162968,0.0894216302504267,-0.78530534466509
-1.00833824859393,0.638678431243143,0.588666928393488,-0.0500115028496546,0.654830280236049
-1.49079674074414,1.20470598830642,0.958515366345654,-0.246190621960767,0.928683926429354
1.00190546869859,-0.648536798044981,-0.704232363182667,-0.0556955651376861,1.09478262020331
0.680266473931787,-0.348451983838678,-0.217483048632915,0.130968935205763,-0.661807739094339
1.00190546869859,-0.71837780000041,-0.849319654111575,-0.130941854111166,-2.0153866112207
0.439037227856687,-0.0684440510555231,-0.0309427979946156,0.0375012530609075,1.13556873556092
-0.123831012985222,0.0718411740382145,0.102843597018181,0.0310024229799665,1.26461789359994
0.278217730473283,-0.159720985368155,-0.362000393450708,-0.202279408082554,-1.72669932590315
-2.21448447896945,1.06215377953999,1.08485658087638,0.0227028013363983,-1.07357798271816
-0.525879756443727,0.473069563528677,0.487089489362447,0.0140199258337698,-0.088803022209558
-0.365060259060323,0.241170717323542,0.19342763449105,-0.0477430828324915,1.78851910922944
-0.606289505135426,0.277178519203741,0.113233900662547,-0.163944618541194,0.667127083492065
0.278217730473283,-0.0456737459536572,0.0451805120740112,0.0908542580276684,-0.959403189271228
-1.41038699205244,0.95822250211001,0.593841013944862,-0.364381488165148,-1.01820728494206
0.197807981781583,-0.114731255503578,-0.337801180936449,-0.223069925432871,-0.797709954788783
0.599856725240088,-0.591751235170297,-0.779166838086387,-0.18741560291609,-1.20176840842009
1.7255932069239,-1.17610750120976,-1.5115593610184,-0.335451859808638,-1.03964071971002
-0.204240761676922,0.00389544200328355,0.00489887905539721,0.00100343705211366,-1.43836390472421
-0.365060259060323,0.259642749293469,0.0305729134790182,-0.229069835814451,1.59843845775147
-1.41038699205244,0.164000151143282,0.372495123955803,0.208494972812521,1.46211820169893
0.278217730473283,-0.205830232907882,-0.314602566536179,-0.108772333628297,-0.657223083655558
0.197807981781583,-0.0515562265252691,-0.301565182904866,-0.250008956379597,0.609033989317261
0.197807981781583,-0.0836483796161137,0.037152837771226,0.12080121738734,0.732629352948358
-0.0434212642935202,0.158761583689113,0.18931079710294,0.0305492134138264,-1.98517796527491
0.599856725240088,-0.220692654707733,-0.233666373382158,-0.0129737186744255,-1.93965356870875
-0.84751875121053,0.704431246794945,0.672899611744852,-0.0315316350500925,-0.0517447558221008
-1.32997724336074,0.718960079372192,0.711061991263397,-0.00789808810879489,2.09114422663833
0.278217730473283,-0.0984153576903087,0.0105909821753707,0.109006339865679,-0.849382569461749
0.197807981781583,-0.23309895331199,-0.274757236854872,-0.041658283542882,0.321873363437851
-0.686699253827128,0.0989648699168654,0.0851690997207364,-0.013795770196129,0.425451088813487
0.599856725240088,-0.321810586742389,-0.363284304913392,-0.0414737181710022,-0.855538514979632
0.439037227856687,-0.18457495450045,-0.0350512658243976,0.149523688676052,0.026647303334016
-1.49079674074414,1.14899100801924,1.06618468704656,-0.0828063209726746,-0.450702993596468
2.93173943729941,-1.46088510683425,-1.12366054575593,0.337224561078325,0.752051674995641
0.599856725240088,-0.320439201850901,-0.16999703058281,0.15044217126809,1.31855402195536
-0.123831012985222,0.156919592109958,0.203337398607976,0.0464178064980175,1.47369649688769
2.93173943729941,-3.03856987119518,-3.34640639331763,-0.307836522122447,-1.14419436337073
1.2431347147737,-1.02507566070912,-1.27421365073519,-0.249137990026068,0.0396109961890989
0.197807981781583,-0.336272284419246,-0.827806899638488,-0.491534615219242,0.175626964564442
-1.00833824859393,0.466680478393511,0.470456380657025,0.00377590226351476,-0.821895214313219
1.966822452999,-1.4602586219741,-1.63160020368897,-0.171341581714867,-0.196553409373695
0.197807981781583,0.0292377165337974,-0.0145349990301223,-0.0437727155639197,-0.555461465338487
2.93173943729941,-2.06732251237978,-2.25451295122009,-0.187190438840308,0.202475015119402
0.599856725240088,-0.160112791661977,-0.0503783683422059,0.109734423319771,2.08545332736659
1.7255932069239,-1.1001046284466,-1.17256720267541,-0.0724625742288094,-0.428390057267088
0.278217730473283,-0.217042570140612,-0.310416773345383,-0.0933742032047714,-0.970111139072139
-0.686699253827128,0.327922375686757,0.423849362443158,0.0959269867564011,-0.942625285931959
0.680266473931787,-0.134559079675406,0.0422654300674041,0.17682450974281,-1.9713614822524
1.00190546869859,-0.20338244034037,-0.140795990891656,0.062586449448713,-0.184894307019052
0.278217730473283,-0.0893198308076048,-0.0416803783611803,0.0476394524464245,0.455828851889439
1.3235444634654,-0.421759976796479,-0.261992738939875,0.159767237856604,0.151690908553039
-1.00833824859393,0.811764937814902,0.684391151359732,-0.127373786455171,-0.879071453541534
-0.204240761676922,-0.0120284152204976,0.132804956001198,0.144833371221695,-0.768664027996224
0.76067622262349,-0.477121064557307,-0.587004681170376,-0.109883616613069,1.01557008833169
0.680266473931787,-0.42328354969547,-0.704088353022867,-0.280804803327397,-0.0597775610292486
0.599856725240088,-0.424281879354108,-0.752185136599599,-0.327903257245491,-1.03427470019989
-0.525879756443727,0.35437585718885,0.37722837959178,0.0228525224029301,-1.73831447637031
-0.204240761676922,0.148173569336348,0.00253426392750911,-0.145639305408839,1.72686864684574
0.197807981781583,-0.0142805974685843,0.048133233134849,0.0624138306034333,0.960490941846304
-2.21448447896945,1.56081818525463,1.51960426632281,-0.0412139189318206,-2.90623223063409
-0.686699253827128,0.252930758956148,0.151723089356773,-0.101207669599375,-1.144063660174
-0.365060259060323,0.441473597297102,-0.0173001464500895,-0.458773743747191,0.231209581275505
-0.365060259060323,0.199254354030613,0.0660036903632257,-0.133250663667387,-1.15376905252117
-0.606289505135426,0.695868476148049,0.70367988307657,0.00781140692852067,0.142281666826258
1.8864127043073,-0.696480903188209,-0.555736473535425,0.140744429652784,-0.0850062311797639
-0.284650510368624,0.225950499540604,0.329190379730932,0.103239880190328,-0.653201590353944
-0.686699253827128,0.611451455864121,0.387587184465606,-0.223864271398515,2.14056616552465
-0.123831012985222,0.243116562999429,0.0910104731226275,-0.152106089876802,1.18524789533699
0.197807981781583,-0.000142784317381545,0.0425188978525256,0.0426616821699072,0.0806113742299845
-2.29489422766115,1.56678094999424,1.4687096161897,-0.0980713338045396,0.991472769752592
-0.686699253827128,0.47478801541879,0.569282195309136,0.0944941798903462,-1.01002218856894
1.00190546869859,-0.540793019149749,-0.468658384154777,0.0721346349949723,0.864936444701808
-0.284650510368624,0.108658868673588,0.185711006709359,0.0770521380357712,0.470448644479383
0.197807981781583,-0.0372782076886968,-0.382168749510138,-0.344890541821441,-2.22801924186785
-0.0434212642935202,0.0121296317201464,-0.0234346300489274,-0.0355642617690739,-0.106341524203979
-0.284650510368624,0.130662489101958,0.0168927781913755,-0.113769710910582,-2.54505001344724
0.197807981781583,-0.288523696646757,-0.365582270993775,-0.0770585743470181,-0.470575328147532
0.278217730473283,-0.267744263841644,-0.375428332628816,-0.107684068787171,-1.24629988328595
-0.686699253827128,0.588997932710922,0.647755289740613,0.0587573570296912,0.13999041409689
-1.41038699205244,0.765190401153169,0.697081390146579,-0.0681090110065905,-1.49580943366568
-0.525879756443727,0.201425833926545,0.285831493941569,0.0844056600150246,-1.87707678668176
-0.284650510368624,0.163487356186857,0.0994374616575653,-0.0640498945292915,2.27965723247484
-0.525879756443727,0.244252716613115,0.336760780384299,0.0925080637711842,0.81209129920422
-2.29489422766115,1.54804712925323,1.45222048454163,-0.0958266447115934,-0.149687756136082
-0.606289505135426,0.245996738544527,0.0584548534469779,-0.187541885097549,-0.274665128894513
-0.0434212642935202,0.0242504111570799,-0.0586458877190115,-0.0828962988760914,2.20761750904627
1.966822452999,-1.23780480743874,-1.21901077688905,0.0187940305496972,-1.11054176366464
-0.365060259060323,0.157645464719827,0.0283412285683837,-0.129304236151443,0.208918521235964
1.00190546869859,-0.699462449096189,-0.688783595367686,0.010678853728503,-0.240058673394954
2.93173943729941,-1.22896091837102,-1.10161039666748,0.127350521703546,-1.19453345460562
0.599856725240088,-0.29259237730436,-0.420762612705961,-0.128170235401601,0.118704797640778
-0.123831012985222,0.0421538820577787,0.044879886865927,0.00272600480814836,0.982778304700048
-0.284650510368624,0.239618369284752,0.124180094060227,-0.115438275224526,-0.760149989374175
0.278217730473283,-0.169542867796079,-0.304463437005742,-0.134920569209663,0.120508178240696
0.599856725240088,-0.516308275259251,-0.842446537714854,-0.326138262455603,-0.165504951475874
-0.606289505135426,0.47905375019918,0.483048557421771,0.00399480722259016,1.28112520792314
-2.21448447896945,1.39323885966747,1.35522223233428,-0.0380166273331943,0.351333274202747
1.8864127043073,-1.49256196740508,-1.51399579306043,-0.0214338256553561,-1.65061424646508
-0.525879756443727,0.374080792183147,0.591478032729262,0.217397240546114,0.517190273507559
-0.84751875121053,0.338946703477207,0.278843981846413,-0.0601027216307938,0.656480195614634
-0.123831012985222,0.18345125417004,0.357807511939378,0.174356257769338,-2.37031234897438
0.599856725240088,-0.399129789779342,-0.66222306250269,-0.263093272723348,-0.634049436631173
0.680266473931787,-0.571587378866707,-0.859918442674489,-0.288331063807782,0.159802960273068
-0.606289505135426,0.301119176930904,0.205587372798225,-0.0955318041326783,-0.439128069549837
-1.49079674074414,0.870092059959901,1.00116465668446,0.131072596724563,0.482064246113254
0.680266473931787,-0.223984788098341,-0.273316544180835,-0.0493317560824945,-1.34386180696378
-0.284650510368624,0.150691596085493,0.0516389649208636,-0.0990526311646292,-0.686018318455824
0.278217730473283,-0.189605639218353,-0.0850487084634194,0.104556930754933,2.71193381475288
0.278217730473283,-0.0951273078220422,-0.0876341241555169,0.00749318366652532,-0.910271546577942
-0.204240761676922,0.112147316071763,-0.0265607577437987,-0.138708073815562,-0.356453335279419
-0.204240761676922,0.118884394553745,0.000949105016202545,-0.117935289537543,-2.35615445485409
-0.284650510368624,0.365625135318259,0.21701370601906,-0.148611429299199,0.856243851649756
0.599856725240088,-0.31326733951078,-0.0719676208502881,0.241299718660491,-0.361738806913364
0.76067622262349,-0.538649500932587,-0.621177110883867,-0.0825276099512803,0.345588482727444
0.76067622262349,-0.435264351529607,-0.328911448996255,0.106352902533352,-1.30529062938832
-0.686699253827128,0.554534344773863,0.590484289378969,0.0359499446051067,0.892123291865388
-0.204240761676922,0.170988224639533,0.177872512384718,0.00688428774518507,-1.2435171136246
1.966822452999,-1.80014497188497,-2.00400400204069,-0.203859030155716,-0.584504762934849
-0.84751875121053,0.86671625980173,0.668914476989635,-0.197801782812095,-1.38858793574166
2.93173943729941,-1.6149305497436,-1.73947732064976,-0.124546770906154,0.0116272853657726
2.93173943729941,-2.36756130937809,-2.65508305488954,-0.287521745511447,0.521573005739389
0.197807981781583,-0.295609184225322,-0.0925326486686459,0.203076535556676,-0.519558268313032
0.680266473931787,-0.191464401185424,-0.132087680324933,0.0593767208604908,1.24122934612746
0.841085971315191,-0.812006844555007,-1.14447398129599,-0.332467136740986,-2.3597253961121
0.197807981781583,-0.114080728024204,-0.400965662614205,-0.286884934590002,-1.42958786620518
-0.686699253827128,0.709031597420853,0.67868721495889,-0.0303443824619624,-0.77954005628367
-0.204240761676922,0.0909979149057427,-0.00450047341652235,-0.0954983883222651,-0.535272275227093
-0.284650510368624,0.312710124672107,0.513664587561298,0.200954462889191,0.0126424745620432
0.278217730473283,-0.0669430437977254,0.0496302909370986,0.116573334734824,0.973820558692587
-0.84751875121053,0.514571240833294,0.392442524369693,-0.122128716463601,-1.73486653503212
-1.49079674074414,0.989558200912927,0.852453581453361,-0.137104619459565,-0.162063877500257
-0.284650510368624,0.248356098117037,0.229113648008775,-0.0192424501082621,-0.532570006972884
-0.123831012985222,0.123267686883001,-0.0552505072572691,-0.17851819414027,0.137472712404795
1.966822452999,-1.19590703826355,-1.33563646973765,-0.139729431474106,2.34348452855004
-0.284650510368624,0.0623133775204791,-0.161106215024619,-0.223419592545098,0.161933385952908
-0.365060259060323,0.260621374582363,0.217632575156427,-0.0429887994259361,-0.915336145984961
0.439037227856687,-0.368579575705505,-0.34072817027415,0.0278514054313549,0.690563300593299
0.841085971315191,-0.354969641312561,-0.366690063718092,-0.0117204224055312,0.951013212669921
2.93173943729941,-1.92355752023321,-1.86914692444101,0.0544105957922076,1.16758419446373
-0.686699253827128,0.329143823986273,0.220626128624215,-0.108517695362058,-1.14891912891344
0.76067622262349,-0.363898248947743,-0.471484303364432,-0.107586054416689,-0.361574760110252
0.278217730473283,-0.271357021627176,-0.174231714728561,0.0971253068986155,-1.55197036686877
-0.686699253827128,0.48067709738244,0.31248751335883,-0.16818958402361,0.798215418233823
0.599856725240088,-0.455252622108332,-0.439208967281707,0.0160436548266251,-0.66444653897166
2.93173943729941,-1.61421011408617,-1.58622429131394,0.0279858227722367,-1.51954264437475
-0.204240761676922,0.0601555355677264,0.372394238114788,0.312238702547061,-0.256584386553158
-1.49079674074414,0.741509863498404,0.748725066449034,0.00721520295063038,0.434108356868591
-0.204240761676922,0.0464534747544687,-0.0838787011737595,-0.130332175928228,0.183170681030072
0.439037227856687,-0.561874221204228,-0.73103829523128,-0.169164074027052,1.41802188699056
-0.525879756443727,0.205866016907431,0.165421102359991,-0.0404449145474405,-1.16272785344593
-0.284650510368624,0.264553733934204,0.304161511247164,0.0396077773129596,2.23856185706442
-0.84751875121053,0.623880886897594,0.705938244094112,0.0820573571965186,-0.702242688443509
1.2431347147737,-0.816937933541135,-0.805537529054538,0.0114004044865972,0.0855369995701817
-0.123831012985222,0.226377306911843,0.361453029158819,0.135075722246976,0.263176695786941
0.680266473931787,-0.585796222361922,-0.515684449313005,0.0701117730489168,0.0587068029426885
0.278217730473283,-0.105397084429904,-0.279211751263584,-0.17381466683368,-1.52168423770298
1.3235444634654,-0.574451519058778,-0.554677212720874,0.0197743063379038,0.54008558714077
-0.284650510368624,0.15619760786814,0.16330418564212,0.00710657777397955,-0.751006375615969
-0.284650510368624,0.182176694419863,0.0590331393479162,-0.123143555071946,-1.15943062425257
-1.49079674074414,1.06745590010574,0.853540679000579,-0.213915221105159,-1.56220058126686
0.76067622262349,-0.333025211226198,-0.176483704833668,0.15654150639253,-0.681367882523846
-1.49079674074414,1.01966537421743,0.835023759574773,-0.18464161464266,-1.31740420183521
1.2431347147737,-1.05624664434932,-1.17949307217268,-0.123246427823362,-1.64518706514008
-1.00833824859393,0.703765729847569,0.642215363450173,-0.0615503663973962,0.520721704754007
0.599856725240088,-0.493595731105936,-0.766594126076118,-0.272998394970182,-0.0217932511382415
-0.204240761676922,-0.0654006279251495,-0.141522014121719,-0.0761213861965695,-1.6338009915546
-0.525879756443727,0.266521825410501,0.271235798369526,0.00471397295902509,-1.19306439799212
0.278217730473283,0.00669987728149367,0.234366909559784,0.22766703227829,0.759488704398747
1.966822452999,-1.41756364525889,-1.47545204321588,-0.0578883979569913,1.11835957354137
0.197807981781583,-0.120557298041974,-0.304058732389457,-0.183501434347483,-0.504093570100155
0.278217730473283,-0.183252211123036,-0.229206715383286,-0.0459545042602502,-0.8501119699821
1.00190546869859,-0.65659783059521,-0.598363125052165,0.0582347055430456,1.17625535221306
-2.29489422766115,1.34925370255082,1.33339981560722,-0.015853886943596,-0.664189507305286
-1.00833824859393,0.615541071278178,0.796386472060201,0.180845400782022,-0.546567834745508
-0.284650510368624,0.134192392044451,0.0399670158098935,-0.0942253762345571,0.668141879595421
1.966822452999,-1.22041600661229,-1.35304305155076,-0.132627044938471,0.442447594171146
0.278217730473283,-0.248583430249819,-0.381418811148869,-0.13283538089905,0.158202953029076
-0.525879756443727,0.234988782554425,0.419190446019314,0.18420166346489,0.538278227685508
-0.123831012985222,0.0608029661601718,0.0403350836901642,-0.0204678824700077,1.25132549357898
-0.365060259060323,0.215194559693329,-0.04730747589092,-0.262502035584249,-3.84189189725051
-0.204240761676922,0.359943494848971,0.147282760276715,-0.212660734572257,-0.831614116586396
2.93173943729941,-1.478081596524,-1.60462825242423,-0.126546655900234,-0.821810700797978
2.93173943729941,-2.31362094848013,-2.55714832281261,-0.24352737433248,2.0217858931006
-0.0434212642935202,-0.000509785355523498,-0.402901234255887,-0.402391448900363,-0.571145705626152
1.966822452999,-1.42723051406727,-1.4956978814516,-0.0684673673843248,0.0484171201773718
0.278217730473283,-0.252709302782252,-0.448226571028494,-0.195517268246242,0.972537295060654
-0.686699253827128,0.373442319043273,0.340315022727864,-0.0331272963154091,-0.489352547626814
-0.123831012985222,-0.0175069599055507,0.297425635468318,0.314932595373868,0.243492161539198
0.278217730473283,-0.210537069702866,-0.00735343099490803,0.203183638707958,-0.0214751160291859
0.599856725240088,-0.185201166139729,-0.20296561843567,-0.0177644522959411,0.203933668035858
-1.49079674074414,0.6633777447082,0.979608013460003,0.316230268751803,-0.0780372747497539
-0.525879756443727,0.312282891716683,0.275729580018449,-0.0365533116982346,1.27854099937816
-0.204240761676922,-0.0477037839548074,-0.0816944857651156,-0.0339907018103082,-1.92610195410009
-0.123831012985222,0.188869571261713,0.00180089010003755,-0.187068681161675,-0.145165840453298
0.680266473931787,-0.493837944700079,-0.527619297338662,-0.0337813526385831,0.73528412421687
1.00190546869859,-0.75518859978867,-0.925465251335301,-0.170276651546632,-0.136379189134144
0.278217730473283,-0.206899951925653,-0.47833726545571,-0.271437313530056,1.819388574147
-0.686699253827128,0.10596591623484,0.323983601990462,0.218017685755621,2.14938175390559
-0.365060259060323,0.232452624941143,0.267380542682078,0.0349279177409349,1.62514111986718
0.197807981781583,-0.0153831167776081,-0.0517514994084195,-0.0363683826308114,1.21401866058886
1.00190546869859,-0.77232321937645,-0.907270325061935,-0.134947105685486,-0.46219337730123
-0.284650510368624,0.211694965177628,-0.0884900680498969,-0.300185033227525,-0.704312514031912
-0.204240761676922,0.0910561881712262,0.196875203084076,0.10581901491285,-0.645654840155819
-0.686699253827128,0.180821996031181,0.233698258847759,0.0528762628165772,-2.59974230997557
2.93173943729941,-1.53181630400387,-1.29672501522141,0.235091288782457,2.09395033721712
0.278217730473283,-0.111892985517388,-0.256107587169199,-0.144214601651811,-1.44528919459885
1.3235444634654,-0.738799560629515,-0.685776396948616,0.0530231636808994,1.58615450369857
-0.525879756443727,0.486451559625654,0.118145559869922,-0.368305999755732,1.62325220829558
-0.204240761676922,0.114749012538033,0.0788933799943358,-0.0358556325436976,1.64685949165853
-0.284650510368624,0.214842020199785,0.300905155955703,0.0860631357559179,0.0950457374985617
-0.204240761676922,0.319344649083771,0.229636178427108,-0.0897084706566627,0.70164232316395
0.197807981781583,-0.0915097170618643,-0.319564892044515,-0.22805517498265,1.44487124107915
-0.686699253827128,0.485946467322803,0.136050491364529,-0.349895975958274,-0.636063219729109
0.197807981781583,-0.188502268929491,-0.397125064492363,-0.208622795562871,0.0101760940725821
-0.686699253827128,0.760145859086092,0.699554060064078,-0.0605917990220136,-1.24184625325046
0.278217730473283,-0.297965707189287,-0.329694536290348,-0.0317288291010608,0.406509177866267
0.197807981781583,-0.108269914078189,-0.326518928871607,-0.218249014793418,-0.796775171586594
-0.204240761676922,0.102513677295325,0.00689324285597752,-0.095620434439347,-2.38913982511536
0.278217730473283,-0.0630581811452092,-0.408531793176826,-0.345473612031617,-3.96560031267823
0.197807981781583,-0.11539221832475,-0.188507360379802,-0.0731151420550523,-1.2932094048616
-1.49079674074414,1.27572739561083,1.16378817340955,-0.111939222201277,1.74729940009101
-0.204240761676922,0.170601553533624,-0.110997881741213,-0.281599435274837,0.32758484493504
-0.365060259060323,0.265123055358174,0.209873507417055,-0.0552495479411189,-0.488031369033174
0.599856725240088,-0.348235036389788,-0.497436686808609,-0.14920165041882,0.0832684839469689
0.278217730473283,-0.0467947138912474,-0.112605056504632,-0.065810342613385,0.259240771872008
-0.606289505135426,0.306158112956949,0.0521890298802536,-0.253969083076695,-0.753434724583817
-0.606289505135426,0.34764534904061,0.345682027848315,-0.00196332119229498,-0.21096152241509
-0.204240761676922,0.219557526726174,0.141315459987389,-0.078242066738785,-0.381726716323977
0.76067622262349,-0.592300893451337,-0.810439290061257,-0.218138396609921,1.47277918409621
0.680266473931787,-0.226940265464067,-0.0236744781602897,0.203265787303778,0.110151866111485
1.7255932069239,-1.01895752616086,-1.00827264756145,0.0106848785994094,1.17642216524164
-0.365060259060323,0.225360609361815,0.348034248767486,0.122673639405672,-0.593712510659248
-0.84751875121053,0.514159945521094,0.529532221141103,0.0153722756200091,-0.748434558655895
-0.123831012985222,0.0623293197857393,0.089201043306215,0.0268717235204756,-0.940553093956036
-0.84751875121053,0.573836257087399,0.516630647198496,-0.0572056098889034,-0.832747419559247
1.3235444634654,-0.650132847575751,-0.643915074386953,0.00621777318879746,1.915462786317
1.7255932069239,-0.949087421920023,-0.848508947364826,0.100578474555198,-0.573486765744261
1.2431347147737,-1.02768006545654,-1.23982388125008,-0.212143815793538,-0.173980336371246
-0.686699253827128,0.418805697207466,0.356265809790305,-0.062539887417161,-1.3356539811617
-0.204240761676922,-0.0206935185069223,-0.231015825410738,-0.210322306903815,0.600905567288262
0.278217730473283,-0.204935707485576,-0.321352521001288,-0.116416813515712,-1.12596912155173
0.680266473931787,-0.541382877673915,-0.579196617261204,-0.037813739587289,0.37490584082939
-0.686699253827128,0.346232722491499,0.395767882051681,0.0495351595601827,-1.44448487512171
-0.284650510368624,0.267218791918183,0.296655050492268,0.0294362585740852,-1.51407151257481
0.197807981781583,-0.279610736984568,-0.667519626993757,-0.38790889000919,-0.418335896132277
0.278217730473283,0.0245585224501324,0.11474537224965,0.0901868497995174,1.72599980358934
2.93173943729941,-1.57239202991308,-1.60461101535868,-0.0322189854456059,0.970119079721757
-0.123831012985222,0.0478390837574267,-0.0650444492880293,-0.112883533045456,1.44946972915585
-0.123831012985222,0.0826925771504347,-0.035628214967292,-0.118320792117727,-0.567065556032087
-0.686699253827128,0.289010658906785,0.428714716343362,0.139704057436577,0.991890069804104
1.8864127043073,-0.574179295082784,-0.318518605648096,0.255660689434687,-0.887818609608381
0.599856725240088,-0.498412560194893,-0.763487003625868,-0.265074443430975,1.59092678363208
-1.32997724336074,0.53430345801378,0.4921052574353,-0.0421982005784805,-0.186945770015553
1.8864127043073,-1.23593752919286,-1.27505165667939,-0.0391141274865241,1.13494097187768
-0.686699253827128,0.459183958528721,0.490317913043579,0.0311339545148583,-1.99308412426232
1.966822452999,-1.51643291944684,-1.63652847753991,-0.120095558093076,0.0753477379467768
-1.49079674074414,0.844107183023442,0.868351975657877,0.0242447926344355,1.90983296315853
-1.49079674074414,1.151482978573,1.15021233405746,-0.00127064451554393,1.60901987163891
-0.284650510368624,0.14956471076223,0.238314887397693,0.0887501766354638,1.22989328375813
0.278217730473283,-0.134598967738228,-0.113562702478645,0.0210362652595827,-0.209560911625677
-2.21448447896945,1.54560631374596,1.47386751791049,-0.0717387958354643,-1.31172739445945
-0.365060259060323,0.220811921729951,0.195795797879099,-0.0250161238508516,0.21881641330998
-0.284650510368624,0.062451699290692,0.181771314344132,0.11931961505344,0.134897632885473
-0.123831012985222,0.122826431785608,0.0396644947130894,-0.0831619370725187,0.707390674070939
-1.41038699205244,1.15196063630642,0.967221235980484,-0.184739400325938,2.49433347120647
0.278217730473283,-0.254044534285414,-0.162603503112418,0.091441031172996,-0.0166362096915438
-0.123831012985222,0.0376890172664388,-0.189200284183066,-0.226889301449505,0.278687619276763
0.278217730473283,-0.200771726077828,-0.299672173585179,-0.098900447507351,-1.29867323628148
1.8864127043073,-1.11960382855387,-1.1469502031704,-0.0273463746165308,1.48506670561461
-0.525879756443727,0.277150696787576,0.0959686973892226,-0.181181999398354,-1.30531958956142
-2.29489422766115,1.43380702783465,1.29029915577194,-0.143507872062713,-1.40044679412707
-0.284650510368624,0.259640799331055,0.0563196301323304,-0.203321169198725,-1.37649207366442
-1.32997724336074,0.758643134018273,0.596672483460019,-0.161970650558254,-0.600996187922153
0.197807981781583,-0.190340465284066,-0.424190821573232,-0.233850356289167,0.101908711071594
0.278217730473283,-0.262414410101024,-0.138410045296217,0.124004364804807,1.60914014291114
1.3235444634654,-0.729285133063357,-0.57672880073968,0.152556332323677,-0.582344731775115
-2.21448447896945,1.02333911251988,1.02086199030733,-0.00247712221254126,0.844150534990285
-0.284650510368624,0.234906582450944,0.0172435455535453,-0.217663036897399,-1.17657410692898
-0.123831012985222,0.167333334770924,0.340449994385666,0.173116659614742,2.50854312026972
-2.21448447896945,0.613661969394269,0.839075518907695,0.225413549513425,0.469319899589886
0.76067622262349,-0.299586166552308,-0.245509051446809,0.0540771151054986,-1.32469346195557
0.278217730473283,-0.149891649454639,-0.238646660733997,-0.088755011279358,-1.44092585467227
-0.686699253827128,0.501209531465634,0.490175439729682,-0.0110340917359518,-1.76035816941009
-0.284650510368624,0.0496233363429472,0.304711044898165,0.255087708555218,-0.339264885143465
-0.284650510368624,0.0615833555089548,-0.0246592533817078,-0.0862426088906626,1.6357333163458
-0.284650510368624,0.0615584430409639,-0.000787460372445953,-0.0623459034134099,0.80037069953831
0.197807981781583,-0.135893547521069,-0.290743382332709,-0.15484983481164,-0.336790433332783
0.278217730473283,-0.291684182666644,-0.58904296960697,-0.297358786940326,-0.314783097577592
-0.84751875121053,0.85360518113878,0.547880212513287,-0.305724968625494,0.205488094227156
1.3235444634654,-1.02202926162915,-1.40471753069037,-0.382688269061227,0.543216554288573
0.76067622262349,-0.336304783675688,-0.246134529870645,0.0901702538050436,-0.341971582744361
-1.41038699205244,1.14372870757797,1.062206415288,-0.081522292289977,0.584146728608132
-1.00833824859393,0.900074299820986,0.728182038166335,-0.171892261654651,-1.35332983630673
-0.204240761676922,0.225789504430875,0.123368332229836,-0.102421172201039,0.846740695039189
-0.284650510368624,0.20054579408865,0.127917230492785,-0.0726285635958651,-1.59798163755784
-1.49079674074414,0.787137499773864,0.719960688136108,-0.0671768116377558,0.919295313205762
1.2431347147737,-0.811264259992965,-0.962708789014192,-0.151444529021227,0.929605373449138
-0.686699253827128,0.383965370320415,0.238207635691731,-0.145757734628684,-0.326646921291678
-0.84751875121053,0.473452216159146,0.44791583913745,-0.0255363770216964,1.13595971717465
0.76067622262349,-0.443149070635004,-0.543754653068686,-0.100605582433682,-0.136861232979096
2.93173943729941,-2.47184124018712,-2.63137229176581,-0.159531051578686,1.05614505322715
2.93173943729941,-2.4667777374615,-2.57109252440505,-0.10431478694355,0.577485992205658
1.7255932069239,-1.4048065389807,-1.65709577973868,-0.252289240757977,-1.07887058253797
-0.365060259060323,0.162438242926772,-0.0253671203506863,-0.187805363277458,-0.115616199689047
-0.525879756443727,0.344786097651569,0.647025752864996,0.302239655213427,-0.438792332030537
1.8864127043073,-0.934340390393336,-0.864327160773855,0.0700132296194812,-1.88690758584229
-0.606289505135426,0.447543129638906,0.390264853288124,-0.0572782763507821,-0.423021060002903
-0.123831012985222,0.013425300697774,-0.188722343126646,-0.20214764382442,0.304130249352089
0.439037227856687,-0.303208267188692,-0.567532298091342,-0.264324030902651,0.274872192033605
-0.123831012985222,0.0411714498238094,0.0624354356883225,0.0212639858645131,-1.66688498019946
-0.686699253827128,0.413091791850515,0.60142445225244,0.188332660401924,1.02795063066686
-0.204240761676922,0.214033325020069,0.296704732673032,0.082671407652963,0.235404955495835
-1.32997724336074,0.776536458316781,0.826821172135374,0.0502847138185925,0.855368921058943
1.00190546869859,-0.739371697278717,-0.823954289516281,-0.0845825922375645,-1.44544764335832
0.278217730473283,-0.144452185373098,-0.0435818319558424,0.100870353417255,-0.0430152695457673
0.599856725240088,-0.327220241606711,-0.336027584058145,-0.00880734245143411,-0.354375918224354
0.278217730473283,-0.0340992927983357,-0.229091233497651,-0.194991940699315,-0.149442375695591
-0.686699253827128,0.267377121978901,0.25594055769455,-0.011436564284351,-1.66143536998366
0.76067622262349,-0.585238112883323,-0.693649183002763,-0.10841107011944,-0.505469271666648
-0.525879756443727,-0.0319146841605416,-0.0278604966580954,0.00405418750244624,-0.918746574314794
-0.123831012985222,-0.0861910515111979,-0.0315819502294776,0.0546091012817203,3.51535055930436
-0.606289505135426,0.45916955741839,0.521866314232084,0.062696756813694,-0.780317896045576
0.680266473931787,-0.627759358535076,-0.912839192466286,-0.285079833931211,-1.47242576213381
0.278217730473283,-0.201786562373089,-0.289133433202476,-0.0873468708293868,-0.409336749452798
1.00190546869859,-0.900643560563608,-1.13908583488412,-0.238442274320512,-0.967480999920024
-0.284650510368624,0.0565991836104071,-0.0637680304220155,-0.120367214032423,-1.34820418785907
-0.284650510368624,0.189242408029554,0.210733126427674,0.0214907183981199,-0.259276568526502
0.841085971315191,-0.567951574832255,-0.567949517499608,2.05733264646568e-06,0.747296251665495
0.278217730473283,-0.2599242816042,-0.367166629766839,-0.107242348162638,0.567068312205387
0.278217730473283,-0.300375779716479,-0.521118416617926,-0.220742636901447,-2.56811592740562
-0.284650510368624,0.389048189976721,0.348839580480073,-0.0402086094966475,0.0865584920615117
0.197807981781583,-0.105729720394786,-0.292173079835446,-0.18644335944066,-0.422098015835712
-2.29489422766115,1.83442058745736,1.64372991500626,-0.190690672451101,-0.661493921195553
0.197807981781583,-0.0623842585209399,-0.166363719697793,-0.103979461176853,1.15460481227052
0.439037227856687,-0.429535032873603,-0.630905169786344,-0.20137013691274,-1.27659338593934
-0.606289505135426,0.540312099423933,0.531003427173196,-0.00930867225073628,-0.287772873971897
0.278217730473283,-0.0857569684013428,-0.211396739402401,-0.125639771001058,0.209448768044386
1.00190546869859,-0.662819864288708,-0.881065524238052,-0.218245659949345,-2.54567536854457
-0.0434212642935202,0.0726874191293677,0.00567367382199975,-0.067013745307368,-0.119130801448045
-0.284650510368624,0.286761095476617,0.107871989834437,-0.17888910564218,0.516618785558216
0.278217730473283,-0.0742558258597502,-0.192392950954826,-0.118137125095076,-0.591354917212957
0.278217730473283,-0.218187272667826,-0.180635741240842,0.0375515314269834,0.593214882082618
0.599856725240088,-0.31909777516741,-0.192367706843668,0.126730068323741,0.92977482168682
-1.49079674074414,1.19121960429554,1.03928387367138,-0.151935730624161,-0.345759705404726
0.841085971315191,-0.635958654369528,-0.769294191950759,-0.133335537581231,0.0661660564654024
-2.21448447896945,1.5979936114613,1.42321683400623,-0.174776777455073,0.105712096862236
-0.123831012985222,-0.0308436327775223,-0.202701697674775,-0.171858064897253,-1.66921026981481
-0.204240761676922,0.111296248422843,0.21112077772406,0.0998245293012174,1.77016565821803
1.00190546869859,-0.52234025625118,-0.623824279361516,-0.101484023110337,3.53087683537471
-2.29489422766115,1.54891332879299,1.47882672698702,-0.0700866018059667,-1.14958233526879
0.278217730473283,-0.24739984804624,-0.338285659204223,-0.0908858111579833,0.0818061307726953
-0.525879756443727,0.228332679248554,0.269227889049832,0.0408952098012786,-0.535654577057201
1.2431347147737,-1.02021404259857,-1.42525403028171,-0.405039987683146,-0.901029076991249
-0.284650510368624,0.361303657489089,0.247565745838523,-0.113737911650566,2.0439816176662
-0.525879756443727,0.235666723644063,0.122950160171854,-0.11271656347221,-1.12866605500279
-0.284650510368624,0.159848795532242,0.159781648137866,-6.71473943757717e-05,2.06201361743411
1.00190546869859,-0.609237845146615,-0.685794119262664,-0.076556274116049,-0.9443840290936
-0.284650510368624,0.092199029356748,0.132124327968876,0.0399252986121275,0.32645361057366
-0.686699253827128,0.371664169464743,0.258254134714198,-0.113410034750545,0.413966309943696
-0.606289505135426,0.228593926834768,0.420732458692307,0.192138531857539,0.330043817244799
-2.21448447896945,1.81157141109924,1.76416732149808,-0.0474040896011583,-0.745142663484185
-0.606289505135426,0.128887520627601,0.117710731898702,-0.0111767887288992,0.954712986144296
-0.686699253827128,0.28845533969784,0.213174593183422,-0.0752807465144181,-2.24438708761478
-2.29489422766115,1.29102011079775,1.22857802688355,-0.0624420839142035,-0.30669079671554
-0.686699253827128,0.247497150674631,0.333445257776919,0.0859481071022875,1.00509086052336
-0.525879756443727,0.0731993414019267,0.213726570939376,0.14052722953745,-0.452617907370046
-1.32997724336074,0.983690433693761,0.809858586030626,-0.173831847663135,1.38439098933875
-0.284650510368624,0.277057752810001,0.0887153825008265,-0.188342370309174,-0.847553375247292
-0.284650510368624,0.27959722624959,0.140779510978682,-0.138817715270908,-0.454497132826393
-0.525879756443727,0.329224538261516,0.207496203212624,-0.121728335048892,-1.7136158958071
0.278217730473283,-0.237433481299012,-0.284195028686145,-0.0467615473871335,-0.120231173701985
-0.525879756443727,0.143180426431392,0.0265690823363499,-0.116611344095043,0.279003237135611
1.8864127043073,-1.28742816230714,-1.24392252994514,0.0435056323620067,0.679587730948787
-0.284650510368624,0.191909919335752,-0.0520823570843423,-0.243992276420094,-1.69536912604784
-0.365060259060323,0.0302816371493433,-0.117093096491902,-0.147374733641245,0.293633410520037
-2.21448447896945,0.774739875796105,0.833659495979544,0.0589196201834385,1.34135385022982
-0.284650510368624,-0.055082157308187,0.138872918590794,0.193955075898981,1.99455271410278
0.680266473931787,-0.483921544155245,-0.694215175635777,-0.210293631480531,0.110087654425788
-1.00833824859393,0.570045841160549,0.573812949013637,0.00376710785308887,2.060493700353
-0.123831012985222,-0.0100686622521946,-0.145279516313505,-0.135210854061311,-0.639852143350439
-0.284650510368624,0.146576895461847,0.0965181362170006,-0.0500587592448463,0.602475195271561
-0.606289505135426,0.315272327924444,0.385645719904229,0.0703733919797843,0.112267383855348
-0.284650510368624,0.308213316952065,0.160993514351884,-0.147219802600181,1.50689315380592
0.439037227856687,-0.0842027849253338,0.0851067341591817,0.169309519084516,1.31637481267308
0.278217730473283,-0.284636550919488,-0.162706939152715,0.121929611766773,-0.953248378834401
0.599856725240088,-0.314333961637103,-0.0447318113505483,0.269602150286554,0.753699287110713
-1.00833824859393,0.105737556894417,0.119475885184546,0.0137383282901287,0.390813228632977
-0.123831012985222,0.0810429784430657,0.210310941098308,0.129267962655242,1.53181728124876
1.3235444634654,-0.737870189929792,-0.730778401298643,0.0070917886311489,1.52248007963108
-0.686699253827128,0.328407226720282,0.185925248871361,-0.142481977848921,0.268422359914471
1.2431347147737,-0.584217140415966,-0.691715961844057,-0.107498821428091,-0.199458453764613
-0.123831012985222,0.0257774196577376,0.0940944108112719,0.0683169911535343,-1.06972160581471
1.7255932069239,-1.11128977674888,-1.11389579818185,-0.00260602143297017,0.180706607713069
0.439037227856687,-0.367686132878118,-0.421792219392956,-0.0541060865148381,-1.47360803119355
-0.525879756443727,0.506077493857343,0.362631120107518,-0.143446373749825,1.47923873584998
-0.365060259060323,-0.0788271106873756,0.0817314998456109,0.160558610532987,-0.637383051126717
0.197807981781583,-0.0914097536411244,-0.16399079752649,-0.0725810438853652,0.843966320040416
0.680266473931787,-0.541730317507986,-0.518743986097083,0.0229863314109031,0.16827416557515
0.197807981781583,-0.213530985621905,-0.426332574542112,-0.212801588920207,1.84031201978145
-1.49079674074414,0.727005453226217,0.912627128728572,0.185621675502355,1.20834795746649
-1.00833824859393,0.671771431448551,0.648966252907191,-0.02280517854136,0.565261678061596
0.439037227856687,-0.309534453313225,-0.338778268549919,-0.0292438152366941,-1.23497926195136
-0.284650510368624,0.176391306984654,0.178968603324814,0.00257729634016035,1.15418909624185
-0.123831012985222,0.0207517419227839,-0.0699923987798949,-0.0907441407026788,-0.092825554854254
-1.32997724336074,0.729452777514477,0.79396016899587,0.0645073914813932,1.49766256827194
-0.606289505135426,0.43744924371915,0.0418684327351627,-0.395580810983987,0.946324440865068
-0.606289505135426,0.436639297454491,0.397921233132162,-0.0387180643223292,-0.212110713191874
1.00190546869859,-0.533544909976697,-0.502484573729404,0.0310603362472937,0.921480145455651
-0.284650510368624,0.132788735389453,-0.0560338563129169,-0.18882259170237,-0.536899754781716
-0.123831012985222,0.00772205917206825,-0.0636235269360194,-0.0713455861080877,-1.28208952820099
-0.365060259060323,0.0328549154500819,-0.171265032865816,-0.204119948315897,0.854367964399664
0.278217730473283,-0.0937624907885898,-0.228750703357387,-0.134988212568797,-0.78075268201178
-1.00833824859393,0.577669065213498,0.383839551253536,-0.193829513959963,-0.0404031703442291
0.278217730473283,-0.211412292469572,-0.383490299075147,-0.172078006605575,-0.551334067817638
0.599856725240088,-0.472595486701465,-0.703242628221193,-0.230647141519728,0.890189086156281
-2.21448447896945,1.63141643430764,1.46455151829973,-0.166864916007916,0.471782105357228
0.278217730473283,-0.117543401221967,-0.192019458393486,-0.0744760571715189,2.18679017450455
-0.284650510368624,0.20896616507199,0.0442398942428498,-0.16472627082914,0.00719826108229729
0.278217730473283,-0.373522387130811,-0.427997808686388,-0.0544754215555772,0.778177817524772
1.966822452999,-1.4988993266694,-1.58734226150153,-0.088442934832125,0.0132636441410841
-1.00833824859393,0.923979398885011,0.40580526603878,-0.518174132846231,0.306027168411845
-0.606289505135426,0.299193685341001,0.174698937225268,-0.124494748115733,-0.327446873174523
1.2431347147737,-0.821217274912374,-0.779184696280875,0.0420325786314992,0.454126779447773
-0.0434212642935202,0.0557755611740385,0.0229158352633693,-0.0328597259106691,-1.18466281053456
-0.284650510368624,0.0973523084617758,0.0361908604611827,-0.0611614480005931,2.7915457729886
-0.606289505135426,0.191328712547857,0.199842116175288,0.00851340362743114,1.62749356068209
-0.284650510368624,0.0984667558812079,0.0216850804844029,-0.076781675396805,-0.67446606866012
-0.606289505135426,0.428455669437191,0.504221494148307,0.0757658247111163,-0.924259721015817
-1.49079674074414,0.616357269864078,0.597178630897917,-0.0191786389661605,-0.130030111442961
-0.686699253827128,0.333031315375538,0.518766542293668,0.18573522691813,0.0685075752139547
-1.00833824859393,0.711606205991425,0.587434953550606,-0.124171252440819,0.314028601740538
1.7255932069239,-1.14941482067638,-1.17442879225619,-0.0250139715798163,0.0604601489839407
0.599856725240088,-0.217838906108187,-0.207509528794048,0.0103293773141392,-0.0122985732059782
-0.284650510368624,0.324272332664803,0.208070683710506,-0.116201648954298,-0.596119806069864
-0.204240761676922,0.145766939095739,0.233816399171632,0.088049460075893,1.05826725501405
0.599856725240088,-0.357758011802843,-0.457387900499931,-0.0996298886970884,-0.0695708404662871
-0.204240761676922,0.271409239017862,0.100424957975431,-0.170984281042431,-0.598827905206318
0.680266473931787,-0.113230061507884,0.226311851827082,0.339541913334966,-0.704567635048121
-0.204240761676922,-0.0242735140969052,-0.0306079887282448,-0.0063344746313396,1.39363798951678
0.278217730473283,-0.398142779966278,-0.738598087050513,-0.340455307084235,-2.23380321913958
2.93173943729941,-2.06332229968982,-2.21198741816679,-0.148665118476976,-1.23381367485352
-1.00833824859393,0.61384738459805,0.317675023883645,-0.296172360714405,-3.43233011886828
-0.84751875121053,0.596720386667868,0.393549853922739,-0.203170532745129,-1.95669551366136
-1.32997724336074,0.869822866693615,0.568551357475238,-0.301271509218376,-1.93971930197039
-0.204240761676922,-0.0106710606800944,0.0255941462384022,0.0362652069184966,0.500141553844877
-1.41038699205244,0.95450294210437,0.783792303259149,-0.17071063884522,1.07905843143207
0.599856725240088,-0.428424200296511,-0.503597778430239,-0.0751735781337287,-0.321070868539835
1.8864127043073,-1.76220069877829,-2.06028880240275,-0.29808810362446,-1.1854366539932
0.76067622262349,-0.412373461300259,-0.482494779339432,-0.0701213180391729,-1.52011295791115
1.00190546869859,-0.734914409621485,-0.790364558860263,-0.0554501492387776,-1.4503580832494
-0.686699253827128,0.450547819165712,0.527456210842604,0.0769083916768913,-1.50247146211358
0.76067622262349,-0.333198803470896,-0.243647033184683,0.0895517702862128,0.197396882561706
-0.365060259060323,0.264935645982429,0.245463140386804,-0.0194725055956253,0.271341100855572
2.93173943729941,-1.65385902878885,-1.76696329398635,-0.113104265197499,-0.413285285866541
1.00190546869859,-0.539598750447359,-0.420467115302526,0.119131635144833,-0.269656129965224
-0.204240761676922,0.156663556678477,0.122015368673778,-0.034648188004699,-0.560585261640172
-0.204240761676922,0.12458314147569,-0.122393216016722,-0.246976357492412,0.760086089765415
1.00190546869859,-0.250237646539893,-0.190016570257075,0.0602210762828179,1.31488308385408
-0.686699253827128,0.704809698627829,0.41908987591591,-0.285719822711919,0.544816652675698
-1.00833824859393,0.789066310450016,0.5373065524957,-0.251759757954317,0.25103884363782
1.2431347147737,-0.691642174940733,-0.808925674237864,-0.117283499297131,-1.29157565061973
-0.686699253827128,0.271122836678394,0.263628034715305,-0.00749480196308888,-1.39828047297247
-0.686699253827128,0.340164139144485,0.425646952915415,0.08548281377093,0.291062195745062
0.197807981781583,-0.258100073153208,-0.326717333770822,-0.0686172606176135,-0.305298998637732
-2.29489422766115,1.72230546293906,1.44737289836455,-0.274932564574516,-0.36140187690098
1.7255932069239,-1.15218229580688,-1.23899275625762,-0.0868104604507418,-2.04727608609255
-0.365060259060323,0.118034806128387,-0.14350964392824,-0.261544450056627,1.61156183195989
-1.32997724336074,0.993007810039136,0.877565534699271,-0.115442275339865,-1.31179044389599
1.8864127043073,-0.974147215876916,-0.955875881985968,0.0182713338909484,0.115780116616677
1.8864127043073,-1.1663202153851,-1.13545439047059,0.0308658249145115,-0.196026641449288
-0.204240761676922,0.26460232689379,0.216157467192981,-0.0484448597008081,1.52026765598587
-0.686699253827128,0.355216448531918,0.415076348418532,0.0598598998866137,-1.8388756446271
-0.365060259060323,0.0529653062288628,-0.03355873214313,-0.0865240383719928,1.08738722402328
-0.365060259060323,0.321446808859592,0.0307104449001218,-0.29073636395947,-1.7940847747026
1.2431347147737,-0.672810038888123,-0.662783551389418,0.0100264874987052,-0.872185561536708
1.8864127043073,-0.739812447794548,-0.701237960058757,0.0385744877357906,1.26513865425984
0.599856725240088,-0.0623828071596536,0.0171351518476885,0.0795179590073421,1.90834077462633
-0.284650510368624,0.320047027052189,-0.153706981807044,-0.473754008859233,0.172307470752704
-0.123831012985222,0.0759422078790801,-0.0219360872028782,-0.0978782950819582,-0.500045967421142
-0.525879756443727,0.280728104253703,0.348728930891785,0.0680008266380827,-0.286651349841696
-1.00833824859393,0.89555111110449,0.675473977035045,-0.220077134069445,-0.894521423872204
0.197807981781583,-0.10645861820157,-0.282002161576393,-0.175543543374823,1.20288782096391
0.439037227856687,-0.390072199196396,-0.441580421193986,-0.0515082219975896,0.243146958514269
-0.365060259060323,0.297071947779766,0.438300880805541,0.141228933025774,-1.118442710047
-0.284650510368624,0.098731886594835,-0.00224603647229613,-0.100977923067131,-1.74846504031928
-0.365060259060323,0.336778637943358,0.135514361870123,-0.201264276073235,0.270447347689937
-0.686699253827128,0.41717163020602,0.399632275546354,-0.0175393546596662,-1.01346596271442
-0.606289505135426,0.334886142345235,0.145316518010817,-0.189569624334417,0.330907441261544
-1.00833824859393,0.597898938038683,0.574350141370443,-0.0235487966682407,0.414343724974374
-0.365060259060323,0.137830553375131,0.065767279517543,-0.0720632738575883,1.23536631934124
0.197807981781583,-0.0617285384757714,-0.0136130309771167,0.0481155074986547,-2.42514246104555
0.76067622262349,-0.267854915786218,-0.375480302126856,-0.107625386340638,-0.031018263324839
0.197807981781583,-0.0636697487980671,-0.0657105944544102,-0.00204084565634302,0.972851459849274
-0.0434212642935202,0.0780068790572903,-0.0688404825036611,-0.146847361560951,0.529645149237441
-2.29489422766115,1.40793059080211,1.06648157408453,-0.341449016717576,-2.33441219367325
0.278217730473283,-0.11969449302597,-0.067005819468888,0.0526886735570823,-1.75082081966926
-0.204240761676922,0.327129369019332,0.142393553590521,-0.18473581542881,1.69695495513836
-0.0434212642935202,-0.162731443851194,-0.341644940306907,-0.178913496455713,-1.1329732237776
-0.204240761676922,0.221391674779833,0.190224606418859,-0.0311670683609741,1.11378691842056
-0.686699253827128,0.629807376817399,0.502311772478172,-0.127495604339227,0.0505918315389935
0.197807981781583,-0.198181099745717,-0.426496938259164,-0.228315838513447,1.00193522162754
-0.204240761676922,-0.00758423225807511,-0.248947883710098,-0.241363651452023,0.657425309196675
-0.284650510368624,0.101624073911549,0.0367545455257936,-0.064869528385755,-0.0716288545512093
0.197807981781583,-0.147363968571332,-0.0194939941159287,0.127869974455403,1.02975517486002
0.278217730473283,-0.0793190636530659,-0.271052917899281,-0.191733854246215,1.46911122443359
2.93173943729941,-1.83209318919446,-1.91334749838822,-0.0812543091937579,-1.71000188051815
-1.49079674074414,1.07736637581818,0.919960767607279,-0.157405608210901,-0.782627674269266
0.599856725240088,-0.547431396940088,-0.587804805825211,-0.0403734088851226,0.492246437906226
1.2431347147737,-0.879284626963172,-0.908894601809287,-0.0296099748461147,-2.48032548573459
-2.21448447896945,1.94658746041835,1.71856248679022,-0.228024973628135,-0.511026425167962
-0.123831012985222,0.104820654081312,0.0256107357512191,-0.0792099183300928,-0.304849527339034
-0.123831012985222,0.106188504321763,0.0890740196363765,-0.0171144846853869,-0.499496936492727
-0.284650510368624,0.29488214343477,0.334432780843868,0.0395506374090978,-1.76748101049025
-0.686699253827128,0.321932798531973,0.278590761217846,-0.0433420373141268,1.17917628620443
-2.21448447896945,1.26989814825819,1.17056566031193,-0.0993324879462574,1.30230328496641
0.680266473931787,-0.41061445789738,-0.652543166612535,-0.241928708715155,-0.709586406457321
-0.123831012985222,0.16827191213921,0.0581347593126046,-0.110137152826605,-1.73080268144205
0.599856725240088,-0.184086146220735,-0.166473283848801,0.017612862371934,-1.47168973881957
-2.21448447896945,1.27557065534872,1.14634371838389,-0.129226936964837,-0.607397467110145
1.966822452999,-1.28902668404173,-1.3848038694296,-0.0957771853878608,1.40939050152119
-2.21448447896945,1.24448605731131,1.19782706980066,-0.0466589875106496,-0.0558213186886607
0.197807981781583,0.0211869496749481,0.128124971159471,0.106938021484523,0.248828714910321
0.197807981781583,-0.258465680917984,-0.75658240495757,-0.498116724039586,-0.413984916450753
0.197807981781583,-0.0784932618069493,-0.0162803628346756,0.0622128989722737,-0.194834703898765
1.8864127043073,-0.932281936079568,-0.939777132193776,-0.00749519611420746,-0.167596154410933
-0.525879756443727,0.204463586583093,0.0641713494155146,-0.140292237167578,0.155888933278493
-0.284650510368624,0.362600556604651,0.472646911499307,0.110046354894656,-0.161395272452274
-0.365060259060323,0.189775205610153,0.0403362009095365,-0.149439004700616,1.12619149684656
-0.686699253827128,0.382568772632575,0.333111046764221,-0.0494577258683534,-1.26857045098214
-0.84751875121053,0.482029635689976,0.263503076729393,-0.218526558960583,-1.75537031791137
0.599856725240088,-0.362161143772237,-0.372708286383278,-0.0105471426110404,1.00275388163502
0.599856725240088,-0.264438202343342,-0.324393012971467,-0.0599548106281247,0.485541924291485
0.680266473931787,-0.411550397907246,-0.534530025744184,-0.122979627836938,-0.656107622537272
-0.123831012985222,-0.0998317732892329,-0.160443634002825,-0.0606118607135923,-0.285798624498033
1.7255932069239,-1.00348861563286,-1.19165695960568,-0.18816834397282,-0.595463317464089
1.2431347147737,-0.971795326459178,-1.11717384133926,-0.145378514880082,-0.946638430057552
0.197807981781583,0.0375712625949877,0.167134997701557,0.129563735106569,0.448299538617652
0.439037227856687,-0.350226879187529,-0.622265807990007,-0.272038928802478,-0.917823462873168
-1.41038699205244,0.810835256220109,1.05184286055343,0.241007604333321,0.453429722605202
-0.365060259060323,0.360657770588112,0.213888727677085,-0.146769042911027,-2.33678443170706
0.76067622262349,-0.381631507142492,-0.503468067027455,-0.121836559884964,-0.69578254607724
-0.686699253827128,0.294048436147894,0.467730800664452,0.173682364516557,-0.0607248282074758
0.439037227856687,-0.102035848604117,-0.0397657250281608,0.0622701235759561,1.37439366241631
-0.365060259060323,0.192511316008811,0.44992855536111,0.2574172393523,0.503252994681441
1.3235444634654,-0.759606327835756,-0.935485684972593,-0.175879357136836,-0.492256280180259
0.439037227856687,-0.203487831018301,-0.315859889464382,-0.112372058446081,0.286772361636267
-0.84751875121053,0.36490444702507,0.306599086651109,-0.0583053603739619,0.703526528622601
1.8864127043073,-0.528936405348376,-0.34754905433531,0.181387351013066,0.317332799161049
1.2431347147737,-0.922643576484661,-1.0349613125263,-0.112317736041634,-0.298187891108198
0.278217730473283,-0.289090274548057,-0.434848347939102,-0.145758073391046,-0.0247509769336902
0.278217730473283,-0.183153868941594,-0.148044981791171,0.035108887150423,0.708827781746365
-0.686699253827128,0.355034118138743,0.282718504906459,-0.0723156132322841,1.62248799793851
0.599856725240088,-0.481826821674112,-0.55073823111584,-0.0689114094417287,0.3395923004229
-0.606289505135426,0.127772977943634,0.243104118018759,0.115331140075125,1.24544404112208
-0.284650510368624,0.309203945196421,0.49967119930842,0.190467254111999,-0.116727125092516
0.599856725240088,-0.401029908973279,-0.699365986054841,-0.298336077081562,0.904132238603398
-0.606289505135426,0.361323691040756,0.365027813051447,0.00370412201069104,-0.735686619782156
0.278217730473283,-0.299755262056392,-0.492538065898012,-0.192782803841619,-0.592905153998399
0.278217730473283,-0.278483756349,-0.57322366539322,-0.294739909044221,2.97762786313598
-0.606289505135426,0.313270719347205,0.418934997121601,0.105664277774396,-1.05674856393831
-0.365060259060323,0.178168895679874,0.187064005266057,0.00889510958618242,0.438519190493723
-0.606289505135426,0.489556130435172,0.308867015621654,-0.180689114813517,-0.519496452227888
0.278217730473283,-0.0580658481204203,0.0257215927361371,0.0837874408565575,2.32165208956255
-0.686699253827128,0.497843955371693,0.34940904909884,-0.148434906272852,-0.824915460816192
-1.00833824859393,0.52295694691555,0.395905852035492,-0.127051094880058,0.378028484219367
-0.284650510368624,0.140371390503557,0.17730237355858,0.0369309830550225,-0.178663097651019
0.599856725240088,-0.418192824764161,-0.652809232943556,-0.234616408179395,1.15249678662397
-0.204240761676922,-0.0192626500270236,-0.164910176527055,-0.145647526500031,-0.934056950906736
-0.123831012985222,0.11981444451033,0.103164646504953,-0.016649798005377,-0.582504798694216
0.278217730473283,-0.226328166485187,-0.561128930138966,-0.334800763653779,-0.615694007189842
-0.284650510368624,0.196926719515293,0.0444731309409392,-0.152453588574353,-0.217239667487417
0.197807981781583,-0.205768601056795,-0.163822693779331,0.0419459072774643,-1.03911541477508
-0.686699253827128,0.42231963819102,0.127821110908213,-0.294498527282806,1.94757050688148
-0.84751875121053,0.149764940612504,0.081219951088823,-0.068544989523681,0.840910569218284
-2.21448447896945,1.32121081135918,1.42785517640007,0.106644365040889,-0.264327541512345
-2.21448447896945,1.59161592557336,1.40471081519324,-0.18690511038012,-1.38216355176342
0.278217730473283,-0.233616835370616,-0.2270954861306,0.0065213492400156,1.71219538069266
0.197807981781583,-0.0179889697349323,-0.109718010493941,-0.0917290407590091,1.97458358211578
-0.204240761676922,0.32637580115879,0.112048173023649,-0.214327628135141,0.542404733732067
-0.0434212642935202,0.0749089823393063,-0.0127243638279008,-0.0876333461672072,0.00723335623301988
-0.284650510368624,0.196948983014123,0.166309007011878,-0.0306399760022446,-1.72532718226588
-0.686699253827128,0.399041522977607,0.425734958832846,0.0266934358552395,0.629621277569334
-0.365060259060323,-0.000745792826722796,0.0615134888180692,0.062259281644792,0.0848897798306911
-0.525879756443727,0.243919285905349,0.413027596224449,0.1691083103191,0.624373065141815
-0.284650510368624,0.457378731304016,0.579479572203195,0.12210084089918,1.65062529577429
1.00190546869859,-0.864949771374238,-0.985559256157914,-0.120609484783676,0.894720825517254
0.76067622262349,-0.741042366917091,-0.941270257836474,-0.200227890919383,0.629934874837255
-1.32997724336074,0.842101223515825,0.914534654850006,0.0724334313341808,-0.130122222989705
-0.204240761676922,0.0364916942536764,-0.223963241871261,-0.260454936124938,-0.272315491573388
-0.686699253827128,0.473380250878497,0.455288894745389,-0.0180913561331071,-0.280321807036325
-0.123831012985222,-0.166747345182313,-0.0904451003148859,0.0763022448674269,0.230984311411442
-2.29489422766115,1.32787115037362,1.14017227166712,-0.1876988787065,0.173277934528458
0.439037227856687,-0.477731255237295,-0.707211564256595,-0.2294803090193,1.31077796821448
-0.284650510368624,0.174881058685341,-0.0240173120777437,-0.198898370763084,-0.275050831070462
-0.686699253827128,0.519484682288032,0.340492053170527,-0.178992629117505,1.4504224656185
0.599856725240088,-0.358282667439554,-0.429356331511601,-0.0710736640720469,-0.104200347135982
-0.525879756443727,0.430562214059881,0.20101818109123,-0.229544032968651,0.813295520832845
0.439037227856687,-0.0456367300623531,0.173109506801119,0.218746236863472,-0.44204340015048
-0.365060259060323,0.194816008657108,0.240754487022453,0.0459384783653451,1.08051729074684
2.93173943729941,-2.30611808297307,-2.49205438685282,-0.185936303879743,0.27629344566908
-0.686699253827128,0.321038451111659,0.364053504409033,0.043015053297374,0.210552018152128
0.197807981781583,-0.171036137100523,-0.186355291634478,-0.0153191545339544,1.1099253920352
0.197807981781583,-0.12344640517559,-0.413598813585215,-0.290152408409625,-0.937780618325198
0.439037227856687,-0.25168397151226,-0.108498236366449,0.143185735145811,-1.40794547089184
-0.84751875121053,0.549680060887315,0.494804020549542,-0.0548760403377735,-1.988655427038
0.278217730473283,-0.183130726941237,-0.342739026840274,-0.159608299899037,-0.43015050320348
-1.41038699205244,0.976976363463173,0.788642115409317,-0.188334248053856,-0.65574799149632
-0.284650510368624,0.062186811224518,0.150037938942116,0.0878511277175977,2.24880441880212
-2.21448447896945,1.61976498567347,1.39346060534293,-0.226304380330538,-1.55526780184888
-2.21448447896945,1.16693329921439,1.12093697137218,-0.0459963278422193,1.5676854523112
-0.686699253827128,0.311965746174549,0.242711003524649,-0.0692547426499004,0.0310632193548433
0.680266473931787,-0.325013738030323,-0.403842301159039,-0.0788285631287162,-0.140227583375833
0.439037227856687,-0.321669627069561,-0.321455646942246,0.000213980127315105,0.607149906106304
1.966822452999,-1.39960418985242,-1.57119636291894,-0.171592173066522,0.65630063668961
-0.525879756443727,0.479867145757716,0.459628705442488,-0.0202384403152284,-0.394441074674817
-0.284650510368624,0.434765297197202,0.398999118678805,-0.0357661785183973,-0.910532705488406
-1.41038699205244,0.508794868966197,0.575607794069295,0.0668129251030984,0.113634448262741
-0.606289505135426,0.424562826192781,0.481120686379662,0.0565578601868803,0.675693106372106
2.93173943729941,-1.61098484914144,-1.73218929656291,-0.121204447421465,-0.447801536114272
1.3235444634654,-0.686213956779488,-0.823585624043012,-0.137371667263524,1.42738577065799
0.599856725240088,-0.425107572173492,-0.528774104668219,-0.103666532494727,0.973062179143438
0.278217730473283,-0.280273127432588,-0.320364227329084,-0.040091099896496,-2.33650773627183
-0.123831012985222,0.0895504233668343,0.100441174469901,0.010890751103067,0.827634258976677
0.599856725240088,-0.479814702492509,-0.820098997888579,-0.340284295396069,-0.168621289820115
0.278217730473283,-0.295943423876328,-0.39790230318971,-0.101958879313382,0.605078616794924
-0.0434212642935202,0.00488620651985009,-0.0208962060975544,-0.0257824126174045,0.737058304712334
0.439037227856687,-0.205360079427041,-0.424254439989739,-0.218894360562698,-0.74981050961867
0.439037227856687,-0.36583364914141,-0.353160636983181,0.0126730121582284,1.53688958090334
-2.21448447896945,1.70603572620175,1.67298150229257,-0.0330542239091789,0.445166914893309
1.8864127043073,-0.628440227098894,-0.488131097493223,0.140309129605671,0.299715410760551
1.966822452999,-0.832087230999869,-0.795201765693657,0.0368854653062121,-0.089562891781261
0.841085971315191,-0.62822327652016,-0.633959770218419,-0.00573649369825935,0.576198995717555
1.00190546869859,-0.769401947343063,-0.727652886077801,0.0417490612652618,2.9997300817788
0.197807981781583,-0.101787836811064,-0.259840857843665,-0.158053021032601,0.610274593256501
-0.525879756443727,0.47170956115605,0.291598548773395,-0.180111012382656,-1.16033708935547
1.00190546869859,-0.485672322930561,-0.396317991395997,0.0893543315345643,-0.941848094041974
-0.284650510368624,0.330145961111698,0.571891267895797,0.2417453067841,0.769589381468319
-0.365060259060323,0.0450820826803612,-0.0672577811284933,-0.112339863808854,2.75307219466604
-1.49079674074414,0.425447838157566,0.595922601876295,0.170474763718729,0.632162928738442
-2.21448447896945,1.12312317328965,1.21416011120317,0.0910369379135196,0.322796269539297
-2.29489422766115,1.53295732263908,1.43542343824481,-0.0975338843942661,-0.0244823728334914
0.278217730473283,-0.0170794871061575,-0.158024321784905,-0.140944834678747,0.579054767940116
-0.284650510368624,0.173533251029037,0.0178043922980168,-0.15572885873102,-0.837637844794239
-0.84751875121053,0.502613780583175,0.402854105158275,-0.0997596754248999,1.99482045976548
-0.365060259060323,0.286569513814056,0.0793790745394171,-0.207190439274639,-0.781429543450976
0.197807981781583,-0.394774666288926,-0.767723062625561,-0.372948396336635,-0.957025409346993
-0.204240761676922,0.265791518750543,0.256853911697984,-0.00893760705255908,-0.260969028660183
-0.686699253827128,0.488649545972688,0.544855954589747,0.0562064086170596,1.35392342855062
0.278217730473283,0.048303077441315,0.165939734243895,0.11763665680258,0.627508898865475
-0.123831012985222,-0.139583327644651,0.0802463986774712,0.219829726322122,-0.782870259686625
0.278217730473283,-0.27135327335363,-0.507775560132785,-0.236422286779155,-0.304973642790105
0.680266473931787,-0.392649480308165,-0.296717053841654,0.0959324264665105,-0.305482974170389
-0.0434212642935202,0.303693374737415,-0.0162805508143125,-0.319973925551727,0.971160791460967
0.197807981781583,-0.0362746362176785,-0.158231226626886,-0.121956590409208,-0.893637754389864
-0.606289505135426,0.348519498674901,0.332480206539088,-0.0160392921358131,0.159005847611775
-0.525879756443727,0.234638347240539,0.181418547928957,-0.0532197993115814,0.0447843678814274
-0.204240761676922,0.0857241076970416,0.17813934579971,0.0924152381026684,0.370973467523373
0.197807981781583,-0.0643955526830786,-0.14024131657092,-0.0758457638878416,1.76569086910951
0.599856725240088,-0.49388814908918,-0.800142539755527,-0.306254390666347,0.995853374936787
-0.204240761676922,0.231864679054106,0.0609249662747454,-0.170939712779361,1.90343538231789
0.278217730473283,-0.111330294139031,-0.380516998936863,-0.269186704797832,0.942020919835309
0.197807981781583,-0.136802907391677,-0.341703235693097,-0.20490032830142,-1.47466915078245
1.8864127043073,-1.4262780972987,-1.76469254380315,-0.338414446504451,0.240268270560078
0.278217730473283,-0.0551515060758971,-0.149517602448499,-0.094366096372602,1.31189452862558
-2.21448447896945,1.06254866140776,1.10513764840191,0.0425889869941507,-1.29271562690442
-1.32997724336074,0.863449904353952,0.811774192483577,-0.0516757118703756,-0.341769020764126
-0.204240761676922,0.123329166843711,0.0775249487310982,-0.0458042181126123,0.2725464218348
-2.29489422766115,1.44640150910675,1.23012237557824,-0.216279133528507,-0.110258589514448
-0.606289505135426,0.423188311288778,0.415371401836239,-0.00781690945253966,-0.0354898784710978
-2.29489422766115,1.68024395452234,1.40420221739611,-0.27604173712623,1.13726622953895
-2.21448447896945,1.76859046985728,1.55140347061134,-0.217186999245944,0.493417464473197
-0.365060259060323,0.149547754178689,0.23173119451744,0.0821834403387512,-0.899488662766193
-0.84751875121053,0.671141165691938,0.357039683371378,-0.31410148232056,-2.10676580795785
-0.365060259060323,-0.0170228606221199,0.253873985031742,0.270896845653862,-1.57764521456893
0.599856725240088,-0.522533283828882,-0.304398858340085,0.218134425488796,-1.17624135005622
1.8864127043073,-1.40057915228396,-1.58110678358711,-0.180527631303148,-1.03070700673863
-0.284650510368624,0.164380187237407,0.131454902053819,-0.0329252851835878,1.16798062589836
-0.204240761676922,0.184783839448294,0.00678870737092302,-0.177995132077371,-0.282890365791423
-0.284650510368624,0.326900554003495,0.120080974390367,-0.206819579613128,0.13110725113201
-0.84751875121053,0.555117367513481,0.661213791233274,0.106096423719793,-0.520474775092953
-0.365060259060323,0.177430337878271,0.297844772471797,0.120414434593526,-1.31211601134337
0.197807981781583,-0.168225260754264,-0.23639696768298,-0.0681717069287161,0.761519084847401
-0.84751875121053,0.60340396324187,0.51854675578593,-0.084857207455939,-1.47148976224053
0.278217730473283,-0.311138833227032,-0.361216694682989,-0.0500778614559574,-1.30732782390549
2.93173943729941,-1.81456556739611,-1.89103563692678,-0.0764700695306775,3.43139404103372
-1.32997724336074,0.829628335810364,0.560320220343862,-0.269308115466502,1.28357790492183
0.278217730473283,-0.212564568141997,-0.394500972916062,-0.181936404774065,-0.978961770549584
-0.204240761676922,-0.00251953714855951,-0.1365571454179,-0.13403760826934,-1.58911244021272
-0.284650510368624,0.0709672755080092,-0.261360239472898,-0.332327514980907,0.339942001186714
0.76067622262349,-0.608089712282323,-0.606297658736283,0.00179205354603984,-0.089836792306514
0.76067622262349,-0.445534085987887,-0.522329659667645,-0.0767955736797575,2.04241083864493
-0.123831012985222,0.0442862177345848,-0.0286749741877272,-0.072961191922312,-0.457222581210574
-1.32997724336074,0.976765540056968,0.881174807695343,-0.0955907323616251,1.35329866111867
1.966822452999,-1.27899538849932,-1.27351529209325,0.00548009640606772,-0.79607540332301
-0.123831012985222,0.107467628705001,0.110302128032627,0.00283449932762611,-0.163261407236033
0.439037227856687,-0.39343203291614,-0.645263248276425,-0.251831215360286,-2.21237944082926
-1.49079674074414,1.13588720638727,1.12647464336125,-0.00941256302601712,-0.00101821290863913
0.278217730473283,-0.149856369165732,-0.226932545634532,-0.0770761764688002,1.39983417319962
-0.84751875121053,0.400141906716264,0.381123467941861,-0.0190184387744031,2.12855327875582
0.439037227856687,-0.3137585665771,-0.39589834466422,-0.0821397780871203,-0.816937256578897
0.278217730473283,-0.187429735537944,-0.0949540352658202,0.0924757002721239,1.26734476417326
1.8864127043073,-0.992250881706185,-0.997011519278516,-0.00476063757233114,0.193662469402604
-0.365060259060323,0.287189227413738,0.0282285429014425,-0.258960684512296,-0.617942512090173
0.278217730473283,-0.0255312823430084,-0.376243218517015,-0.350711936174006,-1.23942059845035
-0.204240761676922,0.256046119244722,0.287736516953444,0.0316903977087224,-0.393695689066569
-0.123831012985222,-0.0167358121598076,-0.0447180959177213,-0.0279822837579137,-1.51293031195948
-0.686699253827128,0.621728619967828,0.485650239130444,-0.136078380837384,0.545933620081405
-0.284650510368624,0.284269812750499,0.0347709737551999,-0.249498838995299,-2.37578898551373
-0.204240761676922,0.0453053314825793,-0.167331813745589,-0.212637145228168,-1.13473169604477
1.7255932069239,-0.829257639899632,-0.854795533851944,-0.0255378939523117,0.552751450186322
-0.123831012985222,0.048242188257003,-0.0526341825594552,-0.100876370816458,-1.64036006394497
1.8864127043073,-1.07543301940374,-0.957545176895802,0.11788784250794,0.528412608608313
-0.686699253827128,0.454316488675892,0.411982676698687,-0.0423338119772051,-0.172794557160515
0.599856725240088,-0.213298609076136,-0.269291760436722,-0.0559931513605862,0.188537360687302
-0.525879756443727,0.522664379797242,0.354215552384507,-0.168448827412736,0.472077727951062
0.599856725240088,-0.330090772084931,-0.283465085935781,0.0466256861491507,0.969743865486617
0.841085971315191,-0.545329797266379,-0.612937463287186,-0.0676076660208073,0.490369352429388
-1.49079674074414,0.310167943986897,0.371561130828101,0.0613931868412047,1.26877251782682
0.278217730473283,-0.243891477982315,-0.319295339066204,-0.0754038610838888,2.485933530764
0.197807981781583,0.0713232938172596,0.00356249796831908,-0.0677607958489405,-0.0949159295850585
0.197807981781583,-0.0144882095434841,-0.0237206138720696,-0.00923240432858545,0.293843414984629
1.00190546869859,-0.638308410350411,-0.542317112291112,0.0959912980592994,0.77262187189881
0.680266473931787,-0.462346324155391,-0.281115579616335,0.181230744539056,-1.14586060127813
-0.606289505135426,0.342036882828917,0.00635885067059927,-0.335678032158317,-0.0626450837267946
-0.123831012985222,0.128445541259967,0.210436542157597,0.08199100089763,3.34786513400504
-1.49079674074414,1.19136699886317,1.10995798614514,-0.0814090127180276,0.266336055122695
-0.365060259060323,0.256465883897298,0.0903848949427632,-0.166080988954535,-1.15669382510605
-1.49079674074414,0.948886589475745,0.822078030706861,-0.126808558768883,-0.476442633787915
-0.606289505135426,0.156604512109035,0.544347482755394,0.387742970646359,0.134544789098393
0.278217730473283,-0.174822613301959,-0.193134628936593,-0.0183120156346339,1.41605768423459
1.2431347147737,-0.927222661815353,-0.968341380311313,-0.0411187184959597,0.868943789990185
-0.365060259060323,0.299176040408323,0.437535617036832,0.138359576628509,0.831398660437228
-1.49079674074414,0.550114910208454,0.58213751715728,0.0320226069488252,-0.610804448015332
-0.84751875121053,0.690437961919955,0.144951291659789,-0.545486670260166,-1.67052370375864
1.7255932069239,-0.95603176618686,-0.916937042691395,0.0390947234954653,0.706531911655814
-0.284650510368624,0.257365237029494,0.195152281222892,-0.0622129558066017,-0.133624908678791
-1.32997724336074,0.874062852391016,0.740580874759209,-0.133481977631808,0.489834428187157
1.8864127043073,-1.40483976668394,-1.72596695886655,-0.321127192182614,1.37698004813084
1.966822452999,-1.01895570352246,-1.21680899137102,-0.197853287848563,-1.3384974362901
-0.0434212642935202,0.0615287362997922,0.0718236825072855,0.0102949462074933,-1.10779403719964
1.8864127043073,-1.30314662021726,-1.43356373616286,-0.130417115945595,0.201057289637192
-2.29489422766115,1.32000918691101,1.25124984018768,-0.0687593467233241,0.762808713284582
0.599856725240088,-0.511293869173974,-0.575779468183235,-0.0644855990092611,0.986291406327689
0.197807981781583,-0.0817762656856623,-0.156452716524399,-0.0746764508387366,-0.888639970012186
0.197807981781583,-0.13902349766939,-0.500637459939046,-0.361613962269656,-1.33418053730834
-1.41038699205244,0.760741304801329,0.828018185241939,0.0672768804406103,-0.92662449189403
-0.686699253827128,0.419706542313546,0.367356778116563,-0.0523497641969827,-3.10691653693912
-0.123831012985222,-0.0325741713780671,-0.0419819113614603,-0.00940773998339318,-0.327255591497674
0.278217730473283,-0.250078176089731,-0.253100557991907,-0.00302238190217607,0.403947029011532
-0.606289505135426,0.399052029501681,0.182156223744272,-0.216895805757409,-0.207351347054756
-0.123831012985222,-0.0281914940582303,-0.161555275656737,-0.133363781598506,-1.90429136292618
-1.32997724336074,0.880480957140309,0.808068746067498,-0.0724122110728109,1.97479928175331
1.8864127043073,-1.92108667155648,-2.24816132809642,-0.327074656539939,0.778288921956917
0.680266473931787,-0.309851590695108,-0.30006499498621,0.00978659570889756,1.09749365985005
-1.00833824859393,0.649259081194446,0.468436483476638,-0.180822597717807,-0.880831972060007
-0.204240761676922,0.194887540334533,0.055661704983655,-0.139225835350878,1.51055158121891
0.278217730473283,-0.0310575367929372,-0.0751297365903435,-0.0440721997974062,-0.20033082318374
-0.365060259060323,0.175018556903503,-0.080510597923,-0.255529154826503,-0.212728727066607
-1.00833824859393,0.539699031347645,0.77988553535106,0.240186504003415,-0.904796907899008
1.8864127043073,-1.32132326229848,-1.58373726115175,-0.262413998853269,-1.17232700910379
0.439037227856687,-0.196504892227143,-0.254646305830928,-0.0581414136037852,-0.923906957481756
-0.204240761676922,0.166223438946391,0.102495261371473,-0.0637281775749182,-2.0266877670338
-0.123831012985222,0.0713607585545502,0.118158099711359,0.046797341156809,-0.874659853613033
-0.123831012985222,0.139884642374622,0.321199996257159,0.181315353882537,0.46718741888978
0.841085971315191,-0.929274578173137,-1.10036444277429,-0.171089864601152,-0.799650968498944
0.841085971315191,-0.731128996105324,-0.913710671070024,-0.182581674964701,-1.9313161991777
-0.365060259060323,0.211673266513372,-0.0762818013642336,-0.287955067877606,0.875456687675073
-0.204240761676922,0.0491567966090845,0.121102277449138,0.071945480840053,1.06149317246706
-0.606289505135426,0.412365977205248,0.457586133355995,0.0452201561507472,-0.274157184441776
-0.123831012985222,0.172892654646214,-0.097486861118908,-0.270379515765122,-0.821325316892636
-0.365060259060323,0.12678499089242,0.288691592307674,0.161906601415254,-0.499461178198518
1.7255932069239,-1.11349834897744,-1.28448900314169,-0.170990654164242,-1.30765769896987
0.599856725240088,-0.488880038700031,-0.599014836100837,-0.110134797400806,1.78357535900346
1.2431347147737,-0.773252568783149,-0.78565580191903,-0.0124032331358811,-0.991473658560433
0.599856725240088,-0.227322585387011,-0.23434554641164,-0.00702296102462896,2.02079939503994
0.197807981781583,-0.501048142380056,-0.761305340813618,-0.260257198433561,2.04413732066596
0.439037227856687,-0.300855381106023,-0.367710235033452,-0.0668548539274286,0.00383307266778062
0.278217730473283,-0.158743971913185,-0.170809570518035,-0.0120655986048496,0.336328681871808
-0.123831012985222,0.115734621486017,0.0231914639755087,-0.0925431575105084,1.3084496735727
-0.525879756443727,0.438444272327987,0.227396458671148,-0.211047813656839,0.357287803612706
-0.204240761676922,0.0426734235057616,0.124848250094916,0.0821748265891549,-0.260246672629182
-0.365060259060323,0.275493454763819,0.459839152526706,0.184345697762887,0.773660277943209
-0.365060259060323,0.0788409773499527,0.19513614961378,0.116295172263827,0.366650868131807
1.966822452999,-1.44268654645748,-1.44050530515739,0.00218124130008679,0.54466760874769
-0.284650510368624,0.0652337946742204,0.10441381003702,0.0391800153627993,0.717441640484786
-0.686699253827128,0.389171117012712,0.388389581144454,-0.000781535868257577,0.63061173470224
1.966822452999,-1.31996836985576,-1.22578635260607,0.0941820172496874,-0.357898840082875
0.278217730473283,-0.0353408080795446,0.14594509459804,0.181285902677585,-0.612112180092952
-1.49079674074414,0.817236047131978,0.719979488147938,-0.0972565589840397,1.45426032728405
-0.123831012985222,-0.108981971216688,-0.192552761657737,-0.0835707904410488,-0.830839750070262
0.278217730473283,-0.0779356796902344,-0.231946485549041,-0.154010805858807,0.290363188048709
-0.84751875121053,0.792774656345206,0.614602432855981,-0.178172223489225,0.0489628082899767
-0.365060259060323,0.447650511456386,0.0745468948407762,-0.37310361661561,0.285486099747022
1.00190546869859,-0.699158593514591,-0.805115448045374,-0.105956854530783,-0.715032011993416
-0.204240761676922,0.0912929723333881,-0.120090819166323,-0.211383791499712,-0.920674038666842
-2.21448447896945,1.26086112006481,1.2438724155012,-0.016988704563603,-0.251511872662091
-0.284650510368624,0.176342267839759,0.121660759052217,-0.0546815087875424,1.51025409396947
0.197807981781583,-0.323615109485433,-0.727332665585457,-0.403717556100024,-0.429688803445502
1.2431347147737,-1.05979982602469,-1.17579290431543,-0.115993078290739,0.773847110381012
0.841085971315191,-0.212812773212605,-0.286398157962233,-0.0735853847496278,1.93161975402256
-0.204240761676922,0.192269513393321,0.106882689722323,-0.0853868236709976,-1.28431937389647
-0.123831012985222,0.158076469419929,-0.301254777206966,-0.459331246626895,-0.545912565496371
0.599856725240088,-0.419155100581398,-0.725008661433569,-0.305853560852171,-1.55014561618033
-0.204240761676922,0.0680737002674423,-0.0782091211514248,-0.146282821418867,-0.419765732991003
-0.204240761676922,0.0449208853769324,0.116875235368101,0.0719543499911691,0.209799167555327
0.680266473931787,-0.671620887120337,-0.875296101967276,-0.203675214846939,-1.07177278699238
-0.606289505135426,0.345203125675444,0.161719450465995,-0.183483675209449,-1.17916876915814
-0.365060259060323,0.0653770226300516,0.0449175007453582,-0.0204595218846934,1.42897058375761
-0.686699253827128,0.284363335483905,0.404597854160724,0.120234518676819,-0.0407014579697956
0.680266473931787,-0.456487993468115,-0.689136033972681,-0.232648040504567,1.99390437720116
0.278217730473283,-0.21175410207376,-0.0543976149028841,0.157356487170876,0.0191838030768578
-0.365060259060323,0.243567045590667,-0.0301384857197738,-0.273705531310441,-1.10320890969456
1.966822452999,-0.700580590153008,-0.686548388568634,0.0140322015843745,-1.32767699976089
-0.284650510368624,0.284577311429421,0.351858120616515,0.0672808091870944,0.80839419265361
1.8864127043073,-1.11535874930948,-1.14159972831548,-0.0262409790060014,0.114575188103605
0.197807981781583,-0.25954406791017,-0.34246534003203,-0.0829212721218592,-0.388193221996528
2.93173943729941,-1.66732713474271,-1.66512322738895,0.00220390735375564,0.733932699782989
0.680266473931787,-0.273174836427048,-0.195388323014788,0.0777865134122606,0.45188606229304
1.2431347147737,-0.795022940841663,-0.747054164713892,0.047968776127771,0.1204016541873
0.599856725240088,-0.544703316961984,-0.727492387901561,-0.182789070939577,0.0482631285251405
0.278217730473283,-0.0525269434298682,-0.133395666186905,-0.0808687227570364,-1.66532725615869
-0.204240761676922,-0.0114509191378915,-0.108333953726579,-0.0968830345886877,0.282937560577582
1.7255932069239,-1.29665542953964,-1.50567419211312,-0.209018762573481,-0.764912100350565
0.680266473931787,-0.761130777214277,-0.742941052053292,0.018189725160985,1.07001544489057
2.93173943729941,-1.54362568810661,-1.51359220551814,0.0300334825884683,1.56867537020177
-0.284650510368624,0.133377179747693,9.32935988077477e-05,-0.133283886148885,-0.456692249894968
-1.49079674074414,1.06830097907452,0.867446616992324,-0.200854362082198,-0.0744810829228271
-0.123831012985222,0.0680129420678138,-0.0498412682476712,-0.117854210315485,-0.387912360785158
0.278217730473283,-0.376874024568709,-0.561555947427498,-0.184681922858789,0.709829686765018
-1.49079674074414,1.34499773184127,1.14248333812668,-0.202514393714597,2.2043766527259
-0.123831012985222,0.0288775161469155,-0.117691495290446,-0.146569011437361,0.24350392536393
0.278217730473283,-0.241340356145816,-0.380954135033735,-0.139613778887919,-1.25127121126481
-2.29489422766115,1.55517210835511,1.8080276436074,0.252855535252289,0.396141160868657
1.8864127043073,-1.06454952550915,-1.14545929485216,-0.0809097693430019,0.883847504622312
-0.123831012985222,0.108596996287613,-0.237411572628949,-0.346008568916563,-0.00551714531030539
-2.29489422766115,1.65504875735656,1.49090592413343,-0.164142833223124,0.521260256148075
-0.365060259060323,0.266431536148952,0.0587939719757735,-0.207637564173178,0.79055905477907
-0.365060259060323,0.337694686366709,0.22068747926593,-0.117007207100778,-0.600406117239041
0.278217730473283,-0.0559162736318827,0.306496755531776,0.362413029163658,-0.834903873728621
-0.284650510368624,0.17855356102265,-0.00153185085402782,-0.180085411876678,1.21264139887083
-0.204240761676922,0.09737300309828,0.160231484514798,0.0628584814165182,3.14104129546853
-1.41038699205244,0.948206167221863,0.993649199436274,0.0454430322144116,0.292867775229072
-0.84751875121053,0.438531403691183,0.529550030116821,0.0910186264256377,0.660808618025266
0.278217730473283,-0.0179046633048372,-0.168582247996208,-0.15067758469137,-0.463850510273117
-0.123831012985222,-0.0667172024984374,-0.0573848908656009,0.00933231163283646,-0.80050826383562
-1.41038699205244,0.944154057653473,0.996532513422502,0.0523784557690286,1.19645172959662
-2.29489422766115,1.54106748405274,1.3703333520167,-0.170734132036043,0.525849968584002
0.278217730473283,-0.234434962378297,-0.25219860507357,-0.0177636426952724,0.316661382391007
0.197807981781583,-0.337893910934327,-0.285623928867517,0.0522699820668102,-1.08040900740388
-0.525879756443727,0.0923918676161986,0.0149886332143353,-0.0774032344018633,0.193967095018338
-0.204240761676922,0.111081678097089,-0.00774023076005431,-0.118821908857143,0.48166344740763
-0.84751875121053,0.727203429185576,0.714714835716953,-0.0124885934686234,-1.57657570586632
-0.204240761676922,0.247937144206114,0.123678682486535,-0.124258461719579,0.711439421928453
-0.284650510368624,0.152744288121043,-0.048207600256934,-0.200951888377977,-0.945642672410366
-0.606289505135426,0.325293295281682,0.462412285728435,0.137118990446754,1.84517159971276
-1.41038699205244,1.09799248212037,0.880607748441127,-0.217384733679246,-0.821675414924204
-1.49079674074414,0.702124931072804,0.766893138280113,0.0647682072073094,-0.729963097599539
0.680266473931787,-0.614741761610107,-0.753823330937461,-0.139081569327355,1.37060809877392
-1.00833824859393,0.591410963713302,0.746034684506357,0.154623720793055,2.56844124265048
1.00190546869859,-0.65526335495169,-0.89995017299961,-0.244686818047919,0.0386982981944854
0.439037227856687,-0.386450800936582,-0.462760797882864,-0.0763099969462818,0.997458522397575
-0.284650510368624,0.317357868919663,0.318919291116268,0.00156142219660554,0.95197615598344
-0.365060259060323,0.259921054834555,-0.032771005234515,-0.29269206006907,0.956471079138767
1.3235444634654,-0.633607393499573,-0.460081275648857,0.173526117850716,0.107315635638551
-1.49079674074414,1.64837955033229,1.26822745954825,-0.380152090784042,-0.397132789062829
-0.606289505135426,0.354284984480699,0.395484625676416,0.0411996411957167,0.110762397982222
-1.49079674074414,0.871194145115929,0.859745632486699,-0.0114485126292299,-0.163237104309118
-0.204240761676922,0.101797094862218,0.111166866855089,0.00936977199287084,0.338078227668987
0.197807981781583,-0.155887069300738,-0.594677129713588,-0.438790060412851,0.121493788558871
-0.606289505135426,0.313837444365849,0.300413218051799,-0.0134242263140497,0.663970123115105
-1.49079674074414,1.19552598904123,1.00026596167456,-0.195260027366669,-0.329411942778752
-1.00833824859393,0.809991434421434,0.574968464219242,-0.235022970202192,-1.07864686759649
0.197807981781583,-0.349988162496816,-0.468148398843494,-0.118160236346679,3.38188932226447
-0.123831012985222,0.0337544636870927,-0.0223925123654832,-0.0561469760525759,0.749894302123057
2.93173943729941,-2.32834008801425,-2.40007105218348,-0.0717309641692281,-1.75004364940019
-0.525879756443727,0.418064373839496,0.37308435789827,-0.0449800159412256,0.722004694972711
0.197807981781583,-0.135355775413465,-0.101057911918522,0.0342978634949427,-0.828982249385356
-0.686699253827128,0.344703559599677,0.514816871636823,0.170113312037145,0.809826970006121
-0.0434212642935202,0.1811478147429,0.0382115144732769,-0.142936300269624,0.546471953510195
0.278217730473283,-0.143697096526481,0.146895981741511,0.290593078267991,1.28809711970507
0.76067622262349,-0.555006898986565,-0.737576208850397,-0.182569309863832,-1.87598468277853
1.8864127043073,-0.430065151008701,-0.359467343458962,0.0705978075497396,1.24061105396214
0.76067622262349,-0.508127887565986,-0.504148749087908,0.00397913847807818,-0.703904768013354
-2.21448447896945,1.2298763350236,1.10697379908476,-0.122902535938846,0.819334903948798
2.93173943729941,-1.32264369191211,-1.35534260108982,-0.032698909177707,-1.98879077260901
1.2431347147737,-0.948144036362262,-1.03572515406109,-0.0875811176988293,-0.167439709100396
-0.606289505135426,0.490161241522896,0.403978951261772,-0.0861822902611238,0.192243097925049
1.8864127043073,-0.848101002422479,-0.772691735686942,0.0754092667355365,-2.35190162147746
0.841085971315191,-0.6932304146425,-0.874760849630065,-0.181530434987565,-1.57670714677214
-2.29489422766115,1.38832426204982,1.55814220089581,0.169817938845991,0.985823658662335
-0.284650510368624,0.156997020501773,0.0613820724998486,-0.0956149480019239,-0.40162173054385
-0.204240761676922,0.0580929594394289,0.0902359275460976,0.0321429681066688,1.63669137363442
-2.21448447896945,1.09651505855448,1.24502591258069,0.148510854026205,0.849137730351037
1.966822452999,-1.32785320777406,-1.45673915422432,-0.12888594645026,0.694439943710202
0.599856725240088,-0.206618232912043,-0.125640438337828,0.0809777945742154,1.18125611662234
-1.41038699205244,1.15405971206586,0.941905256254518,-0.212154455811343,-1.23662196432348
-0.123831012985222,0.0593201972938771,0.329951422901382,0.270631225607505,0.704608472638377
0.197807981781583,0.132572642723856,0.0175407883798138,-0.115031854344042,1.46628379859759
-0.606289505135426,0.392337876218325,0.5045942178545,0.112256341636175,-0.0636468347390045
2.93173943729941,-1.19492150842415,-1.05521904727983,0.139702461144322,0.239256423906607
1.8864127043073,-1.00534432744183,-0.970263990850677,0.0350803365911563,0.547407672158549
0.841085971315191,-0.40770667776891,-0.286923285719721,0.12078339204919,-1.04887741509433
0.841085971315191,-0.571749986256397,-0.683307361874617,-0.11155737561822,-1.00127408963909
0.278217730473283,-0.0691479530894627,-0.16984544614307,-0.100697493053607,-0.47074310221988
-0.284650510368624,0.359170811428244,0.300079255644365,-0.0590915557838789,1.10946606935728
-1.41038699205244,0.76287486733284,0.683606804729904,-0.0792680626029355,-1.90870047406106
1.8864127043073,-1.73483738562832,-1.93885800858505,-0.204020622956739,-1.39799528823533
-0.84751875121053,0.594332601417718,0.688647777118855,0.0943151757011367,-0.87569201918554
0.76067622262349,-0.368407440252827,-0.357084426884025,0.011323013368802,0.59395785221811
-0.686699253827128,0.335009848635827,0.399449167155822,0.0644393185199959,1.52582581770783
-0.606289505135426,0.57989203633246,0.391607706587511,-0.18828432974495,0.230943602306335
0.197807981781583,-0.308993812965328,-0.206077414874407,0.102916398090921,-0.30965856700326
0.278217730473283,-0.189443540155167,-0.253569129976852,-0.0641255898216855,0.46163968957618
0.278217730473283,0.00199393989312091,-0.144943369973659,-0.14693730986678,1.69804254129912
0.439037227856687,-0.371653032849987,-0.604524825313611,-0.232871792463624,0.940393849492922
-0.525879756443727,0.264636408907854,0.237222397255895,-0.0274140116519593,0.407008809816938
0.278217730473283,-0.178365560715597,-0.1716752802447,0.0066902804708969,-0.387728334632749
-0.84751875121053,0.604252118906943,0.721361067342197,0.117108948435254,-0.664172578924916
0.841085971315191,-0.471053788775414,-0.412724128348742,0.0583296604266715,0.0713904077399339
1.00190546869859,-0.561246426673994,-0.57892464263379,-0.0176782159597959,0.166993524743341
-0.606289505135426,0.392133610724575,0.31231639325959,-0.0798172174649856,-1.99468777642022
1.7255932069239,-1.04908910967296,-1.18356097809704,-0.134471868424072,-0.275582855893019
-0.365060259060323,0.210237872846007,0.1164699336285,-0.0937679392175067,1.01011964443302
-0.284650510368624,0.17245965368323,0.0673499697434705,-0.10510968393976,-0.376487527254119
-0.606289505135426,0.303555828596894,0.391113777108121,0.0875579485112278,-0.85068036601191
0.278217730473283,-0.214080156015171,-0.440899160826826,-0.226819004811655,-0.770855864060575
-0.0434212642935202,-0.114322029445836,-0.188852412379402,-0.0745303829335655,-0.810051438098401
-0.204240761676922,0.229561155424216,0.264213418639319,0.0346522632151033,-0.0982860405351889
1.00190546869859,-0.54466320291074,-0.624242282496916,-0.0795790795861763,-0.050324185821317
0.278217730473283,-0.190277874498687,-0.0706563538162613,0.119621520682426,-0.700672647472932
-0.686699253827128,0.390848896299224,0.241207305644571,-0.149641590654653,-0.516365360019199
-0.606289505135426,0.399358989603396,0.274084460096769,-0.125274529506626,-0.884077149600711
0.197807981781583,-0.122874327550726,-0.0507677180791621,0.0721066094715643,-1.46016397746611
-0.606289505135426,0.0762318663993617,0.0986204938624734,0.0223886274631117,-0.693552004071745
-0.365060259060323,0.197157313242829,0.2347269953356,0.0375696820927706,-0.343402721835442
-1.41038699205244,1.13042978968931,0.975303077438771,-0.155126712250541,-0.334584916606585
-1.49079674074414,1.02007837847781,0.891814842648136,-0.128263535829675,-0.353695098984613
0.197807981781583,-0.207565825791158,-0.120964218347602,0.0866016074435565,1.38744462874714
0.278217730473283,-0.196003998248594,-0.336109066920128,-0.140105068671534,0.67902717031133
-0.0434212642935202,0.134648026477009,0.144434723780402,0.00978669730339221,0.233651582123136
1.966822452999,-0.973555658637386,-0.902094593816297,0.0714610648210895,-0.879882755536533
0.680266473931787,-0.411993416815951,-0.381847055152055,0.0301463616638964,-0.181318366855987
-0.0434212642935202,0.120032576926008,0.139602665188543,0.0195700882625344,-0.489632991361214
1.7255932069239,-1.11364027932036,-1.0764178378439,0.037222441476457,-0.209946785281482
-0.0434212642935202,-0.028557115985718,-0.0668139693622907,-0.0382568533765727,-1.84379175398888
-1.00833824859393,0.372939683199901,0.545419392601813,0.172479709401913,1.1703160382822
-0.123831012985222,0.101291966405291,0.371591158411063,0.270299192005773,1.12245633002128
-0.686699253827128,0.404156825206964,0.342819165661774,-0.0613376595451894,0.927279602088649
-0.123831012985222,0.138186905951743,-0.0337276208425847,-0.171914526794328,1.26630475861275
-0.284650510368624,0.328004199624576,0.160262796731833,-0.167741402892743,-1.57144116334623
-2.21448447896945,0.57185296479157,0.769888910655371,0.198035945863801,0.789610894175047
-0.525879756443727,0.388862151473272,0.227496044885292,-0.16136610658798,-0.12543321255874
-0.365060259060323,0.322867171825355,0.118563745750612,-0.204303426074742,-1.3847484860495
-0.686699253827128,0.608363177124484,0.506837455342733,-0.10152572178175,3.14292728688108
-1.32997724336074,0.514247557786596,0.545149056324994,0.0309014985383983,0.124504831524021
-0.284650510368624,0.13734689732453,0.0817427228249937,-0.0556041744995366,0.929036252073579
-0.525879756443727,0.238633597531049,0.147311122837726,-0.0913224746933234,-0.443209082450684
-0.0434212642935202,0.207877910835364,-0.05289711663116,-0.260775027466524,-1.126848507544
0.278217730473283,-0.083858916362576,-0.070109978825541,0.013748937537035,0.494603639914992
-0.686699253827128,0.172703746633436,0.045574655776513,-0.127129090856923,-0.842082445895596
0.278217730473283,-0.112907186179855,-0.120759534524624,-0.00785234834476914,-1.37730654768919
-0.204240761676922,0.252779680834111,0.203384192594114,-0.0493954882399967,0.459729106589258
0.599856725240088,-0.408206129362061,-0.484106622062136,-0.0759004927000744,0.68156010500361
-1.41038699205244,0.855597165331622,0.805213228291171,-0.0503839370404505,-0.733743235868318
-0.686699253827128,0.297570535009525,0.374502382612031,0.076931847602506,1.19496517466004
-0.606289505135426,0.229560062575411,0.103169519849013,-0.126390542726398,0.0486930839806585
-0.84751875121053,0.157358628738168,0.309823370076218,0.152464741338049,0.342581514581967
0.76067622262349,-0.567364952564916,-0.616731232408577,-0.0493662798436605,0.882297844543566
-0.365060259060323,0.319662566308379,0.251072620783273,-0.0685899455251062,0.266083051815574
-0.606289505135426,0.439429305498903,0.198292135570222,-0.241137169928681,0.674046097999785
-0.204240761676922,0.116950481832575,0.348810131654567,0.231859649821992,2.74315524819026
-2.29489422766115,1.91407039077421,1.77415112535254,-0.139919265421669,1.44299999809632
2.93173943729941,-1.65966669014438,-1.74674061351855,-0.0870739233741753,-1.18556497625803
0.197807981781583,-0.169912739340555,-0.30825456169745,-0.138341822356895,-0.383964830719731
-1.49079674074414,0.973237431541632,0.91411345326492,-0.0591239782767117,0.968357693735625
-0.204240761676922,0.16741502663444,0.0897100634594147,-0.0777049631750251,0.440529062296498
0.197807981781583,-0.132832863745444,-0.302221138660417,-0.169388274914974,0.673293264764983
0.439037227856687,-0.178212561369882,-0.20395933701626,-0.025746775646378,1.2102313478156
-0.84751875121053,0.595145013660401,0.637866770344248,0.0427217566838478,0.859609111609747
-1.32997724336074,0.77143012502718,0.679316231364397,-0.0921138936627831,-0.111242837631989
-1.32997724336074,0.687532896761158,0.627166619322468,-0.0603662774386906,-1.7057020787552
0.278217730473283,-0.16958776769142,-0.0980849360616937,0.0715028316297263,-0.377523165285666
-1.00833824859393,0.632086143479563,0.538553256753612,-0.0935328867259513,1.96347094034623
-0.284650510368624,0.222165478981706,0.0914235817824705,-0.130741897199236,-0.838860230745818
2.93173943729941,-2.21956486246316,-2.54659850585806,-0.327033643394903,1.03286507120138
-0.525879756443727,0.238962331846869,0.457926009909499,0.21896367806263,-0.167591769807567
0.278217730473283,-0.206686001192952,-0.277554908870905,-0.0708689076779528,0.768240005612983
-0.606289505135426,0.137004633566265,0.226082640789187,0.0890780072229221,1.88498521199318
-0.686699253827128,0.43032696242359,0.268721885235832,-0.161605077187759,-1.51736402905456
-1.41038699205244,0.811121907701785,0.556096145731405,-0.25502576197038,-0.658403596643359
-0.365060259060323,0.145265309300518,0.255197417397778,0.10993210809726,1.87967662428184
0.197807981781583,0.0141532074494871,-0.0188933086340804,-0.0330465160835675,0.0319191341404181
0.278217730473283,-0.204135637613467,-0.459793138362729,-0.255657500749262,0.249419696785623
-0.686699253827128,0.394890195145876,0.261408218325982,-0.133481976819894,0.366939860978587
0.599856725240088,-0.156740552966763,-0.0880908243162265,0.0686497286505364,0.398808495430526
-0.284650510368624,0.269649241159249,0.147517354254503,-0.122131886904746,-0.57375960807535
-0.686699253827128,0.34624015224054,0.202801695959029,-0.143438456281511,-0.623767233262546
0.439037227856687,-0.242643044997388,-0.16546784349774,0.0771752014996474,0.366881675598984
0.197807981781583,-0.193638926075395,-0.49198726317633,-0.298348337100935,0.0146499381990185
0.599856725240088,-0.630980263974933,-0.784092197086079,-0.153111933111146,-0.343137647182759
-0.84751875121053,0.462894502779807,0.324617426987519,-0.138277075792288,-0.958823000160627
-0.123831012985222,0.108439444224187,-0.0634319912875443,-0.171871435511731,0.543032009523632
1.3235444634654,-0.984149488860906,-1.27158590702911,-0.2874364181682,-0.955739918597975
0.278217730473283,-0.205988420141492,-0.277331984211471,-0.0713435640699784,-0.90910380265469
0.278217730473283,-0.200634503457043,-0.157436820816877,0.0431976826401652,-0.332109897835479
0.278217730473283,0.242436480687279,0.537688512127492,0.295252031440213,0.742887572828541
-0.204240761676922,0.274280889178385,0.202911857066748,-0.0713690321116368,-0.656147568879018
0.439037227856687,-0.578938720945457,-0.757621848348273,-0.178683127402816,0.859021006424903
-0.686699253827128,0.220012062151278,0.330943366069716,0.110931303918437,-0.440596796937428
-0.606289505135426,0.402080498638603,0.153099698159639,-0.248980800478963,-0.64514879259727
-1.00833824859393,0.899634862357847,0.680826635435979,-0.218808226921868,-0.210403018101832
-0.686699253827128,0.482108134844391,0.274531777908747,-0.207576356935645,0.489075488531863
-0.284650510368624,0.206327801859857,0.132394841540872,-0.0739329603189851,-0.835189277176709
0.841085971315191,-0.185674034441665,-0.0629855197418251,0.122688514699839,-1.20801935144436
0.197807981781583,-0.20650014074823,-0.0826069779203942,0.123893162827836,-1.02938087372329
-0.365060259060323,0.0425758820271469,0.222202990405212,0.179627108378065,-0.0548614129455514
-0.686699253827128,0.615474896936359,0.555617041132555,-0.0598578558038048,0.107185148948715
0.278217730473283,-0.0381788898803529,-0.0505185329503443,-0.0123396430699915,-0.672658129667454
-0.84751875121053,0.387511526320185,0.251029847671241,-0.136481678648943,1.70114322749627
-0.284650510368624,0.0437055202236504,-0.0532183746788397,-0.09692389490249,-2.3711258123928
-0.284650510368624,0.17375172253793,0.027042058327627,-0.146709664210302,-3.22167196875838
0.278217730473283,-0.0681178565847383,-0.126082736655694,-0.0579648800709561,0.727078860801659
0.197807981781583,-0.27201339591551,-0.40565960188223,-0.13364620596672,-0.317415915801138
-0.525879756443727,0.285706785627258,0.0778189144966561,-0.207887871130602,0.969022974769314
0.680266473931787,-0.476375305022726,-0.582535831215509,-0.106160526192783,-1.4217545534524
0.197807981781583,-0.0747156156140868,-0.304400433061975,-0.229684817447888,0.960077311588199
-0.606289505135426,0.295844306675782,0.290498289150322,-0.00534601752546038,-0.826932587736822
-1.00833824859393,0.8192032393741,0.732786795806481,-0.0864164435676189,0.244103011970739
-0.284650510368624,0.328937648915849,0.0872658358477179,-0.241671813068131,-0.367690579346128
0.278217730473283,-0.191086746283953,-0.0709093492913416,0.120177396992611,0.889311786262828
1.8864127043073,-0.85120814876289,-0.76745591169326,0.0837522370696305,0.735613920215762
-0.204240761676922,0.012796214949243,0.102678594853866,0.0898823799046226,-0.817525171022864
0.278217730473283,-0.208074272786333,-0.122115001879569,0.0859592709067635,0.0797688367837885
0.599856725240088,-0.39088941831939,-0.702638592140968,-0.311749173821578,-1.30923398331989
0.278217730473283,-0.201589904374864,-0.347787339655122,-0.146197435280258,1.1704591293173
-0.525879756443727,0.0702719859434708,0.0703271790355458,5.51930920750232e-05,-0.927482076316687
-1.41038699205244,1.00644997066882,0.982188297597724,-0.0242616730710924,0.222268503677521
-2.29489422766115,0.619334241889796,0.84505043967761,0.225716197787814,-0.55486001032184
0.439037227856687,-0.266855263533547,-0.415155994147867,-0.14830073061432,-1.7397382867922
-0.284650510368624,0.341337727213725,0.0320963621491402,-0.309241365064585,-1.49202222279411
0.680266473931787,-0.22682062571508,-0.16320735329404,0.0636132724210398,0.0594713572623658
-0.84751875121053,0.699972268038743,0.371359600227495,-0.328612667811248,-1.44759551397283
2.93173943729941,-2.26276152839997,-2.43759321168279,-0.174831683282819,0.678307819849919
0.197807981781583,-0.245654837176855,-0.460207571929811,-0.214552734752956,-1.27276442028034
-1.41038699205244,1.02759900444803,0.731189399982959,-0.296409604465066,1.00177273051379
1.3235444634654,-0.828477798671971,-0.850147220160958,-0.0216694214889864,-2.56169245903374
-0.525879756443727,0.175832452613402,0.329377320911061,0.15354486829766,1.96593853827376
2.93173943729941,-1.37685466858807,-1.3153725755136,0.0614820930744642,-1.05367289438641
2.93173943729941,-2.69779976189872,-3.01069762569505,-0.312897863796324,-1.85266271307872
0.278217730473283,-0.134814624297553,0.236814393587788,0.371629017885341,1.38459402818172
-1.00833824859393,0.31324592635602,0.415081068987109,0.101835142631089,0.13281328267107
0.197807981781583,-0.0282134375817047,-0.304822498546888,-0.276609060965184,-1.45740289665006
-0.686699253827128,0.354581699967855,0.471195320586582,0.116613620618727,1.27782805179011
-2.21448447896945,1.55223675118973,1.40991048138292,-0.142326269806815,-0.545198601665943
0.278217730473283,-0.173742609997698,-0.113285558936267,0.0604570510614311,0.0113036523597319
-2.29489422766115,1.26586415313215,1.13966647236553,-0.126197680766615,1.09077642129885
0.599856725240088,-0.273588305181289,-0.184044541038627,0.0895437641426619,0.629081058657479
-1.41038699205244,0.900986283560075,0.84078062791988,-0.0602056556401949,-1.61206762878051
-0.686699253827128,0.260625949011375,0.303601551378134,0.0429756023667591,0.207738041794599
-0.204240761676922,0.12190077712583,0.243224834507372,0.121324057381542,0.258874667931543
0.197807981781583,0.015135505399261,-0.343609124515383,-0.358744629914644,-0.353030285878764
1.00190546869859,-0.370651331600037,-0.242567104046717,0.12808422755332,0.797619418411504
0.278217730473283,-0.1084571668774,-0.0534719652429776,0.0549852016344222,1.28057814718666
0.599856725240088,-0.392418918439976,-0.434767732129343,-0.0423488136893668,0.252458884762482
-1.49079674074414,0.850936710927861,0.874437280763411,0.0235005698355492,0.824440240981268
-0.284650510368624,0.232753219393882,0.291766420382618,0.0590132009887361,0.237358859281278
1.3235444634654,-0.679967139643405,-0.761751139687961,-0.0817840000445552,-1.02935128155525
-1.49079674074414,1.20117947402387,0.971180703378253,-0.229998770645618,-0.439382955002303
1.966822452999,-1.28474986932627,-1.36652528349106,-0.0817754141647908,-0.821212893812499
-0.123831012985222,0.106751720148191,-0.162821924800753,-0.269573644948944,-0.55774169369233
1.2431347147737,-0.642416852258579,-0.686290966571058,-0.0438741143124785,0.609949425916343
1.8864127043073,-1.26042901070118,-1.31607685042633,-0.0556478397251543,-1.63133193599919
-0.284650510368624,0.223496537773438,-0.0951326343041843,-0.318629172077622,0.708560521849565
0.278217730473283,-0.201943357518406,-0.334751302562221,-0.132807945043816,1.00879498632376
-0.606289505135426,0.486980131975147,0.394274333372524,-0.0927057986026227,0.667382781214592
-0.365060259060323,0.0187019110558408,-0.246341157835076,-0.265043068890916,-1.04570884781696
-0.84751875121053,0.618122098204417,0.633355337330704,0.0152332391262872,0.995612808916439
2.93173943729941,-2.61362824598774,-2.80981370706728,-0.196185461079535,-1.24571875746287
0.278217730473283,0.00271259263030077,-0.0192996307225574,-0.0220122233528581,-2.02169130846111
-0.284650510368624,0.248637538978254,0.121703543885851,-0.126933995092403,0.119149695375189
-1.32997724336074,0.941978785743007,0.867508032751225,-0.0744707529917821,0.444564882271955
-0.284650510368624,0.259094497852305,0.564961365350107,0.305866867497803,1.59039517766592
0.680266473931787,-0.347047709717143,-0.383790261782435,-0.0367425520652922,0.128953099259768
0.278217730473283,-0.237866201733712,-0.372661598447306,-0.134795396713594,-0.143254717741407
1.7255932069239,-1.39561589665556,-1.53628506646511,-0.140669169809548,-0.626493492767651
-0.606289505135426,0.440590815037258,0.166773252753369,-0.273817562283889,-2.17016414789326
-0.204240761676922,0.127001380827135,0.0495629317040712,-0.0774384491230638,0.128063566818222
-0.525879756443727,0.291145235688543,0.394471992108063,0.10332675641952,-1.14137383344989
2.93173943729941,-1.97292526430322,-2.1712876595988,-0.198362395295585,0.698151015054698
-0.284650510368624,0.194060840518955,0.279775036792355,0.0857141962733998,0.322845536115997
-2.29489422766115,1.78419027014732,1.55017082083291,-0.234019449314408,0.469786696440426
-0.606289505135426,0.353240003694157,0.174570694696446,-0.178669308997712,0.54175788881904
-0.525879756443727,0.206663280497063,-0.00312330115429404,-0.209786581651357,-1.44136030422611
2.93173943729941,-2.5739941746492,-2.82575458274486,-0.251760408095659,1.97438874096285
1.7255932069239,-0.963561519037656,-1.05529272767313,-0.0917312086354721,-1.32432417574712
-0.204240761676922,-0.00979767413185909,-0.0869234093205023,-0.0771257351886432,0.161879190448968
1.2431347147737,-0.469173184845045,-0.359141436227766,0.110031748617279,2.65219234700566
-0.606289505135426,0.288946759688432,0.275531834183448,-0.0134149255049833,-0.789761403412711
-1.00833824859393,0.57590659070437,0.459864827721217,-0.116041762983153,0.717604775381922
-1.49079674074414,0.983978383780436,0.97617098837597,-0.00780739540446596,-0.947473057818592
-0.84751875121053,0.570301480918143,0.390078494768289,-0.180222986149854,-2.15986588105024
-0.365060259060323,0.152641189435651,0.279203682656788,0.126562493221137,-1.03771452298526
1.3235444634654,-1.04874429287481,-1.13288940775181,-0.0841451148769994,-0.17081835831076
1.00190546869859,-0.620032353570929,-0.383413912127439,0.23661844144349,0.812023292629291
-0.123831012985222,0.049084426834425,0.14360935755663,0.0945249307222055,1.15029549345535
-0.365060259060323,0.125204692471977,0.0469440426773642,-0.0782606497946124,0.467023924122064
0.278217730473283,-0.148089249154246,0.010272557463383,0.158361806617628,-0.636864701980127
-0.204240761676922,0.112402998394144,0.128950321808909,0.0165473234147647,0.00864949852073649
-0.606289505135426,0.0153185308374424,0.0953716294662445,0.0800530986288021,0.399090075977482
-0.365060259060323,0.309689666532597,0.209436247248216,-0.100253419284381,-1.79743135280081
-2.29489422766115,0.853526912471147,0.993298554325777,0.13977164185463,-0.718830205660624
-2.21448447896945,1.3134027818738,1.20667978725169,-0.106722994622111,1.13535315479311
-0.606289505135426,0.247893517119275,0.279619622396452,0.0317261052771779,0.897802730407666
1.00190546869859,-0.967194271822524,-1.3359937219516,-0.368799450129077,-0.0505898807104548
0.599856725240088,-0.537201923410159,-0.643202687284513,-0.106000763874354,0.853388692830088
1.8864127043073,-1.02791852977592,-0.840493587904555,0.187424941871361,0.684245874822263
0.599856725240088,-0.494639454051067,-0.874658906131484,-0.380019452080417,-0.497460812179587
-0.84751875121053,0.497146976920136,0.549243506103045,0.0520965291829088,-1.15613691156719
-1.00833824859393,0.648370408958745,0.535257483742042,-0.113112925216703,0.770430055936571
0.680266473931787,-0.741408407495038,-1.01862252868813,-0.277214121193091,-1.10291981676187
-0.123831012985222,0.0362198013832008,-0.135686910235284,-0.171906711618484,-0.162687600637884
0.197807981781583,-0.178840207366464,-0.447043664087867,-0.268203456721403,0.866272200225072
0.278217730473283,-0.353509031198822,-0.365368851592609,-0.0118598203937875,-0.373927269260178
0.76067622262349,-0.511188070185497,-0.848027884959332,-0.336839814773835,0.167624288029066
0.680266473931787,-0.336757575473575,-0.48011850972294,-0.143360934249364,-1.27258373725775
-0.204240761676922,0.142068489516064,0.135503256692974,-0.0065652328230901,1.38460399585268
1.00190546869859,-0.464351565579935,-0.526803060223352,-0.0624514946434166,0.101732771180196
1.966822452999,-1.43533782871773,-1.55801207844583,-0.122674249728096,0.964312995161317
-0.204240761676922,0.154672246016419,0.0865830049045883,-0.0680892411118303,-1.74311214094056
-1.49079674074414,0.704818872158903,0.701992969343791,-0.00282590281511186,1.95616872951972
-0.284650510368624,0.11556035272256,0.141422233174631,0.0258618804520709,-0.134098607952527
-2.29489422766115,1.4169189470209,1.59179457929154,0.174875632270647,0.999965350477167
-0.365060259060323,0.15297990971778,-0.0511907964507544,-0.204170706168534,0.454896757138612
-0.123831012985222,-0.0425566314712144,-0.0482362527055809,-0.00567962123436642,0.987054332769751
0.278217730473283,-0.0574618153822092,-0.188744823067006,-0.131283007684797,0.374018364038591
0.197807981781583,-0.00204639151034719,-0.320204954190552,-0.318158562680205,1.23032211808995
0.197807981781583,-0.202400975784736,-0.381990545580468,-0.179589569795732,0.032525013009562
-0.84751875121053,0.698267390191191,0.643619793011063,-0.0546475971801275,-0.178504187899289
-0.686699253827128,0.433950009055701,0.20762927830355,-0.226320730752151,-0.561548970378839
1.8864127043073,-0.946884106488179,-1.01153481894332,-0.0646507124551374,1.34112832857424
0.841085971315191,-0.556449248857471,-0.655988424304341,-0.0995391754468703,-1.13896091015553
0.278217730473283,-0.177452003295546,-0.287591028098627,-0.110139024803081,1.07858562961371
-1.00833824859393,0.339582903819993,0.324536936279686,-0.0150459675403072,0.504895005803631
-0.284650510368624,0.157321457323333,0.311976090037132,0.154654632713798,0.974571233140157
-0.284650510368624,0.177708880955385,0.103145559879583,-0.0745633210758013,-0.242586293427273
0.197807981781583,-0.108666834387752,-0.245136527486524,-0.136469693098771,-1.00795603831539
0.680266473931787,-0.643248391394908,-0.849041008334915,-0.205792616940006,0.774794066147459
1.7255932069239,-1.19884512049895,-1.35365356032629,-0.15480843982734,0.792171209986066
-0.365060259060323,0.374156938147526,0.2952686045646,-0.0788883335829258,0.454700674856193
-0.204240761676922,0.159032264218972,0.170246299021233,0.0112140348022608,0.619618014697517
0.599856725240088,-0.326152788796927,-0.347047220255747,-0.0208944314588193,-0.326690527397618
-0.606289505135426,0.439911078501198,0.258245584752112,-0.181665493749086,-0.527946673833704
0.680266473931787,-0.177251661281148,-0.0379165636473029,0.139335097633845,1.05673285387754
0.76067622262349,-0.455434504113281,-0.383547059814365,0.0718874442989159,0.0843646276287673
-2.29489422766115,1.71016837733067,1.49406178378638,-0.216106593544292,-1.16537517976697
2.93173943729941,-1.94347926068006,-2.19000815957739,-0.246528898897333,0.472478385327851
-0.284650510368624,0.246415090856299,0.160421819975686,-0.0859932708806128,-2.93782410951547
-0.123831012985222,-0.07871073722436,-0.0299543001051974,0.0487564371191627,1.8836078786356
0.680266473931787,-0.367991599976429,-0.116276480180917,0.251715119795512,-1.16575782387113
-0.606289505135426,0.161877171290459,0.188081969619978,0.0262047983295182,1.45060675999832
0.197807981781583,-0.151119262310271,-0.00591714186221985,0.145202120448052,-0.501753714651171
-0.365060259060323,0.162549434857505,0.0873287926997823,-0.0752206421577227,0.0083596635319319
-0.365060259060323,0.1991865869418,0.182354739987698,-0.0168318469541018,-0.794727084776211
-0.84751875121053,0.434710118323955,0.306417943269899,-0.128292175054056,-0.245005464793457
-0.606289505135426,0.176560092894962,0.300366065074733,0.123805972179772,0.410701116299666
-0.123831012985222,-0.131519372043847,-0.197071073173759,-0.065551701129912,-0.4418097887435
-0.84751875121053,0.596762589943083,0.417286401308946,-0.179476188634137,-1.79738656676341
-0.365060259060323,0.276977350220517,0.0242784983835826,-0.252698851836935,-2.6066516299659
-0.123831012985222,0.0981094871430251,-0.0617729432746962,-0.159882430417721,0.914470535031631
1.2431347147737,-0.664591218285944,-0.760697204845679,-0.0961059865597353,-0.605884903290456
-0.365060259060323,0.181888148428539,0.179275773620059,-0.00261237480848009,1.01226142366432
0.278217730473283,-0.0672817779445714,0.0316792436333183,0.0989610215778898,-0.979489371513471
0.278217730473283,-0.0537535490258235,-0.0170982019845198,0.0366553470413037,2.34326672049927
1.2431347147737,-0.532863665262027,-0.445259076880965,0.0876045883810624,1.08481338152439
1.966822452999,-1.165816976537,-1.27228575535758,-0.106468778820578,0.507730930732079
0.197807981781583,-0.241463187901905,-0.205325453654843,0.0361377342470621,0.918254749405717
-0.365060259060323,0.260912459622605,0.410634741751896,0.14972228212929,-0.164195782862631
2.93173943729941,-2.24026808805702,-2.38483660692902,-0.144568518871996,-0.0896694276548493
-0.84751875121053,0.566633642906033,0.397226852372638,-0.169406790533395,-2.65741216181304
-0.365060259060323,0.0408098986131332,-0.0256560209955118,-0.0664659196086451,1.62085414953497
0.439037227856687,0.0551163462176592,0.328886554919302,0.273770208701642,0.528030341846943
-0.284650510368624,0.282160028472303,-0.0307613166663238,-0.312921345138627,1.21799159512717
0.599856725240088,-0.336621730557178,-0.215339659036563,0.121282071520614,0.967962396440269
-0.284650510368624,0.115048819460928,0.0609881383062217,-0.0540606811547068,-0.905650610585836
-0.284650510368624,0.247505762685961,0.262208038902729,0.0147022762167679,2.42365878734321
1.00190546869859,-0.40272829576819,-0.304793951884428,0.0979343438837623,-2.38403221920853
-1.00833824859393,0.70041492502795,0.448713452332681,-0.251701472695269,1.15317775308646
-0.204240761676922,0.154664898703678,-0.0839525623323441,-0.238617461036022,0.99030501205977
-0.123831012985222,0.0261986926855079,0.0778623753863805,0.0516636827008726,-0.830727000874762
-0.204240761676922,0.247597232100221,0.187233971739315,-0.0603632603609061,0.992462306995045
-0.525879756443727,0.401362874123177,0.338962285612118,-0.0624005885110586,0.0119392625820092
-1.00833824859393,0.449477988474211,0.482014038761522,0.0325360502873108,-0.889798583115671
1.7255932069239,-0.743150124465347,-0.807290503014319,-0.0641403785489716,-0.173657329692583
1.966822452999,-1.15673519338557,-0.985779499398848,0.170955693986719,0.0887626786057271
-0.284650510368624,0.115515804187092,0.146084664307905,0.0305688601208131,1.04703510433938
-2.29489422766115,1.77531399115908,1.64979995254103,-0.125514038618047,-0.966258445862185
0.599856725240088,-0.374804558766197,-0.602310800524682,-0.227506241758485,-1.5119148675374
0.599856725240088,-0.35802994363678,-0.17436854467863,0.18366139895815,-1.15087900006348
-0.84751875121053,0.663989502893813,0.805526529481513,0.1415370265877,-0.655982330160003
-0.525879756443727,0.218250626171104,-0.0137693615624946,-0.232019987733598,-0.842871285559994
1.966822452999,-1.07579184699635,-1.02054142134608,0.0552504256502693,0.841267617170511
-0.365060259060323,0.292629052604411,0.270990957520803,-0.021638095083608,1.66341193730147
0.76067622262349,-0.517104889544349,-0.23133022944017,0.28577466010418,-0.718005625333644
-0.365060259060323,0.265208624239371,0.107843186081698,-0.157365438157673,0.360919034824629
-1.00833824859393,0.341084322150057,0.351226617605212,0.0101422954551547,-0.456992289898689
0.841085971315191,-0.385279983467348,-0.422693257457002,-0.0374132739896541,-0.943525129741213
1.3235444634654,-0.847800932470106,-0.927974973093443,-0.0801740406233367,0.153598417286925
0.197807981781583,-0.135715832273848,-0.0323844755493098,0.103331356724538,0.206919894455597
0.278217730473283,-0.224328956387986,-0.374846489157488,-0.150517532769502,-1.15759116448842
1.00190546869859,-0.543045320478258,-0.555588465314012,-0.0125431448357541,-0.125056393124746
0.439037227856687,0.0201560981279106,0.259240115330027,0.239084017202116,-1.76552869488275
-0.606289505135426,0.245732018049598,0.0635343027679516,-0.182197715281646,-1.74690683374215
0.197807981781583,-0.0522630243505906,-0.132661965007646,-0.0803989406570555,0.6699838169744
-1.32997724336074,1.15894827358672,1.0328641931877,-0.126084080399015,1.9668957129071
-0.123831012985222,-0.0299545443954085,0.0278786461649916,0.0578331905604001,-0.274922111599923
1.00190546869859,-0.392994304633484,-0.481092750364058,-0.0880984457305736,0.669505514393372
-1.00833824859393,0.434531772868841,0.21366731916191,-0.220864453706931,-0.199756922152501
-0.686699253827128,0.763336727254576,0.539415057301845,-0.223921669952732,0.562263180430311
0.599856725240088,-0.703951460366728,-0.739181392416092,-0.0352299320493642,1.20198043943145
-0.123831012985222,0.115010630393434,0.173525366282699,0.0585147358892653,-0.926960674542936
0.439037227856687,-0.106335850137078,-0.08842211414242,0.0179137359946585,0.688668289013872
-0.365060259060323,0.230142869981583,0.346336073630514,0.116193203648931,0.768624735650747
-2.29489422766115,1.48012610824071,1.38540935196157,-0.0947167562791369,1.5664333710567
1.7255932069239,-0.93289618539508,-1.11468020798515,-0.181784022590069,-1.19284622881618
1.00190546869859,-0.5602973585234,-0.65732719692437,-0.0970298384009698,-0.107034424683416
0.197807981781583,-0.140062988573441,0.124078235235956,0.264141223809397,0.291544906470547
-0.686699253827128,0.501618315289785,0.454094108790137,-0.0475242064996484,-0.693640116875321
0.76067622262349,-0.582475460702286,-0.662765254687701,-0.0802897939854152,-0.738979998358615
-0.204240761676922,0.110922994671963,-0.305981166626282,-0.416904161298244,-0.172687161057911
-1.00833824859393,0.661159528007313,0.59115523828256,-0.0700042897247531,-0.0561804349956754
-0.525879756443727,0.385350508195774,0.300680147607174,-0.0846703605886,-2.33440457403465
-1.00833824859393,0.653500931831773,0.515535947074283,-0.13796498475749,1.05022095053894
1.966822452999,-1.17725842370959,-1.21733627484921,-0.0400778511396191,0.821863259072267
0.278217730473283,-0.299761836315502,-0.618634914323002,-0.3188730780075,-0.436524228812767
1.00190546869859,-0.514215356230318,-0.62072751312184,-0.106512156891522,-0.716244933709782
-0.204240761676922,0.146724402505661,-0.257264092087096,-0.403988494592757,-1.48769999709786
-2.21448447896945,0.906077845529826,1.06292356811685,0.156845722587029,2.18298933357406
-0.606289505135426,0.249583218662023,0.290616223428635,0.0410330047666128,1.20616324531439
-0.204240761676922,0.302881808337576,0.267280823262508,-0.0356009850750684,0.213798368449294
0.439037227856687,-0.321557456814646,-0.676328505312627,-0.354771048497982,0.0901257235933124
0.278217730473283,-0.0649569350012624,-0.17795840938725,-0.113001474385988,0.192690673574245
-0.606289505135426,0.322977772004877,0.157724261067005,-0.165253510937871,1.07517447560585
1.966822452999,-1.18840307958298,-1.21188399830928,-0.0234809187262934,0.320838758933969
0.680266473931787,-0.421072318133782,-0.343096211261501,0.0779761068722808,-2.69395318131126
0.680266473931787,-0.458976274581625,-0.611982262244776,-0.15300598766315,-0.862948699994364
1.3235444634654,-1.04544099208592,-1.23870968132641,-0.193268689240496,0.432269017620818
0.278217730473283,-0.112316984104744,-0.213502867246754,-0.10118588314201,0.0119171001028429
-0.365060259060323,0.273672057998495,0.282292214923032,0.00862015692453638,1.18033157389817
0.278217730473283,-0.271297255990576,-0.327282113824223,-0.0559848578336472,1.71622656723333
1.7255932069239,-0.28873566046582,-0.109618510570045,0.179117149895775,0.0162955031836879
-0.84751875121053,0.561660781268074,0.362346556354665,-0.199314224913409,1.64148948392149
0.841085971315191,-0.624896038617384,-0.845343641095085,-0.220447602477702,-0.628026353596857
0.197807981781583,-0.136134232378218,-0.393435145034287,-0.257300912656069,0.103603844493917
-0.365060259060323,0.177076858737132,-0.00085765356453199,-0.177934512301664,-0.548502776199302
-0.123831012985222,0.13065849804344,-0.0284812481164482,-0.159139746159888,-2.86944803071647
-2.29489422766115,1.95809406144035,1.82415523816849,-0.133938823271868,1.21131857212895
1.966822452999,-1.24116229376835,-1.41885937759631,-0.177697083827962,2.90786065166231
-0.686699253827128,0.401964827598528,0.219672060998893,-0.182292766599634,-0.764267744773673
-0.606289505135426,0.340546059775687,0.137734516783009,-0.202811542992679,-1.36558477703305
-1.00833824859393,0.072502517623206,0.521088573628873,0.448586056005667,-0.477445977568072
0.197807981781583,-0.101970465951815,-0.29198058443111,-0.190010118479295,2.27546286080132
-0.0434212642935202,-0.125491538495587,-0.307258416894277,-0.18176687839869,-0.528643168824452
-1.49079674074414,0.960785020746515,0.853471529786536,-0.107313490959979,-0.73639331017495
-0.123831012985222,0.0190317038367373,-0.112813615187203,-0.13184531902394,1.49516263260935
1.2431347147737,-0.522604910346874,-0.34957115020743,0.173033760139444,-0.0439834615289039
0.76067622262349,-0.60810817694771,-0.765569896884002,-0.157461719936293,-1.59887206561868
2.93173943729941,-1.79036632687393,-1.75599531038817,0.0343710164857562,-0.170911689301237
1.966822452999,-0.961509644868948,-1.02874886905775,-0.0672392241888046,0.544544076522586
-0.686699253827128,0.240940361417691,0.443433265599052,0.202492904181362,-0.385598227260919
-0.525879756443727,0.3945593331912,0.233392035492901,-0.1611672976983,-1.31571973084898
1.966822452999,-1.4030934038815,-1.47884120808877,-0.0757478042072739,-1.02495949945879
0.841085971315191,-0.737018310756726,-0.741662241058212,-0.00464393030148624,1.25007099365382
-0.686699253827128,0.395353041027533,0.153975721332353,-0.24137731969518,-0.46736277622011
1.8864127043073,-1.71115526693885,-2.04677285828765,-0.335617591348799,1.00906154441564
0.278217730473283,-0.0559938931080588,0.192354138404456,0.248348031512515,-0.405993890617558
-0.686699253827128,0.193377077255166,0.379266209298561,0.185889132043396,-0.556925380401185
-1.32997724336074,0.9326888700784,0.718280468521033,-0.214408401557366,0.384166837042759
-2.29489422766115,0.773538559753661,0.91744566611781,0.143907106364149,-0.64716512656941
-1.32997724336074,0.870679062573133,0.874013836421213,0.00333477384807979,1.07303409463694
-0.284650510368624,0.100313338204318,0.0530491931644933,-0.0472641450398244,0.921189167532398
-0.686699253827128,0.190381701840494,0.476108784801779,0.285727082961286,-1.02592080400566
-0.123831012985222,0.0955067979978914,0.055303289217594,-0.0402035087802975,-0.0308424769654784
-1.32997724336074,0.834726979391254,0.522759384681377,-0.311967594709877,-0.798524791019437
-0.204240761676922,0.0786716960319427,-0.4469135265334,-0.525585222565343,-0.405792383345335
-1.32997724336074,1.03158091629005,0.739154713011305,-0.292426203278748,1.28680064518198
1.2431347147737,-0.738102107196762,-0.935458298925366,-0.197356191728605,-1.16360666704513
1.2431347147737,-1.02888450157824,-1.2085992922639,-0.179714790685658,-0.967989656157783
0.278217730473283,-0.379147223737801,-0.529159696601418,-0.150012472863616,-0.192747954996459
-0.606289505135426,0.394786155936707,0.311998543419143,-0.0827876125175641,0.387757852124881
0.599856725240088,-0.449710911822711,-0.596300034508271,-0.14658912268556,-1.39892949481426
-0.284650510368624,0.157075339958032,0.0259521111450968,-0.131123228812935,-1.73561989727283
0.599856725240088,-0.157471128460081,-0.0837434706617605,0.0737276577983207,-0.611089542375655
-0.204240761676922,0.220346297893859,0.173746828669981,-0.0465994692238778,-0.829865648961387
-0.525879756443727,0.113805985967884,0.125368151905322,0.011562165937438,-0.457860564129275
-0.0434212642935202,0.104351781323739,0.0572197790693255,-0.0471320022544135,-0.615753189223908
-2.29489422766115,1.19295732463851,1.0211095492477,-0.171847775390812,2.51697752499864
-0.0434212642935202,0.13695299065335,0.129059405335017,-0.00789358531833215,-1.33863952139607
-0.123831012985222,-0.0256079967970783,0.218764510838332,0.24437250763541,-0.0101190834503271
-0.686699253827128,0.257532837084021,0.177617037441484,-0.0799157996425371,-2.22134322232994
-0.204240761676922,0.153038386679892,0.0540785033793539,-0.0989598833005378,1.10902088392627
-2.29489422766115,1.07718583461743,1.14753497007283,0.070349135455398,1.64785017726295
-2.29489422766115,1.74134378700352,1.68615353965213,-0.0551902473513861,1.74169426029068
-0.606289505135426,0.290419047340455,0.200886330520903,-0.0895327168195525,0.64088823364011
1.8864127043073,-1.48165720510128,-1.66333393740279,-0.181676732301511,-0.220707702232561
0.439037227856687,-0.447679282656955,-0.59548967824006,-0.147810395583105,-0.297197605515815
0.680266473931787,-0.171563401767393,0.131309701738817,0.30287310350621,-1.73003217131769
0.197807981781583,0.0257404718954961,0.0611263848265344,0.0353859129310383,-0.704422495793277
-0.84751875121053,0.363843215255184,0.150663638170121,-0.213179577085064,-0.0900936676367843
1.3235444634654,-0.635736082646649,-0.136699364192831,0.499036718453819,0.187307197890092
-0.204240761676922,0.096391856443649,0.122710207115186,0.0263183506715371,0.944129163421689
-0.606289505135426,0.478531965121179,0.399564233055656,-0.0789677320655229,-1.69812411838836
0.278217730473283,-0.342847730281477,-0.534750637233363,-0.191902906951885,-1.28832524149763
-0.284650510368624,-0.0584765697535035,-0.161498601750356,-0.103022031996852,-0.17698123423922
-0.284650510368624,0.188786791859126,0.0606190599285718,-0.128167731930555,-2.36598937879761
-0.84751875121053,0.774543802610256,0.525006239972905,-0.249537562637351,-0.220474965680224
-0.123831012985222,0.149592098105616,0.421277762515883,0.271685664410267,1.8747742001689
1.966822452999,-1.18536407403205,-1.20793417827081,-0.0225701042387634,-0.38638391978315
-1.49079674074414,0.827946140545173,0.835150289450106,0.00720414890493337,0.118113308105188
-0.525879756443727,0.445437588673816,0.317958529661718,-0.127479059012098,-1.13920747663144
-0.525879756443727,0.319528951275161,0.285775039325181,-0.0337539119499802,-1.45866659409059
1.8864127043073,-0.836988526816652,-0.722061083849077,0.114927442967575,-0.212358397440671
-0.365060259060323,0.198401341579562,0.0543821748607013,-0.144019166718861,0.979455156300497
0.197807981781583,-0.197627502260185,-0.525453427301934,-0.327825925041749,-2.21006771820634
-1.41038699205244,1.02987584153544,0.964662623919281,-0.0652132176161593,-0.0785957068565655
-0.204240761676922,0.0183383528355087,0.0802589355468587,0.06192058271135,-1.46839926538499
0.680266473931787,-0.464842134942219,-0.320377123365392,0.144465011576828,3.58270628552899
-0.84751875121053,0.462958853977091,0.47109556016893,0.00813670619183804,-2.18267334921365
-0.284650510368624,0.121455017051163,0.222570512102351,0.101115495051188,-0.622744218312787
-0.606289505135426,0.464064848154157,0.405394232394981,-0.0586706157591758,-1.10075338275581
1.7255932069239,-0.834987179758777,-0.844089273625164,-0.00910209386638705,-0.0760127890648379
-1.41038699205244,0.986702859119024,1.04200913450783,0.0553062753888046,1.04623879118136
0.76067622262349,-0.330959342174403,-0.532803564409618,-0.201844222235215,-2.02204085529126
-1.00833824859393,0.760124705385592,0.575199046422407,-0.184925658963184,-0.596421044239375
0.599856725240088,-0.480498899122832,-0.432210804666066,0.0482880944567663,0.519351248880847
0.599856725240088,-0.423711557158894,-0.564453831770997,-0.140742274612103,-1.26812535355179
-0.365060259060323,0.178751080626901,0.126728964103454,-0.0520221165234468,1.17734587886407
0.599856725240088,-0.305810394830474,-0.39421681256438,-0.0884064177339062,1.03049134906192
-1.49079674074414,0.712106488741338,0.746193184211057,0.0340866954697189,-0.444294617462006
1.3235444634654,-0.94316042475651,-1.00556387319033,-0.0624034484338207,-1.97123936367437
-0.204240761676922,0.307718781887822,0.270540823182712,-0.03717795870511,-0.522274679005523
1.966822452999,-1.43678960078656,-1.6804595435572,-0.243669942770639,0.515626929778571
0.197807981781583,-0.21240770043997,-0.218967454882773,-0.0065597544428026,1.13582298859808
-0.0434212642935202,0.0611318581454984,-0.257279789624487,-0.318411647769985,0.205473883794141
-0.606289505135426,0.276811189686766,0.102547595559547,-0.174263594127219,-0.979527710359359
0.197807981781583,-0.258426320057854,-0.545459182405836,-0.287032862347982,0.404678417951448
0.680266473931787,-0.323715170457532,-0.372350065903775,-0.0486348954462431,0.0240268541982843
0.680266473931787,-0.566996273432499,-0.789105643447735,-0.222109370015236,0.868963509548109
-0.365060259060323,0.239127017842531,0.0977791721612454,-0.141347845681286,-1.67875911844955
1.2431347147737,-1.06636976977331,-1.13852071730053,-0.072150947527222,1.28283774434827
0.278217730473283,-0.274699221194686,-0.333993644045701,-0.0592944228510149,0.0970859393364426
1.2431347147737,-0.165871708059343,0.0289515061921786,0.194823214251521,-0.00853384875735697
-0.686699253827128,0.432326920847076,0.316769128061636,-0.11555779278544,-0.750440040849533
0.599856725240088,-0.410087568267291,-0.465551640657749,-0.0554640723904581,-0.646868264756532
0.197807981781583,-0.25161312912921,-0.83610707518929,-0.58449394606008,-1.33858057009323
0.599856725240088,-0.300804523767559,-0.404366595475967,-0.103562071708407,0.522874908963338
-0.204240761676922,0.147505404141306,0.17520429358181,0.0276988894405044,0.113309878502775
2.93173943729941,-1.65866637869204,-1.75755376904252,-0.0988873903504781,-0.290920482169635
-0.84751875121053,0.754875441436787,0.346821283244878,-0.408054158191909,-2.04733415651861
-2.29489422766115,1.79856536520073,1.45442793838006,-0.344137426820674,-0.835893631812836
-0.84751875121053,0.83947526332724,0.718965191246537,-0.120510072080703,-1.59157867958058
-0.365060259060323,0.146912711008559,0.13811988937321,-0.00879282163534903,0.609427835511839
-2.29489422766115,0.982993036913754,1.05743406568192,0.0744410287681617,0.354417412654716
-0.84751875121053,0.398534466200428,0.281807829350294,-0.116726636850134,-1.95175961774616
1.3235444634654,-0.828839513322347,-0.965638084018508,-0.136798570696161,-0.799998768399561
0.278217730473283,-0.0841269440159719,0.025938081366823,0.110065025382795,0.633527129617511
-0.84751875121053,0.635102082038395,0.486755294698287,-0.148346787340108,-0.244502409336628
-2.21448447896945,1.61871176636385,1.74368685208554,0.124975085721699,-1.01550429039173
-0.284650510368624,0.0805717826179833,0.0331151260473431,-0.0474566565706402,1.72738085898552
1.2431347147737,-0.672123627761008,-0.663641283926942,0.00848234383406565,-0.745900358909245
1.966822452999,-1.28545388987851,-1.36167725914097,-0.0762233692624599,-0.994328452340867
0.76067622262349,-0.652014327090823,-0.773123434677931,-0.121109107587108,-1.63655654546824
-0.204240761676922,0.110593408440874,0.176838224464014,0.0662448160231398,-0.922370905514105
-0.284650510368624,0.126188012548675,0.162459461593291,0.0362714490446159,1.46740048455427
-0.204240761676922,0.223156194678131,-0.0171601101026242,-0.240316304780755,-1.17012585432244
-2.29489422766115,1.62500671850561,1.40743053554925,-0.217576182956363,-2.55869681394072
0.680266473931787,-0.392233695223856,-0.629601719370487,-0.237368024146631,0.0874265823046715
0.680266473931787,-0.381747286368798,-0.441238556077422,-0.0594912697086242,1.6008423184687
-0.123831012985222,0.113805380215272,0.132464199256616,0.0186588190413449,-0.846445012927593
0.841085971315191,-0.46061757680732,-0.577727004779584,-0.117109427972265,0.124352906425514
-0.123831012985222,-0.0627090250160129,-0.296875906014364,-0.234166880998351,0.596008333454831
1.00190546869859,-0.636582736817441,-0.62639222275274,0.0101905140647005,0.0886092383010512
0.197807981781583,-0.150674023076085,-0.331446540555373,-0.180772517479288,0.807656330986682
-0.606289505135426,0.125687403354753,0.472257116111327,0.346569712756575,2.00555741016255
0.278217730473283,-0.108852301607955,-0.122820137283605,-0.0139678356756496,0.615121203290426
-0.284650510368624,0.0773622686079519,0.160241438954305,0.0828791703463536,1.54943178147797
1.00190546869859,-0.538066970719921,-0.448085631397431,0.0899813393224906,0.887736623792622
-0.284650510368624,0.249170212771784,0.121084138473404,-0.12808607429838,-0.951898434242558
0.439037227856687,-0.291550881830165,-0.378250168948742,-0.0866992871185774,-0.00175751469313301
-0.284650510368624,0.116391246797701,0.16012024688606,0.0437290000883595,-0.134837810315774
1.8864127043073,-1.45753095702155,-1.81256769864653,-0.355036741624984,0.49984253415353
-0.123831012985222,0.0171654728666391,0.0241458748436323,0.00698040197699314,-0.120130971816001
-0.525879756443727,0.636291515738403,0.471900345481791,-0.164391170256612,-2.13828078044368
-2.21448447896945,0.987037596327005,1.09521692117816,0.108179324851153,-0.0427871850265646
1.2431347147737,-0.689862621139305,-0.741617331916347,-0.051754710777042,-0.182539608993024
-0.365060259060323,0.0872071345713861,-0.064453830959557,-0.151660965530943,-1.12661718136131
-2.21448447896945,0.686431320802721,0.708297798899668,0.0218664780969471,0.630797990524977
-0.606289505135426,0.426153695800906,0.272283636541946,-0.15387005925896,0.440479447485854
-0.123831012985222,0.156726249711371,0.289846349735945,0.133120100024574,0.56618790257104
-0.84751875121053,0.616356116325519,0.449050314920472,-0.167305801405047,0.179646037389744
-0.525879756443727,0.489654393659542,0.381120758949498,-0.108533634710044,-0.853473138386667
0.278217730473283,-0.124094887683158,-0.423328098466791,-0.299233210783634,-0.895956879656997
-0.123831012985222,0.0994069789365568,0.0451517791766354,-0.0542551997599215,1.01392234481183
-0.204240761676922,0.153744478369508,0.316712256918378,0.16296777854887,-0.253866521070455
1.966822452999,-1.1592172047051,-1.25433727176353,-0.0951200670584296,-0.63882060754513
0.439037227856687,-0.183258087751466,0.0423716090239264,0.225629696775393,1.05720250443301
1.8864127043073,-1.41195926175949,-1.50109427917907,-0.0891350174195795,0.737127513141238
0.841085971315191,-0.754935226091206,-0.996239510912218,-0.241304284821012,-0.430420372454151
-0.365060259060323,0.22962651814557,-0.0048070851549489,-0.234433603300519,-0.32766321173143
0.278217730473283,-0.00111517544071024,-0.0660063277887049,-0.0648911523479947,-0.785102997639315
-0.204240761676922,0.145827025157136,0.229794906820851,0.0839678816637144,0.674640775958333
0.278217730473283,-0.330669977495618,-0.373416603291281,-0.0427466257956632,0.879693569972685
-1.32997724336074,0.789252986771944,0.837789099776779,0.048536113004835,-0.0683108114584642
0.278217730473283,0.0166703663333815,0.258866810718688,0.242196444385307,2.35304563912773
-1.41038699205244,1.09227547515049,0.977876790104626,-0.11439868504586,0.239506131534333
0.197807981781583,-0.197873505647606,-0.3847496145077,-0.186876108860094,-0.609066296795112
-0.525879756443727,0.327115591237052,0.122616924515952,-0.204498666721099,0.130449233556125
0.599856725240088,-0.353559484226267,-0.418269790736728,-0.0647103065104615,0.678532163144011
-0.123831012985222,0.18842939941431,0.169214271077391,-0.0192151283369193,2.17563778403615
-1.41038699205244,0.550475378007375,0.431072184039171,-0.119403193968205,-1.71181713097645
0.599856725240088,-0.460176027015068,-0.518247917310411,-0.0580718902953433,-1.80675314924907
0.841085971315191,-0.314759329689668,-0.214604697587228,0.10015463210244,0.265269136167232
1.8864127043073,-1.30896231400171,-1.35524073871321,-0.0462784247114962,0.94818289928042
0.197807981781583,-0.028751307411532,-0.247064804018357,-0.218313496606825,-0.641778177314702
-0.84751875121053,0.38404912824077,0.384392274723831,0.000343146483061552,0.155224589189993
-0.0434212642935202,-0.094284979041419,-0.058340788426902,0.035944190614517,0.530582653013579
1.7255932069239,-0.642445208739298,-0.634335897239186,0.00810931150011163,1.62470500328916
-2.29489422766115,1.96482766816204,1.82910345777065,-0.135724210391386,-0.94547209096775
-0.123831012985222,0.205981950000404,0.0487431252058972,-0.157238824794507,1.58086853610658
-0.606289505135426,0.490506825375678,0.445023528712847,-0.0454832966628311,1.00681890121218
0.599856725240088,-0.253438467956079,-0.283651654422152,-0.030213186466073,-2.77210066099876
-0.284650510368624,0.137017755910212,0.141255416428867,0.00423766051865471,0.0541187848434599
-0.84751875121053,0.786855957365425,0.55260419934614,-0.234251758019285,2.06346862447
-1.41038699205244,0.829129472487222,0.876649358632062,0.0475198861448394,-0.623677314269302
1.7255932069239,-0.495834398663677,-0.322161842872816,0.173672555790861,0.38218673448564
0.197807981781583,-0.172651331257224,-0.0862729179856942,0.0863784132715296,1.86933165333215
0.278217730473283,-0.124419399968371,-0.0560966119507705,0.0683227880176004,-0.0225023789788169
-0.123831012985222,0.087734095707298,-0.107323586026899,-0.195057681734197,1.46858770291762
-0.284650510368624,0.32426640556689,-0.0156785685411959,-0.339944974108086,0.605340021444756
0.278217730473283,-0.382240656329499,-0.475340051122517,-0.0930993947930188,0.91693598719765
-2.29489422766115,1.38143014147005,1.41619159732388,0.0347614558538329,-0.349578376748009
1.8864127043073,-0.931967825500633,-0.661756675550264,0.270211149950369,0.936691394895036
0.278217730473283,-0.303059596617878,-0.0648169335332895,0.238242663084588,-1.98319488798275
1.7255932069239,-1.17349688435038,-1.06454051452237,0.108956369828009,-2.762843496254
-0.686699253827128,0.229677281018933,0.320035239970249,0.090357958951316,-0.408479981568629
0.278217730473283,-0.213355504068963,-0.196738685502413,0.0166168185665495,0.358128433669868
-0.284650510368624,0.0413046106302975,-0.293585501664703,-0.334890112295,0.0353813005031264
-0.204240761676922,0.148257863047583,0.253414296506477,0.105156433458894,-0.312879107695266
-0.84751875121053,0.359812526722853,0.441564644059652,0.0817521173367988,0.631275168684788
1.3235444634654,-0.692137713066878,-0.750176727177148,-0.0580390141102708,-0.211297340291132
-1.49079674074414,1.07857636059083,0.931710052462675,-0.146866308128159,-0.856329000901953
-0.84751875121053,0.65554386299679,0.3792972974709,-0.27624656552589,-0.200859403445471
1.2431347147737,-1.04915483822696,-1.23009366583843,-0.180938827611464,-0.396738985435767
-1.49079674074414,0.494027361152555,0.442901491523342,-0.051125869629213,-0.991308328652338
-0.284650510368624,0.203796037162356,0.0119535458538449,-0.191842491308511,-1.94622070392907
0.841085971315191,-0.516807752518306,-0.536458715409097,-0.0196509628907914,2.42434769592886
1.8864127043073,-0.957974513125843,-0.906741802937435,0.051232710188408,2.30034875083962
0.680266473931787,-0.43513585858642,-0.68415570120619,-0.24901984261977,-0.584178644446813
-0.365060259060323,0.139070256653724,-0.0507585955912159,-0.18982885224494,-0.73668126330144
-0.284650510368624,0.267179431327995,0.237173407644723,-0.0300060236832719,-0.583018722800335
0.599856725240088,-0.438101626701136,-0.465659221405299,-0.0275575947041627,0.118868337238103
0.439037227856687,-0.272936544989359,-0.115758827081883,0.157177717907476,0.433918003219885
-0.686699253827128,0.48513613182934,0.179200474594301,-0.305935657235039,0.513779641636013
2.93173943729941,-1.56877075037587,-1.5870517533746,-0.0182810029987215,-2.30335253902264
-1.00833824859393,0.656203650036629,0.66480235369736,0.0085987036607309,0.205375625450972
-0.123831012985222,-0.21592364943127,-0.349806788649769,-0.133883139218499,-2.11894480763809
-0.284650510368624,0.213874186263447,0.304389291316015,0.0905151050525676,0.73078527055849
-0.606289505135426,0.453446040006238,0.205582245928597,-0.247863794077641,-0.782800202103664
1.966822452999,-1.57315422975964,-1.74027227046513,-0.167118040705484,-1.20580959765849
0.278217730473283,-0.252905270925362,-0.479602745285673,-0.226697474360311,-2.83978927745987
-0.686699253827128,0.350777483950658,0.332355891657333,-0.0184215922933247,-0.624793542188621
0.278217730473283,-0.0581425786289859,-0.00450981203352828,0.0536327665954576,-0.763030810275137
-0.284650510368624,0.324929253890209,0.0171502270992852,-0.307779026790924,-1.66592397038713
0.680266473931787,-0.34990463745665,-0.387146459781816,-0.0372418223251663,-1.80882315745731
0.439037227856687,-0.404294522550729,-0.470824494474068,-0.0665299719233383,0.872226943479079
1.7255932069239,-1.1465872379831,-1.15041065260426,-0.00382341462115976,1.45573647758448
0.197807981781583,0.000989095944382651,-0.0296801320403508,-0.0306692279847334,0.21196652509437
0.599856725240088,-0.194895740419931,-0.0976502321096408,0.0972455083102907,1.44845397811387
0.76067622262349,-0.384922040835215,-0.413928478878668,-0.0290064380434525,-1.01691216897466
-1.32997724336074,0.904440234637376,0.682585981726882,-0.221854252910494,-0.324450703551428
-0.84751875121053,0.42015949152689,0.429862881222543,0.00970338969565321,0.971633509185018
0.599856725240088,-0.107307041025877,-0.0470703361284029,0.0602367048974737,-0.307064013437489
0.278217730473283,-0.0858249070252418,-0.472328465187457,-0.386503558162215,-0.675205106256455
-1.49079674074414,1.18132897123141,1.17828312057588,-0.00304585065553353,0.0611940924839487
1.3235444634654,-1.11358801807421,-1.20879456831504,-0.0952065502408319,-0.470105410514621
-0.204240761676922,0.106626976349919,0.128315657544098,0.0216886811941791,0.159349479523995
0.197807981781583,-0.28554895142451,-0.351782664669459,-0.0662337132449488,0.238235826535168
-0.606289505135426,0.615315590900453,0.568093201038093,-0.0472223898623596,0.773795564696293
-1.41038699205244,0.224929021794252,0.555910538273643,0.330981516479391,1.33856808338516
-2.21448447896945,1.60532381539146,1.30072021362279,-0.30460360176867,-1.58041250843614
0.278217730473283,-0.144869181082766,-0.26192844453165,-0.117059263448884,-0.472613796058638
-0.123831012985222,0.0407246667418733,-0.0784922488523052,-0.119216915594178,-0.830453119612782
-0.84751875121053,0.567881285058926,0.515702886990531,-0.0521783980683949,-0.081071669682441
-0.686699253827128,0.866121998643759,0.551863354510466,-0.314258644133293,-0.0229126063835389
-0.204240761676922,0.0440687992157093,-0.0886115762864618,-0.132680375502171,-0.402557022477322
-0.204240761676922,0.186156425379372,0.027711269262103,-0.158445156117269,-1.34320610421583
0.278217730473283,-0.0987912571556199,-0.0736615012985365,0.0251297558570834,0.334021815219881
1.8864127043073,-0.764502253631543,-0.663099172595716,0.101403081035827,-1.58513068698767
-0.284650510368624,0.194961876783007,-0.177039544909594,-0.372001421692601,-0.832983974535752
1.00190546869859,-0.780832133834053,-0.866322337613234,-0.0854902037791806,0.582042764070197
1.8864127043073,-1.05234525474333,-1.01182489982901,0.0405203549143212,0.926658011643587
0.599856725240088,-0.233666330132667,-0.0771246183534359,0.156541711779231,0.419903808974661
0.599856725240088,-0.356146024397074,-0.381201192231012,-0.025055167833938,0.36251222873804
0.197807981781583,-0.0863390380362224,-0.122134417810879,-0.0357953797746563,0.254465888392314
0.278217730473283,-0.18804082024439,-0.194993418717124,-0.00695259847273372,0.227254848575539
-0.284650510368624,0.211572062010934,0.10802846730973,-0.103543594701204,-1.23151371755189
-0.525879756443727,0.461688867871574,0.479981375289582,0.0182925074180085,-0.936083862188398
-0.365060259060323,0.240221786030609,-0.0430417735501386,-0.283263559580747,-0.611529322845674
0.439037227856687,-0.182834247009602,-0.3253062880904,-0.142472041080798,-1.25111853120077
-0.284650510368624,0.303309484787772,0.304342265393463,0.00103278060569101,2.02137000823106
0.76067622262349,-0.468662213256826,-0.879015045744419,-0.410352832487593,0.488276203075835
2.93173943729941,-2.28523436753557,-2.41797248721069,-0.132738119675124,0.410101898863065
-0.686699253827128,0.43087835220283,0.140635383218556,-0.290242968984273,-3.50264564611378
-0.686699253827128,0.36776102520423,0.501106808129554,0.133345782925324,-0.389548732172287
0.278217730473283,-0.0586854530553913,-0.0582224344770244,0.000463018578366947,-0.319271850590775
0.76067622262349,-0.148693020776112,-0.0149790738757237,0.133713946900388,1.12123879546787
-1.32997724336074,0.51722908675898,0.305020425017777,-0.212208661741203,1.56897984261356
1.966822452999,-1.1168631517647,-1.13174889839971,-0.0148857466350114,-0.702919453813197
-0.84751875121053,0.656094765844262,0.521274756478068,-0.134820009366193,-2.08400225214553
-0.204240761676922,0.189576357280591,0.223371684185941,0.0337953269053503,0.874225067811072
2.93173943729941,-1.58075248790928,-1.53651455921528,0.0442379286939971,-0.274306413965757
0.278217730473283,-0.213078978161281,-0.286137204675629,-0.0730582265143482,0.744009675127183
0.197807981781583,-0.174573288886632,-0.300026821101556,-0.125453532214924,0.612245574238486
0.278217730473283,-0.387687838947656,-0.421351108066967,-0.0336632691193107,-0.108146880530124
0.599856725240088,-0.378878316737918,-0.330427934672222,0.0484503820656969,-0.0878656798119948
-0.204240761676922,0.03851954414838,0.0335994197841833,-0.00492012436419674,1.54105690069855
-0.123831012985222,-0.0166494116102789,-0.123355478520468,-0.106706066910189,-0.127727388393422
-0.84751875121053,0.747076926327731,0.543396601080633,-0.203680325247098,0.327738401509882
-0.686699253827128,0.401397799684051,0.263989030512976,-0.137408769171074,-1.95299602720536
0.278217730473283,-0.263786124306262,-0.420801140959525,-0.157015016653263,-0.533748413889355
-0.84751875121053,0.43377990681547,0.465870337337625,0.0320904305221553,-3.73854837643708
0.599856725240088,-0.269573922840004,-0.481493353991048,-0.211919431151044,-0.833372890082425
-0.686699253827128,0.279385857750394,0.283831311767673,0.00444545401727942,0.449673151148232
0.680266473931787,-0.0987972808033683,-0.158142513108898,-0.0593452323055294,0.195806516639118
0.76067622262349,-0.559158631316438,-0.676740593550382,-0.117581962233944,0.728412599347889
-0.204240761676922,0.0579335793739074,0.240899628086835,0.182966048712928,0.00857603885406227
-0.525879756443727,0.170162771173976,0.190818414347769,0.020655643173793,-1.14748965437119
-0.204240761676922,0.177367006992858,0.0838530688027333,-0.0935139381901246,0.425808114096333
-0.606289505135426,0.22146873151393,0.356980057741909,0.13551132622798,-3.35747334128867
-0.204240761676922,0.0723558265663227,-0.0884461902006756,-0.160802016766998,0.519210730332955
-0.525879756443727,0.549632751893317,0.205617390780609,-0.344015361112708,1.61685039351951
0.278217730473283,-0.208184208961296,-0.419573460348435,-0.211389251387139,-0.0899686033947454
-0.365060259060323,0.391782453987853,0.329803246703218,-0.0619792072846355,0.543784505577774
-0.123831012985222,0.0176534858916384,0.0367676291421331,0.0191141432504947,-0.0863008310430255
1.00190546869859,-0.61435122607963,-0.674263338218821,-0.05991211213919,-0.851416231947183
-0.606289505135426,0.396605052418119,0.181251765894367,-0.215353286523751,-1.46281006352961
-0.84751875121053,0.478777202357329,0.274062695546502,-0.204714506810827,1.01802111767103
-0.84751875121053,0.502626749286413,0.441982002213451,-0.0606447470729614,-0.674602780807919
2.93173943729941,-2.0843760094442,-2.11483759016673,-0.0304615807225228,-0.304917275035988
-0.84751875121053,0.445420491220789,0.48483128602645,0.0394107948056617,-0.903347752653437
-0.606289505135426,0.452507358524331,-0.0190656326674769,-0.471572991191808,-0.246662593077441
-0.686699253827128,0.373917118241177,0.187488720910312,-0.186428397330865,0.83428337946088
0.841085971315191,-0.711846391566501,-1.04380326342552,-0.331956871859017,0.442906113056437
-0.84751875121053,0.435347914788537,0.58505675204301,0.149708837254473,-0.315983004660352
0.439037227856687,-0.242902688559752,-0.336905223545132,-0.0940025349853799,1.24107921576301
0.76067622262349,-0.153237733899484,-0.0430173487200975,0.110220385179386,-0.116958721866943
-0.123831012985222,0.103853095893415,0.138791088493341,0.0349379925999257,0.226661456153356
-0.365060259060323,0.0257273906393177,-0.0415102400681943,-0.067237630707512,0.568405556990551
-0.84751875121053,0.375925484059355,0.334047184845329,-0.041878299214026,-0.312832914512497
-0.606289505135426,0.271977952739002,-0.0163142529852052,-0.288292205724207,-2.96034968337441
-0.525879756443727,0.145382504070951,0.169765710254052,0.0243832061831005,-0.876884922292781
0.680266473931787,-0.409523776680581,-0.685220611954394,-0.275696835273813,-0.00264299111341704
-0.606289505135426,0.31102233818695,0.546538806927837,0.235516468740886,-0.697999075463968
-1.49079674074414,1.01582034157858,0.793549555474277,-0.222270786104298,0.478184946061173
1.2431347147737,-0.987696056689891,-1.20656978721774,-0.218873730527852,1.17863371348629
-0.123831012985222,-0.0452935896062784,0.0376813593855481,0.0829749489918265,0.277158516231589
2.93173943729941,-1.6147720904232,-1.92077650896486,-0.306004418541662,1.06265740209561
-0.84751875121053,0.360217795904173,0.202365150099965,-0.157852645804207,0.647467375852309
-0.0434212642935202,0.0114946609357704,-0.373588106202833,-0.385082767138603,-3.43925120343947
1.3235444634654,-0.794013130159699,-0.744334929587518,0.0496782005721815,-1.46856342123024
-1.41038699205244,1.02089152145022,1.02069378864339,-0.000197732806824114,-0.550079537754061
-0.686699253827128,0.423830644315628,0.270004313094954,-0.153826331220675,-0.232879053526059
-0.284650510368624,-0.0542667799649587,-0.17344455072068,-0.119177770755721,1.52569596039382
-1.41038699205244,0.56145158075494,0.675109723221189,0.113658142466249,-0.145477838159082
1.3235444634654,-1.23498772116757,-1.28429718354071,-0.0493094623731383,0.322831510458326
-0.284650510368624,0.178885409614474,-0.00532983607232135,-0.184215245686796,0.223626938809848
2.93173943729941,-2.02516694158128,-2.30848740864601,-0.283320467064731,-0.424609779533443
0.278217730473283,-0.155096630451119,-0.186197584388837,-0.0311009539377174,-0.0949155379406796
2.93173943729941,-1.54054940259214,-1.57652290852525,-0.0359735059331145,-0.780864550357863
-0.204240761676922,0.156785620715081,0.162067073822433,0.00528145310735123,2.09122947907793
1.7255932069239,-0.92579759335709,-1.09035041487218,-0.164552821515088,0.116960713385069
-0.686699253827128,0.489040076249309,0.604064421304476,0.115024345055167,0.0524790824883746
1.7255932069239,-0.723376722943901,-0.836911031820733,-0.113534308876833,-0.110123141863077
-0.123831012985222,0.0262055182289514,-0.224621764821303,-0.250827283050255,-0.735340756695172
1.7255932069239,-0.846665427199735,-0.681259396157315,0.16540603104242,0.301249472280105
0.278217730473283,-0.0784506097247156,0.0377522926358064,0.116202902360522,-0.354360357273033
-0.365060259060323,0.374877810753905,0.384164452259902,0.00928664150599723,0.719897102638541
-0.204240761676922,0.181499481662556,0.19348114967606,0.0119816680135035,0.207368925065263
1.3235444634654,-0.965254760166998,-1.08415874111144,-0.118903980944443,-0.878148403866889
-0.284650510368624,0.292684668529728,0.235963773968989,-0.0567208945607392,1.13706883230365
-0.606289505135426,0.248869478158737,0.335911634790705,0.0870421566319678,1.12887824045633
-0.84751875121053,0.352519303029722,0.337020707451489,-0.0154985955782329,0.893025653336171
-0.365060259060323,0.230499553108145,0.396206370068402,0.165706816960257,0.663322782500781
-0.284650510368624,0.0424991998557124,0.126934714789074,0.084435514933362,1.63497721561678
0.680266473931787,-0.3285521740276,-0.552166157071676,-0.223613983044076,0.771296869952947
-0.284650510368624,0.208917060178098,0.362269543162982,0.153352482984885,0.216783899949761
-0.204240761676922,0.248170670877582,0.230255549649995,-0.0179151212275875,-0.684494184200135
0.197807981781583,-0.112327985729954,-0.363230082327663,-0.250902096597709,0.885934243551868
-2.29489422766115,0.84678549382228,0.804833963761172,-0.0419515300611084,1.17004069065076
-0.284650510368624,0.158815244463329,0.0677713921520604,-0.0910438523112689,0.665734280041662
1.00190546869859,-0.621893556269028,-0.599040633229365,0.0228529230396624,-0.127577090012621
0.599856725240088,-0.309575563611773,-0.0790813545719717,0.230494209039801,0.58382062474737
1.8864127043073,-1.41272542760701,-1.45416158145355,-0.0414361538465475,-1.5858713099054
-0.284650510368624,0.045145943745873,0.208086816275429,0.162940872529556,1.68086785346033
2.93173943729941,-1.85885080245176,-1.98567296064396,-0.126822158192195,-2.31190107563004
0.197807981781583,-0.180589876260598,-0.315888798162083,-0.135298921901485,-0.405425365879237
0.680266473931787,-0.207988086062055,-0.232411153198902,-0.0244230671368471,1.11110940175164
0.841085971315191,-0.604808743651455,-0.76824664209324,-0.163437898441785,-0.989808337338652
-0.84751875121053,0.377958682228815,0.330922702733383,-0.0470359794954325,0.852161899290439
1.2431347147737,-0.615936101361989,-0.674954340818961,-0.0590182394569722,1.84125860392233
0.278217730473283,-0.262607356638418,-0.37522806199176,-0.112620705353342,0.734578754370764
0.278217730473283,-0.264936033082216,-0.371360367096554,-0.106424334014338,-0.655966067197916
-0.123831012985222,0.264636430722044,0.16155175830778,-0.103084672414263,-0.0539433442953453
1.2431347147737,-0.523787236811058,-0.50880795380747,0.0149792830035885,0.0179381906931721
-0.284650510368624,0.0601709474559902,0.014343786099234,-0.0458271613567562,-0.302163372384805
0.278217730473283,-0.0954545206614012,0.0110809886811911,0.106535509342592,-1.35786539611171
1.00190546869859,-0.537517690945327,-0.485556372882356,0.0519613180629712,0.478621303483553
-0.123831012985222,-0.0167162197435276,-0.0985008603575631,-0.0817846406140355,-0.794786984260943
0.197807981781583,0.0722088892500991,0.0719822433576901,-0.000226645892409005,-1.27083679220564
1.8864127043073,-1.38423199502649,-1.54792903605326,-0.163697041026765,1.78688548315506
0.680266473931787,-0.286299309234476,-0.331966608046064,-0.0456672988115879,1.04302770969465
1.3235444634654,-0.95145945651419,-1.17628929650208,-0.224829839987892,-0.391266058045847
-0.204240761676922,0.112162291553827,0.0538037062422233,-0.0583585853116036,0.308079707691567
-1.41038699205244,0.931627970242125,0.755923462203443,-0.175704508038681,-0.293007477399012
-2.29489422766115,0.718410283214952,0.971412449396816,0.253002166181865,0.757753758873156
-2.21448447896945,1.54214877135286,1.37394844244947,-0.168200328903398,0.521212708036676
-0.525879756443727,0.205181274146091,-0.0950888116102799,-0.300270085756371,-0.80291769718671
0.278217730473283,-0.146085613751441,-0.24023003208431,-0.0941444183328692,-0.837453544792788
0.599856725240088,-0.368906129733624,-0.339170887271035,0.0297352424625889,0.759465195115336
-0.365060259060323,0.0802904535736253,0.10170358005626,0.0214131264826351,0.557408487176014
-1.41038699205244,0.948525026556661,0.940347077982835,-0.0081779485738267,-0.125517946357823
0.680266473931787,-0.570318858583055,-0.797359899666535,-0.22704104108348,-0.873241501941143
0.599856725240088,-0.23718995103874,-0.26961556672915,-0.0324256156904099,-1.9797121412216
-0.204240761676922,-0.0252849201781189,0.0623566772018284,0.0876415973799473,-0.966352986509137
0.197807981781583,-0.0883280053386559,-0.158724174360478,-0.0703961690218222,-0.674142293980415
-0.0434212642935202,0.0347425337789997,-0.117050117627961,-0.151792651406961,1.37947672195329
1.7255932069239,-0.229587011652894,-0.0240863954625874,0.205500616190307,-1.04144299666209
-1.00833824859393,0.626071305898056,0.414878241826779,-0.211193064071277,0.239473062252817
1.8864127043073,-1.12523994510742,-1.14712613958086,-0.0218861944734376,-0.032039101999894
0.439037227856687,-0.292654491870554,-0.691448828776525,-0.398794336905971,-0.186544203028702
0.439037227856687,-0.382930036897045,-0.347868254364544,0.0350617825325004,-2.53720818563371
0.278217730473283,-0.133736600218778,-0.24417830156914,-0.110441701350362,0.544800439758472
-0.84751875121053,0.533200268240382,0.429647525008855,-0.103552743231527,0.508831919047067
0.680266473931787,-0.201583442456774,-0.123538110460337,0.0780453319964372,0.742209059382151
1.2431347147737,-0.981710097631555,-1.12095790262064,-0.139247804989082,1.06382232384321
1.966822452999,-0.998136223938005,-1.29697696688219,-0.298840742944184,-0.989250507602302
-0.284650510368624,0.0556133262056154,-0.0940579519693201,-0.149671278174936,-0.512052061313081
-0.365060259060323,0.0501786600899312,-0.308593757862495,-0.358772417952426,-2.14288205841974
-0.686699253827128,0.443887278191354,0.423985131990669,-0.0199021462006844,0.632513527310605
-0.204240761676922,0.246330885076763,0.223423630850922,-0.0229072542258413,-1.71065055761251
0.278217730473283,-0.259077744681555,-0.0350203164038043,0.22405742827775,0.841069848010645
-0.686699253827128,0.510502843093828,0.487026142354784,-0.0234767007390436,-0.821783709841398
-0.123831012985222,0.0739949669706864,-0.0741459061975142,-0.148140873168201,-1.38411292821019
0.197807981781583,-0.0177662863993677,-0.232999094808181,-0.215232808408813,0.193997574623702
-1.49079674074414,1.31402045058535,1.01301287556571,-0.301007575019635,-0.16162906798598
2.93173943729941,-1.75395200737328,-1.81766055998511,-0.0637085526118306,-1.29998536473714
2.93173943729941,-1.23680109513926,-1.33656819337146,-0.0997670982321996,0.415523801244165
-0.606289505135426,0.434469950768759,0.487842426563816,0.0533724757950572,-1.05413094175388
-0.123831012985222,0.203280781034709,0.0671214444789112,-0.136159336555798,-1.22379849365944
-1.00833824859393,0.565319459988654,0.474748535659451,-0.0905709243292023,-1.08438442097374
0.599856725240088,-0.261075595168394,-0.319578251222217,-0.0585026560538233,0.52257446393284
2.93173943729941,-1.52719818911612,-1.8478334359506,-0.320635246834484,-0.292213842158281
-0.123831012985222,0.0378360193011198,0.171040613722148,0.133204594421028,-1.0875797678839
-0.284650510368624,0.223892556158006,0.258620784230077,0.0347282280720719,-1.22191430425004
0.680266473931787,-0.372439032353956,-0.24986999392511,0.122569038428846,1.57747850608065
-2.21448447896945,1.33846117062388,1.17797660950454,-0.160484561119342,1.251859886208
2.93173943729941,-1.65105232494931,-1.63012451492671,0.020927810022596,-0.870992210436269
0.197807981781583,-0.0659272759619246,-0.174695735075912,-0.108768459113987,0.469976071395295
-1.00833824859393,0.593472124791983,0.580157285840813,-0.0133148389511704,-0.477271460313813
-1.32997724336074,0.848834135934889,0.804744264799338,-0.044089871135551,1.3407605161222
-0.365060259060323,0.112178319486508,0.165790864888441,0.0536125454019335,1.36110365666911
-0.365060259060323,0.234426934864576,-0.178701716164424,-0.413128651029,-0.468981116132472
-0.123831012985222,0.0183065754128316,0.0732806749878834,0.0549740995750518,-0.459859671612223
0.680266473931787,-0.337319064891725,-0.461741813563735,-0.124422748672009,0.444320746101025
-1.00833824859393,0.368425148624013,0.360607117665785,-0.00781803095822736,-0.110540671146259
-1.32997724336074,0.947193899663325,0.767738152768256,-0.179455746895069,1.1180718824692
-0.525879756443727,0.398338560755549,0.349434019921858,-0.0489045408336905,2.37070172837748
0.841085971315191,-0.622375371997728,-0.654881249000446,-0.0325058770027182,-0.76340419180639
-0.204240761676922,0.378125741288637,0.363122148751638,-0.015003592536999,1.34905009697241
-0.606289505135426,0.33526260626104,0.147153256443911,-0.188109349817128,-0.823700445699196
-0.123831012985222,0.157312486990376,0.171158627294199,0.0138461403038237,-0.264499650080734
0.197807981781583,-0.126194603673569,-0.102678572332042,0.0235160313415273,3.72911438341532
-0.365060259060323,0.375251292022558,-0.168244506443166,-0.543495798465724,-1.12061405595011
0.599856725240088,-0.216069962251903,-0.339423234542464,-0.123353272290561,-0.48426384243532
-0.606289505135426,0.376191112984673,0.333874133371107,-0.0423169796135659,-0.175482429664837
-0.284650510368624,0.170051096386103,-0.00661261983713243,-0.176663716223235,1.5228466523196
0.841085971315191,-0.379770616122432,-0.262338449722495,0.117432166399937,-0.219894364743263
-0.606289505135426,0.432934590515198,0.290551907654906,-0.142382682860292,-0.548313871989117
-0.686699253827128,0.241938473556304,0.497440841128643,0.25550236757234,-0.866322381420445
-1.49079674074414,0.226079358637492,0.383878881443593,0.1577995228061,-0.220448164722338
-0.284650510368624,0.12658405415662,-0.182754979694072,-0.309339033850693,0.126688757971228
0.680266473931787,-0.571245295952988,-0.589695960667403,-0.018450664714415,-2.55388454113675
-0.365060259060323,0.122761926771897,0.094677310017234,-0.0280846167546627,1.50999616840984
-0.204240761676922,0.182423732083027,0.110609409803913,-0.0718143222791144,-0.732740877436574
-1.41038699205244,1.35662710789321,1.00071138038756,-0.355915727505654,-0.72717615617654
-0.204240761676922,0.172537376831615,0.157435309144869,-0.0151020676867456,0.0972854955448565
-0.204240761676922,0.13906109180269,0.207123999343269,0.0680629075405782,1.84298378617608
-0.365060259060323,0.247627295967281,0.0849690153284496,-0.162658280638832,-0.521248490641548
1.7255932069239,-1.15897254955792,-1.11475461200529,0.0442179375526273,-0.7466746581169
-0.123831012985222,0.224224530972779,0.0439370969034978,-0.180287434069281,-2.76238193375046
0.278217730473283,-0.00491345351680184,-0.015039569971514,-0.0101261164547122,0.815621718080934
-0.365060259060323,0.215472955206204,0.0326413814060478,-0.182831573800157,1.78647910768943
-1.41038699205244,0.452039790381524,0.756620014882109,0.304580224500585,2.48048725243349
-0.123831012985222,0.043183686477136,-0.0806687580244124,-0.123852444501548,1.04607423292147
0.278217730473283,-0.209471070506542,-0.195099677975776,0.0143713925307659,-0.610079314137216
0.278217730473283,-0.0967894205912551,-0.208042412217258,-0.111252991626003,0.980735796591528
0.197807981781583,-0.208053964059012,-0.205338573341467,0.00271539071754484,-0.597986977045025
0.439037227856687,-0.116865588594924,-0.304143262470933,-0.18727767387601,-1.00414142136197
-0.606289505135426,0.254814980326352,0.285032342258886,0.0302173619325349,2.85273089783345
0.841085971315191,-0.314937435147833,-0.353454185966128,-0.038516750818295,-0.166774481480422
-0.84751875121053,0.389221507928816,0.480283663117382,0.0910621551885652,0.38971610379629
-1.00833824859393,0.662981436958109,0.644283246697736,-0.0186981902603728,-1.37178451936182
0.841085971315191,-0.465879492421368,-0.365613391124263,0.100266101297105,-0.212180993675109
-0.84751875121053,0.456603254720385,0.471603616921508,0.0150003622011228,-1.88018987607654
-0.284650510368624,0.18979120944562,0.1146074272543,-0.07518378219132,-0.404466443446702
-0.204240761676922,0.07290882253055,0.162535956901255,0.0896271343707055,0.263584532127726
-1.41038699205244,0.868115214902195,0.965096021319287,0.0969808064170924,-1.34086253579814
1.2431347147737,-0.912216985948084,-1.11706669636346,-0.204849710415377,0.151817842371974
-0.0434212642935202,0.0602297842596525,0.264590825618907,0.204361041359254,0.156003641012494
0.197807981781583,-0.0798466361221079,-0.0777162713837157,0.00213036473839226,0.998757207352812
-0.365060259060323,0.274513676787817,0.110697665026676,-0.163816011761141,-0.379002922520297
1.966822452999,-1.18032873503926,-1.14295156790942,0.0373771671298324,2.85838305248378
0.439037227856687,-0.253869333076783,-0.268996703770177,-0.0151273706933933,0.786311561867244
-1.00833824859393,0.575008750857976,0.575431103449068,0.000422352591092801,-0.392671285968485
0.278217730473283,-0.243900982514856,-0.468008284018318,-0.224107301503463,0.143013389982881
0.278217730473283,-0.0618403835496697,-0.206878889559461,-0.145038506009792,-1.0373802679498
-1.49079674074414,1.32661307788581,1.22729751745768,-0.0993155604281315,-0.329397073010253
1.8864127043073,-0.930332466149486,-0.988753070416742,-0.0584206042672561,-1.8991494578307
-2.29489422766115,2.06048809160459,1.82142341022118,-0.239064681383408,1.19521398437823
0.841085971315191,-0.467980118665152,-0.59984023118304,-0.131860112517889,-1.75707036454984
-0.204240761676922,0.0830233628601221,0.0230671032046196,-0.0599562596555025,1.96799139980699
1.3235444634654,-0.412387150210888,-0.24812260270676,0.164264547504127,-0.513234278403914
-0.365060259060323,0.232999063762416,-0.0156068981150741,-0.24860596187749,-0.73569498839514
-0.686699253827128,0.34542745856251,0.075404726490735,-0.270022732071775,1.1344882784085
0.76067622262349,-0.553395006701964,-0.616554196760286,-0.0631591900583224,-0.624485459192357
-0.525879756443727,0.417677958398992,0.301427386662372,-0.11625057173662,-0.918584323109535
-0.284650510368624,0.0847233253627933,0.233630155855239,0.148906830492446,1.18787596758825
-0.84751875121053,0.597837467106951,0.501482153966279,-0.0963553131406719,-0.491063798902582
0.278217730473283,-0.246747413076975,-0.406724387408976,-0.159976974332001,-0.75869560697069
1.3235444634654,-0.556748674553915,-0.506067013530293,0.0506816610236219,-1.15260427623126
-0.525879756443727,0.432336303528492,0.276348167788089,-0.155988135740403,-0.593630710954515
-0.84751875121053,0.661788578880302,0.616681579301309,-0.0451069995789929,2.08241110185867
0.278217730473283,-0.138440922361277,-0.124438353411397,0.0140025689498803,0.0918181365631655
0.599856725240088,-0.349664871195536,-0.312770080221096,0.0368947909744399,0.0106127567510297
-0.123831012985222,-0.0211231906980793,-0.0974460053653254,-0.0763228146672461,-0.0444990150668421
0.599856725240088,-0.257187975896437,-0.442678190743053,-0.185490214846616,-1.28830084837156
0.278217730473283,-0.163587975769256,-0.420122605741953,-0.256534629972697,-0.74206919170372
0.197807981781583,-0.0851416930371188,-0.121280293094312,-0.0361386000571932,0.0310230500385258
1.8864127043073,-0.791699360369869,-0.641111259632025,0.150588100737844,-1.62963812070626
0.439037227856687,-0.32851128496925,-0.407148442257891,-0.0786371572886407,0.615321530049822
-1.32997724336074,0.768114338021766,0.695109472386203,-0.0730048656355633,-1.49457212432317
-0.123831012985222,0.0105671534086145,-0.0170551378865082,-0.0276222912951226,2.13480846755571
-0.686699253827128,0.600225799163476,0.277547956908182,-0.322677842255294,-1.47249550984381
-0.686699253827128,0.454734258567256,0.563215211577453,0.108480953010198,0.772800293606029
1.00190546869859,-0.706458346695962,-0.973026116258263,-0.266567769562301,0.989241125244514
-0.606289505135426,0.293120596678227,0.124826460307952,-0.168294136370275,-1.38704788551813
-0.365060259060323,0.0945803922239226,-0.0582920182142017,-0.152872410438124,1.67031996660904
-0.123831012985222,0.146186476477137,0.245497415257532,0.0993109387803957,-0.203165896953227
-0.84751875121053,0.583776053995463,0.484842914574136,-0.098933139421327,0.410899500020537
0.76067622262349,-0.403754857965858,-0.295733090577851,0.108021767388007,0.0158895444612182
0.278217730473283,-0.151804044978486,-0.215867258618757,-0.0640632136402712,0.546533038612589
1.2431347147737,-0.619159121642052,-0.65588971644559,-0.0367305948035376,-0.155978150598517
0.197807981781583,0.0180740984305836,0.326652939635798,0.308578841205215,0.817553601072652
-0.284650510368624,0.291745790471625,0.270768369697916,-0.0209774207737088,-0.666565041550355
1.8864127043073,-1.04748265981983,-1.08934290910505,-0.041860249285228,0.810292139171018
-0.0434212642935202,-0.120793037749779,-0.0312928040339815,0.0895002337157972,-2.80111241958419
-0.204240761676922,0.032119199300393,0.242137598035256,0.210018398734863,0.0114536057022926
0.841085971315191,-0.499471613214194,-0.498644132225263,0.000827480988930263,0.536903206333047
0.278217730473283,-0.0944869008737637,-0.233687144278748,-0.139200243404984,1.18102149608939
1.8864127043073,-1.18452620745471,-1.28934063971497,-0.104814432260265,0.94506797483203
-0.0434212642935202,-0.00469414415732802,-0.0103516412326894,-0.00565749707536135,-1.70563055802442
2.93173943729941,-2.40059109137632,-2.52983743750909,-0.129246346132769,-0.957335521448367
-0.525879756443727,-0.00696472879156118,-0.113959893075714,-0.106995164284153,1.0153412668782
-0.365060259060323,0.018410126784968,0.33210165707641,0.313691530291442,0.107838986344957
0.278217730473283,-0.173212792717897,-0.448181290887947,-0.274968498170051,0.599070896699913
2.93173943729941,-2.82181799742513,-3.13501456719032,-0.313196569765184,-0.0620085005216517
-0.686699253827128,-0.0040035911180149,0.279982007690247,0.283985598808262,1.48271085068781
-0.284650510368624,0.31215099171409,0.226026571552111,-0.0861244201619784,-1.22099937662102
1.966822452999,-1.30210795228925,-1.41554434970438,-0.113436397415129,0.724411986889392
1.966822452999,-1.77979169763785,-1.88090550171658,-0.101113804078726,1.38543243888709
-0.284650510368624,0.0791259511540314,0.333892359603488,0.254766408449457,1.23850470767317
-0.204240761676922,0.278912021565093,0.142671756434971,-0.136240265130122,-0.739808484612766
0.841085971315191,-0.649480521919601,-0.942616008229405,-0.293135486309804,-0.68778641554662
-2.29489422766115,1.55507525941663,1.43414537217295,-0.120929887243683,-2.37303662658617
0.278217730473283,-0.386077182479681,-0.595683065322925,-0.209605882843244,-0.553852868217394
1.3235444634654,-0.568680400888359,-0.738716393565724,-0.170035992677365,-0.123223068577437
0.197807981781583,-0.113019902116604,-0.0365947342666822,0.0764251678499222,1.26912446546311
-0.123831012985222,0.0800832685280369,0.0429166642881253,-0.0371666042399115,1.05283962308042
-1.41038699205244,1.03055642598849,1.10498664094212,0.0744302149536267,0.522613958395912
-0.204240761676922,0.371151164844986,0.356941085146095,-0.0142100796988905,-0.026839089603174
0.278217730473283,-0.268402399306291,-0.559498122182646,-0.291095722876355,-0.387358266408544
-0.204240761676922,0.32792790487139,0.240496804061824,-0.0874311008095657,0.678964271412611
2.93173943729941,-2.42347362166877,-2.60625499339357,-0.182781371724802,-1.0155674483057
-0.123831012985222,0.197426007902199,0.0759316683529631,-0.121494339549235,0.765764901752576
-0.123831012985222,-0.266092606598839,-0.391020322925483,-0.124927716326645,0.0134594019262751
1.3235444634654,-1.02003080247841,-1.08354409361972,-0.0635132911413097,-1.10976021830436
1.2431347147737,-0.855818370205382,-1.08099599065101,-0.225177620445627,1.86255013217288
-1.49079674074414,0.69831625939883,0.742112973496007,0.043796714097177,1.240078705817
-0.606289505135426,0.413603042815997,0.344783895135421,-0.0688191476805766,1.98091067975201
-0.365060259060323,0.282737039097334,0.293535405498784,0.0107983664014497,2.17014461866016
1.00190546869859,-0.724329128815929,-0.624776866553748,0.0995522622621814,-0.928760563334447
1.8864127043073,-1.41278297701027,-1.48820037488035,-0.0754173978700796,-1.10938383804324
-0.284650510368624,0.122357903822883,0.296361716605455,0.174003812782572,1.38751928383082
0.278217730473283,-0.135508259098335,-0.198967080256574,-0.0634588211582388,0.174156034277508
0.278217730473283,-0.247682536153906,-0.178191447819552,0.0694910883343544,0.592664741038288
2.93173943729941,-1.84612345294268,-2.16773831252202,-0.32161485957934,-0.682417745151623
-0.525879756443727,0.389737580343364,0.210321972554769,-0.179415607788594,-1.22022662903677
0.278217730473283,-0.194568704387195,-0.492087735541471,-0.297519031154277,1.52112612778428
1.00190546869859,-0.348980813125619,-0.114643707533964,0.234337105591655,1.00001209740534
-0.686699253827128,0.101202365762643,0.125094954511532,0.0238925887488886,-1.14402042773051
0.278217730473283,-0.0620824999391695,-0.279514571221903,-0.217432071282733,-0.514142034645792
-0.365060259060323,0.469895469311442,0.417740914411833,-0.0521545548996088,-0.276674748438737
-1.49079674074414,1.15345206279736,0.986660680183784,-0.166791382613573,0.968620003617728
-0.525879756443727,0.41827840302238,0.106631805413297,-0.311646597609083,-1.70525735497071
-0.606289505135426,0.507237452427274,0.155076146692766,-0.352161305734509,1.85651385203162
0.278217730473283,-0.232628114902774,-0.173773793980513,0.0588543209222609,1.96907645715211
0.278217730473283,-0.24838880316735,-0.353651071183841,-0.105262268016491,0.0199987604455785
-0.365060259060323,0.368899993794738,0.10530045778037,-0.263599536014368,-0.515257077265985
0.76067622262349,-0.409845546050431,-0.348244404658061,0.0616011413923691,1.05644860699822
1.2431347147737,-0.457940976646383,-0.262280900103766,0.195660076542616,-1.26048902539568
0.278217730473283,-0.321661044880331,-0.571426131611662,-0.249765086731331,0.683727711687762
-0.525879756443727,0.400415704660589,0.253965758996428,-0.146449945664161,0.633530640353466
0.439037227856687,-0.102091393214171,0.0802012731508674,0.182292666365039,-0.43085374405305
1.8864127043073,-1.64819512117399,-2.06291589501751,-0.414720773843521,-0.392026245767695
-0.365060259060323,0.0611263493935544,-0.196966039444346,-0.258092388837901,-2.23365095976837
-1.00833824859393,0.515726452644206,0.575982267138198,0.0602558144939918,2.66222964210969
-0.84751875121053,0.492544109557206,0.407316752317005,-0.0852273572402007,0.0871075186923708
2.93173943729941,-1.77761414604657,-1.99767770074862,-0.220063554702047,-0.4688162978959
0.599856725240088,-0.431748889777427,-0.669406925078866,-0.23765803530144,-4.71495390632857
-0.525879756443727,0.429053802325799,0.240885980281736,-0.188167822044063,0.957296974065736
1.00190546869859,-0.571236935782261,-0.583926057547524,-0.0126891217652623,0.58878281352938
0.278217730473283,-0.101050204036616,-0.231497228654923,-0.130447024618307,-1.2271621057895
-1.41038699205244,0.745708336994785,0.67486697164194,-0.0708413653528449,0.462856346816677
0.599856725240088,-0.386170434332395,-0.385099306335499,0.00107112799689624,0.473543712965836
1.7255932069239,-0.544898292863119,-0.564027846322937,-0.0191295534598183,0.512313073335351
-0.284650510368624,0.130416465035944,0.0857096135390987,-0.0447068514968453,-1.65712153012573
-0.606289505135426,0.334501327372336,0.524564631863189,0.190063304490853,-0.665222148713793
0.76067622262349,-0.596304317336894,-0.937371207995258,-0.341066890658364,-1.91830728424346
-0.365060259060323,0.432417474672062,0.32296577988902,-0.109451694783042,-1.3427103339588
-0.606289505135426,0.403476988620745,0.0308805723063992,-0.372596416314346,-0.777745183607248
-0.204240761676922,0.0755415071630662,0.023317048016256,-0.0522244591468102,-0.350380440571736
-1.41038699205244,0.570775168305519,0.628298151140691,0.057522982835172,-1.80838754393438
-0.284650510368624,0.256617049405033,-0.168319502916129,-0.424936552321162,-0.364287162964452
-0.204240761676922,0.195165558617369,-0.232564064527959,-0.427729623145328,0.405408449718133
-0.365060259060323,0.327358249791602,0.397705228188184,0.0703469783965823,-0.0532607476425851
0.76067622262349,-0.439768672701949,-0.573472867323059,-0.13370419462111,-0.675481663312941
-0.284650510368624,0.32007692173407,0.370046840738229,0.0499699190041593,0.842457294122938
-0.123831012985222,-0.0303871442443264,0.226302808032614,0.25668995227694,1.41897152017364
-0.686699253827128,0.593924521064359,0.345133894608434,-0.248790626455925,1.38387279990425
-0.284650510368624,0.204416695117231,0.174128755097896,-0.0302879400193345,-0.0987587764538167
-0.84751875121053,0.773836156194577,0.562815951347208,-0.211020204847368,1.06074052852618
-0.84751875121053,0.458539462998751,0.650771287339279,0.192231824340528,0.0507069853710365
-0.606289505135426,0.274013638299615,0.302402268857678,0.0283886305580628,0.126754302444581
0.439037227856687,-0.287635162515477,-0.626743340402193,-0.339108177886716,-1.97251876823963
0.439037227856687,-0.334552525659334,-0.435436733979915,-0.100884208320581,-0.114760259816049
0.680266473931787,-0.42256442977645,-0.563581196939848,-0.141016767163398,0.682988250846434
1.966822452999,-1.13072542918892,-1.40111835961527,-0.270392930426353,1.78944587715054
0.76067622262349,-0.615445168771221,-0.71644280716139,-0.100997638390169,0.192939425195494
-0.0434212642935202,-0.10926975286695,-0.132752659351379,-0.0234829064844295,-0.532735581907277
-0.204240761676922,0.287779154373749,0.255467867228206,-0.0323112871455426,0.524922065987974
0.680266473931787,-0.5850311147789,-0.608119363403628,-0.0230882486247278,-0.0931710202450784
-0.123831012985222,0.0985714803626373,-0.100636532815812,-0.19920801317845,-0.990287294706226
-0.686699253827128,0.488251406287685,0.0112573777828129,-0.476994028504872,-1.36516827097795
-0.606289505135426,0.369033951047283,0.298466838536067,-0.070567112511216,-0.867255157739754
-0.123831012985222,0.0413021005661689,-0.00533120599523328,-0.0466333065614021,0.0419099090059855
-0.204240761676922,0.0772076111401553,0.196868516673536,0.11966090553338,0.828686688180246
1.00190546869859,-0.747361070166628,-0.793550935260328,-0.0461898650936995,-0.404798773212724
-1.32997724336074,0.750842577202683,0.611389567607961,-0.139453009594722,0.462355518513573
-0.284650510368624,0.121141068255088,0.298293816441599,0.177152748186511,1.3749076767991
-2.21448447896945,1.84311739331118,1.77106301104147,-0.0720543822697053,1.26100797465548
-0.284650510368624,0.141222156906198,0.1242501374074,-0.0169720194987976,0.329162876045982
0.439037227856687,-0.169677062252094,-0.177814622728831,-0.00813756047673711,-2.9574781412627
-0.686699253827128,0.200784984338225,0.215636228937385,0.0148512445991603,0.303164164956489
1.00190546869859,-0.876984002405563,-0.977276766014994,-0.100292763609431,-2.67851985303738
-0.284650510368624,0.252904105849527,0.16031046993385,-0.0925936359156779,-0.0714861130621238
-0.686699253827128,0.539933121613809,0.423707517297309,-0.1162256043165,-0.15140701814219
0.76067622262349,-0.512144910692364,-0.796027043223454,-0.28388213253109,-0.204694902327502
0.278217730473283,-0.103897319617316,-0.368290422569012,-0.264393102951697,-1.18137291383628
-0.204240761676922,0.0270947432058201,-0.169844521810098,-0.196939265015918,-1.02075428207623
-0.365060259060323,0.126050545348348,0.370831516989956,0.244780971641607,0.417122943285946
-0.606289505135426,0.418614903797589,0.434109546028909,0.0154946422313202,0.36711489356896
-0.686699253827128,0.633148285333969,0.632720968464375,-0.000427316869593963,1.77694593409155
1.7255932069239,-0.710295085129789,-0.887240667198333,-0.176945582068544,0.819982618909266
-2.21448447896945,0.888830996123737,0.867340136799184,-0.0214908593245527,0.0139472671049108
1.2431347147737,-0.734224891554937,-0.668924414841876,0.065300476713061,-1.06752575061701
1.7255932069239,-1.26107599869656,-1.34944515369162,-0.0883691549950649,2.24886107618406
-0.365060259060323,0.0844080492453265,0.407939121124136,0.32353107187881,-0.41031183632126
1.8864127043073,-1.03483699777569,-1.08400385256014,-0.0491668547844479,0.807858402604056
-0.84751875121053,0.693511524451802,0.367791503051838,-0.325720021399964,-0.455171867140522
-0.606289505135426,0.548016423029905,0.327973674805953,-0.220042748223952,0.562733501222248
0.278217730473283,-0.144778383455504,-0.0808425899518861,0.0639357935036179,-1.36269846949344
0.680266473931787,-0.659084421025644,-1.00930517234316,-0.350220751317513,0.999705342664017
-0.123831012985222,-0.00448823278895058,0.0758037347279634,0.080291967516914,0.149743496230525
-0.686699253827128,0.412078893754048,0.248999942650055,-0.163078951103993,0.606870217701512
-0.204240761676922,0.306895490350748,0.2835816161417,-0.0233138742090483,-0.125192740187957
0.680266473931787,-0.376789560519573,-0.511226832182565,-0.134437271662993,-1.74192841890405
-0.284650510368624,0.110811202469959,0.270554361916627,0.159743159446668,0.86244677164197
-0.284650510368624,0.144073889112363,0.0152288433759657,-0.128845045736397,-0.469129085550954
0.197807981781583,-0.0523910511790603,-0.272309993179098,-0.219918942000037,-0.919807604083709
2.93173943729941,-1.99635543273838,-2.14205142147478,-0.145695988736399,-1.92938826769501
-2.21448447896945,1.52074087721327,1.4504045032289,-0.0703363739843699,-0.216705927790887
-0.123831012985222,0.130567459789167,0.221274297513637,0.0907068377244708,-0.473619394481563
-0.0434212642935202,-0.0267795163207649,-0.094601575107195,-0.06782205878643,0.41659094824147
0.278217730473283,-0.134422746380979,-0.311623669336924,-0.177200922955945,-0.981476947234572
1.2431347147737,-0.472006723715773,-0.475135965498504,-0.00312924178273155,0.529858384017138
0.599856725240088,-0.368149881157911,-0.452539893922699,-0.0843900127647876,-0.135356362541465
0.197807981781583,-0.0486794611611136,-0.146230269428144,-0.0975508082670308,-1.46740817005637
-0.686699253827128,0.304505165021463,0.325390285436636,0.0208851204151725,1.23915757641699
-0.284650510368624,0.230248864311173,0.222438128740903,-0.00781073557027076,-1.48596535686466
-0.284650510368624,0.340428123552086,0.149623708500881,-0.190804415051205,-0.616076280270996
-0.686699253827128,0.38206407113305,0.38186899839602,-0.000195072737029678,-0.409126723138752
-0.84751875121053,0.438216027511599,0.412264414933361,-0.0259516125782379,1.79159068100006
0.197807981781583,-0.112656615558855,-0.125584005713766,-0.0129273901549112,0.641689338958038
-0.686699253827128,0.295483308702481,0.338150304504007,0.0426669958015262,0.141763606885365
2.93173943729941,-1.82768771750559,-2.09561928594019,-0.267931568434608,0.182802260804983
0.278217730473283,-0.102275726254756,0.180267184696976,0.282542910951731,2.00144864171488
0.278217730473283,-0.182658016703161,-0.379035933775788,-0.196377917072627,-0.727653454142225
-1.32997724336074,0.599450044645304,0.518295727457489,-0.0811543171878151,-1.15074191397614
-0.284650510368624,0.313996908235114,0.261837017987267,-0.052159890247847,-0.877824704562061
-0.204240761676922,-0.0710443951163183,-0.271624593277165,-0.200580198160846,-2.24520063863919
0.278217730473283,-0.0572454282908933,-0.0924592807830009,-0.0352138524921076,0.0264899638256439
0.841085971315191,-0.592979483694605,-0.768778388054333,-0.175798904359729,0.958096939697592
-0.0434212642935202,0.248879816995054,0.0509884342488819,-0.197891382746172,-1.48948905482328
-1.41038699205244,0.375044094207216,0.477242176945846,0.10219808273863,1.84525544724136
1.7255932069239,-1.44895675960042,-1.6752035242352,-0.226246764634776,-0.497867626338836
-0.686699253827128,0.139746220021266,0.307384913930846,0.16763869390958,0.365587991891852
0.197807981781583,-0.0749271120434273,-0.128759731499677,-0.0538326194562497,-2.88422500058571
-0.284650510368624,0.242929266251756,-0.0798994400250705,-0.322828706276827,0.916309058060031
0.278217730473283,-0.0035632928108832,0.212857502074216,0.216420794885099,-0.443603327201628
-0.284650510368624,0.177853043889199,-0.0199119957078377,-0.197765039597037,0.454072532361769
-0.686699253827128,0.48341177385077,0.443342461173582,-0.0400693126771883,2.23467949511835
0.278217730473283,-0.0744214656423541,-0.179304580327932,-0.104883114685577,-0.0583691801167277
0.599856725240088,-0.294859993785362,-0.364512853052426,-0.0696528592670638,-0.427443333689876
0.599856725240088,-0.153403104664129,-0.0042526387085301,0.149150465955599,-0.903016447302213
-0.686699253827128,0.277244853650238,0.197680093408333,-0.0795647602419051,0.59826160222202
0.278217730473283,-0.0935621339728407,-0.210017847405454,-0.116455713432613,2.1084948525081
1.8864127043073,-1.48118772998515,-1.6760314019615,-0.194843671976341,-0.523269469657759
0.680266473931787,-0.413747550325878,-0.693455422200261,-0.279707871874383,-1.39115753846707
-1.32997724336074,0.634200768246576,0.518719448138389,-0.115481320108187,1.85124701290241
-0.84751875121053,0.500155326212324,0.411348445299927,-0.088806880912397,-0.736374732509374
-1.32997724336074,1.1760426902588,0.936419656056263,-0.239623034202533,0.0501959322470657
-0.84751875121053,0.311674063093094,0.0869073721707452,-0.224766690922349,-1.88663736579582
-0.365060259060323,0.204171936343509,-0.165463097797751,-0.36963503414126,0.544372205049099
-0.365060259060323,0.274792714674243,0.020734046810099,-0.254058667864144,-0.749417901935924
-0.525879756443727,0.108348006387005,0.217194559572725,0.10884655318572,2.18288221875515
-1.41038699205244,0.966228616387731,0.718013231105131,-0.248215385282601,0.64415643169707
0.197807981781583,-0.115621512486814,-0.205914561188587,-0.0902930487017731,-0.504619453724225
0.197807981781583,-0.0176440973075996,0.285531649515058,0.303175746822657,-0.567986767309087
-1.00833824859393,0.924401119225464,0.786043226487302,-0.138357892738162,-0.530725672380917
-0.686699253827128,0.664778483225384,0.260722682285997,-0.404055800939387,-0.577416122963148
-0.204240761676922,0.0260988168560096,-0.0390814655439009,-0.0651802823999105,0.145376009424663
-0.0434212642935202,-0.0484655263636924,-0.0856474750929795,-0.0371819487292871,-0.835809742686991
0.278217730473283,-0.0844358432806249,-0.423879481894712,-0.339443638614087,0.374423648097892
-2.21448447896945,1.95178934552611,1.76683607916785,-0.184953266358257,-0.235377550202878
-0.0434212642935202,0.0241373266154321,-0.445597571643297,-0.469734898258729,-0.0626255710722406
-0.123831012985222,0.261319475325733,0.196485537229057,-0.0648339380966752,0.204171321164131
2.93173943729941,-1.81005100411552,-1.83042337215073,-0.0203723680352077,-1.8718142342171
-0.606289505135426,0.197434125389045,0.163782275121709,-0.0336518502673353,0.118569283115533
-0.123831012985222,0.0822675282443438,0.107716479750209,0.0254489515058655,0.590460180771995
0.278217730473283,-0.124530616569388,-0.362898028752694,-0.238367412183306,2.73846112020526
0.278217730473283,-0.0126086672085399,-0.0448287078496534,-0.0322200406411134,0.184400008586112
-0.204240761676922,-0.0171633653210259,0.111189007112192,0.128352372433218,0.0559706064118992
-1.00833824859393,0.839190363475668,0.593351038547568,-0.2458393249281,-1.31390083817291
-0.686699253827128,0.376638528338408,0.278863799665599,-0.0977747286728091,1.80950199994877
-0.84751875121053,0.44495745038626,0.433283969221861,-0.0116734811643988,-0.653540832283869
0.278217730473283,-0.175235312087037,-0.131409700720139,0.0438256113668983,-0.247366400741045
-0.204240761676922,0.125032706307432,0.0378171760165486,-0.087215530290883,0.131302854957129
-0.204240761676922,0.305313978883566,0.344705921985408,0.0393919431018418,-0.275348517529711
0.599856725240088,-0.412337396865175,-0.75902376832407,-0.346686371458895,0.521712176188012
-0.686699253827128,0.304990898806535,0.243926785032496,-0.0610641137740386,0.967852885331657
1.2431347147737,-0.950696682054883,-1.1658233764379,-0.21512669438302,0.692302782981556
1.966822452999,-0.950882384113317,-1.11421102666617,-0.163328642552849,-2.17946510913119
-0.686699253827128,0.200437828934348,0.326698718984549,0.126260890050201,-0.884005642366679
-0.0434212642935202,0.154736638049932,0.21228884209182,0.0575522040418878,-1.9144079188979
-0.686699253827128,0.475161995434883,0.550557795894698,0.0753958004598149,0.379140012713885
-0.284650510368624,0.15493140027878,0.16735725738153,0.0124258571027504,-1.11294223966361
0.599856725240088,-0.301409305510502,-0.267545633818003,0.0338636716924986,-0.179802654813551
0.439037227856687,-0.288256859528043,-0.213246128845953,0.0750107306820905,-0.0976308126592939
-0.686699253827128,0.659989780945555,0.502221503519309,-0.157768277426247,1.5381167713273
-0.686699253827128,0.564003806292114,0.253749352341037,-0.310254453951077,-2.23627614270762
1.966822452999,-0.883973629545332,-0.698858783217629,0.185114846327703,1.19263048549713
0.278217730473283,-0.0845748096675729,-0.322520718194864,-0.237945908527291,-1.49186911798672
0.680266473931787,-0.30306319101907,-0.149952518407658,0.153110672611412,0.741155657253347
-0.525879756443727,0.45788899843156,0.39420203611523,-0.0636869623163302,-0.703851354043137
0.278217730473283,-0.179884600781623,-0.147955320668578,0.031929280113045,1.41881545333344
1.8864127043073,-1.08004307398981,-1.08457017269366,-0.00452709870385171,0.716831722831022
1.8864127043073,-1.08366740215475,-1.16928846609607,-0.0856210639413146,-0.83953596632938
-0.84751875121053,0.255182181503541,0.197548420176923,-0.0576337613266174,-0.431743359494217
-1.41038699205244,0.997789656800153,0.948380008412478,-0.0494096483876751,-1.75877496785551
1.2431347147737,-0.457443402419393,-0.372872950174446,0.084570452244947,0.998231538748817
-0.365060259060323,0.165272185125559,0.147267276272458,-0.0180049088531014,0.903134410821194
0.197807981781583,-0.0411477887197091,-0.281493655490089,-0.24034586677038,0.401274542663293
-0.84751875121053,0.588461098161187,0.46694054496647,-0.121520553194717,1.4982318445981
0.197807981781583,-0.124620163439711,-0.0527156470864539,0.0719045163532569,-1.04202900520463
-0.84751875121053,0.317519537653611,0.188518503295447,-0.129001034358164,-0.717480044694961
-0.686699253827128,0.382186895172889,0.409115974101814,0.0269290789289247,-1.15057576307699
-0.525879756443727,0.258659846002094,0.415543467863129,0.156883621861034,0.579747509241433
-0.0434212642935202,0.15168790523688,0.255540138940017,0.103852233703137,0.106712434027307
-0.284650510368624,0.0860433314472852,-0.11605609488121,-0.202099426328495,-0.00176763568533267
-0.686699253827128,0.415734626567843,0.540434266084183,0.12469963951634,-2.33748183859344
0.197807981781583,0.0622347491229439,-0.0882470073389771,-0.150481756461921,-1.54119472559761
-0.686699253827128,0.377640227905809,0.4737377269291,0.0960974990232908,2.30926969936231
-1.49079674074414,0.998895457837722,0.762553757224157,-0.236341700613565,1.69475708104009
0.278217730473283,-0.210849063072415,-0.379264277388454,-0.168415214316039,2.23809918525484
0.599856725240088,-0.181873208220104,-0.255298093001756,-0.0734248847816518,1.61418056231949
-0.686699253827128,0.485399094815224,0.311141921557507,-0.174257173257717,2.36678898954919
-0.525879756443727,0.407895764349066,0.387961353370288,-0.0199344109787776,-0.446195941099764
-0.365060259060323,0.30478882922291,0.209264489270909,-0.0955243399520008,-0.696997216079239
-0.0434212642935202,0.094916789750383,0.0208601493940214,-0.0740566403563616,0.920067699968727
-0.365060259060323,0.0824991546717646,0.203145416980273,0.120646262308508,-0.235484487117762
-0.365060259060323,0.171281194405526,0.284940762223793,0.113659567818267,0.138700754526707
0.76067622262349,-0.401622554311972,-0.346232592258394,0.0553899620535779,1.81102101184566
-0.686699253827128,0.459347828435807,0.400836123636773,-0.0585117047990338,0.85922810464825
-0.525879756443727,0.529636614669752,0.301141777420421,-0.228494837249331,-0.593864993012167
-0.606289505135426,0.623010602586315,0.428672923824826,-0.19433767876149,0.59346662768285
0.599856725240088,-0.424210195295096,-0.478355241581556,-0.0541450462864608,0.405262948878552
-0.686699253827128,0.303856446097582,0.402009515587936,0.0981530694903542,-0.19579451726182
-0.123831012985222,0.138041714462717,0.159174106685001,0.0211323922222834,-1.71882103505527
0.278217730473283,0.0339410823603125,-0.123598446330473,-0.157539528690785,-1.73180123017717
-2.29489422766115,1.40668996958067,1.47177512255496,0.0650851529742922,1.49243088269397
-0.525879756443727,0.264164747930171,0.0273860456804677,-0.236778702249703,1.1618876880383
-0.0434212642935202,-0.0613721255033924,-0.354701385371082,-0.293329259867689,-0.906646251932574
-0.204240761676922,-0.00444356520999264,-0.130310610290931,-0.125867045080939,0.0424549309806921
1.2431347147737,-0.773238814429306,-1.06087709506674,-0.287638280637438,0.330076800383213
-0.686699253827128,0.50321775925992,0.200850307489585,-0.302367451770335,-1.01161583862572
0.278217730473283,-0.235427523784842,-0.580525026646262,-0.345097502861421,-1.65183410424927
-0.123831012985222,0.0972931925982322,0.0845404774283712,-0.0127527151698609,-0.286740142767512
0.197807981781583,-0.0339183532738164,0.0697166177629165,0.103634971036733,-0.431018759375732
-2.29489422766115,1.94397723959562,1.69445402580809,-0.249523213787524,-0.418061541489128
0.197807981781583,-0.0892742913439939,-0.126418244124113,-0.0371439527801194,-0.201747240361005
1.2431347147737,-0.828552146458277,-0.925641360631992,-0.0970892141737151,2.02517713656442
0.599856725240088,-0.360348413445107,-0.198976515243413,0.161371898201694,-0.339015898228982
0.841085971315191,-0.509279441800929,-0.368798693856585,0.140480747944344,-2.62249503287178
-0.123831012985222,0.0549398606768692,0.157749775711616,0.102809915034746,0.354171344457135
-2.29489422766115,1.27126755489804,1.23388709292706,-0.0373804619709803,0.689865638581386
1.8864127043073,-1.06572299222247,-1.03830745151757,0.0274155407049093,-1.27914810554505
-0.284650510368624,0.298682420323699,0.357014896447085,0.0583324761233855,0.271808325723989
1.3235444634654,-0.892475134091665,-0.876209467809542,0.0162656662821223,3.53467129455488
0.841085971315191,-0.315376379199991,-0.155786442915316,0.159589936284675,2.88884575818529
0.278217730473283,-0.191146242789165,-0.122436307641789,0.0687099351473757,-0.014393583099309
-0.0434212642935202,-0.180485969356017,-0.375665153511093,-0.195179184155076,1.46360613250262
-1.32997724336074,0.980432264328722,0.560142818875692,-0.42028944545303,0.920972194100311
0.841085971315191,-0.41601772477975,-0.372594496190887,0.0434232285888625,0.515857589747152
-0.686699253827128,0.650839704319545,0.409150471586787,-0.241689232732758,-1.71772602991802
-0.686699253827128,0.285937495122506,0.350327406459659,0.0643899113371529,-0.30196618376464
-0.84751875121053,0.831560532160117,0.599757630402618,-0.231802901757499,-0.795846260128362
-0.123831012985222,0.184425267731,0.343204232268393,0.158778964537393,0.154446814042674
-0.123831012985222,0.106301293859454,0.0668972260494719,-0.0394040678099818,1.35448748940171
-0.606289505135426,0.635788266277049,0.342143063569874,-0.293645202707176,-1.61575356240862
-1.41038699205244,1.01774991750332,0.945967670231454,-0.0717822472718684,0.625341946689568
-1.32997724336074,0.780269032824904,0.490752744437929,-0.289516288386975,1.12142459274889
1.3235444634654,-0.5593444758539,-0.552391971293436,0.00695250456046381,0.144849249475782
0.278217730473283,-0.22395368838392,-0.325749645444046,-0.101795957060125,0.377202282573192
-1.32997724336074,0.757257144344843,0.785578179729046,0.0283210353842027,-2.8858164321549
0.278217730473283,-0.0352527145120825,-0.103484993296477,-0.0682322787843944,1.33597198237765
-0.284650510368624,0.127929626459695,0.00544888808496038,-0.122480738374734,0.387823580950733
-0.84751875121053,0.51704526391343,0.375544024217296,-0.141501239696134,0.109420241513881
0.278217730473283,-0.225853453769319,-0.196010457810238,0.0298429959590815,2.07441090678745
-2.21448447896945,1.07003185756584,1.25786887401737,0.187837016451534,0.901695666945724
-0.204240761676922,0.0709655084378177,-0.260249468742691,-0.331214977180509,-0.553122964284671
-0.606289505135426,0.329409054729795,0.266754601066669,-0.0626544536631263,-1.92143477183845
0.599856725240088,-0.231204560217859,-0.40058967049912,-0.169385110281262,-0.508191535501038
-0.686699253827128,0.263704645360723,0.37142352285385,0.107718877493127,1.45043451416738
-0.84751875121053,0.601537459346442,0.48903466018408,-0.112502799162362,-0.387668129707687
1.3235444634654,-1.19533007114731,-1.11357883965082,0.0817512314964868,0.821755963241054
-0.123831012985222,0.0645879011837448,0.404624032945059,0.340036131761314,2.36621380743209
0.76067622262349,-0.697128815441127,-0.87960433867148,-0.182475523230353,-0.275822462985285
1.8864127043073,-0.919301595629899,-0.76587296752719,0.15342862810271,-0.231003490995277
-0.204240761676922,0.1839019634576,-0.0223949038405576,-0.206296867298157,0.821887761643939
0.680266473931787,-0.505208283627207,-0.554140456544489,-0.048932172917282,-0.685153670346936
-0.123831012985222,0.0119617626192978,-0.036718933764945,-0.0486806963842428,1.29734026829524
-0.0434212642935202,-0.140726434956956,-0.48906756568905,-0.348341130732093,-0.0594259060001212
-0.284650510368624,0.156312517564502,0.146468417723094,-0.00984409984140872,0.0777079805509153
-0.84751875121053,0.763015531712532,0.613109078679001,-0.149906453033531,-1.17121683198574
1.966822452999,-0.839645784239506,-0.827028850192398,0.0126169340471083,2.12103821817658
0.439037227856687,-0.323222483807666,-0.42660612156641,-0.103383637758744,-0.0112113586969746
-0.123831012985222,0.0474680282860375,-0.0314602578583402,-0.0789282861443777,-1.38470471328543
1.00190546869859,-0.949264106560325,-1.20124283439407,-0.251978727833744,-0.0230057791206362
-0.123831012985222,-0.12462737543972,-0.229023892726455,-0.104396517286736,-1.18785605669734
-0.686699253827128,0.413667666655723,0.411985775807165,-0.00168189084855791,0.433544115056606
0.197807981781583,-0.208216770361511,0.202494741934466,0.410711512295977,-0.720399216581269
1.8864127043073,-1.354801026758,-1.56237528963001,-0.207574262872011,0.394400929008351
-0.284650510368624,0.271222797961376,0.344632922785124,0.0734101248237482,-0.949416792282323
0.599856725240088,-0.260893095056934,-0.370376285084193,-0.109483190027258,-0.852611902605948
-0.123831012985222,0.0819409782482475,0.00220329507369353,-0.079737683174554,-1.72975327379657
1.3235444634654,-0.31277946556885,-0.221569183999018,0.0912102815698317,0.979647581635117
0.439037227856687,-0.473032936660815,-0.323627831482206,0.149405105178609,-0.0130794711578595
-0.284650510368624,0.120362259553204,0.252334476764904,0.131972217211699,-0.584265693457555
-0.84751875121053,0.314305843012736,0.507827711589735,0.193521868577,-0.59269717314443
-0.123831012985222,-0.0786225141969828,-0.245104912800013,-0.16648239860303,2.6414810712976
0.76067622262349,-0.318658277511005,-0.254229844837305,0.0644284326737002,-0.586572196862264
0.278217730473283,-0.26015302032251,-0.576472455410084,-0.316319435087574,-0.399198777622216
-0.204240761676922,0.0641052284252818,0.255442311409555,0.191337082984273,-0.600991717101212
-0.204240761676922,0.062169597763337,0.117666831422913,0.0554972336595764,1.33741658125595
1.2431347147737,-0.789098587099127,-0.965584244394669,-0.176485657295543,-1.80944713631089
0.841085971315191,-0.509857211327832,-0.486430190210637,0.0234270211171952,-0.564396001664771
-0.204240761676922,0.146418612170143,0.00437695106618671,-0.142041661103957,-0.209831253860054
-0.84751875121053,0.439218633613744,0.517442431717284,0.0782237981035406,-1.82916628551273
0.197807981781583,-0.176211258525163,-0.0818096202439034,0.09440163828126,-1.05175635057662
0.841085971315191,-0.595062852096088,-0.669026955833113,-0.0739641037370248,-0.235477622751364
1.7255932069239,-1.11447275024525,-1.24182522299076,-0.127352472745513,-1.81057282459072
0.599856725240088,-0.367059199944958,-0.514067455747922,-0.147008255802965,-1.23822352117338
0.278217730473283,-0.193143101047391,-0.220689940055446,-0.0275468390080558,-0.227999154505725
-0.606289505135426,0.436154022634372,0.161965124138959,-0.274188898495413,0.161346073672567
1.2431347147737,-0.730152403078649,-0.712832429929917,0.0173199731487316,0.0863723158927472
0.278217730473283,-0.0134888834794567,-0.10426026306712,-0.0907713795876633,1.23163565243797
-2.29489422766115,0.979121862831057,1.21060394196467,0.231482079133616,-0.126240321482337
0.76067622262349,-0.494706143285782,-0.623925452959218,-0.129219309673436,-1.06604000106365
1.00190546869859,-0.601638258356419,-0.769357117726678,-0.167718859370259,-0.435964087307067
-0.204240761676922,0.269552404324412,0.105264954013339,-0.164287450311073,-1.58438438701943
-0.525879756443727,0.214495345707869,0.357800783476953,0.143305437769084,1.2730546879159
-0.606289505135426,0.607982600726407,0.335724032096399,-0.272258568630008,-1.9080576930767
0.278217730473283,-0.122983199424052,-0.0964699696712828,0.0265132297527696,-0.376483546733438
-0.84751875121053,0.697590616783754,0.63095503955442,-0.0666355772293341,-0.606772154447397
-1.00833824859393,0.347664487712638,0.39294806871685,0.045283581004212,-0.12653304005499
-0.204240761676922,-0.00264978348426378,-0.230315189021721,-0.227665405537457,0.353679985562695
0.841085971315191,-0.477058918801807,-0.35762246436627,0.119436454435537,-0.261127866125079
0.278217730473283,-0.109899777155358,-0.24137929181281,-0.131479514657452,1.9830597718385
-0.84751875121053,0.183657950735121,0.306702051824232,0.123044101089111,0.0190391310137665
-0.284650510368624,-0.000638416815015919,0.0762105431452041,0.07684895996022,-1.14449282436096
-0.84751875121053,0.151925168842007,0.13604858308483,-0.0158765857571768,-1.34189667157689
0.680266473931787,-0.252603550277267,-0.122473300850061,0.130130249427207,-0.0509481016008699
1.7255932069239,-1.18250433757903,-1.42895025741787,-0.246445919838842,1.58921067602022
1.8864127043073,-1.1483722315061,-0.963003920449177,0.18536831105692,-0.153068455653096
-0.686699253827128,0.427761356327095,0.358941582138024,-0.0688197741890707,-0.113524768879145
-0.284650510368624,0.276740913482893,-0.0140867285183742,-0.290827642001268,3.04811698689834
-0.284650510368624,0.108532739872348,-0.18004632230062,-0.288579062172968,-0.766658703845334
0.599856725240088,-0.538356281062612,-0.64632717731777,-0.107970896255158,-1.25163336952582
0.278217730473283,-0.213561001651725,-0.446941733658155,-0.233380732006429,1.73775708331032
1.8864127043073,-0.87447426657554,-0.55300967556834,0.3214645910072,-0.443179679920569
0.841085971315191,-0.541885520777076,-0.460665533573015,0.0812199872040605,0.620953876943806
-0.686699253827128,0.441679090710018,0.184023115539129,-0.257655975170889,0.35934430909332
-0.686699253827128,0.856860967548747,0.669065022792199,-0.187795944756547,1.31141282199623
-0.365060259060323,0.287113134569223,0.190697317858712,-0.0964158167105118,1.61246435784154
-0.123831012985222,0.140578711571547,0.108069452148269,-0.0325092594232781,1.99545700379922
-1.00833824859393,0.491036365893031,0.438438138961911,-0.0525982269311199,-0.250575737094692
0.278217730473283,-0.189733781088587,-0.131394743563428,0.0583390375251593,-1.12245523539641
-0.123831012985222,-0.0510377970370835,-0.296596720205083,-0.245558923167999,-0.850535235155821
-1.41038699205244,0.791325707573753,0.606219240949043,-0.185106466624709,-0.418118192924243
-0.606289505135426,0.686478089024099,0.444304541053761,-0.242173547970338,0.272106615925794
-1.00833824859393,0.518940750714117,0.32728083133343,-0.191659919380687,-0.526649208195721
1.00190546869859,-0.509184745708786,-0.746313772029285,-0.237129026320498,1.60138449503086
0.278217730473283,-0.0913648379717385,-0.100973608541766,-0.00960877057002768,0.00415049662968292
0.76067622262349,-0.37182916353375,-0.208783446028172,0.163045717505578,0.468293491590168
-1.00833824859393,0.804585206670343,0.64644827296556,-0.158136933704783,1.85230284462446
1.966822452999,-1.04774932858419,-1.24953002513601,-0.201780696551816,-1.51035052837526
0.841085971315191,-0.279492254132832,-0.105684063395133,0.173808190737699,-0.0954444259855232
0.599856725240088,-0.356683205578991,-0.346827300088379,0.00985590549061149,1.32669905726446
-0.606289505135426,0.261687417808413,0.206921665783479,-0.0547657520249335,-0.89012049909213
-0.204240761676922,0.133494110854393,-0.0287747320096518,-0.162268842864045,0.18261081841885
-0.204240761676922,-0.0278818660120006,0.0739568532227551,0.101838719234756,-0.0610130700571335
1.966822452999,-0.857255293315133,-0.776634559518728,0.0806207337964058,-0.0777829308461262
-0.123831012985222,-0.0894329174271037,-0.213169281022623,-0.123736363595519,-0.0229948240960998
-0.365060259060323,0.20476895600243,0.168844434825892,-0.0359245211765382,0.254003200670623
-0.123831012985222,0.226751707091124,-0.0191761084381556,-0.24592781552928,-0.619774759061272
0.680266473931787,-0.508761288789703,-0.760333155966169,-0.251571867176466,1.49707083580887
0.278217730473283,0.00820995001758074,0.0478669938193458,0.0396570438017651,0.199843860468319
-1.32997724336074,0.435753429210232,0.534260307502219,0.0985068782919868,0.657468729661088
-2.21448447896945,0.859402203175074,1.05905397184268,0.199651768667604,2.86360438425065
1.2431347147737,-0.652871199545204,-0.622657518865453,0.0302136806797508,-0.146577762986609
-0.284650510368624,-0.0919597447305844,0.0195902808196273,0.111550025550212,-1.00881652156731
-0.606289505135426,0.345715554000572,-0.00615228243385302,-0.351867836434425,1.41719071606645
-0.525879756443727,0.34504881759818,0.32454838097941,-0.0205004366187695,-0.049698475107439
-0.686699253827128,0.620987808449632,0.305012676497664,-0.315975131951968,-0.807853484584238
-0.204240761676922,0.316976472369273,0.355780921240177,0.0388044488709047,-0.280551557548166
-0.525879756443727,0.319039585835543,0.405415490360752,0.0863759045252085,-2.48469286454652
-0.123831012985222,0.0793123574672365,0.177795331721838,0.0984829742546012,1.53295618264798
1.00190546869859,-0.766166475586304,-0.766398963378372,-0.000232487792068525,0.0823854680380542
-0.123831012985222,0.118837974107206,0.110360106022419,-0.00847786808478745,-0.403720079274661
-1.00833824859393,0.722415140766514,0.672139300625255,-0.0502758401412597,-0.612657475429316
1.966822452999,-1.27014566428032,-1.07865604112469,0.19148962315563,0.692987234895884
-1.49079674074414,1.09384892552899,1.0536624679055,-0.0401864576234838,0.255608361411428
-0.204240761676922,0.0221323920150387,0.101305706789431,0.0791733147743924,1.3274504981985
-1.32997724336074,0.223100515683531,0.416844820509331,0.1937443048258,2.85634452204971
-2.21448447896945,0.416666871198939,0.494785189882055,0.0781183186831167,1.87848155267609
0.76067622262349,-0.610879127166627,-0.582933520007591,0.0279456071590364,-1.42191406275046
0.841085971315191,-0.317672882562245,-0.169423766466635,0.14824911609561,0.546397331333509
-0.84751875121053,0.375304370762217,0.510077621964342,0.134773251202126,-0.999923995280153
-0.84751875121053,0.772253219494335,0.425450370073048,-0.346802849421286,1.76643430340338
-1.41038699205244,0.759086173200827,0.632940111367542,-0.126146061833285,-1.30317072266818
-0.204240761676922,0.0351936092570794,0.0211052268508076,-0.0140883824062717,0.544281724015657
-1.32997724336074,1.16743874067797,0.784364700361902,-0.383074040316068,-0.839582653717613
0.841085971315191,-0.383519736388627,-0.534716029881155,-0.151196293492529,2.25962142547184
-1.00833824859393,0.532094965590822,0.577511128858421,0.0454161632675993,-0.198998614729556
0.278217730473283,-0.00604950496650256,0.0650887524091221,0.0711382573756246,-0.234200794843147
-1.41038699205244,0.664354503199946,0.716758472052317,0.0524039688523713,-1.43388508887201
-1.32997724336074,1.20789036649978,1.1313281768136,-0.0765621896861777,-1.90019847522135
1.966822452999,-1.20621338661762,-1.31708311681924,-0.110869730201614,0.204150489246347
-0.686699253827128,0.450346437519591,0.364620787469265,-0.0857256500503262,2.2044224797318
0.439037227856687,-0.435511398381129,-0.654938063496961,-0.219426665115832,0.593632565998724
1.966822452999,-1.06314709143464,-1.19588956599916,-0.132742474564527,0.75744006337576
-0.0434212642935202,-0.0329013154728164,-0.0296865688944187,0.00321474657839764,-0.601900051458041
-0.284650510368624,0.215361498220416,-0.00650690300722034,-0.221868401227636,1.25837585247178
-2.21448447896945,1.31473017332033,1.18455184582391,-0.130178327496428,-1.80858798582918
0.841085971315191,-0.769951626801295,-1.04357107591301,-0.273619449111719,-0.624340912312081
-2.21448447896945,1.22500427622546,1.03426191071801,-0.190742365507453,-1.13069931381712
-0.606289505135426,0.659030895217433,0.487309632736343,-0.17172126248109,0.24116100571069
0.599856725240088,-0.384688177761513,-0.369108350321773,0.0155798274397398,0.520656589668006
1.966822452999,-1.65578489042165,-1.82443404859712,-0.168649158175465,0.59123834156631
-0.686699253827128,0.450819244744462,0.345828801998787,-0.104990442745676,0.557244496757546
-0.686699253827128,0.461948951095065,0.324434947375186,-0.137514003719879,-0.107375279757459
0.197807981781583,-0.0549287690692005,0.138014263781581,0.192943032850781,1.9293549617636
0.599856725240088,-0.195634164292543,-0.0968682555684892,0.0987659087240542,1.21002281309599
-1.49079674074414,0.860179249651104,0.69381616378848,-0.166363085862624,1.81328626899966
0.680266473931787,-0.493083431408282,-0.558403264505819,-0.0653198330975372,0.365863383155081
-0.0434212642935202,-0.0553168441667185,0.1380614373351,0.193378281501819,0.953394631107888
0.197807981781583,-0.130563885687677,0.107220108147918,0.237783993835595,-0.465411250724854
0.197807981781583,0.0618663778087752,0.101818914666106,0.0399525368573304,2.49438806622955
0.278217730473283,-0.179029696697472,-0.00239728104642367,0.176632415651048,-0.449837818231189
-0.686699253827128,0.187538221977367,0.425478738830587,0.23794051685322,1.14905226783935
0.278217730473283,-0.384266364854093,-0.627903122903748,-0.243636758049655,-0.241531189387252
-0.123831012985222,0.00458713253120728,0.00929824396855865,0.00471111143735137,-0.392164529672292
-0.204240761676922,0.032563742121884,0.19739166670164,0.164827924579756,1.29695614053727
-0.204240761676922,0.0293976285321973,-0.0900704362086056,-0.119468064740803,1.04871803931508
-0.284650510368624,0.00368392124711306,0.0935725325790102,0.0898886113318971,-0.157905835718527
0.278217730473283,-0.149361210021968,-0.197378045729519,-0.0480168357075514,0.0632578798739956
-0.0434212642935202,-0.0334645898964675,0.0052685843715471,0.0387331742680146,0.78668793546
0.76067622262349,-0.203917977477557,-0.164915510157263,0.039002467320294,1.30449196306257
-0.284650510368624,0.132657556821867,0.174169563475193,0.0415120066533262,0.528782603198854
1.7255932069239,-1.30175559340302,-1.60326691471518,-0.301511321312164,-0.874929339441482
-0.123831012985222,0.099399298725851,0.103797993173131,0.00439869444728017,0.618079781644439
0.197807981781583,0.0258557664340896,0.32002417494071,0.29416840850662,0.0569713573070749
-0.84751875121053,0.578098061120567,0.608687754529583,0.0305896934090162,-0.400303112858514
-0.686699253827128,0.530264266167128,0.555593245319004,0.0253289791518757,0.325257184605699
-0.284650510368624,0.268379603900319,0.00817500809211799,-0.260204595808201,-1.09288530479436
-2.21448447896945,1.60420878749366,1.31085829266823,-0.293350494825428,0.313216259264092
1.3235444634654,-0.579787794948702,-0.874045450250516,-0.294257655301813,-0.385529105698406
0.599856725240088,-0.411142745912612,-0.431913294503811,-0.0207705485911986,0.216191551610009
-0.606289505135426,0.301513843222759,0.165139229750252,-0.136374613472506,0.887666147422323
1.3235444634654,-0.696120334487872,-0.866014754985338,-0.169894420497466,-1.36268751688736
-0.204240761676922,0.146156034027504,0.00569249260812338,-0.140463541419381,1.17010582453411
0.278217730473283,-0.35351184723712,-0.321016739217631,0.0324951080194895,-1.39951113487734
-0.365060259060323,0.46581858763224,0.412266727158948,-0.0535518604732927,0.279720221647674
0.278217730473283,-0.207270819248167,-0.400642264763217,-0.193371445515049,-1.74940248516626
0.278217730473283,-0.194557659823129,-0.391209585937855,-0.196651926114726,-0.801973253075503
0.278217730473283,-0.143942119864263,-0.140260964589279,0.00368115527498436,-0.0923938660296005
0.197807981781583,-0.220677030647744,-0.0383085764095184,0.182368454238226,-0.489845271919475
0.76067622262349,-0.449832056824864,-0.628160612947286,-0.178328556122421,0.75563629404629
-0.123831012985222,-0.0855469498078494,0.0236321474374614,0.109179097245311,-1.15733120198984
-0.686699253827128,0.535308776098353,0.136725742212464,-0.398583033885889,0.819864369680514
-0.284650510368624,0.24452550489795,0.324937399071379,0.080411894173429,1.56455390793874
0.197807981781583,-0.121527051209113,-0.0827745507956013,0.0387525004135119,-0.378478191101182
0.278217730473283,-0.330250747824009,-0.254277921712985,0.0759728261110247,0.0369311200992047
0.197807981781583,-0.0964265497828089,-0.395665883497698,-0.299239333714889,0.147958998698789
0.278217730473283,-0.0364047508287971,-0.128881983367389,-0.0924772325385915,-1.28512204824287
2.93173943729941,-1.77714111844789,-1.81402479677887,-0.0368836783309761,0.00155753659307001
-0.686699253827128,0.306550837867757,0.341812880009334,0.0352620421415767,-1.36917974510834
-0.123831012985222,0.0309432627227845,-0.0534289369647314,-0.0843721996875159,-1.39787001803874
-2.29489422766115,1.30445845157838,1.42616443685661,0.121705985278228,-0.903651066033222
-0.204240761676922,0.172609710105895,0.170968289970992,-0.00164142013490298,0.315338148178989
-0.123831012985222,-0.00548150113513765,-0.102481434765537,-0.0969999336303992,0.318942834807862
0.278217730473283,-0.107127802770801,-0.0763814202649007,0.0307463825059002,-0.153839119899968
0.278217730473283,-0.165439181747358,-0.134991883851761,0.0304472978955969,0.936092746468561
1.00190546869859,-0.606712857995129,-0.438452141716619,0.16826071627851,2.06267761771024
-2.21448447896945,1.58709075565234,1.59311869422611,0.00602793857376982,0.0350054903165606
-0.84751875121053,0.277876199454064,0.277318555116013,-0.000557644338050667,0.495920263615585
0.278217730473283,-0.448516865693161,-0.691629317711399,-0.243112452018237,-0.992894087069096
0.599856725240088,-0.198630495440434,-0.144299125797597,0.0543313696428373,0.130613050751068
-0.365060259060323,0.316112614733883,0.308456895752208,-0.00765571898167527,-1.15316973637296
0.278217730473283,-0.14100145255853,-0.381597492819106,-0.240596040260576,0.774926051071473
-0.123831012985222,0.0233633854581982,-0.0984290338478369,-0.121792419306035,0.927618017184734
-0.84751875121053,0.548268434426514,0.459707005523915,-0.0885614289025993,-1.68913861616707
-0.606289505135426,0.177863269549188,0.340818546405803,0.162955276856615,0.285106608757577
-0.686699253827128,0.640396956787692,0.63488303336898,-0.00551392341871126,-0.318978819555129
-0.84751875121053,0.685999328833453,0.580726595861458,-0.105272732971995,-0.810683604434128
-0.204240761676922,0.00550063306956758,-0.178786728169053,-0.18428736123862,-0.165748297526723
-0.84751875121053,0.525810601903542,0.35102015707566,-0.174790444827882,-0.796874187347243
0.599856725240088,-0.309809567101113,-0.425451769632001,-0.115642202530888,0.600417091445067
-1.00833824859393,0.679125516297673,0.642207392667024,-0.0369181236306497,-0.561248640605248
-0.525879756443727,0.398586046847094,0.277814561500329,-0.120771485346765,1.86869016519604
0.439037227856687,-0.47794485866492,-0.670911188381383,-0.192966329716463,-0.109640929841631
0.278217730473283,-0.359901853537187,-0.390626793936008,-0.0307249403988206,1.74457585277122
-1.00833824859393,0.505519518264781,0.499615224999177,-0.00590429326560427,-0.980777511341462
-0.284650510368624,0.205436725837488,0.23763534485804,0.0321986190205523,-1.00052581554529
1.7255932069239,-0.868432813215142,-0.938516640488257,-0.0700838272731146,1.13545849899763
0.680266473931787,-0.486268858358065,-0.652941023013555,-0.16667216465549,0.272841576796126
-2.21448447896945,1.46898647510978,1.36498333982436,-0.104003135285424,0.2494439390012
-0.284650510368624,0.314633009830637,0.343038503659835,0.0284054938291982,-0.707013129913323
0.197807981781583,-0.184546328200929,-0.309081122040514,-0.124534793839585,-1.68372080843065
-0.204240761676922,0.0658973359703809,0.115773447880818,0.0498761119104373,1.50694479531824
-1.00833824859393,0.679055407715774,0.688330589051719,0.00927518133594518,0.052019343608059
-0.686699253827128,0.308973923640204,0.44451576820442,0.135541844564216,-0.437324483873553
-0.84751875121053,0.678895301357892,0.607721309464527,-0.0711739918933647,-1.30941168906184
-0.123831012985222,0.00579644354355865,0.0181038526656638,0.0123074091221052,0.727817982299522
0.278217730473283,-0.309973609364571,-0.62038242865335,-0.310408819288779,-0.232481305916694
0.439037227856687,-0.18252838314667,-0.0655229823383581,0.117005400808312,0.559952981933857
1.3235444634654,-0.390467163226339,-0.214834548714028,0.175632614512311,-1.47390042640628
-0.123831012985222,-0.0699388135482106,-0.113798139295861,-0.0438593257476505,0.998855092302617
-0.204240761676922,0.119994108065142,0.0515876811061122,-0.0684064269590303,0.0978609937969223
-0.686699253827128,0.587871801797812,0.448924267345298,-0.138947534452514,-0.316023072435366
0.278217730473283,-0.289596944811602,-0.134076209715999,0.155520735095603,-0.846655227893543
-0.606289505135426,0.335548669628725,0.314554391793138,-0.0209942778355863,-0.0684568957009155
1.8864127043073,-0.907483677258013,-1.03100278465016,-0.123519107392143,-0.162469296764767
-1.00833824859393,0.419098018264056,0.530292617568838,0.111194599304782,-0.186252074523283
-0.204240761676922,0.187133795662891,0.270092479612528,0.0829586839496373,1.6963247052451
-0.284650510368624,0.112142380245826,0.0140600127664141,-0.0980823674794124,-1.07910318943441
-0.123831012985222,0.124581464986644,-0.119214315524029,-0.243795780510673,-0.56843004580692
-1.49079674074414,0.621070363911081,0.620084743581154,-0.000985620329927439,0.0207422280391478
0.278217730473283,-0.122475010671734,-0.0119491065270239,0.11052590414471,-0.200967313099562
-0.284650510368624,0.355827010340133,0.169220825362466,-0.186606184977667,0.45616351962469
0.278217730473283,-0.0715236726911104,-0.275160519750202,-0.203636847059092,-1.44116439105243
1.00190546869859,-0.614343703054871,-0.629271449077641,-0.0149277460227701,0.17138732430274
-0.204240761676922,0.132022221737331,0.0342313407802977,-0.0977908809570329,-1.86420290187528
-0.204240761676922,0.207040572952158,0.0405172766060642,-0.166523296346094,-0.868386915165682
0.76067622262349,-0.441756603357878,-0.739663828769347,-0.297907225411469,0.626145494088352
0.841085971315191,-0.460663809748117,-0.383304705755821,0.0773591039922957,0.579730378155259
1.966822452999,-1.14301199807074,-1.12468490752973,0.0183270905410127,-1.26016107478025
0.841085971315191,-0.535617805773968,-0.677763009053904,-0.142145203279936,-1.17732834889395
0.680266473931787,-0.349919629838632,-0.534940766431313,-0.185021136592681,1.10434478993933
0.197807981781583,-0.138312296988625,0.025377638816333,0.163689935804958,0.56713059433134
-0.84751875121053,0.61724090560372,0.603311231002946,-0.0139296746007739,-0.364389845280591
0.680266473931787,-0.401801013121723,-0.448781442365532,-0.0469804292438085,0.599402155891525
0.197807981781583,-0.309332957775255,-0.245033050347267,0.0642999074279881,0.130242643024356
-2.29489422766115,1.1247483864421,1.18383887767506,0.0590904912329582,0.226218831672329
0.197807981781583,-0.097350560243904,-0.0126702398319075,0.0846803204119965,-0.180772519069494
-0.525879756443727,0.588081075786078,0.32247677115201,-0.265604304634068,-1.66823984955025
0.278217730473283,-0.142603627420467,-0.219046578787046,-0.0764429513665783,-0.739365789784157
-0.284650510368624,0.297714099584373,0.0329700057872602,-0.264744093797113,-0.974403146534359
-0.606289505135426,0.419191285822626,0.281702969653214,-0.137488316169412,0.676956136473805
-0.84751875121053,0.403645745285539,0.544782797068353,0.141137051782814,-0.964750757303921
0.278217730473283,-0.257712545424857,-0.249230592138724,0.00848195328613299,0.598527099276368
0.599856725240088,-0.368463453728832,-0.478071260121272,-0.10960780639244,1.07975170586084
-1.00833824859393,0.859609882382498,0.675847852772872,-0.183762029609626,-0.837507509229384
-0.284650510368624,0.294963553801204,0.325671814502997,0.0307082607017928,-0.416495917935326
-0.204240761676922,-0.0268980540901533,-0.102664440179855,-0.075766386089702,-0.699794094115485
-0.525879756443727,0.334996377616237,0.233496145198058,-0.101500232418179,-0.760271639833419
0.197807981781583,-0.227730214191899,-0.526868073889727,-0.299137859697828,-0.612799213615339
-0.204240761676922,0.0686349884556991,-0.160900274522573,-0.229535262978272,0.445265901273453
1.00190546869859,-0.889474205047429,-1.14113956619775,-0.251665361150319,-1.74305941894312
0.278217730473283,-0.239001757444679,0.141124897386572,0.380126654831251,1.97903163048762
1.7255932069239,-0.86476559206938,-0.810018455758042,0.0547471363113381,0.0621548433793657
1.3235444634654,-0.85914580168979,-1.03416070444198,-0.175014902752188,0.462427219949859
1.8864127043073,-1.48885574333766,-1.64757851904877,-0.158722775711112,-0.786301185234451
0.599856725240088,-0.387436314746202,-0.635112882837102,-0.247676568090899,0.621461734137078
1.966822452999,-1.15016797952656,-1.19305524918449,-0.0428872696579319,1.56576230643333
-0.686699253827128,0.438661657783564,0.358389566398414,-0.0802720913851496,0.300340455177063
-0.606289505135426,0.287344582465225,0.2112640425481,-0.0760805399171255,-1.31543405324204
-0.365060259060323,-0.0378939508688156,-0.0522419765153015,-0.0143480256464859,1.76971450042027
-0.123831012985222,0.0449817283514571,0.0950599149223169,0.0500781865708597,-0.646445981422654
0.76067622262349,-0.651875877499292,-0.777126832838523,-0.125250955339231,-0.673575011664947
-0.123831012985222,0.206600623945343,0.154665533226593,-0.0519350907187498,-0.998359780014689
-0.525879756443727,0.333403847945168,0.103470409170768,-0.2299334387744,-1.23050543095698
1.00190546869859,-0.45218332180674,-0.580320383685111,-0.128137061878371,-1.0324890547794
-0.123831012985222,0.0592698893993795,0.117689679034583,0.0584197896352033,-0.198088833521833
-0.123831012985222,0.304259972356107,0.153704729241246,-0.150555243114861,1.43028588660328
0.278217730473283,-0.230239035045232,-0.316316725907555,-0.0860776908623228,0.385128190887028
-0.123831012985222,0.203100074256966,-0.171263330215246,-0.374363404472212,0.046584914430878
0.599856725240088,-0.164294416868497,-0.285865894034693,-0.121571477166195,-0.94965577525381
-0.606289505135426,0.312668860365261,0.317763755778475,0.00509489541321373,-1.22271490996342
1.2431347147737,-0.680742560001605,-0.556622678413882,0.124119881587722,0.0995134636733484
-0.123831012985222,-0.131578836887684,-0.525079870585562,-0.393501033697879,1.82335475709974
0.439037227856687,-0.292410503008664,-0.493941037541862,-0.201530534533198,0.0184336779824911
0.841085971315191,-0.421012613659308,-0.406196228093486,0.0148163855658222,-0.75212812670215
-0.365060259060323,0.138178794410653,0.0246732388273551,-0.113505555583298,-1.30730700126107
1.7255932069239,-0.955292505910779,-0.801297822239506,0.153994683671273,0.458674799917588
0.197807981781583,-0.0590899393776086,-0.250848751997711,-0.191758812620102,-0.00159841479011363
1.3235444634654,-0.699433275863529,-0.774348623940953,-0.0749153480774238,-0.569157320711835
0.197807981781583,-0.140431671999556,-0.300039712767985,-0.15960804076843,0.495289593926369
0.278217730473283,-0.325918659392216,-0.63954996873571,-0.313631309343495,0.761465725771334
1.3235444634654,-0.975959657286165,-1.01719197516479,-0.0412323178786241,-1.21616377987016
-0.123831012985222,0.0577614032337156,0.0763515948871137,0.0185901916533981,1.50381816381456
-0.686699253827128,0.295171700490971,0.0632041940416732,-0.231967506449298,1.15385996021977
-0.365060259060323,0.269116572562325,0.258124359611509,-0.0109922129508156,1.12747863957358
-0.84751875121053,0.597765203755169,0.586902720717532,-0.0108624830376367,1.04202763709548
-1.32997724336074,0.809975960785475,0.763258065999168,-0.0467178947863067,-0.633540994501372
1.00190546869859,-0.724002857538682,-0.681761915748385,0.042240941790297,-1.68522169885684
1.966822452999,-1.17215642433447,-1.06624966261859,0.105906761715883,1.39230966259404
-2.29489422766115,1.12084455372407,1.29318424839174,0.172339694667673,0.905015146355977
-2.29489422766115,1.28439423048577,1.36626556330072,0.0818713328149459,0.386622961677454
0.197807981781583,-0.0716618655327519,-0.0389976697619248,0.0326641957708271,-2.21878268182639
0.439037227856687,-0.125354526713044,-0.119134494236066,0.00622003247697847,-0.00849134196387746
-2.21448447896945,2.11744569595861,1.69107675011117,-0.426368945847442,1.3472359452137
-0.204240761676922,0.121863201732508,0.180602589483355,0.0587393877508473,-0.498815171169288
-0.0434212642935202,0.0604271252227827,0.000626484644752113,-0.0598006405780306,1.77026782256772
1.3235444634654,-0.919322317009808,-1.11903565970718,-0.199713342697373,-0.369584040955968
2.93173943729941,-2.40322531343601,-2.67211863861617,-0.268893325180161,-0.327557577016781
-2.29489422766115,1.51677179092746,1.43504428284938,-0.0817275080780766,-0.195254196526629
-0.284650510368624,0.181342442386925,0.10821755012228,-0.0731248922646459,-0.172020866868792
-2.29489422766115,1.86360862504991,1.71356656012727,-0.15004206492264,2.92200644497798
1.2431347147737,-0.683088267354722,-0.559474298238501,0.123613969116221,-0.135162941609656
0.278217730473283,-0.262675664351622,-0.209089945665599,0.0535857186860223,-1.41168577390356
1.8864127043073,-1.39387023167306,-1.58993278816915,-0.196062556496087,-1.32955716193329
-0.123831012985222,0.0822145436963923,-0.237083880178064,-0.319298423874457,-2.28172862063852
2.93173943729941,-2.13277655986098,-2.36619099123887,-0.233414431377892,0.803817806774875
-1.41038699205244,0.697815073081617,0.716651455004935,0.018836381923318,0.299079314135287
0.197807981781583,-0.170188221695771,-0.16667958837071,0.00350863332506113,2.13872504084934
0.439037227856687,-0.34289849864325,-0.394909680060288,-0.052011181417038,0.6236646282755
-0.686699253827128,0.622393055321516,0.633710271419817,0.0113172160983013,0.586499939891288
-0.123831012985222,0.0447801703234743,-0.143198242501949,-0.187978412825424,1.4319664608602
1.8864127043073,-1.22588619279456,-1.34900779645056,-0.123121603656005,0.619382075933
1.966822452999,-1.23261243367359,-1.20383572703889,0.0287767066347062,-0.380750482120036
-0.686699253827128,0.239472340337717,0.169981581944947,-0.0694907583927704,2.14840564375784
-0.0434212642935202,0.050597574233037,-0.215647586094126,-0.266245160327163,-2.63417134469326
0.599856725240088,-0.425908077733286,-0.563095583185849,-0.137187505452563,-0.22882785355944
0.278217730473283,-0.146560384434115,-0.151873775981998,-0.00531339154788255,-1.07027809427738
0.439037227856687,-0.205527652174039,-0.189219313159043,0.0163083390149965,1.36834332316962
1.2431347147737,-0.810016281261906,-0.648354424017393,0.161661857244513,2.01224905445499
0.197807981781583,-0.283265226142846,-0.426530214349848,-0.143264988207002,-2.12431710015102
-2.29489422766115,1.56836148612353,1.63209743675714,0.063735950633613,0.313587445296214
1.2431347147737,-0.771271656476672,-0.826994764407047,-0.055723107930375,0.25465007186274
-0.284650510368624,0.0267115489801382,0.141532006068418,0.11482045708828,1.16702266521413
-1.32997724336074,0.58142523813381,0.46035166117077,-0.12107357696304,-0.515338961109729
-0.686699253827128,0.508014712263341,0.230846454125412,-0.277168258137929,-2.03738423826649
0.197807981781583,-0.170478955076529,0.00787014012373609,0.178349095200265,0.437344818918118
-0.204240761676922,0.24383943031676,0.562273381913453,0.318433951596693,1.27415362689941
-0.525879756443727,0.228760846886661,0.16316362664577,-0.0655972202408916,-0.529078412589274
-0.204240761676922,0.138735257349234,0.216987711498427,0.078252454149193,0.477540342545731
-0.123831012985222,-0.0303684119162831,-0.0391609476701263,-0.0087925357538432,0.436958086308233
-0.84751875121053,0.530082590941909,0.446862784346418,-0.0832198065954904,-0.0752748431006753
-2.29489422766115,1.52525080369567,1.55420184902176,0.0289510453260904,-0.123912963201935
-0.365060259060323,0.225969857707908,0.0250240213896311,-0.200945836318277,-0.250566474900788
1.00190546869859,-0.937744422639002,-1.33856191954559,-0.40081749690659,0.725236305537472
-0.84751875121053,0.52949546688891,0.315866699326092,-0.213628767562819,-1.75839083921319
0.197807981781583,-0.209610827378194,-0.371977863424708,-0.162367036046514,0.471809265513342
0.841085971315191,-0.824945164160098,-0.942229635514592,-0.117284471354494,-0.640615539337052
-0.365060259060323,0.210417292491318,0.0376666841877264,-0.172750608303591,-1.45386072616357
-0.284650510368624,0.186193416023078,0.128336817378567,-0.0578565986445106,1.18892069662049
-0.606289505135426,0.29956674726613,0.273158980899938,-0.0264077663661916,1.02838563038624
1.8864127043073,-1.07239993993983,-1.06421646538731,0.00818347455252155,0.756501984839424
0.680266473931787,-0.421494840471501,-0.583699619995335,-0.162204779523834,0.975504953951338
0.278217730473283,-0.17930613674492,-0.0867313190010131,0.0925748177439074,-1.32606750052973
-0.686699253827128,0.54018994282802,0.536381694265432,-0.00380824856258755,-1.13708575398868
0.278217730473283,-0.034363554149696,0.207117060918105,0.241480615067801,-0.141348095571302
2.93173943729941,-2.59786846958454,-2.58085161078288,0.0170168588016595,-1.04638659791466
-0.204240761676922,0.198901808258582,-0.0329638685911952,-0.231865676849777,2.16964205337489
-0.525879756443727,0.297129964299504,0.347344345444864,0.0502143811453598,0.74995536279887
0.680266473931787,-0.295694129757427,-0.246451920727414,0.0492422090300127,0.764476109325964
1.966822452999,-1.27919299394569,-1.38780399616726,-0.108611002221567,2.61088346081009
0.76067622262349,-0.365059449703626,-0.410691127889975,-0.0456316781863491,1.91139618386034
-0.284650510368624,0.022086596171179,-0.18728525714946,-0.209371853320639,-0.757436735991731
0.278217730473283,-0.118879305237169,-0.138026391248196,-0.019147086011027,2.32604820842436
0.680266473931787,-0.353654466216597,-0.339967361563242,0.013687104653355,-0.741986747681225
0.278217730473283,0.0138965762147904,-0.052219596725822,-0.0661161729406124,-0.895012675795284
0.599856725240088,-0.49857814880707,-0.716617332524988,-0.218039183717918,-0.380324312597787
0.197807981781583,-0.30187921357713,-0.0531620016986155,0.248717211878515,-0.46288210206326
0.278217730473283,-0.268928605251262,-0.559037255754529,-0.290108650503267,0.42485097881453
-0.365060259060323,0.00482252304954026,0.11402849073207,0.10920596768253,0.517409726506874
-0.84751875121053,0.230971543076819,0.413030839649693,0.182059296572874,-0.657699616845467
-1.41038699205244,0.75994322775384,0.632920424015826,-0.127022803738015,-0.398417531830872
-1.32997724336074,0.846907546199102,0.667097877612398,-0.179809668586704,-0.581374342578614
-0.284650510368624,0.0852367874215489,0.169647134500841,0.0844103470792925,1.91746618887999
-0.204240761676922,0.0921679062649272,0.154367163657475,0.0621992573925477,-0.594056505900362
-0.365060259060323,0.176158485786487,0.0642278624160878,-0.111930623370399,1.8347579744146
-1.32997724336074,0.642370144688909,0.578462143837992,-0.0639080008509173,0.296519632119847
1.2431347147737,-0.947689186101893,-1.17703165109679,-0.229342464994895,1.95676641283925
0.76067622262349,-0.524124446565662,-0.667961837041446,-0.143837390475783,-0.039502650375274
-0.686699253827128,0.602926615561805,0.406910365362369,-0.196016250199435,1.28095610366611
-1.41038699205244,0.540109815688281,0.651968394180652,0.111858578492371,0.233299402465942
0.197807981781583,0.0771074992907563,-0.0178377100855866,-0.0949452093763429,1.9906490378768
-1.00833824859393,0.688482417040122,0.562036041857031,-0.126446375183091,1.23552935642017
1.7255932069239,-0.936822948450848,-0.987020901445065,-0.0501979529942161,-0.713024740578007
-0.365060259060323,0.27229708180168,0.260374689072708,-0.0119223927289716,-1.33153166210204
2.93173943729941,-0.888762023113601,-0.808004471993242,0.0807575511203595,-0.50622337647023
1.8864127043073,-1.26650170765413,-1.45213886296562,-0.185637155311489,-0.169189598539234
-0.84751875121053,0.347106840037708,0.234009474547704,-0.113097365490004,-0.0066321996351808
-1.49079674074414,0.790880522210263,1.04831124776537,0.257430725555111,-0.508822691016674
0.278217730473283,-0.316411026177146,-0.539103124284402,-0.222692098107256,-1.39127830381954
-0.123831012985222,0.0529516866736026,0.0428367440870311,-0.0101149425865715,-0.688549797561505
-0.525879756443727,0.264205163138234,0.212365172774262,-0.0518399903639712,-0.482291555558431
-0.365060259060323,0.0798374801484702,-0.0392992053805968,-0.119136685529067,1.47900046727579
1.966822452999,-1.1694504854329,-1.22626122583572,-0.0568107404028169,0.218335110482516
-0.284650510368624,0.253256375003101,0.622123271225501,0.3688668962224,1.32070206426205
0.680266473931787,-0.578861374672198,-0.692981842383532,-0.114120467711333,-0.376890777979793
0.278217730473283,-0.107086491078471,-0.0254364821904509,0.0816500088880205,0.260807463734089
-0.606289505135426,0.184053246077184,0.299915941555903,0.115862695478719,-0.178158157403626
0.680266473931787,-0.537175407676924,-0.639530479270941,-0.102355071594017,-1.30849955852268
-0.686699253827128,0.457623377049212,0.512231643509264,0.0546082664600519,1.45931886501109
0.278217730473283,-0.00860969993354868,-0.0519007614431126,-0.0432910615095639,-0.324385150211785
-0.204240761676922,0.116107021527439,-0.0916133536608257,-0.207720375188264,-0.264239262351303
-0.365060259060323,0.0993957765452606,0.127744177127972,0.0283484005827119,0.48491790043583
-0.284650510368624,0.17947472332704,0.243305494758498,0.0638307714314582,0.0157604433078153
0.680266473931787,-0.384152402835726,-0.295302071872183,0.0888503309635436,-0.825160925540857
0.278217730473283,-0.0656264170516751,-0.218254942766861,-0.152628525715186,1.45299974503872
-0.284650510368624,0.228500811306752,0.081468398441432,-0.14703241286532,0.00873446706215003
0.841085971315191,-0.469220193919668,-0.466292090004221,0.00292810391544696,-0.520925571003637
-1.00833824859393,0.71773164023945,0.762512065194515,0.0447804249550653,-0.828456062365977
0.278217730473283,-0.0291945355191563,-0.263439603450239,-0.234245067931082,-3.23691222224262
-2.29489422766115,1.97528032033672,1.60445793550856,-0.370822384828161,1.06685752932296
-0.284650510368624,0.0544044759023541,-0.000666016730324986,-0.055070492632679,-0.690475211041722
-0.284650510368624,0.376062475191033,0.326055483482519,-0.0500069917085144,-0.260862193970967
-0.204240761676922,0.161776829278672,-0.160096745332893,-0.321873574611565,-1.16741017646995
-0.686699253827128,0.475474498431009,0.35920933071179,-0.116265167719219,0.344383658884105
0.278217730473283,0.0558296355199927,0.0801777739227737,0.024348138402781,-0.265252096901897
-1.49079674074414,1.14817355752816,1.09489460504526,-0.0532789524829076,-0.327238158956253
0.599856725240088,-0.381225602840013,-0.396234637417405,-0.0150090345773922,1.71640326866667
-0.84751875121053,0.328587003553124,0.402610595899976,0.0740235923468523,0.0247811234243752
1.3235444634654,-0.52466522001944,-0.529469351212227,-0.00480413119278722,-0.955823032388637
0.439037227856687,-0.308331654506616,-0.594655876798532,-0.286324222291916,1.23750434311726
-0.204240761676922,0.107244408638377,0.1819766866988,0.074732278060423,-0.703823737224111
-0.84751875121053,0.569636763621501,0.607795499715675,0.0381587360941736,-1.54976758699761
0.599856725240088,-0.497073276073851,-0.652342093264562,-0.155268817190711,0.243033181246131
-2.21448447896945,0.940741629487844,0.738668112828455,-0.20207351665939,0.535608916485013
-0.284650510368624,0.211372392035496,0.199548799369959,-0.0118235926655375,-0.272022465432825
-0.365060259060323,0.213620898935853,0.303623988733319,0.0900030897974662,0.778284454682096
-0.365060259060323,0.305574419792665,-0.0720648863321745,-0.377639306124839,-0.817057079728659
-0.204240761676922,-0.0512369586208259,-0.103505420256013,-0.0522684616351866,-0.908294674377136
0.278217730473283,-0.248806609538956,-0.407600942848323,-0.158794333309367,-0.619130193315764
0.439037227856687,-0.264455520429541,-0.15535077150532,0.109104748924222,0.0932350603144407
-0.365060259060323,0.48560287045033,0.109263080423478,-0.376339790026851,-2.04513561225537
0.599856725240088,-0.305762910697847,-0.230707445964469,0.0750554647333776,-0.184307334818304
-0.0434212642935202,-0.0690582941186105,-0.166475024860153,-0.0974167307415422,0.0308219587488161
-0.123831012985222,-0.0840501985628894,-0.156265724109922,-0.0722155255470322,-0.13238192556696
2.93173943729941,-2.14768398171461,-2.34567978369997,-0.197995801985362,1.17538112591493
0.599856725240088,-0.463173077128386,-0.481640353233558,-0.018467276105172,-1.63633643312087
1.00190546869859,-0.835798161696372,-0.992382703593522,-0.15658454189715,1.40200047473401
-0.365060259060323,0.098858850981676,0.0492472588886878,-0.0496115920929881,0.0496456098953135
0.197807981781583,-0.139844940578001,-0.255638596327107,-0.115793655749106,-1.99455968694651
-1.49079674074414,0.749077700195111,0.77459858186453,0.025520881669419,0.380937223319263
0.278217730473283,-0.109928155056079,-0.0450073161235155,0.0649208389325638,-0.134062548125674
-0.284650510368624,0.195350861648877,0.197270443243863,0.00191958159498629,-0.162099243077637
0.680266473931787,-0.365742675515648,-0.38567415222296,-0.0199314767073123,1.66947532755681
-0.123831012985222,0.167897856339611,0.0622446867940995,-0.105653169545512,0.130892945303678
0.278217730473283,-0.237424341398288,-0.382261297510818,-0.144836956112531,-0.693550316189959
1.966822452999,-1.17746268559266,-1.32023899616084,-0.142776310568186,0.419943098415666
0.197807981781583,-0.32923721439923,-0.278023721348489,0.0512134930507408,0.527368190016651
1.8864127043073,-1.22598364780735,-1.31810695553237,-0.092123307725019,1.64796264876691
1.2431347147737,-1.1989731971455,-1.51774322473318,-0.318770027587674,-0.8581605384635
-0.84751875121053,0.776996764902599,0.438500812828621,-0.338495952073978,-1.45174064710227
-0.284650510368624,0.0256899682328053,-0.0114885365510294,-0.0371785047838346,0.709244833411033
-0.123831012985222,0.145435152535998,0.204987007490662,0.0595518549546634,-0.706252131973474
0.197807981781583,-0.0567560343777674,-0.291423441394467,-0.2346674070167,0.240949119673659
-0.0434212642935202,0.0148165898463261,-0.140030357874773,-0.1548469477211,-0.752698445133974
0.599856725240088,-0.462750591612113,-0.834843413356248,-0.372092821744135,0.0974533166185327
0.439037227856687,-0.365953604752516,-0.684040535858363,-0.318086931105847,0.522219111878748
-0.204240761676922,0.149835291185184,0.060041174691535,-0.0897941164936486,1.13870001523733
-0.284650510368624,0.229974029348238,0.170223457216502,-0.0597505721317361,1.97203291580814
-0.284650510368624,0.262060259440367,0.0495021655246099,-0.212558093915757,-0.916486341616934
-1.00833824859393,0.880947907138236,0.752517709112543,-0.128430198025693,-0.985923278620495
-0.686699253827128,0.394763418375681,0.520003118519372,0.12523970014369,0.988860006596989
0.599856725240088,-0.462066337736602,-0.576066306588368,-0.113999968851766,-0.101940145715822
-0.365060259060323,0.251942620684083,0.0448205374644915,-0.207122083219591,0.31404630408944
0.278217730473283,-0.149487434054684,-0.333387014773298,-0.183899580718614,-0.518440100187127
0.197807981781583,-0.192343750952682,-0.242818241355283,-0.0504744904026008,0.518158562927006
2.93173943729941,-1.39970554284162,-1.37552166942181,0.0241838734198094,0.0804849869160601
1.8864127043073,-1.21184707175521,-1.15207437920806,0.0597726925471418,-1.86298644100454
0.197807981781583,-0.375833440674217,-0.556769923191752,-0.180936482517535,0.0196352335241984
-0.686699253827128,0.616045276110096,0.36037079486866,-0.255674481241436,1.46642861579993
0.278217730473283,-0.230693848262618,0.0408983582044768,0.271592206467095,1.46161955793699
0.599856725240088,-0.434368366560065,-0.522087965448177,-0.0877195988881115,-0.124636024714892
1.966822452999,-1.16753625028487,-1.20412181700141,-0.036585566716534,0.270391254083848
-0.123831012985222,0.13700711327747,0.0233507022534434,-0.113656411024027,1.06298465544955
0.680266473931787,-0.29729467011132,-0.488843859533274,-0.191549189421954,-1.20649765492241
0.278217730473283,-0.0434250665218683,0.0341465936582857,0.077571660180154,-0.744375264741783
1.8864127043073,-1.30508352719052,-1.45966414106898,-0.154580613878464,-1.65213973417126
0.197807981781583,-0.0514017817456882,-0.0936104608619416,-0.0422086791162533,1.86999497315502
0.197807981781583,-0.186221667765372,-0.41839682392179,-0.232175156156418,-0.0734499812153074
0.278217730473283,-0.239096154992128,-0.342891134841755,-0.103794979849627,0.0494623298226738
0.599856725240088,-0.11532138229291,-0.098761259104846,0.0165601231880644,0.14635893978863
-0.284650510368624,0.255173431425852,0.126668796242306,-0.128504635183547,1.26446301218897
0.76067622262349,-0.30869232664557,-0.19970391416311,0.10898841248246,0.720552421097753
1.966822452999,-1.31972486752793,-1.35219876111361,-0.0324738935856794,0.778490990338058
-0.84751875121053,0.299165617538237,0.309727805440446,0.010562187902209,-1.74382820224827
-0.606289505135426,0.462826280521847,0.413476765978029,-0.049349514543818,0.325676624149538
-1.00833824859393,0.557414393337595,0.493799691717878,-0.0636147016197172,0.227507364454239
-0.204240761676922,0.0787427529791595,0.137623640510947,0.0588808875317873,2.38441520766628
-0.525879756443727,0.35465169835254,0.402642810543717,0.0479911121911771,-0.0566104795251133
0.278217730473283,-0.337182371402655,-0.515876308769871,-0.178693937367216,1.96651713773072
-0.686699253827128,0.509114796748921,0.334840337191301,-0.17427445955762,-0.463856461868646
-2.21448447896945,0.633145145085306,0.641139244960628,0.00799409987532185,0.208993356350762
-0.365060259060323,0.331754735969384,0.114011214403469,-0.217743521565915,-0.911167882525518
-0.84751875121053,0.654460637463891,0.435970554585183,-0.218490082878708,-0.138086384312753
0.197807981781583,-0.0953633989152273,-0.252447427810905,-0.157084028895678,0.196056130017176
-0.525879756443727,0.352156587651358,0.0808241913623232,-0.271332396289035,-0.769045788444579
-2.29489422766115,1.18571624861241,1.01730093747301,-0.168415311139406,-0.66067429635952
-0.686699253827128,0.354861814261013,0.269407475048685,-0.0854543392123279,-1.68732181999541
0.599856725240088,-0.498161961946476,-0.653548299737848,-0.155386337791373,0.417068682212553
-1.49079674074414,1.1902054119395,1.07741752615301,-0.112787885786487,0.49205920018067
-0.365060259060323,0.274026904024784,0.0718792531902779,-0.202147650834506,1.8320682961245
0.197807981781583,-0.121467186894508,-0.073759089116133,0.0477080977783752,-0.790001968864725
-0.84751875121053,0.796508932273449,0.771317107352437,-0.0251918249210119,-0.995930957275288
-2.21448447896945,1.101849337632,1.16570328590431,0.0638539482723184,-1.05447131934775
0.278217730473283,-0.203725827461867,-0.50795371271886,-0.304227885256994,-1.21017694439649
-0.204240761676922,0.13269396770226,0.11982379219463,-0.0128701755076304,-1.42719413068329
-0.686699253827128,0.322510366300481,0.258423685219945,-0.0640866810805356,1.0728267165537
1.8864127043073,-1.14879343818729,-1.26851974132546,-0.119726303138171,-0.375667551545641
0.278217730473283,-0.184988931786667,-0.312734089433553,-0.127745157646886,-0.170132322910963
-0.0434212642935202,0.0211922006090736,0.0674073614311531,0.0462151608220795,-0.640697367036312
-0.123831012985222,0.162495881023539,0.0034050079719625,-0.159090873051576,0.558443368650814
-0.204240761676922,0.0385970133873711,0.0637266185972181,0.025129605209847,-1.70842497564493
-0.84751875121053,0.446750015253545,0.437266136945691,-0.00948387830785385,-1.61193571687219
-1.41038699205244,0.78125187336592,0.887766621500947,0.106514748135027,1.18200887105293
1.3235444634654,-0.853448213746024,-1.14875717351007,-0.295308959764045,-0.959587031904068
-0.284650510368624,0.180102008852218,-0.0245982171945348,-0.204700226046753,1.15537813953176
0.197807981781583,-0.160298258450299,-0.139888966284415,0.0204092921658834,0.968469418751424
-0.525879756443727,0.240885538964857,-0.0282148427301727,-0.26910038169503,-1.60909723464452
-0.525879756443727,0.307152786704999,0.126078098947398,-0.181074687757601,0.980910259537284
-1.32997724336074,0.49923097380026,0.594717139447014,0.0954861656467545,-2.41322499601954
-0.525879756443727,0.147381030995577,0.268151659829425,0.120770628833848,0.895184442213488
-0.284650510368624,0.127303551521552,0.0855456623462102,-0.0417578891753415,-1.70793555895405
-1.32997724336074,1.14900627848267,0.830444601062327,-0.318561677420344,0.815328271180379
-0.84751875121053,0.247984138525141,0.186825383186278,-0.0611587553388625,-2.27808182541006
0.76067622262349,-0.485665372327121,-0.588454146996706,-0.102788774669584,-0.249185948393557
0.599856725240088,-0.375467593529812,-0.698548249349485,-0.323080655819672,-0.72005698652083
0.197807981781583,-0.155459339875933,-0.283598956070064,-0.128139616194131,-0.894880054132543
-0.525879756443727,0.470071717116986,0.249104973523043,-0.220966743593943,0.140577689001199
-0.84751875121053,0.461560553716323,0.300250917757289,-0.161309635959034,1.13983675379986
-0.686699253827128,0.508065612726462,0.400299300908468,-0.107766311817994,-1.48098089574952
-0.204240761676922,0.119146110263159,0.00457531587748577,-0.114570794385673,-0.549408504412469
-0.525879756443727,0.17945364632228,0.343551421174735,0.164097774852455,1.47430278493671
0.278217730473283,0.0415105679867588,0.170172539421511,0.128661971434753,1.92359480521691
-0.525879756443727,0.168549775119814,0.356798076027567,0.188248300907753,0.555259690438873
0.197807981781583,-0.0488065039972051,-0.167355722500489,-0.118549218503284,-1.64924952079039
-0.123831012985222,0.040394655084992,-0.0237386700396674,-0.0641333251246594,0.295481365609968
-0.0434212642935202,-0.183127338791469,-0.181970850999648,0.00115648779182093,0.367661893745256
-0.284650510368624,0.0973697562798998,0.120573447655393,0.0232036913754932,-1.40991535482049
-1.32997724336074,0.753949067741776,0.569104870444513,-0.184844197297262,-0.158967508403346
1.3235444634654,-0.838882628987551,-0.718197512797561,0.12068511618999,-0.0690938759714175
1.966822452999,-1.176077660606,-1.1476642917556,0.0284133688503994,0.695290719583377
-0.284650510368624,0.076831571928462,0.118452628150642,0.0416210562221803,1.69917511242771
2.93173943729941,-1.54370461462226,-1.5243566847722,0.0193479298500576,0.135193746688173
-0.525879756443727,0.267471299929256,-0.112738777866065,-0.380210077795321,-0.53684954274857
-1.49079674074414,0.918965276569708,0.774718651873524,-0.144246624696184,-1.21559810679113
0.439037227856687,-0.374868161112008,-0.447402688148504,-0.0725345270364962,-1.27252858614952
0.278217730473283,-0.00291711626242606,-0.0477857889379232,-0.0448686726754971,0.0653736782364003
-0.204240761676922,0.117781624842013,0.245920379528982,0.128138754686969,-1.07239690262649
-0.84751875121053,0.615422549311134,0.558458621232289,-0.0569639280788452,-1.09831765960138
-1.32997724336074,0.944469952127341,0.741141243767738,-0.203328708359603,-1.81631268859134
0.278217730473283,-0.105033614029712,-0.200473158164207,-0.0954395441344956,-0.7190740721745
0.278217730473283,-0.565816595272289,-0.87144049375677,-0.305623898484481,-1.83024752674086
0.841085971315191,-0.210316540288376,0.049650284046687,0.259966824335063,0.768695468293359
-0.686699253827128,0.644321646573682,0.677798713622895,0.0334770670492126,-0.748431377618988
0.278217730473283,-0.148376017027596,-0.184040054555634,-0.035664037528038,-0.478245348474645
0.599856725240088,-0.358787882870055,-0.325995226882823,0.032792655987233,0.503634147884064
0.439037227856687,-0.428880934407667,-0.395289694064069,0.0335912403435976,1.85709986503786
-0.84751875121053,0.595692614311694,0.646787338161764,0.0510947238500697,-0.773113943902833
0.439037227856687,-0.38798542259866,-0.378563337559652,0.00942208503900854,0.180814483595958
-0.365060259060323,0.121248556893014,-0.0595637071302728,-0.180812264023287,1.46222463194339
-0.686699253827128,0.546704149221727,0.406424277118783,-0.140279872102944,-2.35469774930889
-0.365060259060323,0.182757651640786,-0.140641169984626,-0.323398821625412,1.92434302623941
-1.00833824859393,0.576088774866663,0.52736997827498,-0.0487187965916834,-0.113923815591613
1.2431347147737,-0.792096272919233,-0.872734990102074,-0.080638717182841,-1.49559605177309
-0.525879756443727,0.216725684626882,0.208708370136265,-0.00801731449061627,0.344756552965863
0.841085971315191,-0.369822818049338,-0.103132359385889,0.266690458663449,0.858586183257591
1.8864127043073,-1.49488813750455,-1.62509811963265,-0.130209982128097,-0.0574064328371109
0.76067622262349,-0.358581835034348,-0.301689344099264,0.0568924909350844,-0.444072137476204
0.599856725240088,-0.420679615396501,-0.40555127037942,0.0151283450170813,2.28437767356421
0.278217730473283,-0.0868216680423402,-0.277864781120292,-0.191043113077951,-0.213607542447686
-2.29489422766115,1.76690449059374,1.75321332836311,-0.0136911622306366,2.71584541097683
-0.365060259060323,0.45591907790014,0.32818067871226,-0.12773839918788,-0.238667622350215
-0.123831012985222,0.0399154094219981,-0.0549066411569913,-0.0948220505789894,-0.0573534891043495
-0.204240761676922,0.149611019750489,0.0399933853057752,-0.109617634444713,1.12328760200057
1.966822452999,-1.0637624888968,-1.23941600171468,-0.175653512817878,-0.446184622071958
-0.525879756443727,0.343745209477421,0.324786564305934,-0.0189586451714875,-0.301122200083449
1.2431347147737,-0.942882425335024,-0.846467343714062,0.096415081620962,-0.0914328082671387
-1.32997724336074,0.585309646216878,0.608797258084624,0.0234876118677455,0.96888914620813
-1.41038699205244,1.30508182690932,1.14271485504488,-0.162366971864436,-0.256884216126388
-0.686699253827128,0.34479549919336,0.195081562033704,-0.149713937159655,0.843340728765451
-0.365060259060323,0.291298342821336,0.0392353266330462,-0.252063016188289,-0.669719496171163
0.197807981781583,-0.131162703074493,-0.0183607441581294,0.112801958916364,0.61731339659448
-0.204240761676922,0.162636430264211,0.0588715897844139,-0.103764840479797,0.275594406060898
-1.41038699205244,0.673943890840333,0.711255608625283,0.0373117177849499,1.29178477748685
0.278217730473283,-0.398861606459505,-0.81435516890706,-0.415493562447555,0.376022785374845
0.599856725240088,-0.457860478639745,-0.662987264295055,-0.205126785655311,-0.833221052251245
-0.123831012985222,0.216547929832165,0.0468587332346999,-0.169689196597465,-2.0533008753259
2.93173943729941,-2.40046860512499,-2.74126235747311,-0.340793752348117,-2.1992671184645
-0.204240761676922,0.0866831397853529,-0.169156134031967,-0.25583927381732,-0.105750339246709
0.680266473931787,-0.644248956735438,-0.972830880231106,-0.328581923495668,0.8444581372516
-1.00833824859393,0.497875309593194,0.255739315806119,-0.242135993787075,-1.01484722699374
0.76067622262349,-0.552367099140131,-0.615086960706269,-0.0627198615661378,-0.616571674432357
0.680266473931787,-0.524750994649058,-0.694275659849626,-0.169524665200568,0.303618195392026
-0.84751875121053,0.694053086988105,0.438881677013039,-0.255171409975066,0.252256974440877
-0.123831012985222,0.111652199892655,0.07825789382858,-0.0333943060640751,0.782933310206064
-1.32997724336074,0.857265414622473,0.831831648292875,-0.0254337663295972,-0.297769126463737
-0.606289505135426,0.341354329969543,0.4475464812786,0.106192151309058,-0.385149223832298
-0.204240761676922,0.0443683627295139,-0.0889188955587543,-0.133287258288268,2.44283947950539
-0.686699253827128,0.305587013654054,0.227765271040869,-0.077821742613185,-1.0888333597986
0.76067622262349,-0.587417968051324,-0.697032520442683,-0.109614552391359,0.731111300548433
0.197807981781583,-0.137996690245412,-0.307708740219484,-0.169712049974071,1.80337760469322
-0.284650510368624,0.390661257042828,0.392588393606357,0.00192713656352883,-0.177539698011084
2.93173943729941,-1.57522446995634,-1.78110433998097,-0.205879870024639,0.0816352574785899
1.8864127043073,-0.851072265852501,-0.942130821020689,-0.0910585551681881,-1.70942494220188
-0.284650510368624,0.146562933680467,-0.198940388081356,-0.345503321761823,-2.71809024754598
-0.284650510368624,0.27439504618219,0.110708524068883,-0.163686522113307,-0.000991074636890132
1.2431347147737,-0.594013653945508,-0.68252248095097,-0.0885088270054619,1.36005470368961
1.2431347147737,-0.49494024223515,-0.514457859359724,-0.0195176171245739,1.34518916918214
0.278217730473283,-0.00651794058023492,-0.121680355651941,-0.115162415071706,-1.93269208991316
-0.84751875121053,0.632796133968645,0.645014109739678,0.0122179757710328,-0.605701158039183
0.278217730473283,-0.282070104848413,-0.439656498522747,-0.157586393674334,0.751328276203621
0.76067622262349,-0.358993050226742,-0.573574181041147,-0.214581130814404,-2.20080689726084
-1.32997724336074,0.853500517232907,0.937756654957663,0.0842561377247555,-0.197433519064889
0.278217730473283,-0.0956020540719511,-0.138482502897012,-0.0428804488250606,1.98402035774553
-0.204240761676922,0.205868434329795,-0.08896756358308,-0.294835997912875,-0.17141864040991
0.680266473931787,-0.442665865875476,-0.580153602051358,-0.137487736175883,-0.36714283115562
-0.123831012985222,0.0966108738316926,0.121007751824958,0.0243968779932656,0.856068068181375
-0.686699253827128,0.409035104294375,0.261709078844137,-0.147326025450238,0.587665401698886
1.8864127043073,-1.51500228107802,-1.61307961302235,-0.0980773319443347,-0.166427025837772
-0.84751875121053,0.529059794891399,0.375843099837127,-0.153216695054272,-0.161967526420328
-0.686699253827128,0.397008860464503,0.466260684705158,0.0692518242406546,-0.347384592351965
-1.49079674074414,0.905056645113062,0.844434929791139,-0.0606217153219226,1.05587485359162
0.680266473931787,-0.51121475724967,-0.478734769771776,0.0324799874778932,0.136020032232639
0.197807981781583,-0.109674900388583,-0.0701355096839696,0.0395393907046136,0.120956055789608
0.197807981781583,-0.0904375548974992,-0.422849326574169,-0.33241177167667,-2.35029910804534
0.278217730473283,-0.19542115690838,-0.339715368226303,-0.144294211317923,0.297276888045228
-0.123831012985222,0.0520163541360848,0.412543768517055,0.360527414380971,-0.0302811154264439
-0.84751875121053,0.634775142410083,0.497205666845601,-0.137569475564481,1.0499552774621
1.8864127043073,-0.272887999398727,-0.11045664864327,0.162431350755457,-1.14278962605086
-0.0434212642935202,0.0859565361469539,-0.123241522202808,-0.209198058349762,-0.569663916643067
0.599856725240088,-0.175122374734432,-0.433078210117333,-0.2579558353829,0.918968265690234
-1.32997724336074,0.619745537336499,0.591398314955387,-0.0283472223811118,1.58090917589555
-1.49079674074414,1.07556638110223,1.00321506713819,-0.0723513139640442,-0.975413834402495
-0.204240761676922,0.223598777236344,0.163825363301722,-0.0597734139346219,-0.627982292457481
-0.0434212642935202,0.124023664007313,0.215385707671326,0.0913620436640123,1.17458884647688
0.278217730473283,-0.283529947757945,-0.424647608282234,-0.141117660524289,0.254834557493369
-0.525879756443727,0.410733680013761,0.288127821198987,-0.122605858814774,0.432782256018847
-0.525879756443727,0.459723978540046,0.370093940078842,-0.0896300384612038,-0.384635699558304
0.278217730473283,-0.253173434664357,-0.382496903399906,-0.12932346873555,0.891579101372586
-0.204240761676922,0.181510316824246,-0.0177874387473224,-0.199297755571568,0.754248197098853
0.278217730473283,-0.180799827819889,-0.0893020676294324,0.0914977601904564,0.0373592105912204
0.278217730473283,-0.13384576186307,-0.26342795623207,-0.129582194369001,-0.431702300681925
0.599856725240088,-0.239626599823975,-0.358114997497975,-0.118488397674,-0.792795223948129
-0.123831012985222,0.0446931213678143,-0.0730255672673944,-0.117718688635209,1.37788629748154
-0.0434212642935202,-0.062231780506534,-0.167958984201199,-0.105727203694665,0.242760815040534
0.197807981781583,0.00339093481042516,-0.002556507505697,-0.00594744231612215,-1.53252976842648
-1.32997724336074,0.590419082583367,0.686511310688477,0.0960922281051099,-0.145939261320993
-0.284650510368624,0.162026755508423,0.00633571020284851,-0.155691045305575,-0.230874315789075
0.599856725240088,-0.254799280655383,-0.379287369880133,-0.12448808922475,-0.366714205275921
-0.0434212642935202,0.0799904799971632,0.0598770249008895,-0.0201134550962736,1.51841244396068
-0.525879756443727,0.570339313861359,0.243252473026115,-0.327086840835244,-0.773882882297602
0.197807981781583,-0.298069320756949,-0.512999449692055,-0.214930128935106,-1.35485752305999
0.680266473931787,-0.525548050306249,-0.8051721775002,-0.279624127193951,-0.622357947182865
1.8864127043073,-1.18983095541772,-1.28039396865328,-0.0905630132355606,2.12556618210714
-0.284650510368624,0.137503719231352,-0.0244486275764955,-0.161952346807847,0.83603177614949
1.966822452999,-0.769249915028462,-0.776470130267015,-0.00722021523855376,-2.49324558351054
-0.606289505135426,0.378177189235462,0.309573059621719,-0.0686041296137435,0.299722977631044
0.76067622262349,-0.424403643798216,-0.29879569405655,0.125607949741666,-1.29553114758287
1.7255932069239,-1.12235053425583,-1.35988051993348,-0.237529985677649,-0.881390498929011
1.7255932069239,-1.06089863025403,-1.00732314880135,0.0535754814526879,-1.48383734346725
0.278217730473283,-0.119517998039724,0.134326903633728,0.253844901673452,1.15995552493286
-0.204240761676922,0.176212779990945,-0.184557259102689,-0.360770039093634,-2.14144475820502
-0.686699253827128,0.44096276493949,0.323920211882184,-0.117042553057305,-0.801268623831001
-0.204240761676922,0.289919533232761,0.00567827083264499,-0.284241262400116,1.3781826426446
2.93173943729941,-1.4643712810948,-1.38246870807686,0.081902573017939,-1.07665233371736
0.197807981781583,-0.235737245929094,-0.239323079202753,-0.00358583327365913,0.0484943305172045
-0.123831012985222,0.0536556578416559,-0.0590799817006451,-0.112735639542301,-1.08080436861262
1.7255932069239,-0.829978780146856,-0.626953321534588,0.203025458612268,-1.28748013537418
-0.525879756443727,0.226424708283188,-0.0712725747823725,-0.29769728306556,0.577981034981244
-0.284650510368624,0.277332187846631,0.213983477228788,-0.0633487106178433,1.42180440095588
0.197807981781583,-0.280703600862379,-0.70076380572788,-0.420060204865501,-1.33107249547716
0.197807981781583,0.0488854648765882,0.0533587240914513,0.00447325921486311,1.39507115597652
-0.606289505135426,0.464915681119432,0.351719998292225,-0.113195682827207,0.763227910825501
0.76067622262349,-0.448033327278701,-0.602068512710076,-0.154035185431374,1.5822394091341
-1.00833824859393,0.675298921768942,0.515321750825214,-0.159977170943728,0.221619431946908
0.197807981781583,-0.0256341971624689,0.0495674215941819,0.0752016187566508,0.242627369358969
1.8864127043073,-1.25985910291406,-1.11786525506062,0.141993847853436,3.24916750513963
-0.284650510368624,0.268092893424851,0.0586771239679243,-0.209415769456926,-0.344365770737352
-0.284650510368624,0.106546962171943,-0.186233872124811,-0.292780834296754,1.96206847787201
1.3235444634654,-0.412605776430096,-0.359375084540136,0.0532306918899603,-1.96940480866917
-1.00833824859393,0.785889797775643,0.556552274525522,-0.229337523250121,0.017798651244332
0.278217730473283,-0.142208851795191,-0.058618907915931,0.0835899438792597,-0.791511345077287
0.197807981781583,-0.260917062137507,-0.307589185684198,-0.0466721235466913,-0.118576132486789
-0.84751875121053,0.553114237144963,0.448066067910629,-0.105048169234333,-0.182271335117373
0.599856725240088,-0.123859192036306,-0.150854888774834,-0.0269956967385281,1.25435375502717
-0.686699253827128,0.528303065827547,0.507856257201938,-0.0204468086256095,-0.256557479055476
-0.204240761676922,0.277789212341381,-0.00311842279252514,-0.280907635133906,-0.646527495644691
-0.606289505135426,0.679913463019264,0.685239154535444,0.00532569151618056,-0.0680987393382357
-1.32997724336074,0.800008366541155,0.581990857117595,-0.218017509423561,-1.97358148067918
-0.365060259060323,0.322209290278479,0.287249187462705,-0.0349601028157739,0.0841720186158853
-0.123831012985222,0.0710516410978762,0.0830081605282317,0.0119565194303554,-0.88407732609896
-0.686699253827128,0.642281057889632,0.412763039100814,-0.229518018788818,0.0910349153417188
-0.686699253827128,0.546405497015537,0.423484479726398,-0.12292101728914,1.21883554349263
0.439037227856687,-0.237509367934584,-0.205646141070527,0.0318632268640575,-0.49739609380841
0.197807981781583,-0.111955401774557,-0.0723973720584289,0.0395580297161283,-0.703047921693372
-0.123831012985222,0.0444925332404406,-0.278280121817354,-0.322772655057795,-2.17624313558495
-0.123831012985222,0.183923863785696,-0.041347785943718,-0.225271649729414,0.120382375189757
-0.123831012985222,0.014967997959594,0.205751740380284,0.19078374242069,0.017877436413354
2.93173943729941,-2.35585614753841,-2.79186586520203,-0.436009717663617,-0.04095462695342
-1.32997724336074,0.970654927985465,0.640499216321022,-0.330155711664443,-0.612733828459867
-0.365060259060323,0.248946474662021,0.230817838054102,-0.0181286366079185,-0.541077410408795
0.599856725240088,-0.368791722327925,-0.266225343075748,0.102566379252177,-2.59777351732653
0.278217730473283,-0.227863109580174,-0.419071333206492,-0.191208223626318,-3.90188159577271
-0.686699253827128,0.611677073483426,0.737881455607516,0.12620438212409,1.50582511737878
-0.284650510368624,0.317769166866478,0.276546781321952,-0.0412223855445265,0.968132380905574
1.2431347147737,-0.408133622639294,-0.50619283975772,-0.0980592171184253,-0.103850773712187
1.966822452999,-0.708237774842155,-0.461756892750194,0.246480882091961,0.217811778906144
1.00190546869859,-0.706401082200652,-0.796259787958909,-0.0898587057582574,0.640024226127872
0.680266473931787,-0.386676682850142,-0.367717174912963,0.0189595079371791,1.61357293848848
0.197807981781583,-0.172290629508252,-0.345423612596817,-0.173132983088565,1.64371575113739
-2.29489422766115,1.80291584809448,1.64769298080631,-0.155222867288175,-0.445049193243493
0.599856725240088,-0.218088823106093,-0.146492421980735,0.0715964011253588,-1.19594212635952
-0.284650510368624,0.112771264704598,0.13657658147519,0.0238053167705923,1.0232222660561
1.00190546869859,-0.938369048268439,-1.31614635382303,-0.377777305554591,-0.376253567736013
-0.284650510368624,0.287990293452602,0.200987135772682,-0.0870031576799195,1.21546833949792
-2.29489422766115,2.06186897150689,1.90634896047313,-0.155520011033765,-0.261761863864657
-0.365060259060323,0.199721640960613,0.393064993630433,0.19334335266982,1.16137817455147
-0.525879756443727,0.600951013657052,0.199001786655696,-0.401949227001356,0.447535236302596
1.2431347147737,-0.726440645071165,-0.834246242731175,-0.107805597660011,-0.628772284030861
1.966822452999,-1.17677763023325,-1.21533393947781,-0.0385563092445571,-0.911402431806994
-0.284650510368624,0.0877319243489117,0.267839487756503,0.180107563407592,0.278995116340203
1.7255932069239,-1.39828229472566,-1.48665710801342,-0.0883748132877578,-0.715601514176134
-1.49079674074414,0.94909434637499,1.02041414419313,0.0713197978181427,-1.67802792505433
0.278217730473283,-0.177852099338125,-0.134850403925147,0.0430016954129781,1.64817086415986
-0.84751875121053,0.44617346017304,0.595085354217872,0.148911894044832,-0.736343928067003
0.439037227856687,-0.156316401380099,-0.129202642044532,0.0271137593355672,-0.749027268057431
1.8864127043073,-0.802561957255118,-0.820134117260592,-0.017572160005474,-1.31074914951145
0.599856725240088,-0.60383895756133,-0.809226006878365,-0.205387049317035,1.42046022958635
-2.21448447896945,1.39349758814013,1.47933380763517,0.0858362194950371,0.152325500745127
0.278217730473283,-0.0876371799320592,-0.324638321662196,-0.237001141730137,-0.826502593707393
0.680266473931787,-0.513864596881906,-0.438465852684482,0.0753987441974237,-0.968136249759677
-0.204240761676922,0.0404267316755879,0.0753956697547495,0.0349689380791616,-1.52491498345737
-0.123831012985222,0.158570466262924,0.260449845715877,0.101879379452954,1.85264525660109
-0.204240761676922,0.152188685972968,0.0050678447266165,-0.147120841246351,-1.66907237862603
-0.284650510368624,0.188524444218274,0.283460202732263,0.094935758513989,2.10312749238008
0.599856725240088,-0.455598003715028,-0.835495441749568,-0.37989743803454,-0.233333195594569
1.7255932069239,-1.22195528422014,-1.38634838687236,-0.164393102652219,-0.641864700109398
0.841085971315191,-0.469667661952119,-0.648237272031737,-0.178569610079618,-0.175674222695337
-0.686699253827128,0.415615869601361,0.498035406602456,0.0824195370010942,-0.117863314072961
-0.204240761676922,0.213005665047547,0.0885585119670559,-0.124447153080492,-1.17919991387892
-2.29489422766115,1.41406931827862,1.43723377196683,0.0231644536882012,0.15362038806701
-1.00833824859393,0.660201031487223,0.682727090436001,0.0225260589487785,1.66710294980061
2.93173943729941,-0.951561284826599,-0.777197133602666,0.174364151223934,0.576337560177723
1.2431347147737,-0.709351637522076,-0.874998666297088,-0.165647028775012,-1.82289447564376
1.8864127043073,-1.65299804535578,-1.99472805221223,-0.341730006856451,-1.08739908085809
-0.284650510368624,0.378736036880255,0.354771221464432,-0.0239648154158229,-0.400031943095874
0.278217730473283,-0.0594562804874611,-0.0695700411136507,-0.0101137606261896,0.594553309320109
-0.284650510368624,0.19237781147932,0.252765308530516,0.0603874970511958,1.5575665306665
-0.284650510368624,0.183067075402233,0.161348849244127,-0.021718226158106,0.653254320975026
-0.284650510368624,0.0952265295590855,-0.0323194946018405,-0.127546024160926,1.45567259589979
-0.123831012985222,0.051608153396323,-0.0244179108570707,-0.0760260642533938,1.28114648354572
-0.284650510368624,0.22771778158634,0.231034971626587,0.00331719004024719,-0.225595010705073
-0.84751875121053,0.473822957384664,0.39220376300418,-0.0816191943804844,0.175556666069057
1.3235444634654,-1.23707322238693,-1.61362676818441,-0.376553545797482,0.710256912579434
-0.686699253827128,0.653399113846071,0.66109255510232,0.00769344125624882,-0.568382020127364
-0.365060259060323,0.353487855317879,0.392640989074571,0.0391531337566917,1.30745056958806
-0.365060259060323,0.255157948310146,0.171471859542669,-0.0836860887674761,-0.787990938127816
1.00190546869859,-0.770213094114476,-0.843579584579666,-0.0733664904651896,-0.670589724302822
0.439037227856687,-0.21947077908622,-0.167696578991256,0.0517742000949643,-0.607844760780028
-0.284650510368624,0.277119132497327,0.277191163742849,7.20312455217975e-05,0.753276385855211
1.8864127043073,-1.63565644384674,-2.0833841275523,-0.447727683705552,0.10729303582007
-0.284650510368624,0.311895591769614,0.198202254871772,-0.113693336897842,-0.0677593118854963
-0.525879756443727,0.216467453646124,0.102348542815568,-0.114118910830555,0.574608737571807
-1.49079674074414,1.11011148038705,1.02928545037641,-0.0808260300106389,0.945977368748538
0.278217730473283,-0.149739221225869,0.00593608493793327,0.155675306163802,-0.154673080346488
1.2431347147737,-0.513324736941407,-0.213532746457396,0.299791990484011,0.665218553686284
0.680266473931787,-0.607634204770226,-0.789606448351531,-0.181972243581305,-0.293586767892126
-0.284650510368624,0.196852508566868,0.531689652471845,0.334837143904978,-1.34175300972173
0.76067622262349,-0.408052664069906,-0.50071614487085,-0.0926634808009439,-0.410871526089785
-0.84751875121053,0.581458699251183,0.420598703371429,-0.160859995879754,0.202946749882955
-0.84751875121053,0.488042277515551,0.414746516292546,-0.0732957612230042,-1.65974254828724
-0.686699253827128,0.490408998893239,0.2020207224045,-0.288388276488739,1.27921882495599
-1.32997724336074,0.985485138861193,0.794202679375504,-0.191282459485689,-0.26561449961405
-0.123831012985222,-0.114609128028665,-0.163722531254243,-0.0491134032255781,0.409986542681094
-2.29489422766115,1.53682435753239,1.24354508110052,-0.293279276431867,0.453091483469912
-0.123831012985222,-0.0274336868365552,-0.0440089506334447,-0.0165752637968895,1.95192607179696
-0.606289505135426,0.197736448921185,0.032281806935232,-0.165454641985953,-0.0721084405803551
-0.84751875121053,0.470537849886064,0.482410059694581,0.0118722098085169,-3.31789564152202
0.680266473931787,-0.44690160137332,-0.2747631556309,0.17213844574242,1.61943337072391
-2.21448447896945,1.6978808904621,1.4808656507176,-0.217015239744501,0.334714273658373
-0.365060259060323,0.211067482300715,0.178518514280755,-0.0325489680199597,1.26089637312365
0.76067622262349,-0.162611812575749,-0.133014181379866,0.0295976311958829,-0.246823199633162
-0.365060259060323,0.208750242332833,0.138401983615369,-0.0703482587174645,1.36413499422496
-0.284650510368624,0.159781873767681,0.66602199001165,0.506240116243969,0.898908705473529
-2.29489422766115,1.13549851539363,1.16386343073169,0.0283649153380576,1.35049472028214
-1.00833824859393,0.813791302628726,0.679869970920646,-0.13392133170808,0.273189940910693
1.966822452999,-1.36896983404892,-1.42608167815447,-0.0571118441055443,-0.852276563991936
-0.204240761676922,-0.0689511529016101,-0.0847173860689398,-0.0157662331673297,0.923489877663304
0.76067622262349,-0.662483563417153,-0.790629313075364,-0.128145749658211,2.5888128642302
0.841085971315191,-0.378980860485319,-0.355638346422539,0.0233425140627792,0.291836770854988
1.00190546869859,-0.857928599811979,-0.914788542313599,-0.0568599425016202,-0.136933178959036
-0.123831012985222,0.103846915813337,-0.059472304683145,-0.163319220496482,0.208955425046954
0.197807981781583,0.00500216387965315,-0.0779328800490895,-0.0829350439287426,-0.811822802458156
0.278217730473283,-0.133925503025587,-0.175390099608497,-0.0414645965829104,1.00019013324315
-0.686699253827128,0.444661717980793,0.372438153435719,-0.0722235645450739,-1.74103725996896
2.93173943729941,-1.43289544540526,-1.41580228724763,0.0170931581576284,-0.754835730333106
-0.525879756443727,0.474736138818839,0.418277800253143,-0.0564583385656957,-0.715677988194157
1.3235444634654,-0.807957091523338,-0.764184630035628,0.0437724614877099,0.159274683319592
-1.32997724336074,0.707373591716708,0.918986930959478,0.21161333924277,-0.324058777486446
-1.32997724336074,0.773016960081418,0.687280553052011,-0.0857364070294064,1.87719371268964
-0.123831012985222,-0.0404115096043855,-0.333054045572069,-0.292642535967683,-1.06202662011137
0.76067622262349,-0.429988561282388,-0.635695331876438,-0.20570677059405,-0.783298394561145
-0.284650510368624,0.232765190152567,0.384329854757776,0.151564664605209,0.392961355981106
-1.41038699205244,0.976993425560593,0.924834923543693,-0.0521585020169003,0.156283453689418
0.197807981781583,0.0743403219902746,0.144349088005299,0.0700087660150241,1.48575808634215
-1.41038699205244,1.03877587751172,0.728099798522761,-0.310676078988963,0.0236948185488319
0.278217730473283,-0.189900857275072,-0.265954635721993,-0.076053778446921,-0.291222406371935
0.599856725240088,-0.314560226707622,-0.107654409635745,0.206905817071877,-0.589498962834095
-0.84751875121053,0.596140406013181,0.375939738426604,-0.220200667586577,1.20045458863263
1.8864127043073,-1.72453327185823,-2.16293591650414,-0.438402644645915,0.365629460267032
-0.525879756443727,0.431820339314278,0.321177859348137,-0.110642479966141,0.503693769877625
-0.123831012985222,0.174917635109646,0.00675041134873725,-0.168167223760908,-1.17727675911744
-1.49079674074414,0.718391631338858,0.867651928953996,0.149260297615137,-0.92868522753984
1.8864127043073,-1.82709617565167,-2.12749380252303,-0.300397626871363,-0.161332820924901
-0.365060259060323,0.25423938242072,0.394078607350836,0.139839224930117,0.609799564863225
-0.606289505135426,0.534251553062554,0.259439185225497,-0.274812367837057,0.636222680841491
0.197807981781583,0.0248418183924928,0.150131492711139,0.125289674318646,0.599707748645964
1.3235444634654,-0.470432259328152,-0.318589386071353,0.151842873256799,-0.341138648492294
0.278217730473283,-0.0208269943578167,-0.268039968300597,-0.24721297394278,1.55340115785108
-0.365060259060323,0.432496373889915,0.246296944334923,-0.186199429554992,-0.79181234976064
-0.525879756443727,0.419871381389433,0.505416954611483,0.0855455732220498,0.89707155801237
-0.84751875121053,0.406027509595048,0.325385482493458,-0.0806420271015892,1.27399087408802
-0.284650510368624,0.184312301733426,0.154004627387506,-0.0303076743459194,0.46104423195387
-0.686699253827128,0.441549509229508,0.392434539323021,-0.0491149699064868,-0.979662886879392
-1.41038699205244,0.677889950789825,0.726807498302249,0.0489175475124243,-0.0731045738039428
0.76067622262349,-0.691678234570202,-0.779267489046917,-0.0875892544767146,0.202990831771528
1.8864127043073,-1.161300796766,-1.32865859383214,-0.16735779706614,-1.10246585751694
-0.123831012985222,-0.0314849790250482,0.216318760338969,0.247803739364017,-0.0703378079585026
1.2431347147737,-0.621094707517342,-0.684058622138185,-0.0629639146208429,0.364942714708096
0.599856725240088,-0.332081818433621,-0.332979162955839,-0.000897344522218624,-1.0941203318148
1.2431347147737,-0.488275153351195,-0.648292197587727,-0.160017044236532,-1.37231145698386
1.7255932069239,-0.89568075176429,-0.68359783355745,0.21208291820684,-0.719957224787718
-0.284650510368624,0.0980017351027986,-0.0470661867481515,-0.14506792185095,-0.30833306601639
-0.365060259060323,0.145166235346267,-0.0561007383931739,-0.201266973739441,-0.511273703663078
-0.525879756443727,0.474634110590231,0.657397588612041,0.18276347802181,1.88868106382797
1.7255932069239,-0.602503334585141,-0.424768126501331,0.177735208083811,0.329007263851032
1.00190546869859,-0.218562681468668,-0.221588764796164,-0.00302608332749593,-0.225589283967438
0.841085971315191,-0.405871760991604,-0.429180311978126,-0.0233085509865216,-0.338914949535513
-0.525879756443727,0.116189788609861,0.047677510477416,-0.0685122781324448,0.0171848448941015
-0.365060259060323,0.441593179866628,0.386384589446779,-0.0552085904198493,-1.28120051976249
0.680266473931787,-0.460846771815619,-0.483500351999675,-0.0226535801840557,0.169420016345448
0.841085971315191,-0.587413993518879,-0.64825397688403,-0.0608399833651512,-0.849020492689243
0.197807981781583,-0.0743403932892443,-0.0880643711764176,-0.0137239778871733,1.34873658453292
-0.525879756443727,0.315993229004139,0.373807274759485,0.0578140457553462,1.42744407700023
-0.123831012985222,0.110550134755251,0.0433432562703981,-0.0672068784848528,1.26964297104164
1.7255932069239,-0.680085477867238,-0.712727606040469,-0.0326421281732303,-0.694244474724794
0.599856725240088,-0.307156727380201,-0.226346391503869,0.080810335876332,0.400927281679836
-1.49079674074414,1.44863120140109,1.09066728661941,-0.357963914781684,1.34898840115895
0.197807981781583,-0.131684978901413,-0.0859775285853533,0.0457074503160595,0.222964897401831
-0.284650510368624,0.121938112026968,-0.103294532131418,-0.225232644158387,-0.326798721092536
-0.284650510368624,0.373549151495265,0.013984363689155,-0.35956478780611,-0.156839863651849
-0.204240761676922,0.0401789430914183,-0.0153002487213329,-0.0554791918127511,1.71281234252574
0.197807981781583,-0.0826530934102616,-0.173369672890329,-0.0907165794800669,0.306953241150768
-2.21448447896945,0.737811465354012,0.773563241923397,0.0357517765693853,1.01134670777077
-0.84751875121053,0.302216085766722,0.138506781218627,-0.163709304548095,-0.374671535112036
1.2431347147737,-0.89520681209947,-0.996277871058726,-0.101071058959256,-0.225906833746645
-0.365060259060323,0.220031798750558,0.0828243277583685,-0.137207470992189,-0.0850374278765365
1.8864127043073,-1.03880918212806,-1.05660079558215,-0.0177916134540934,0.306033681509115
0.599856725240088,-0.310997441588743,-0.512748817001593,-0.201751375412851,-0.502714705264489
-0.123831012985222,0.0940857602323811,-0.0768407977294834,-0.170926557961865,-1.21029089203541
-2.29489422766115,0.749688900486176,0.946992408293197,0.197303507807021,0.760267708759294
1.2431347147737,-0.800124570097994,-1.02191212813619,-0.221787558038199,0.466066011678804
0.197807981781583,-0.223058413222533,-0.437370308321667,-0.214311895099134,0.996497968888394
0.841085971315191,-0.584441433619658,-0.520426937275888,0.0640144963437693,-0.0997944805433471
0.599856725240088,-0.343314511793796,-0.618357065156515,-0.275042553362719,-0.958275544392952
0.197807981781583,-0.269657027618348,-0.261269031184513,0.00838799643383453,1.62432376625247
-0.365060259060323,0.19443542512488,0.0891305552875782,-0.105304869837301,0.500226761893837
-0.284650510368624,0.327771840908796,0.203077539592058,-0.124694301316738,-0.961701798098182
-0.204240761676922,-0.0731341678552163,-0.0125810711760908,0.0605530966791255,0.332440838440356
-0.284650510368624,0.122399862770908,0.196578101924049,0.0741782391531411,0.716970016202676
-0.284650510368624,0.30174927888038,0.117077357525488,-0.184671921354892,-2.29875009054882
-1.49079674074414,1.12841094132651,1.09098326280039,-0.0374276785261189,0.15083907665029
-0.365060259060323,0.0584503146055477,0.128676243420798,0.0702259288152504,-0.357313354533421
-0.686699253827128,0.260677278315318,0.12135281509821,-0.139324463217107,-0.799672215400281
0.197807981781583,-0.0404262676331685,-0.281394597075776,-0.240968329442608,0.382715475314727
1.8864127043073,-1.23916413956631,-1.30156904460484,-0.062404905038536,0.105386975688198
0.439037227856687,-0.402990054551611,-0.605789145696625,-0.202799091145014,0.0276345201338066
-0.123831012985222,-0.0329753547609377,-0.153128021727379,-0.120152666966441,1.06614858570329
0.680266473931787,-0.201338203895739,-0.107721386763048,0.0936168171326909,0.128420600630327
0.841085971315191,-0.314280028531284,-0.282842357955184,0.0314376705760997,1.89199976872775
0.599856725240088,-0.508155880228979,-0.686443056558828,-0.17828717632985,-0.242728766613577
-0.204240761676922,0.245041069756201,0.120212981371012,-0.124828088385189,0.798657674997394
1.8864127043073,-0.769201341165546,-0.511255869891823,0.257945471273723,0.799858347142407
-0.686699253827128,0.328437943346981,0.301414926319153,-0.0270230170278277,0.838239767377644
1.8864127043073,-0.918018724400865,-0.832440342738237,0.0855783816626278,0.0250590682080576
-0.284650510368624,0.0724787506110885,-0.203794432696155,-0.276273183307243,-0.753689729977432
1.2431347147737,-0.453815471655129,-0.240169173020366,0.213646298634762,1.76214528421176
-0.0434212642935202,0.0552306199006398,0.0692330400239388,0.014002420123299,-0.272776179064729
-0.686699253827128,0.517957591914928,0.620552780922175,0.102595189007247,0.467040774815405
-0.365060259060323,0.339478177445718,0.128553548147102,-0.210924629298616,-0.0568404881703464
-0.365060259060323,0.144145264349915,0.260997440702964,0.11685217635305,-1.69508980331102
2.93173943729941,-2.1368145464589,-2.09933722695946,0.0374773194994478,0.289616500609299
2.93173943729941,-1.62850069463017,-1.77704654050275,-0.14854584587258,1.94205521410346
0.841085971315191,-0.82612875210239,-0.877696819857777,-0.0515680677553867,-0.219701931565252
-0.686699253827128,0.386487194708494,0.429121336910092,0.0426341422015972,0.0468460287049199
-0.204240761676922,0.126151489815426,-0.103765312489995,-0.229916802305422,-0.309820784156886
-0.525879756443727,0.547146576625105,0.352333699183561,-0.194812877441544,0.670230386212042
-0.365060259060323,0.219542662473735,0.00777889035337853,-0.211763772120357,-0.290949914566584
0.197807981781583,-0.190387916792438,-0.360637713031332,-0.170249796238894,-0.962517148211443
1.2431347147737,-1.02010175696409,-1.20301304094001,-0.182911283975913,-1.01322138584072
-0.686699253827128,0.40742704407282,0.437871930935108,0.030444886862288,0.072789764566843
1.3235444634654,-0.853839462249629,-0.933257781828926,-0.0794183195792979,-0.239694337973371
-1.32997724336074,0.55805944064174,0.465157551988505,-0.092901888653235,-0.140084436837331
0.599856725240088,-0.291925607768758,-0.427058590447261,-0.135132982678504,1.44954076314809
0.278217730473283,-0.120069948540512,-0.232851627571634,-0.112781679031122,-1.27493061705017
1.8864127043073,-1.15498193907073,-1.06312877232401,0.0918531667467168,-0.571628379350861
-0.284650510368624,0.0917849418160595,0.127729001811804,0.0359440599957448,-0.696354201083014
-1.41038699205244,0.641263308556359,0.712989473664544,0.071726165108185,-1.30437602500888
0.278217730473283,-0.12545059442901,-0.154643252848893,-0.0291926584198836,1.76909261755114
-0.525879756443727,0.257139306316012,0.130577375315678,-0.126561931000334,1.1236010934512
-0.686699253827128,0.445207183010702,0.247715205568881,-0.197491977441821,-1.10401998195291
-0.686699253827128,0.457667828963522,0.480603236410026,0.0229354074465042,-1.05424704115146
-2.29489422766115,0.785029401838136,0.778465016838583,-0.00656438499955292,0.553553636530526
-0.284650510368624,0.094435378569999,0.121984407779072,0.0275490292090726,1.41248109986006
-0.284650510368624,0.0780470839806074,-0.221277010177941,-0.299324094158548,-0.79163059298493
1.966822452999,-0.540831737120093,-0.445709312371166,0.0951224247489266,1.14617739953035
0.278217730473283,-0.179363528968254,-0.17810032324137,0.00126320572688404,-0.53417651990452
-0.606289505135426,0.43764178556161,0.220646171241538,-0.216995614320072,0.458054154721888
-0.525879756443727,0.347045246178354,0.183296540970631,-0.163748705207723,0.229715283343156
-0.123831012985222,-0.00747987360444954,-0.132477570211595,-0.124997696607146,-0.168203743382934
-0.365060259060323,0.144831269669706,0.235401164464824,0.0905698947951174,0.678685808838389
-0.123831012985222,0.055823984739981,-0.0728533322946581,-0.128677317034639,1.22818512146151
-0.204240761676922,0.0706515111103908,0.242880265619127,0.172228754508736,-0.000706892345194832
-0.123831012985222,-0.103926518608552,-0.270970823952706,-0.167044305344154,-0.263366691050595
-0.606289505135426,0.226875243766893,0.338599285814322,0.111724042047429,-0.858489003057788
0.197807981781583,0.015341433944553,0.145850072576227,0.130508638631674,0.17769406878481
-0.123831012985222,0.135116956879198,0.178259067220698,0.0431421103414999,-1.19197606559927
0.439037227856687,-0.205204002152953,-0.247638755231387,-0.0424347530784345,-0.25022662326063
0.197807981781583,0.000778350315869258,-0.0616062599583976,-0.0623846102742669,-1.61306797683892
1.7255932069239,-1.43689516533692,-1.76695146735992,-0.330056302023,-1.08828577979472
-0.204240761676922,0.122702221095664,-0.103137485503997,-0.225839706599661,0.177741421971103
0.599856725240088,-0.562567045811505,-0.884076403830952,-0.321509358019447,-1.77406646667158
0.278217730473283,-0.19666321521459,-0.356103588397892,-0.159440373183302,1.28725942783439
0.680266473931787,-0.219495944820492,-0.343670965499278,-0.124175020678786,-0.413829524815938
-0.284650510368624,0.126161917781624,0.0244120906070083,-0.101749827174616,-0.448967224764479
-1.41038699205244,0.986792909109002,0.896370490185039,-0.0904224189239626,-0.203076197064407
-0.365060259060323,0.265386809627123,0.327162171231768,0.0617753616046452,-1.46383331487453
0.599856725240088,-0.360730537722098,-0.478422223496686,-0.117691685774589,-1.10989052139733
-0.123831012985222,0.151405866640715,-0.0266084694415933,-0.178014336082308,0.139536757529795
-0.365060259060323,0.292194986515877,0.0653994910625447,-0.226795495453332,-0.39886864339854
0.841085971315191,-0.634711323116442,-0.79205050866963,-0.157339185553188,1.85649783828422
0.599856725240088,-0.459506830055528,-0.573950412716257,-0.11444358266073,-0.163268744407812
-0.123831012985222,0.0747425329154583,-0.193554525731088,-0.268297058646547,-0.250396772294553
-0.686699253827128,0.598616509038762,0.498419128207921,-0.100197380830842,-1.4119193759508
0.278217730473283,-0.091427796711358,-0.0869787597143303,0.00444903699702763,-1.64607101546888
0.197807981781583,-0.091311386925956,-0.53733503692788,-0.446023650001924,-0.267604586231554
0.76067622262349,-0.569661777730537,-0.711293221504957,-0.14163144377442,-0.505809158106898
-0.84751875121053,0.520101142722847,0.385029233788804,-0.135071908934043,-0.971604562128745
-0.606289505135426,0.239634252588013,0.113680221809553,-0.12595403077846,-1.0342944212802
0.278217730473283,-0.169207099963804,-0.392248359298342,-0.223041259334538,-0.731239016899703
0.197807981781583,-0.323073255137854,-0.253264751473659,0.0698085036641955,-0.00555231589755079
0.680266473931787,-0.372639224399535,-0.248607786699661,0.124031437699873,-0.706675029641318
0.278217730473283,-0.173575096763349,-0.22400446025461,-0.0504293634912606,-1.34974205838377
-1.00833824859393,0.528619205084915,0.61287224528792,0.084253040203005,-0.00135607400363702
0.197807981781583,-0.174465753231088,-0.318284495299024,-0.143818742067936,1.68127226857461
0.278217730473283,-0.129871099682814,0.117184672307025,0.247055771989839,-0.240481278801204
0.278217730473283,0.00584278217781947,0.104771379113919,0.0989285969360996,0.509818602599182
0.680266473931787,-0.543198847475729,-0.645431201221436,-0.102232353745707,-1.56240229191565
0.278217730473283,-0.101992387770865,-0.330959863581157,-0.228967475810292,1.40328149683706
0.599856725240088,-0.481714633975588,-0.493412728493731,-0.011698094518143,-0.446337909188802
-1.00833824859393,0.494688894333222,0.676005789912288,0.181316895579065,1.65743720654686
-0.284650510368624,0.2668495451669,-0.0311990576682963,-0.298048602835196,-0.586969575767068
1.00190546869859,-0.816052916044928,-0.990502955690542,-0.174450039645614,0.657106187462355
0.197807981781583,-0.106573198872906,0.0965589111208777,0.203132109993784,-0.307730750836253
0.680266473931787,-0.25286808531014,-0.275635010430656,-0.022766925120516,-1.10342486747082
0.278217730473283,-0.378768524513312,-0.492105247073828,-0.113336722560517,1.30789837576456
0.278217730473283,-0.00536249899164301,-0.151588004689788,-0.146225505698145,-0.946877894525638
-0.686699253827128,0.460081599493822,0.329690483004906,-0.130391116488917,-0.194209364925109
-0.686699253827128,0.344231639161818,0.606628606632554,0.262396967470736,-0.263304367991296
0.278217730473283,-0.164235818357154,-0.454336892438119,-0.290101074080966,-0.935970393466562
0.680266473931787,-0.583040967879434,-0.663190294966535,-0.0801493270871008,0.18271144721215
0.197807981781583,-0.121844032542446,-0.177821475827683,-0.0559774432852373,-2.08631585402541
-0.686699253827128,0.327560466575567,0.269956861094236,-0.0576036054813309,2.0954174358711
1.966822452999,-0.841922978662066,-0.658513868130225,0.183409110531842,-0.485253814636581
0.680266473931787,-0.48207416719168,-0.577320907624952,-0.0952467404332724,-0.236305262489667
-0.123831012985222,0.209017302888469,0.269954652614538,0.0609373497260691,0.514077898923661
-0.0434212642935202,-0.00657237790570253,-0.0767532946185751,-0.0701809167128726,0.444953048737622
0.76067622262349,-0.505053006827991,-0.693947350914681,-0.18889434408669,0.242408959139896
1.966822452999,-1.46629759405556,-1.6996586479385,-0.23336105388294,0.374429404257208
-2.29489422766115,1.00739961674743,1.09679160497824,0.0893919882308087,0.707370790944275
-0.84751875121053,0.373461626676572,0.426340593237831,0.0528789665612582,0.306988662309534
0.599856725240088,-0.377198489563147,-0.627633959690934,-0.250435470127786,-0.162467320692413
0.680266473931787,-0.456769043070698,-0.489493003559467,-0.0327239604887689,-1.10590275107099
-0.365060259060323,0.458207840303713,0.166168246140982,-0.292039594162731,-1.56627936647336
0.680266473931787,-0.83072016870878,-1.19361410378462,-0.362893935075837,0.539697191531862
-0.204240761676922,0.134264079061564,-0.168776035206822,-0.303040114268387,-0.582145793815487
-0.686699253827128,0.482474998782288,0.271666254523648,-0.210808744258639,2.12750282869324
-0.686699253827128,0.556730382583393,0.509883430605507,-0.0468469519778865,-0.166278502759092
-1.49079674074414,0.942016771718755,1.04487338334445,0.102856611625692,-0.0868695634340897
-0.284650510368624,0.170571804209926,-0.0543955462765922,-0.224967350486519,1.21323444045765
-0.365060259060323,0.23724430707798,0.37168112275649,0.13443681567851,2.29087365901101
0.680266473931787,-0.323561925973121,-0.416476077478716,-0.0929141515055946,1.26605579346464
1.7255932069239,-0.912002980217596,-0.88515473498228,0.0268482452353161,-2.28405057947539
0.680266473931787,-0.36988051551075,-0.44215209682727,-0.0722715813165195,0.251987808117276
-0.284650510368624,0.257089644547118,0.211924428868505,-0.0451652156786129,-0.930832626503159
-0.686699253827128,0.361120086676747,0.22691907620534,-0.134201010471406,1.38215027251775
1.8864127043073,-1.24030136859948,-1.3976874338123,-0.157386065212827,0.514414684343619
-0.284650510368624,0.369873805613507,0.0695898115995246,-0.300283994013983,0.639153570310045
-0.123831012985222,0.234074700794433,0.0660200741297285,-0.168054626664705,0.475833629645974
-0.525879756443727,0.471033318423994,0.307163700245741,-0.163869618178253,-1.18267296209333
1.7255932069239,-1.10727504151075,-1.18838600585695,-0.0811109643462056,-1.25093302292227
-0.0434212642935202,-0.0924638123130289,-0.231517922730522,-0.139054110417493,-2.70351123971398
0.278217730473283,-0.213617937893519,-0.0347692536920712,0.178848684201447,0.182243473739917
-0.284650510368624,0.367998779174,0.244397469449385,-0.123601309724615,-0.82202371141686
0.841085971315191,-0.484995783313679,-0.30107722669805,0.183918556615629,-0.309409942664061
-0.365060259060323,0.244965117686307,0.155932170987252,-0.0890329466990558,1.82413502088687
-0.606289505135426,0.544993676895445,0.271573001141838,-0.273420675753606,0.819542169179859
1.00190546869859,-0.486575607816326,-0.383486000740902,0.103089607075424,0.590606177649761
0.197807981781583,-0.271597716632165,-0.309815055454334,-0.038217338822169,0.304534259977233
1.8864127043073,-1.85296285865916,-2.05225566627137,-0.199292807612208,-0.495186917241787
-2.29489422766115,0.96641070026224,1.03257889951357,0.0661681992513267,-1.94026388854055
1.966822452999,-1.23104236585439,-1.10766860207966,0.123373763774735,-0.548829491855356
0.197807981781583,-0.195030585537583,-0.40898165588922,-0.213951070351637,-1.26646987340053
-0.204240761676922,0.0984448693377778,0.00316951938716206,-0.0952753499506158,0.482029418327635
0.680266473931787,-0.253467702618927,-0.255056505838403,-0.00158880321947669,-1.11443992082016
-0.365060259060323,0.31077644161047,0.256438718831511,-0.0543377227789595,0.514573887368995
-0.284650510368624,0.117012115408976,0.0569436182648317,-0.0600684971441442,-0.190896376984069
-0.204240761676922,0.147015374927101,-0.172489838020775,-0.319505212947876,-0.81479696139202
-0.204240761676922,0.188460130419682,-0.056305879444304,-0.244766009863986,0.757389414392374
-0.606289505135426,0.335116756434662,0.247658467840753,-0.0874582885939084,-0.462954868349584
-0.204240761676922,0.245459336696811,0.0236874402388944,-0.221771896457917,-0.114793700018381
-0.0434212642935202,0.201717436945926,-0.217512219744445,-0.419229656690371,-1.02632994709005
0.278217730473283,-0.165767429121568,-0.27311671075574,-0.107349281634172,-0.939943853505126
0.599856725240088,-0.609161879202416,-0.911142966914274,-0.301981087711858,0.029552434594749
0.278217730473283,-0.203589787482046,-0.24856519678788,-0.0449754093058342,1.30680625471353
-0.365060259060323,0.161737464893433,0.158865190904567,-0.00287227398886603,-1.00781058430233
-1.41038699205244,0.928707985213092,0.59247079961396,-0.336237185599132,-1.24703187770556
-0.525879756443727,0.17770408593327,0.337770184204352,0.160066098271082,1.39910172588553
0.680266473931787,-0.418460390374481,-0.468134010280076,-0.0496736199055955,-1.17879641260807
0.680266473931787,-0.400987650425706,-0.581370080834019,-0.180382430408313,1.6417885806374
-0.123831012985222,-0.113500621262793,-0.443973883812623,-0.330473262549831,-2.19188904398409
1.7255932069239,-0.848289351882777,-0.732095530420693,0.116193821462084,1.9288438104309
0.599856725240088,-0.433293046694985,-0.492066208956075,-0.0587731622610896,1.19779773287645
2.93173943729941,-2.13189286699616,-2.51369906025774,-0.381806193261585,-1.38752512350589
0.599856725240088,-0.430350734862338,-0.600071697970352,-0.169720963108014,-0.68883061341692
1.7255932069239,-0.723835460068638,-0.865353300775578,-0.141517840706941,1.12745034295748
-0.284650510368624,0.414935466716557,0.258071640857988,-0.156863825858569,0.00628120589470643
0.278217730473283,-0.103798891937757,-0.188114995513091,-0.0843161035753335,0.457841388485461
0.599856725240088,-0.476869344839175,-0.556537616803672,-0.0796682719644977,-0.020538704187842
0.76067622262349,-0.312431661576291,-0.431758633394784,-0.119326971818493,-1.22104888071493
-0.204240761676922,0.127641713914253,0.201885055409805,0.0742433414955526,-0.0241075327934101
2.93173943729941,-1.80208218538848,-1.9286566250622,-0.126574439673725,1.215039497512
-0.284650510368624,0.121636178282509,-0.140218588041583,-0.261854766324092,0.347767612719157
-0.606289505135426,0.342030623804376,0.247232745499259,-0.0947978783051174,-0.277764366914093
-0.204240761676922,0.100130211604145,0.09443737081385,-0.00569284079029456,-0.582192778789449
-0.204240761676922,-0.0503400888926147,-0.450891491454419,-0.400551402561804,-0.735501224686982
-0.365060259060323,0.222646734150243,0.313146109704856,0.0904993755546128,-0.185038031129797
1.00190546869859,-0.664377508871166,-0.949866278934648,-0.285488770063482,0.177922402016721
-0.365060259060323,0.169534881494949,0.290599134453512,0.121064252958564,0.506359599684692
1.00190546869859,-0.707878233174143,-0.841652204252022,-0.13377397107788,-0.170258161121042
-0.525879756443727,0.274843123527297,0.352500477700762,0.077657354173465,-1.57284534333575
-0.284650510368624,0.0117405192469587,-0.077975580482193,-0.0897160997291517,0.127416657332976
0.680266473931787,-0.500256008445788,-0.865140341317813,-0.364884332872024,-1.78102308840383
-0.204240761676922,0.163762788057495,-0.0544143450823096,-0.218177133139805,-1.92044839062468
0.278217730473283,-0.00218574629558999,-0.238763185946303,-0.236577439650713,1.4651357877352
1.00190546869859,-0.712045251185659,-0.983037543955915,-0.270992292770256,-0.457008907076739
0.278217730473283,-0.140247189657264,-0.366517439154193,-0.226270249496929,0.817979420669889
1.7255932069239,-1.0979507102446,-1.20822908232438,-0.110278372079779,0.822555139474918
-0.123831012985222,0.219118240986865,-0.0322566492149678,-0.251374890201833,-0.0709319195718308
0.439037227856687,-0.226917054860034,-0.23062372311468,-0.00370666825464575,-0.0720423669482785
-1.41038699205244,0.907169401401791,0.991710346572497,0.084540945170706,0.0431819645707971
-2.29489422766115,1.22402081304966,1.07392040685676,-0.150100406192905,1.75153380953937
0.197807981781583,0.0993514550917365,0.150221468289205,0.0508700131974681,1.92581494256209
1.8864127043073,-1.13167836240939,-1.07457862546546,0.0570997369439292,-0.680932900944089
0.680266473931787,-0.362513548089454,-0.447007443771203,-0.0844938956817494,0.455084406469916
0.278217730473283,-0.224701544607756,-0.419391454812789,-0.194689910205033,0.0214463114574186
-0.284650510368624,0.262003143122135,0.419294332331079,0.157291189208944,-0.350625272396157
-0.123831012985222,0.153978048929588,0.240647571561721,0.0866695226321335,-1.86800623898553
0.278217730473283,0.101014220130526,0.0224511998843068,-0.0785630202462196,0.752850869864008
-0.606289505135426,0.34513704429735,0.291611355922771,-0.0535256883745789,1.49386313620321
0.197807981781583,-0.217426640574185,-0.448587671066901,-0.231161030492716,-1.41047394568008
-0.686699253827128,0.692137346051367,0.321554671488384,-0.370582674562983,-1.43359394128674
1.2431347147737,-0.656843337216604,-0.750786029962516,-0.0939426927459116,-1.10452916964367
-0.525879756443727,0.481832881365591,0.74798928887359,0.266156407507999,0.645233727313157
0.841085971315191,-0.594951280294973,-0.627409378937036,-0.032458098642063,-0.826622958961765
-0.204240761676922,0.227006147834206,0.113847781318022,-0.113158366516184,1.633222707392
-2.21448447896945,1.90234918528294,1.66383608860845,-0.238513096674495,-0.119618161846253
-0.365060259060323,0.259629350615569,0.240211573494112,-0.0194177771214578,-0.826019032806228
-0.123831012985222,0.0851301854928955,0.209153383395717,0.124023197902821,-1.23170781586552
-0.123831012985222,0.0247981826907908,-0.172306643549759,-0.19710482624055,-0.146250767515579
0.841085971315191,-0.508499873142397,-0.646424004483648,-0.137924131341251,-0.129283487159801
-0.284650510368624,0.32560106279838,0.493973311208303,0.168372248409923,1.52423331809317
0.599856725240088,-0.404866868106874,-0.427949222281293,-0.0230823541744193,-0.439410968418144
-0.204240761676922,0.349937194614343,0.157284337620261,-0.192652856994083,-0.404895473045132
-0.365060259060323,0.258891701764438,0.136936297612617,-0.121955404151821,1.23221036043137
0.278217730473283,-0.177525420350548,-0.278485200936112,-0.100959780585564,-0.411088741737929
-0.84751875121053,0.549740471429729,0.239175393283888,-0.310565078145841,0.180001284423678
-1.00833824859393,0.668961756918396,0.856532182374682,0.187570425456286,-1.29601231488169
0.841085971315191,-0.237662646791057,-0.00429329311389276,0.233369353677164,1.80026676950722
0.680266473931787,-0.512036071822395,-0.633958063738703,-0.121921991916308,1.09140569132955
0.197807981781583,-0.0622326670413959,-0.159062090551421,-0.0968294235100256,-1.46222402817018
-0.686699253827128,0.39147670221299,0.272991493411443,-0.118485208801547,-1.03597778418697
0.278217730473283,-0.190976708935361,-0.131143468387418,0.0598332405479428,2.2661901825559
-1.00833824859393,0.524502529332345,0.552359551775281,0.0278570224429363,-0.237333213120797
1.00190546869859,-0.326554187885678,-0.463105438130313,-0.136551250244635,-2.17060806869186
0.278217730473283,-0.277796158290809,-0.538423205034911,-0.260627046744103,-2.04773595542291
-0.284650510368624,0.283525172460786,-0.0908032697531437,-0.374328442213929,-0.668960557426607
-1.49079674074414,0.909940418703831,0.977429828161051,0.0674894094572204,-0.885392903133853
0.197807981781583,-0.138812766136793,-0.261192682499976,-0.122379916363183,-1.76488732317418
-0.123831012985222,0.149959382089792,0.0123714364796052,-0.137587945610187,-0.514911483639865
0.599856725240088,-0.242396993971576,-0.329964753385374,-0.0875677594137984,-0.9768308053987
-1.49079674074414,1.03367166581396,1.0593679247555,0.0256962589415399,0.180387991621855
-0.686699253827128,0.293982336072015,0.363265018614795,0.0692826825427794,0.375117297495325
0.599856725240088,-0.332668818433287,-0.510064348408225,-0.177395529974937,1.45524553911495
-0.204240761676922,0.294187649934548,0.388945810777519,0.0947581608429708,0.913279450406119
-0.365060259060323,0.107095371317413,-0.0220881241847041,-0.129183495502117,0.382777697728379
-0.284650510368624,0.187495504104368,0.266862463323673,0.079366959219305,-0.0160631796756726
-0.84751875121053,0.435253970514485,0.514928322453673,0.079674351939188,-0.0419347661623612
-0.284650510368624,-0.0537827969834997,-0.353012061482321,-0.299229264498821,-1.09140950339557
-0.606289505135426,0.254803097975953,0.129393494502461,-0.125409603473492,-1.41701090223124
0.599856725240088,-0.281787265911647,-0.268985467062341,0.0128017988493052,1.30980010577643
-0.204240761676922,0.349771320772792,0.29608773829112,-0.0536835824816723,-1.09936447936405
0.278217730473283,-0.141521183271588,-0.440244668218433,-0.298723484946846,-1.1766682860855
-2.21448447896945,1.1850769725705,1.13795856733317,-0.0471184052373284,1.5159655904978
-1.41038699205244,0.784709119052418,0.800211173229186,0.0155020541767685,-0.300613701269779
0.278217730473283,-0.0303247432371622,0.0798224451055836,0.110147188342746,1.22953908784323
-0.284650510368624,0.190949629111667,-0.00990792390866999,-0.200857553020337,-0.549272412580971
-1.00833824859393,0.511387707097984,0.730950552279226,0.219562845181242,1.20032349849565
-1.32997724336074,0.780966135701756,0.848774538694747,0.0678084029929902,-0.102923056638837
-0.365060259060323,0.243791534259808,0.054472437854062,-0.189319096405746,1.59725678452648
-0.284650510368624,0.24010357357226,0.20462959815438,-0.0354739754178798,0.929383484924549
0.841085971315191,-0.659108303262115,-0.86071138892313,-0.201603085661015,-0.189686100743101
-0.204240761676922,0.00205536542914404,0.180643758354948,0.178588392925804,-2.14872251435358
-0.686699253827128,0.35258233300421,0.464031349234512,0.111449016230302,-0.152017082965364
1.7255932069239,-1.10300717152359,-1.14767767496696,-0.0446705034433699,-0.1419970915405
-0.84751875121053,0.478969300175564,0.270794415735392,-0.208174884440173,-0.695739193470873
0.197807981781583,-0.218717413606869,-0.334493994956787,-0.115776581349918,-0.717136774852863
0.599856725240088,-0.328142871239582,-0.175159970437271,0.152982900802311,0.525570316041697
-0.284650510368624,0.351093953034594,0.165153524185392,-0.185940428849202,-1.00372020318149
-0.606289505135426,0.196588154591563,0.424368622531015,0.227780467939452,-1.13414740864405
-0.84751875121053,0.315484781914554,0.174579647776022,-0.140905134138532,0.142601248667929
-0.686699253827128,0.452978219506795,0.259876813434791,-0.193101406072004,-0.452316321102392
-0.606289505135426,0.364036937824209,0.503764566569567,0.139727628745358,0.601238335450256
-0.0434212642935202,0.0996318771837974,-0.0640985825621817,-0.163730459745979,-1.54983046363725
0.599856725240088,-0.246406707956473,-0.0804552658475022,0.16595144210897,-0.82888385257994
0.76067622262349,-0.453405221291144,-0.328981069901131,0.124424151390013,-1.203174893755
-1.00833824859393,0.535032982328359,0.534155813612157,-0.000877168716201693,-1.12150846471983
0.680266473931787,-0.627200505766453,-0.64031159432041,-0.0131110885539567,0.0137527172491988
0.680266473931787,-0.113181398353266,-0.132534658150899,-0.0193532597976326,-1.47856200126578
2.93173943729941,-1.80572048370877,-1.9558681451986,-0.15014766148983,-0.279263104992928
0.278217730473283,-0.208863549247538,-0.453574271525278,-0.24471072227774,-0.465894422820928
1.3235444634654,-0.577621878579927,-0.546088166292759,0.0315337122871684,0.412331920151161
-0.204240761676922,0.210068803892476,0.16931048186344,-0.0407583220290358,1.17257995636298
1.3235444634654,-0.713917438678959,-0.790567184467558,-0.0766497457885983,-0.749573834668325
-0.204240761676922,0.0312488773039214,0.0700780627139712,0.0388291854100498,-1.56266944555456
-0.204240761676922,0.188080627333471,0.189257512239497,0.00117688490602547,1.51065404551243
-0.0434212642935202,-0.0161036269675171,-0.0318159492728253,-0.0157123223053082,0.667042583358581
0.278217730473283,-0.3624008062981,-0.349612654203791,0.0127881520943088,0.602769357400902
-2.21448447896945,1.59050639392941,1.45901170067723,-0.131494693252181,2.14502406271259
1.8864127043073,-1.2954690505262,-1.22687171613174,0.0685973343944675,-0.73512571073851
-0.365060259060323,0.325679392118173,0.266167471641271,-0.0595119204769023,0.351798409329811
-0.123831012985222,0.091066169467832,0.0256559754535229,-0.0654101940143091,1.19954123687265
1.2431347147737,-0.571921804360668,-0.658408027526509,-0.0864862231658413,-0.523026150385342
-0.204240761676922,0.119091433933449,0.493016743254989,0.373925309321541,1.14933988807107
0.599856725240088,-0.156160719990622,-0.247023289317873,-0.0908625693272508,0.0243801506634643
-0.525879756443727,0.0622142146596193,0.0877136911510248,0.0254994764914055,1.62684597765318
-0.123831012985222,0.0220168927110148,-0.0454123610984064,-0.0674292538094212,-0.455121826840986
-0.123831012985222,-0.00777932105187059,0.0129931220622413,0.0207724431141119,-1.89060682545288
-1.49079674074414,1.06446262125937,0.972884196518449,-0.0915784247409251,0.835723006535431
-1.32997724336074,0.895292963675461,0.831566454591667,-0.0637265090837946,-1.93140826214798
0.278217730473283,-0.14327985868023,-0.220458091462786,-0.077178232782556,0.346721170491867
-0.84751875121053,0.838392081013015,0.539516184397178,-0.298875896615837,-2.05333223158746
-0.686699253827128,0.584383146450342,0.555005922296587,-0.0293772241537551,0.631812867934879
-1.49079674074414,0.810090564270025,0.757587338378215,-0.0525032258918101,0.165001336529388
0.278217730473283,-0.164149201785699,-0.179927751042467,-0.0157785492567672,-0.131617785283768
0.278217730473283,-0.306963515781301,-0.443670991607764,-0.136707475826463,1.66319851509174
-0.204240761676922,0.0361606329075822,-0.258990314739639,-0.295150947647222,-2.15740311805134
-0.686699253827128,0.381183442612869,0.296769881927044,-0.0844135606858256,0.9327087140277
-2.29489422766115,1.60618682408673,1.369822345884,-0.236364478202728,-0.777914727399404
-0.204240761676922,0.0976394841462603,0.0490003403391278,-0.0486391438071325,0.805269147686604
-1.41038699205244,0.866406588787947,0.865577463966244,-0.00082912482170372,0.435848147224843
0.278217730473283,-0.12544224407583,-0.213419573732867,-0.0879773296570364,1.57078061998049
0.278217730473283,-0.207867158632252,-0.307968235427159,-0.100101076794906,-1.99698738506379
0.599856725240088,-0.375364323069156,-0.483876550112411,-0.108512227043255,0.860682315895482
0.278217730473283,-0.120447554682593,-0.066354066641731,0.054093488040862,2.17426989598808
0.197807981781583,-0.231448911918927,-0.16750656501557,0.063942346903357,-0.89224734235517
0.841085971315191,-0.629622271351739,-0.858148315991796,-0.228526044640058,-1.83289979068793
-0.365060259060323,0.192859597669923,0.284789262806422,0.0919296651364988,1.30175960551956
-0.123831012985222,0.00672545848837033,0.197344567983107,0.190619109494736,-0.787875005221777
-2.21448447896945,1.42293196467011,1.3962733389492,-0.0266586257209103,0.74127347792369
-0.686699253827128,0.358406250192128,0.252479078100584,-0.105927172091544,-0.480811337188558
-0.204240761676922,0.0323011814240384,0.0173889371756855,-0.0149122442483529,0.887472191445099
0.197807981781583,-0.159426180430685,-0.107497568961802,0.0519286114688831,0.93286708426517
-0.123831012985222,0.0108170791954131,-0.16895428065967,-0.179771359855083,0.0388328675081761
-0.525879756443727,0.52062025387719,0.160127908413663,-0.360492345463527,-0.66157075353315
-0.606289505135426,0.26072832746255,0.286923664627132,0.0261953371645828,-1.19277154989033
-0.204240761676922,0.102852873680639,-0.074456737578286,-0.177309611258925,-0.910237308073232
1.8864127043073,-1.44627003294663,-1.7362518085235,-0.28998177557687,-1.45775940456384
1.7255932069239,-0.93154447982486,-0.806190334272055,0.125354145552805,-0.923115606059812
-1.00833824859393,0.296809965220085,0.474237539788536,0.177427574568451,-1.2918312638937
0.278217730473283,0.0217995547926202,0.106456886078202,0.0846573312855817,-0.241249652867841
-0.204240761676922,-0.0285579282880493,-0.201158936044488,-0.172601007756439,0.563664327670636
0.278217730473283,-0.200029171089906,-0.332902084949534,-0.132872913859628,0.010825502892566
1.8864127043073,-0.975270261245284,-0.756925852239543,0.218344409005742,-0.294993907223003
-0.84751875121053,0.680253320659786,0.53511432637712,-0.145138994282666,0.0401388186449588
1.00190546869859,-0.500147946540607,-0.410870773699015,0.0892771728415918,-0.112062915565494
-0.686699253827128,0.511852746255908,0.321120628821571,-0.190732117434338,-1.97393365249315
-0.686699253827128,0.447069835175024,0.283322406579656,-0.163747428595369,0.730241055724372
1.7255932069239,-0.965832749196298,-0.918664418056555,0.0471683311397438,0.628894931319214
1.966822452999,-1.00471479335678,-0.968023433234513,0.0366913601222715,0.32938331506172
-0.204240761676922,0.243659931673917,0.0307671497295089,-0.212892781944408,-0.920662545042351
-0.686699253827128,0.753948715331877,0.199326884567824,-0.554621830764053,-0.0274003969289762
-0.84751875121053,0.533922370468896,0.864897658767286,0.33097528829839,0.103018822446317
0.197807981781583,-0.0696467033604692,-0.135385772123341,-0.0657390687628718,0.639777948903752
1.8864127043073,-1.1560687804281,-1.27446410959883,-0.118395329170731,-0.134753286568453
-1.00833824859393,0.607522851612466,0.55434011385753,-0.0531827377549365,0.136956569908662
0.197807981781583,-0.214702670626185,-0.26015214293448,-0.0454494723082949,-1.96984877758967
-0.606289505135426,0.313138407228036,0.228190593967345,-0.0849478132606905,-1.49761594690239
0.439037227856687,-0.315850482148886,-0.314799606141736,0.00105087600715048,-0.67507899643239
1.7255932069239,-0.814590877827089,-0.648361770468232,0.166229107358858,-0.150188545110639
-0.525879756443727,0.402785953381996,0.247977848873645,-0.154808104508351,-0.983600420591483
0.278217730473283,-0.0745500005283716,-0.164507650291786,-0.0899576497634143,0.436293122271405
-2.29489422766115,1.22009935862228,1.13556774394668,-0.0845316146756001,-0.130871533881765
0.197807981781583,-0.136635943882687,-0.325919274076962,-0.189283330194275,-0.130512281063131
0.76067622262349,-0.519731925708876,-0.765477194164766,-0.24574526845589,-0.483017555961149
1.8864127043073,-1.35332843874947,-1.72886226083749,-0.37553382208802,0.825144254078716
-0.284650510368624,0.0672128086490317,0.0651253410377736,-0.00208746761125808,-1.398774959684
0.841085971315191,-0.455185458913639,-0.66195000852991,-0.206764549616271,-1.26670798123406
-0.606289505135426,0.291851750544499,-0.0118039412493514,-0.30365569179385,0.440864090108503
-1.41038699205244,0.78256564995864,0.734366859055969,-0.0481987909026711,0.318825308285852
-0.204240761676922,0.211305660193981,0.211692263114573,0.000386602920591672,1.93622326132989
-0.686699253827128,0.255520040521762,0.510643579655726,0.255123539133963,-1.46820498290678
-0.284650510368624,0.141128754265828,0.223609072084173,0.0824803178183449,1.79779395683961
0.439037227856687,-0.220930842257694,-0.296400832399563,-0.0754699901418684,-0.581221585951119
1.00190546869859,-0.883933675828323,-1.00786113425634,-0.123927458428015,-0.274022018599957
1.00190546869859,-0.345324377444715,-0.159126195409361,0.186198182035353,-1.51338461551622
0.278217730473283,-0.10450289469988,-0.278316715557967,-0.173813820858087,1.35349342249675
2.93173943729941,-1.73101003668341,-1.64385184260378,0.0871581940796295,1.31943534494887
1.7255932069239,-0.935386019275207,-1.16167292289639,-0.226286903621185,-0.420605031291249
-0.686699253827128,0.514457209507707,0.788929104004964,0.274471894497257,0.281160285132144
-1.41038699205244,0.793186977179539,0.748876504464837,-0.0443104727147018,0.902955184541933
-0.0434212642935202,0.0160187500124146,0.0442090493327264,0.0281902993203117,1.28750054703519
-0.123831012985222,0.213596845457838,0.00827764704990351,-0.205319198407934,-1.48167188640419
1.2431347147737,-1.0330681314491,-1.09252407908697,-0.0594559476378642,1.19465859653662
-2.29489422766115,1.16775516684752,1.24947092281915,0.081715755971624,1.86623120639262
0.197807981781583,-0.170598339094979,-0.194690566451473,-0.0240922273564944,-0.442610187043693
0.439037227856687,-0.397649567318188,-0.325634551164763,0.0720150161534246,1.14343045772961
-1.49079674074414,0.745399800700595,0.687975145482314,-0.0574246552182806,1.61147314163007
-0.204240761676922,0.233542785179667,0.174171343361194,-0.0593714418184728,-0.154462449893787
-0.284650510368624,0.23576346717851,0.074684757694867,-0.161078709483644,1.21962832323767
-0.284650510368624,0.0799734894234965,0.0509480219252463,-0.0290254674982503,-1.75612241844321
-0.606289505135426,0.241437316501659,0.36403180191446,0.122594485412801,0.622880975222646
-0.204240761676922,-0.00153755607730785,-0.0278834373590208,-0.026345881281713,-1.04987727913959
0.841085971315191,-0.392082616426106,-0.350289533239749,0.0417930831863564,0.214980655148753
1.966822452999,-0.734190486237628,-0.555943279635158,0.17824720660247,-0.351578633442062
1.7255932069239,-1.37017861991042,-1.43352023627282,-0.0633416163623979,0.643463152903383
1.7255932069239,-0.8419515956401,-0.831024836916301,0.0109267587237983,0.585818050310271
0.197807981781583,0.0489180517217879,0.121883849096176,0.0729657973743878,0.31382236088361
0.680266473931787,-0.480552406175026,-0.6078770890777,-0.127324682902675,-0.371643399661727
-1.00833824859393,0.615240958817699,0.619000015963218,0.00375905714551883,-0.0386339227639338
-0.284650510368624,0.373280156452239,0.0603408973800212,-0.312939259072218,-0.448863279843549
-0.284650510368624,0.124978816630872,-0.0263800279902681,-0.15135884462114,0.509646898689322
0.599856725240088,-0.277071264573916,-0.13305453821535,0.144016726358566,-1.45514516218028
1.8864127043073,-1.15906900171165,-1.22149355634816,-0.0624245546365074,-1.46453329896519
2.93173943729941,-1.57996619360317,-1.55304507927719,0.0269211143259758,-0.0617998229645005
1.00190546869859,-0.730091168710827,-0.923564150498902,-0.193472981788075,0.550914010709187
1.2431347147737,-0.805370302166438,-0.810445773060418,-0.0050754708939803,-0.108426581491135
-0.525879756443727,0.367154780071325,0.42430197613787,0.057147196066545,-1.62625180701735
1.7255932069239,-1.06277525441826,-0.96678118299663,0.095994071421628,-0.499000223817052
0.197807981781583,-0.0367728327133255,-0.146995064939253,-0.110222232225927,-0.257441099506864
1.966822452999,-1.58534600433054,-1.87862948687016,-0.293283482539618,0.854664509859886
-0.84751875121053,0.50144196684798,0.507621143217803,0.00617917636982301,-0.676760112940157
1.00190546869859,-0.940984919547691,-1.1973244071084,-0.256339487560712,-0.46854934826378
-0.123831012985222,0.163230898862723,0.223581523027344,0.0603506241646213,0.288098479529303
-0.365060259060323,0.0992947484329253,-0.0633033349975428,-0.162598083430468,-1.03287791644514
1.966822452999,-0.86508224995506,-0.805592932386992,0.0594893175680682,-0.0981955040740617
-0.284650510368624,0.119406800431373,0.0660117953807703,-0.0533950050506028,1.45355075228694
-0.606289505135426,0.16391103825113,0.187043475620376,0.0231324373692457,-0.196958626633307
1.7255932069239,-1.56159248629703,-1.70601967674015,-0.144427190443113,-3.46903132008391
0.76067622262349,-0.329443258243141,-0.246076319892946,0.083366938350195,-1.57031533027202
0.599856725240088,-0.112316819689421,0.195728927849791,0.308045747539212,1.07504008992385
1.8864127043073,-1.11127164928392,-1.02508648866769,0.0861851606162325,-0.39601083701368
1.8864127043073,-1.82852614968813,-2.25490187317252,-0.426375723484389,-0.679216616730261
-0.284650510368624,0.132681798319289,-0.0538006188482056,-0.186482417167495,-1.07925049640427
-0.123831012985222,0.0786929228567839,-0.348288773084952,-0.426981695941735,-1.0128923391217
-0.525879756443727,0.650759790404451,0.516090988785917,-0.134668801618534,-0.303906424502383
0.278217730473283,-0.255160280659523,-0.335264898713413,-0.0801046180538894,0.775154349132786
1.7255932069239,-1.27459604237171,-1.41975940978833,-0.145163367416623,0.447425657271559
-0.686699253827128,0.257539333439954,0.253174460539426,-0.00436487290052806,2.36431375413595
-0.525879756443727,0.263190310053555,0.329087952957486,0.0658976429039312,-1.13870138481303
0.278217730473283,-0.0962911439910352,-0.0281137223731683,0.0681774216178669,0.0396993041920676
-1.41038699205244,1.12062554670568,0.848342955596041,-0.272282591109641,-0.894802072741059
0.197807981781583,0.0139911302541555,0.134593314882722,0.120602184628566,1.92226796406321
0.278217730473283,-0.378621509362802,-0.393203522671423,-0.0145820133086209,-0.146344362470522
0.278217730473283,-0.29159254442014,-0.580378318451199,-0.288785774031059,-2.01104576702604
-0.204240761676922,0.0544428622873204,0.0938760283842256,0.0394331660969051,-0.618692494067432
0.197807981781583,-0.005516798462728,-0.0930928551159365,-0.0875760566532085,-0.320416169398897
1.966822452999,-1.07662466805664,-0.91489740365598,0.161727264400659,-1.58495288585816
-0.284650510368624,0.0425018637504254,-0.0309962088726652,-0.0734980726230906,-1.67933401505414
1.7255932069239,-1.19608556856091,-1.48594563113729,-0.289860062576373,0.777212331351783
0.680266473931787,-0.305878449893907,-0.274441578771844,0.031436871122063,-1.79497583579886
0.278217730473283,-0.148391029808046,-0.447522423834429,-0.299131394026382,0.70289183046711
0.197807981781583,-0.218775554535845,-0.132196829284313,0.0865787252515317,0.520380678246317
0.278217730473283,-0.0253658752660992,0.199432074465494,0.224797949731593,-0.587269660877998
0.197807981781583,-0.0383744791905865,-0.288298462735125,-0.249923983544538,-0.628594893992223
-0.123831012985222,0.102339749531611,0.0616613279007343,-0.0406784216308764,0.899532807658285
1.3235444634654,-0.671135995512237,-0.69360554859459,-0.0224695530823528,-0.241334029710479
-0.204240761676922,0.0538087033929942,-0.0875593893461144,-0.141368092739109,0.266901660878151
-0.686699253827128,0.385502924504321,0.164683313249873,-0.220819611254449,-0.388337226117533
0.278217730473283,-0.0806991376998326,-0.092653714996302,-0.0119545772964695,-0.201389368352395
-0.365060259060323,0.405533603199892,0.393141933322562,-0.0123916698773299,-0.582615438245307
-0.686699253827128,0.398279209673823,0.222746468702647,-0.175532740971176,-1.10745816193552
-0.365060259060323,0.119091320833619,0.1789933710885,0.0599020502548817,1.7027437045921
1.7255932069239,-0.821413919603183,-0.842494797576023,-0.0210808779728403,0.32807440534096
-0.686699253827128,0.410051344312877,0.113459075622392,-0.296592268690485,0.771936268393208
-0.284650510368624,0.0382263469449261,0.0476858276287963,0.00945948068387023,-1.16270945105846
0.278217730473283,-0.214327196456708,-0.331572388224347,-0.117245191767639,-0.493971338391835
-0.284650510368624,0.0713290415233452,0.195968274518413,0.124639232995067,-0.273014632801667
1.3235444634654,-0.971309578845427,-1.1939796424455,-0.222670063600074,0.185029364389007
-0.686699253827128,0.229426796584626,0.583373069446194,0.353946272861569,-1.62185540217352
-1.00833824859393,0.735946080519282,0.770549975200977,0.0346038946816946,0.00613492389254433
0.841085971315191,-0.745073572092086,-0.817985520327301,-0.0729119482352149,-1.5009443709096
1.966822452999,-1.49529217138005,-1.71753338045412,-0.222241209074073,2.20478618170662
0.76067622262349,-0.684094340693832,-0.648260335083368,0.0358340056104636,-0.596769576937069
-2.21448447896945,1.8588410441686,1.65647783980577,-0.202363204362831,-0.666093638486255
0.439037227856687,-0.271596975845778,-0.257966182235654,0.013630793610124,0.747344296632988
0.278217730473283,-0.210455416196721,-0.121268482922564,0.0891869332741569,0.00321805328880242
0.278217730473283,-0.369511737473252,-0.438193799473508,-0.0686820620002563,-0.517922042720284
-0.0434212642935202,0.0393928546623712,0.0547973047950198,0.0154044501326486,2.59217953043993
1.7255932069239,-0.838456048423067,-0.693881088506893,0.144574959916173,-0.194793209122696
-0.686699253827128,0.551156722957204,0.528243732987454,-0.0229129899697506,0.483476161024385
-0.686699253827128,0.435193853323852,0.521342429535767,0.0861485762119149,-0.786552625301989
1.2431347147737,-0.907954715588914,-1.22537364779641,-0.317418932207497,-2.32135940398698
1.7255932069239,-1.64710707232389,-1.5984485567132,0.0486585156106922,0.256262168227458
-0.686699253827128,0.426563767621241,0.111535493466318,-0.315028274154923,-0.50984506373595
1.2431347147737,-0.883325555352539,-1.03298882011622,-0.149663264763686,-0.144596980421039
0.599856725240088,-0.498126674151109,-0.640082326482135,-0.141955652331026,-2.913812458153
-0.365060259060323,0.266094319751597,0.257559922418627,-0.00853439733297057,0.513542808213589
-0.365060259060323,0.305548941740355,0.318446996171657,0.0128980544313027,-0.781459409054715
0.278217730473283,-0.157852703984311,-0.358559161035943,-0.200706457051632,1.57575546009256
-0.204240761676922,0.130556612740403,0.132338040947164,0.0017814282067613,0.588464042636087
0.197807981781583,-0.00403088884962269,-0.372468233976076,-0.368437345126454,-3.01400912135951
-0.284650510368624,0.0563334423952476,-0.0881215171006422,-0.14445495949589,0.139533045450709
-0.123831012985222,0.105157601413238,-0.0828189846304062,-0.187976586043644,0.192334315713414
1.7255932069239,-1.11791579469272,-1.31342351908285,-0.195507724390121,1.0308884370111
-1.00833824859393,0.832145951795601,0.814300077261275,-0.0178458745343255,-0.515536479622951
-0.365060259060323,0.163089406893883,0.0956473852996691,-0.0674420215942135,-0.0800703553979017
-1.41038699205244,1.42145124424339,1.17794782645036,-0.243503417793025,0.0830594080100981
-0.525879756443727,0.102053970372085,0.234185775441984,0.132131805069899,1.65540165307062
0.439037227856687,-0.340018555277973,-0.596004167766107,-0.255985612488134,-0.798040843560928
1.966822452999,-0.829547107046107,-0.762259011993627,0.0672880950524807,-0.778714423240501
-0.686699253827128,0.057337900771359,0.242411780266647,0.185073879495288,-0.65992830511781
-0.365060259060323,0.269698714517995,0.112740507789461,-0.156958206728534,-0.512796281689935
-0.84751875121053,0.495433660884235,0.619047167554203,0.123613506669967,0.121062942766471
1.966822452999,-1.08479213295903,-1.23975977635622,-0.15496764339719,0.0508407447501931
1.3235444634654,-0.427545246945316,-0.411291040494181,0.0162542064511353,0.00440406067556512
0.278217730473283,0.078941563663042,0.150632715462199,0.0716911517991569,0.868910210123436
0.278217730473283,0.00113385984112566,0.259035713536375,0.257901853695249,-0.448998012442376
-1.00833824859393,0.723884066116423,0.657960665217539,-0.0659234008988843,-0.398434949796841
1.00190546869859,-0.91048324537364,-1.2167691948586,-0.306285949484965,0.360243162440174
-0.284650510368624,0.0639275372764842,-0.0514971480383835,-0.115424685314868,-1.78988462323077
0.278217730473283,-0.00206910890530762,-0.120012790844579,-0.117943681939271,-0.926491669930542
1.7255932069239,-0.897992403985258,-0.974390397386174,-0.0763979934009165,-1.08580542978223
-1.32997724336074,0.998973946472623,0.83561137965237,-0.163362566820254,1.34919887621839
0.197807981781583,0.00166789327077999,-0.36016018114245,-0.36182807441323,-1.37892735672486
0.278217730473283,-0.13213612823667,-0.180752379507214,-0.0486162512705448,0.539249575911069
1.00190546869859,-0.728038110928892,-0.76383792110796,-0.0357998101790687,-0.837836899634074
-1.49079674074414,1.23837102513223,1.27942776923613,0.0410567441039078,-0.375309771969811
0.278217730473283,-0.150474486574226,-0.142669526652827,0.00780495992139824,-0.08403004798004
-0.525879756443727,0.245435825124916,0.127765802613537,-0.117670022511378,-0.625922209846336
0.278217730473283,-0.370818617259596,-0.785731483648739,-0.414912866389144,1.69923238362144
-1.32997724336074,0.955853536726732,0.710873544105245,-0.244979992621487,0.601735913881726
1.966822452999,-0.798946647596856,-0.794072351525583,0.00487429607127376,1.45486394568224
-0.525879756443727,0.134570069580921,0.0947830716276489,-0.0397869979532717,0.529280939982897
0.278217730473283,-0.127513362880136,-0.438474105377417,-0.310960742497281,-1.03614343810924
-0.365060259060323,0.193035518448258,0.0147233816124424,-0.178312136835816,-0.719870623622381
0.599856725240088,-0.356267911386036,-0.507444962887707,-0.151177051501672,-1.70061654704294
0.439037227856687,-0.226407330069746,-0.389462938919963,-0.163055608850217,1.59284788099102
-0.84751875121053,0.3746319954927,0.619488362257394,0.244856366764694,0.200586748197388
-0.204240761676922,0.101186734056338,-0.0689521235567068,-0.170138857613045,0.472992701763354
2.93173943729941,-1.79544972931412,-2.05726852956024,-0.261818800246118,-2.08460696340219
1.7255932069239,-1.19698833670662,-1.49657192144115,-0.299583584734534,1.04061917723367
0.197807981781583,-0.0083185274687701,0.00438674636928853,0.0127052738380586,-0.494769704011132
1.8864127043073,-1.29026706349061,-1.19813158443637,0.0921354790542381,1.97102505772163
1.00190546869859,-0.734585079273755,-1.04968748655438,-0.315102407280628,0.0016713456945916
-2.21448447896945,1.46359597219431,1.28807068848088,-0.175525283713431,-2.48032359267923
0.278217730473283,-0.257196408671822,-0.19650703719245,0.0606893714793716,0.243034705081599
-0.606289505135426,0.490963937538314,0.416546750035896,-0.0744171875024179,1.67183543996029
0.278217730473283,-0.0902950548625037,0.0446267356214265,0.13492179048393,0.516041173807231
-1.41038699205244,1.12254833971848,0.939846392663361,-0.182701947055124,-0.0221149931994797
0.278217730473283,-0.338041877752218,-0.699031560412983,-0.360989682660765,-0.12713131449561
-0.606289505135426,0.61542594664624,0.439887494251672,-0.175538452394569,-1.52047177743992
0.197807981781583,-0.108406790986439,-0.0583601501395842,0.0500466408468548,1.43678830469684
-0.123831012985222,0.152365071253434,0.226612138874929,0.0742470676214952,0.704058344519262
0.197807981781583,-0.175362544152511,-0.25787725731399,-0.0825147131614786,-1.50187407704873
-0.0434212642935202,-0.262648613931018,-0.040172121454904,0.222476492476114,-1.08541232698527
1.00190546869859,-0.413407957996468,-0.441121438408536,-0.0277134804120686,-0.997749331175061
0.278217730473283,-0.242368230836463,-0.3724922521609,-0.130124021324437,-0.185060058471249
0.599856725240088,-0.54413706166456,-0.802628529418236,-0.258491467753676,0.062049530217529
1.2431347147737,-0.933923289980736,-1.12200137083022,-0.188078080849484,0.179280364506858
-0.123831012985222,-0.0428546153482743,-0.122861751233396,-0.0800071358851214,1.17077766176602
2.93173943729941,-1.80798989143288,-1.8023137089136,0.00567618251928126,-0.146400811569288
-0.365060259060323,0.205840964505945,0.110292659765553,-0.0955483047403921,0.672143842693458
-1.32997724336074,0.685710362162982,0.67969289939189,-0.00601746277109183,-1.04396008403944
-0.84751875121053,0.654791806933496,0.513350090942735,-0.141441715990761,0.884315037595002
-0.123831012985222,0.0475209797044543,-0.00161035547125774,-0.049131335175712,-2.20502796650915
-0.284650510368624,0.196485061447227,-0.0394931147408699,-0.235978176188097,-1.57062356238713
0.599856725240088,-0.174976232212461,-0.211185301409944,-0.0362090691974825,-2.03633044352056
0.439037227856687,-0.188425648840095,-0.0367266000584153,0.15169904878168,-0.392471143311762
0.278217730473283,-0.276684540445731,-0.437554027213657,-0.160869486767926,-1.58547130936741
-0.84751875121053,0.606882171271708,0.3522877827384,-0.254594388533308,-0.44177209924824
-1.00833824859393,0.676496609795359,0.472740057144561,-0.203756552650798,0.874433193200981
-1.41038699205244,0.770077286609486,0.610940595976683,-0.159136690632803,-0.73934362564441
0.76067622262349,-0.656637362057076,-0.862210497029579,-0.205573134972503,-0.888700913031051
0.278217730473283,-0.350255607229655,-0.346557335830801,0.00369827139885426,-0.662681346853392
-0.686699253827128,0.731994965917694,0.538931716875714,-0.193063249041979,-0.134278409750216
-0.0434212642935202,0.0336881096065135,0.225083335113696,0.191395225507183,2.43953543505049
0.278217730473283,-0.298641338693621,-0.493284916525901,-0.19464357783228,-0.897541719089112
-0.365060259060323,0.202042681783416,0.0981765868453136,-0.103866094938102,-0.269913108926202
-2.29489422766115,1.67162062510442,1.43248026530344,-0.239140359800986,1.61101928807271
-0.686699253827128,0.520408829694709,0.546354368272618,0.0259455385779088,1.265335442821
0.278217730473283,-0.261125157008026,-0.205796392599946,0.0553287644080797,-0.724183044528936
-0.686699253827128,0.508159609070681,0.303705058901955,-0.204454550168725,-0.976260882449405
-0.204240761676922,0.0438874342866344,-0.0738841253447275,-0.117771559631362,-0.105531203438847
0.680266473931787,-0.689732141391868,-0.817719312541402,-0.127987171149534,1.90508664286162
1.2431347147737,-0.908586040396262,-1.16072642809389,-0.252140387697626,-0.25327342616067
0.197807981781583,-0.177448017866896,-0.293689534175813,-0.116241516308917,-0.406681406259104
-0.284650510368624,0.231523917860552,-0.110790701821207,-0.342314619681759,-1.53861940053992
-0.204240761676922,-0.0163287172834669,0.217197521780991,0.233526239064458,0.221313724582368
-0.284650510368624,0.108084611273343,0.2903544822794,0.182269871006057,-1.37171534174163
0.278217730473283,-0.159932527522512,-0.523467504639713,-0.363534977117202,0.11459691584519
-0.0434212642935202,-0.120430034043153,0.0758260917187891,0.196256125761942,2.16513514248876
1.3235444634654,-0.618919130158092,-0.675976233648196,-0.0570571034901042,0.727581864226665
1.7255932069239,-0.865716326140883,-0.717375432561634,0.14834089357925,1.23961084707965
-0.365060259060323,0.229261005977309,0.120850262168387,-0.108410743808922,-2.51211264189169
-0.84751875121053,0.508245940683286,0.58790869484563,0.0796627541623446,-1.21320407042757
-0.284650510368624,0.418264143812766,0.205756551838251,-0.212507591974515,-0.147108036896512
-0.606289505135426,0.261623504990969,0.170890942772806,-0.0907325622181626,0.877185490941861
-0.0434212642935202,-0.075716948142921,-0.201863219018511,-0.12614627087559,-1.12680354678048
-0.204240761676922,0.244109932497252,-0.0516044963265145,-0.295714428823767,-0.283737234780249
0.841085971315191,-0.466284718542712,-0.493175764910452,-0.0268910463677391,-2.27678767638936
-0.365060259060323,0.219760305129169,0.0495667854100865,-0.170193519719083,-2.73195150816876
0.278217730473283,-0.197363937526343,-0.149980609722612,0.0473833278037304,1.85055525526196
0.278217730473283,-0.23674421198854,-0.459815693518213,-0.223071481529672,0.292409813270778
0.278217730473283,-0.209853447296086,-0.0895623853500925,0.120291061945993,1.46580170916109
1.2431347147737,-0.7292357214345,-1.10005543993308,-0.370819718498578,-0.552477578864027
-0.0434212642935202,-0.0997419380060365,-0.171203560943199,-0.0714616229371628,0.84145609685599
-0.204240761676922,0.0649518041771633,-0.127287131363774,-0.192238935540937,-0.717346059496673
-2.21448447896945,1.56544970268194,1.44011392839059,-0.12533577429135,-1.22143605550161
0.278217730473283,-0.14090983225769,-0.342083318735772,-0.201173486478082,1.55329899408616
0.278217730473283,-0.188143647965859,-0.241115122689765,-0.052971474723906,-0.331466951642083
-0.0434212642935202,0.113779205045361,-0.102676783818794,-0.216455988864155,0.462456135228354
-1.41038699205244,1.13973277519752,1.02330039711189,-0.11643237808563,-2.29702955224988
-0.0434212642935202,0.0919677734728566,0.0130539216295684,-0.0789138518432882,0.585018007679357
-0.686699253827128,0.345111153154324,0.410385112175946,0.0652739590216221,0.828414810498132
-0.0434212642935202,0.0756911470658089,0.167798977250642,0.0921078301848327,-1.2376888683971
-0.284650510368624,0.0397106428635452,-0.128667500169911,-0.168378143033456,0.551765357905745
-0.204240761676922,0.145282720057448,0.141781097832538,-0.00350162222490949,-0.962423172497361
1.3235444634654,-0.870914534400732,-0.74226604694096,0.128648487459771,-0.115712166593308
-1.00833824859393,0.402997628616265,0.485290722336452,0.0822930937201871,0.238080890617425
1.966822452999,-1.13058748167217,-1.03532626291604,0.0952612187561293,-1.07657570601046
0.841085971315191,-0.461987813883922,-0.646120058347436,-0.184132244463514,0.162790485682935
1.2431347147737,-1.06183467163221,-1.25383667730192,-0.192002005669718,-1.91057855316638
-1.41038699205244,0.76937973787779,0.870049925119572,0.100670187241782,0.305802767723369
-0.123831012985222,0.038402574357282,0.0670850584675341,0.0286824841102521,1.33656399398293
0.680266473931787,-0.376801060197278,-0.334451212990865,0.0423498472064137,-0.894830353044688
-0.365060259060323,0.48866860344275,0.14536984845528,-0.34329875498747,-0.135986079417297
-2.29489422766115,1.55134557568929,1.39323577436821,-0.15810980132108,-0.626601272281692
2.93173943729941,-2.37891951150694,-2.52819394394905,-0.149274432442111,-1.14513571404666
-0.686699253827128,0.478851088187055,0.510356843236247,0.0315057550491913,-0.939344072883537
0.278217730473283,-0.0970443612956187,-0.239915406031887,-0.142871044736269,-1.30333361617119
-0.606289505135426,0.298190582114373,0.130588296818222,-0.167602285296151,-0.660010866987277
-0.204240761676922,0.209519178735807,0.0718368422961346,-0.137682336439672,0.29863176166207
1.966822452999,-1.30143006450105,-1.59702970461006,-0.29559964010901,-0.144039259055199
-0.365060259060323,0.219401579311527,0.138526381370245,-0.080875197941282,-0.03713982648871
-1.49079674074414,0.92205022271468,1.05997219324158,0.137921970526896,-0.135002820291886
0.278217730473283,-0.152799505047646,-0.508411968875957,-0.355612463828311,1.45949310502259
-2.21448447896945,1.05005235536767,1.09927341832573,0.0492210629580527,1.34914873487252
0.599856725240088,-0.413142038205379,-0.675180415181738,-0.262038376976358,-0.426245075375423
-0.0434212642935202,0.0597759837255986,0.0369977808145388,-0.0227782029110597,1.01843241966269
-0.84751875121053,0.46034786213401,0.344479138763281,-0.115868723370729,-1.24723608469964
-1.49079674074414,0.388062745256501,0.450883475739446,0.0628207304829455,-0.120817861982452
0.197807981781583,0.137205985911645,0.27235355203337,0.135147566121724,-3.00161281403787
-0.365060259060323,0.102911462419409,0.0507400789094517,-0.0521713835099571,1.66122798048641
-0.123831012985222,0.123379527526081,0.249844720574657,0.126465193048577,-1.24025127136273
1.00190546869859,-0.359790864722239,-0.367472224849196,-0.00768136012695636,-1.67429670528802
-0.123831012985222,-0.0594569843483482,0.12798944032277,0.187446424671118,2.49777131922774
-0.606289505135426,0.0833441002693656,0.109139511337515,0.0257954110681494,0.332426413311634
-0.284650510368624,0.311699051085216,0.0995748897303034,-0.212124161354912,-0.518879416536226
0.278217730473283,-0.183698142573349,-0.184931493605019,-0.00123335103167008,-1.7188008433919
0.197807981781583,-0.249211480337198,-0.257567026484347,-0.00835554614714995,-0.521378598157905
0.278217730473283,-0.221236853184366,-0.26661604406371,-0.0453791908793442,1.06408464439137
0.278217730473283,-0.394554351887089,-0.524836386700954,-0.130282034813864,-0.470585909449186
-2.29489422766115,1.5606403893508,1.60572081397447,0.0450804246236682,-1.68841415446084
2.93173943729941,-1.86408317480388,-1.94508671635393,-0.0810035415500496,0.557469279306149
-0.84751875121053,0.384594113609182,0.312113626265114,-0.0724804873440684,-0.837965423748161
-2.21448447896945,1.2843802840516,1.27518281474942,-0.00919746930217635,1.9579088780647
-0.284650510368624,0.103713483167863,-0.0824451235202505,-0.186158606688113,-0.258688097522034
-0.606289505135426,0.366355369784236,0.253220318532825,-0.113135051251411,-0.550563203789994
1.8864127043073,-1.19785844931865,-1.29491176545998,-0.0970533161413296,1.55045293396348
-0.123831012985222,0.025187650450074,-0.116209278881794,-0.141396929331868,1.11295351186298
-0.123831012985222,0.0440600822103346,-0.101324317611562,-0.145384399821897,0.559936891140791
-0.0434212642935202,0.00695287829654008,0.0117148552760735,0.0047619769795334,-0.418045100775135
-0.284650510368624,0.131936683237958,0.10631405678875,-0.0256226264492076,1.28364002694753
-0.365060259060323,0.187879756987175,0.185524277701024,-0.00235547928615146,0.407302672668846
0.197807981781583,-0.141377870923453,-0.16803667315769,-0.0266588022342375,-0.380693722131678
-0.686699253827128,0.427335824227824,0.357242408596673,-0.0700934156311517,-2.37983579886562
-0.686699253827128,0.322797261872707,0.228349970449763,-0.0944472914229442,-0.334138847928942
-0.284650510368624,0.381083971586947,0.364488802774315,-0.0165951688126316,0.479802452081509
-0.284650510368624,0.184861202804489,0.230438110119851,0.0455769073153619,0.304863217612216
0.278217730473283,-0.158602023117043,-0.161674251025129,-0.00307222790808556,-0.684007343119514
-0.123831012985222,0.0857831826087305,0.032863715654102,-0.0529194669546285,0.426140450802644
0.599856725240088,-0.538877797291037,-0.680377932142683,-0.141500134851646,1.07160363972125
0.278217730473283,-0.31724855175508,-0.393420569926927,-0.0761720181718474,-1.12821467914491
0.841085971315191,-0.406106307311878,-0.409710245599957,-0.00360393828807959,0.402083114131008
1.966822452999,-0.709271750895034,-0.533741291247615,0.175530459647419,0.547944962483222
-0.84751875121053,0.612785483348906,0.271696233246853,-0.341089250102054,0.634447986451736
1.966822452999,-1.3301525607671,-1.49802803039367,-0.16787546962657,-1.23190925423006
-0.84751875121053,0.369682202077777,0.0846863207098192,-0.284995881367958,0.952251131910812
-2.21448447896945,1.23669424421737,0.863383802706282,-0.373310441511089,-0.617670070323838
1.966822452999,-1.46608544117353,-1.54071250672602,-0.0746270655524834,0.055696671634869
-0.84751875121053,0.649573791653316,0.479199415346685,-0.170374376306631,0.802514239287575
-0.686699253827128,0.60852044395573,0.35801594409576,-0.250504499859971,0.0293879767553724
1.7255932069239,-0.934633317663513,-1.11131259443207,-0.176679276768561,-0.00168375775569751
-1.32997724336074,0.989526736264369,0.689097315081808,-0.300429421182561,0.124019737338594
-1.41038699205244,0.92471715742849,1.01026420849668,0.0855470510681889,2.15309451569902
-0.123831012985222,0.0699246110051181,-0.000839341143969011,-0.0707639521490871,0.704743190936737
0.278217730473283,-0.187335722071079,-0.190335363243693,-0.00299964117261375,0.111404210936938
0.76067622262349,-0.546840618552632,-0.57253312335044,-0.0256925047978076,0.757368901006538
-0.365060259060323,0.272518793145428,0.131254470908879,-0.141264322236549,-0.29603978869048
-0.84751875121053,0.614844962133756,0.562577968267387,-0.0522669938663686,-0.691071002951041
0.278217730473283,-0.338474526680505,-0.495997260491398,-0.157522733810893,1.47119574160133
-0.204240761676922,0.0749798386082693,0.19644817998006,0.121468341371791,-0.709105213216889
1.3235444634654,-0.71530949307929,-0.466188402659986,0.249121090419304,1.21396512999347
-0.284650510368624,0.124516635644171,0.227906336330717,0.103389700686546,-0.952433781106005
1.966822452999,-1.08489183273347,-1.19186682150888,-0.106974988775405,-0.602831645701463
-0.686699253827128,0.790175761777609,0.332015319682073,-0.458160442095536,-0.285025182625318
0.278217730473283,-0.143915502698469,-0.382536785886322,-0.238621283187853,-0.51561096536745
-0.123831012985222,0.150687488812099,0.18689729160872,0.0362098027966211,-0.158356464683105
-0.284650510368624,0.0265875512923166,-0.0717404749510488,-0.0983280262433654,-0.767764674433656
0.599856725240088,-0.34417950527966,-0.42577768598523,-0.0815981807055696,-1.55632887502338
0.197807981781583,-0.242140338613354,-0.133888875210176,0.108251463403178,0.616242721675391
1.00190546869859,-0.397510749162968,-0.42665064739102,-0.0291398982280516,-0.762694755108296
-0.204240761676922,0.232240320799278,-0.0334833766909898,-0.265723697490268,-1.53380412341006
0.841085971315191,-0.465815025927179,-0.356483550433391,0.109331475493788,0.640000387145956
-0.686699253827128,0.337755196714507,0.390326479813903,0.0525712830993959,0.812598230415247
0.197807981781583,0.145367719481025,-0.07274739094176,-0.218115110422785,-0.778044784987437
1.966822452999,-0.785341345366384,-0.618017897315194,0.16732344805119,0.088384584547158
0.278217730473283,-0.240277473007573,-0.342732861050896,-0.102455388043323,-0.0442021332860125
-1.00833824859393,0.600644692730262,0.674420130438668,0.0737754377084064,-0.360474813599384
-0.204240761676922,0.0258979024075729,0.0357621277594739,0.009864225351901,0.900068923759158
-0.84751875121053,0.443484290765022,0.267996919615573,-0.175487371149449,-0.493596287026625
1.966822452999,-0.859715716906834,-0.865533149934364,-0.00581743302752913,0.0161776794657135
1.8864127043073,-1.08939457483138,-0.885953365408013,0.203441209423366,0.871671727038447
-0.365060259060323,0.2686477555415,0.110095407197153,-0.158552348344347,1.60998676015827
-1.00833824859393,0.605835548624907,0.617656733873438,0.0118211852485312,-3.01266621769088
0.599856725240088,-0.431224983842852,-0.411331461773965,0.0198935220688871,-1.32496280225648
0.278217730473283,-0.182828302927087,-0.233538762397275,-0.0507104594701888,-1.11276048043047
-0.284650510368624,0.131675606830738,0.131444623132213,-0.000230983698524367,-0.667660389370295
0.278217730473283,-0.120670120485366,-0.0212705195884415,0.0993996008969247,0.5030899020637
0.197807981781583,-0.0660734557891622,-0.236114532283901,-0.170041076494738,0.426876118532547
0.680266473931787,-0.519517223673289,-0.667134308538907,-0.147617084865618,-0.177787926674997
0.278217730473283,-0.366788913630157,-0.458494623871961,-0.0917057102418037,-0.320388367214329
1.7255932069239,-0.909931056749942,-1.04282084757091,-0.132889790820966,0.176735542042371
0.599856725240088,-0.335547902621854,-0.241857039339489,0.0936908632823653,0.75397647650869
0.680266473931787,-0.36552123692431,-0.414128691145223,-0.0486074542209137,-1.16231851872702
-0.0434212642935202,0.0101040550457698,0.0544130618488284,0.0443090068030586,-0.163555645334767
-2.21448447896945,1.67981070305696,1.63284000668391,-0.0469706963730472,-1.84109378011032
-1.49079674074414,0.86477934556866,0.834657912067378,-0.0301214335012824,-0.304157273038507
0.599856725240088,-0.260184121360671,-0.343224045265605,-0.0830399239049338,1.84439674800784
-0.84751875121053,0.168093178719535,0.363782773187621,0.195689594468086,1.27639970287482
-2.29489422766115,1.19643774280325,1.13000211848988,-0.0664356243133677,-1.00196330291994
-0.686699253827128,0.583203460468398,0.408054260564996,-0.175149199903401,-0.897849063187988
0.278217730473283,-0.00878700250792278,-0.106126764597671,-0.0973397620897485,-1.21820067496276
0.680266473931787,-0.405519831897846,-0.415857006014691,-0.0103371741168455,0.452873542867117
1.2431347147737,-0.807300659227863,-0.863959524593336,-0.056658865365473,-0.529671472213193
0.278217730473283,-0.114341450024223,-0.121507553464272,-0.00716610344004896,1.00007275950531
-0.525879756443727,0.229430212514834,0.39305579891272,0.163625586397886,0.969608370630296
-2.21448447896945,1.01506755645291,1.00651088160588,-0.0085566748470296,-1.52797445340347
0.599856725240088,-0.625274057172486,-1.10571896843489,-0.480444911262399,0.290125011996119
-0.123831012985222,0.106623652528112,-0.0748133404765512,-0.181436993004664,0.977794128891816
0.439037227856687,-0.175348875932256,-0.299998208555476,-0.124649332623221,-0.260309975814192
1.966822452999,-1.43948669815012,-1.49202874352344,-0.0525420453733136,-1.31247845430009
-0.284650510368624,0.39372642353668,0.275681099110622,-0.118045324426058,0.319809200921756
0.197807981781583,-0.203177533793369,-0.157865699589687,0.0453118342036815,2.25596353270411
-0.84751875121053,0.698643430241708,0.550867138076354,-0.147776292165354,0.72191408546132
0.680266473931787,-0.491464596226873,-0.516428863459447,-0.024964267232574,-0.534760169483501
0.278217730473283,-0.225593016320963,-0.396980875625434,-0.171387859304471,1.54794968214192
-1.41038699205244,0.57940137693904,0.538428104102559,-0.040973272836481,0.305554166681408
1.8864127043073,-1.34806643560391,-1.45633378359595,-0.108267347992039,0.311218344606918
1.00190546869859,-0.507804341660338,-0.639000228952903,-0.131195887292565,1.0497711559245
-2.29489422766115,1.10782625162087,0.973659754842453,-0.134166496778421,-1.80173094096552
-2.21448447896945,1.48215511209263,1.35744425211582,-0.124710859976807,-1.06135601096186
0.841085971315191,-0.332035279046882,-0.48997957930871,-0.157944300261828,-0.126562139069004
-0.204240761676922,-0.197048587960888,-0.533632005359333,-0.336583417398445,0.566912836486893
0.278217730473283,-0.0657430868767064,-0.49538845202761,-0.429645365150904,-0.368183462428962
0.278217730473283,-0.355806678454609,-0.455911365410331,-0.100104686955722,-0.275719824601993
-0.123831012985222,0.191576298856161,-0.114316712477205,-0.305893011333367,-1.87758093952193
0.278217730473283,-0.212841508678926,-0.474032641768277,-0.261191133089351,2.10712713505054
-0.284650510368624,-0.0196537643906415,-0.0361315630586149,-0.0164777986679734,2.13623111109168
-2.29489422766115,1.08738648589036,1.21431851796554,0.126932032075185,-0.969296618392037
-0.365060259060323,0.328446308790138,0.0556325963652408,-0.272813712424897,0.818677023276632
-1.41038699205244,1.04246331777402,0.968856736136534,-0.0736065816374859,-0.77300468438563
0.278217730473283,-0.269157383365493,-0.463947838297115,-0.194790454931623,-0.392925768275196
0.278217730473283,-0.271337655032588,-0.434750814433437,-0.163413159400849,0.254383727135333
-0.606289505135426,0.345058598505112,0.181798545695991,-0.163260052809122,-0.995615025938747
0.197807981781583,-0.173630868919675,-0.175192488874309,-0.00156161995463322,-0.0951068882394154
-0.606289505135426,0.367508301748945,0.374807136192232,0.00729883444328677,-0.184990584137437
-0.84751875121053,0.508168339220574,0.52523252704566,0.0170641878250853,-0.523404400794081
-0.84751875121053,0.720788972265207,0.561041247087398,-0.159747725177809,0.168587587367982
-0.284650510368624,0.137430139305318,0.224905449231141,0.0874753099258224,-0.951155103038556
0.841085971315191,-0.391899724517167,-0.44422857467647,-0.0523288501593033,-1.62751140239967
-2.21448447896945,1.17886695852341,1.12455769028202,-0.0543092682413868,0.651150758546803
-0.525879756443727,0.319427430376441,0.224487323959356,-0.0949401064170844,-0.555383435751738
-0.284650510368624,0.339898833444441,0.447541018046447,0.107642184602006,-1.88620851825913
-0.606289505135426,0.247736796651581,0.422777073595019,0.175040276943438,0.785144177825935
-1.00833824859393,0.569826308295295,0.440993036641847,-0.128833271653448,1.0143756866943
-0.123831012985222,0.308414587061664,0.108871381559216,-0.199543205502448,1.94899182559879
0.680266473931787,-0.398346843884431,-0.595139272092842,-0.19679242820841,0.877541054190277
1.3235444634654,-1.13012742167479,-1.42752950459131,-0.297402082916522,0.0859572395053183
1.00190546869859,-0.436616355534897,-0.182339031458481,0.254277324076416,1.3927449044795
-1.41038699205244,0.611260742847842,0.647295710846047,0.0360349679982045,0.778234222500767
-0.284650510368624,0.173761804893089,0.295167193325441,0.121405388432352,-1.14768548959384
0.197807981781583,-0.093746686502201,-0.112119054174177,-0.0183723676719765,0.153208221014014
-1.49079674074414,0.865955715054339,0.737309236093763,-0.128646478960576,0.960731598443378
-0.606289505135426,0.525103186292844,0.510848760542663,-0.0142544257501807,1.14748318071235
-0.123831012985222,0.0412081721860353,-0.0413110471988935,-0.0825192193849288,-1.13568511056902
1.2431347147737,-0.91787537280527,-1.07271381826833,-0.154838445463058,-0.487480920366389
-2.29489422766115,1.02656334703047,1.17678141804697,0.150218071016497,-1.02122815535578
-0.686699253827128,0.634095592176146,0.510328690575532,-0.123766901600615,0.349130674949539
-0.204240761676922,0.121841409335631,-0.0430458891690492,-0.16488729850468,-1.46518931843658
-1.32997724336074,0.805918122076583,0.797858700480824,-0.00805942159575901,-0.592775645416749
0.197807981781583,-0.168576468874348,-0.166643578361343,0.00193289051300494,-0.955931460669167
1.8864127043073,-1.05297414023754,-1.23516518077769,-0.182191040540152,-0.693066450639665
1.966822452999,-1.917066798087,-2.40508877913394,-0.488021981046937,0.184831150140651
-1.49079674074414,0.471198234518888,0.632712063713968,0.16151382919508,-0.866543626467023
-0.365060259060323,0.319173140724561,0.224840139271676,-0.0943330014528848,0.97758724131402
-1.32997724336074,0.642316264945834,0.836727077332342,0.194410812386507,2.83618259916283
1.00190546869859,-0.56848756028659,-0.413147024246194,0.155340536040397,1.59068722155884
0.278217730473283,-0.193305006418026,-0.181055107765586,0.0122498986524401,0.826873272612078
-1.41038699205244,0.504852483294522,0.635614298134687,0.130761814840165,0.121498629658092
-0.0434212642935202,0.0443619888275614,0.00943010878979918,-0.0349318800377622,1.44272925793418
0.197807981781583,-0.175193824130752,-0.1311840234857,0.0440098006450519,-0.0267519425609845
0.76067622262349,-0.358293928602621,-0.357322447546011,0.000971481056609713,-0.941922334868167
0.439037227856687,-0.284759984731268,-0.242772775340842,0.0419872093904256,-0.828898004827137
-0.686699253827128,0.522403177970485,0.309294740973441,-0.213108436997044,-1.07843962683581
1.00190546869859,-0.599105174365195,-0.596571175855494,0.00253399850970115,-1.53060673515265
0.197807981781583,-0.181273728220366,-0.041419645318291,0.139854082902075,-0.0589238631390574
-2.21448447896945,1.50287510124076,1.37679757494402,-0.126077526296738,-0.316653597642187
-0.365060259060323,0.216931187623871,0.0913734528976143,-0.125557734726257,-0.276666740178553
-0.606289505135426,0.399289961835554,0.117219349752917,-0.282070612082637,-0.675725004194723
-0.204240761676922,0.0612273058998032,-0.0268804561568463,-0.0881077620566495,-1.25879807620177
0.197807981781583,-0.122682959230664,-0.188731705286852,-0.0660487460561873,-0.383762507737372
-0.284650510368624,0.217349250391915,0.128973340360807,-0.0883759100311076,1.42274680930299
-0.123831012985222,0.0623580329954802,0.0517682643456284,-0.0105897686498519,-1.2490118638911
-0.525879756443727,0.202821211117737,0.371853351270843,0.169032140153106,-0.835923215072158
1.2431347147737,-0.493046589294735,-0.40689229183068,0.0861542974640551,1.74565774373805
-0.525879756443727,0.298765705942818,0.326306699201735,0.0275409932589166,-0.0878372783646442
0.841085971315191,-0.749651793969689,-1.08874549850102,-0.339093704531334,0.440831343540581
-0.284650510368624,0.0956226321074262,-0.124583885416638,-0.220206517524064,-0.834443820492113
0.278217730473283,0.187514721530703,0.199823728710611,0.0123090071799087,0.514759769092334
1.3235444634654,-1.33106553201578,-1.67438782694649,-0.343322294930712,1.64014429018206
-0.606289505135426,0.381546724114847,0.440722086323192,0.0591753622083452,2.03862932233127
-1.00833824859393,0.495002526444777,0.41046021198671,-0.0845423144580672,-0.920831813388475
0.278217730473283,-0.179819511643456,0.134563794479648,0.314383306123104,0.544151427084659
-0.686699253827128,0.546894492035504,0.486054244342739,-0.0608402476927649,0.672061588377352
-0.204240761676922,0.118892596957484,-0.0594571223335613,-0.178349719291045,0.1861327014016
-0.525879756443727,0.504771969611194,0.161298325496881,-0.343473644114313,-0.335546960657227
-0.123831012985222,-0.00852903102982774,0.0552518578909355,0.0637808889207632,-0.630369786050457
-0.204240761676922,0.0936311299935135,0.0874505273211452,-0.00618060267236822,0.170755287410833
-0.365060259060323,0.212515837380783,0.146733240103369,-0.065782597277414,-1.14380580174954
0.680266473931787,-0.570898220139851,-0.559580831794905,0.0113173883449464,0.183117879411133
0.197807981781583,-0.073785243632009,0.0368016951985765,0.110586938830585,0.762834213016178
-1.49079674074414,0.740325532664746,0.811492863152619,0.0711673304878725,-0.996444117828318
-0.365060259060323,0.200680432591429,0.207048971616181,0.00636853902475229,-0.636059156655344
-0.0434212642935202,0.0318005719574902,-0.183882154580384,-0.215682726537875,0.807809025772393
-0.686699253827128,0.442354268568024,0.304886334075868,-0.137467934492156,1.13721649003523
1.00190546869859,-0.615839061858,-0.610317498112272,0.0055215637457281,1.11414740951049
-0.284650510368624,0.177092761548079,-0.00590700571642722,-0.182999767264507,0.94326031377036
-0.284650510368624,0.00115434517206289,0.0443416394644739,0.043187294292411,1.92684702647561
0.197807981781583,-0.136108997424645,-0.0447041176277458,0.0914048797968988,-0.432786456128203
-0.284650510368624,0.0325585995802304,0.334686129167198,0.302127529586968,-0.752080602841429
-0.284650510368624,0.21841881852152,0.0930300089186717,-0.125388809602848,0.302024965526915
-1.41038699205244,1.12951360466131,0.863366339286279,-0.26614726537503,1.53605872148805
-0.365060259060323,0.211002028398714,0.0526371154824241,-0.15836491291629,0.718177275637637
-0.84751875121053,0.356054935510797,0.389428747450014,0.0333738119392176,-0.0325130922206308
0.278217730473283,-0.244461450017607,-0.261713801459351,-0.0172523514417446,0.822270813825145
-2.21448447896945,1.06160488643351,1.00800198700208,-0.0536028994314335,0.188895391333814
1.8864127043073,-1.29788642927301,-1.70157728690099,-0.403690857627977,0.776413378760511
-0.284650510368624,0.226331791823259,0.164048493036938,-0.062283298786321,-0.0277261473682999
-2.21448447896945,0.999295460706793,1.12068422482993,0.121388764123134,-0.624928387445025
-0.284650510368624,-0.016583393383841,-0.0119751602173827,0.00460823316645828,-0.40056058961529
-0.0434212642935202,0.0754043322282916,-0.109735241264451,-0.185139573492743,-2.26571846386701
-2.21448447896945,1.55941849732359,1.36423788180952,-0.195180615514069,-1.56024488903715
-0.284650510368624,0.0594095379962491,-0.0344374549723403,-0.0938469929685894,1.19640189973325
0.278217730473283,-0.011156592356931,0.0858177279063876,0.0969743202633186,-0.372073101154958
-0.606289505135426,0.598037662972163,0.468290400238547,-0.129747262733616,-0.068921876710055
0.76067622262349,-0.410431106055202,-0.207791660925328,0.202639445129874,1.16215116238871
0.197807981781583,-0.210183592858176,-0.258414554637597,-0.048230961779421,-0.121577274226783
0.278217730473283,-0.281180149065757,-0.320669660621766,-0.0394895115560088,-0.137537221370063
-0.284650510368624,0.0549101731853771,-0.107478981495519,-0.162389154680896,-1.64839804845871
1.966822452999,-0.97511100473762,-1.06861416938481,-0.0935031646471945,-0.828596471638439
-1.41038699205244,0.782402310627156,0.725473509014981,-0.0569288016121754,-0.330820309407838
-0.284650510368624,0.198372125098812,0.287541102759634,0.0891689776608222,0.168488866459851
-0.365060259060323,0.26511183925759,0.153536743225803,-0.111575096031787,0.330723983115097
-0.123831012985222,0.162661755133459,0.0775741236123307,-0.0850876315211284,0.340984566433942
1.8864127043073,-0.791221977943867,-0.504490241885386,0.28673173605848,-0.427956783001574
0.278217730473283,-0.122487650386908,0.0317812110483538,0.154268861435262,-1.65434348237949
0.278217730473283,-0.15196046910737,-0.156123164434808,-0.00416269532743754,-0.485134383590231
-0.123831012985222,0.158582759485434,-0.130612710282018,-0.289195469767452,-1.15976299483451
-0.84751875121053,0.372794297186212,0.498492050980179,0.125697753793967,1.33663772357995
-0.123831012985222,0.189787832663865,0.0528522650612634,-0.136935567602602,-1.12467907944637
0.197807981781583,-0.12918744258328,-0.251320185432633,-0.122132742849353,-0.965522514263522
1.2431347147737,-0.500093562393836,-0.446842227079298,0.0532513353145382,0.773989175609819
-0.284650510368624,0.0238763735765447,-0.0318161770627717,-0.0556925506393164,0.203243341063615
-1.41038699205244,0.140531097847425,0.552168651288203,0.411637553440778,1.81863106649798
-0.84751875121053,0.396640391773888,0.450406997784662,0.0537666060107746,1.91513251888729
-0.606289505135426,0.491578049248394,0.373691617116021,-0.117886432132373,0.610836070476755
-1.32997724336074,0.672486358784251,0.795873026248429,0.123386667464178,1.58460064486438
1.00190546869859,-0.358452994634433,-0.197495820213799,0.160957174420635,1.19338143308198
-0.204240761676922,0.217854654180448,0.0687961627538927,-0.149058491426555,-0.742267830370126
-0.606289505135426,0.387266582924781,0.21213170596227,-0.175134876962511,0.163209978194936
-0.365060259060323,0.284505292547293,0.516021404951447,0.231516112404154,1.15137911822248
0.197807981781583,-0.222777754008241,-0.670442078230703,-0.447664324222462,0.757494880946454
-2.29489422766115,1.22039333775507,1.22625048732867,0.00585714957360106,-0.52089111836067
-0.84751875121053,0.808580040651894,0.566817832283859,-0.241762208368034,-2.41596577631591
0.599856725240088,-0.391273842529596,-0.492965125510579,-0.101691282980983,-0.377383071471134
0.76067622262349,-0.636717546390589,-0.876384922975333,-0.239667376584743,-0.315349374945959
-0.284650510368624,0.323046905609086,0.0560288544173278,-0.267018051191759,-0.303253914678082
-1.00833824859393,0.457158155924467,0.675530583632655,0.218372427708188,-0.0134264769602088
1.8864127043073,-1.00779410728578,-0.969532098621842,0.0382620086639422,-0.128238183355696
0.680266473931787,-0.25578890559127,-0.397253065657731,-0.141464160066461,-0.466403088689479
-0.284650510368624,0.130252401242567,0.290746062794609,0.160493661552042,0.585800671966966
-0.123831012985222,0.0298034386083418,-0.0185445531600975,-0.0483479917684392,0.310640727727556
0.599856725240088,-0.311371132704644,-0.153202664029311,0.158168468675333,-0.840222460071571
0.278217730473283,-0.214246849303507,-0.288287984348876,-0.0740411350453694,0.297527609979298
0.680266473931787,-0.345534869541486,-0.368708051128428,-0.0231731815869417,0.244649395292541
1.00190546869859,-0.588670877876817,-0.729790545852549,-0.141119667975732,-0.592311550431723
1.3235444634654,-1.23246631272904,-1.52746124719537,-0.294994934466337,-0.240471955902057
-0.606289505135426,0.358942666905277,0.277327077066985,-0.0816155898382925,1.22656394686521
-0.84751875121053,0.400620048934712,0.528897816549698,0.128277767614985,0.830483693074167
0.841085971315191,-0.48528649088911,-0.535357360181855,-0.0500708692927445,0.830423887893108
0.278217730473283,0.0887655891681867,0.0753394442983397,-0.013426144869847,-0.734477809982508
-0.284650510368624,0.0335435142030438,0.236097215942588,0.202553701739544,0.475530897755703
-1.41038699205244,1.38573401018271,1.11779862289194,-0.267935387290773,-2.02096394275033
-0.365060259060323,0.462836897177732,0.32952339853714,-0.133313498640592,-1.29270427721834
0.680266473931787,-0.499701402767183,-0.74580298183744,-0.246101579070257,0.476501344515095
1.2431347147737,-0.83182818985461,-1.23887238230485,-0.407044192450244,-0.59059262626272
-0.84751875121053,0.623570542688105,0.367227823100756,-0.256342719587349,-0.892763756506409
0.841085971315191,-0.476901151234629,-0.491480435213108,-0.0145792839784792,0.662163520807103
-0.686699253827128,0.44397976317399,0.175228856722436,-0.268750906451554,-1.30901508443501
-0.204240761676922,-0.031628564114419,-0.13389870909622,-0.102270144981801,-0.171060070160699
-0.284650510368624,0.155281772055358,0.0969537029261504,-0.0583280691292081,-1.69381739321446
-0.284650510368624,0.209461576400653,0.0165228078653023,-0.192938768535351,-0.485968737740807
0.197807981781583,-0.0601905885243494,0.119894070066268,0.180084658590618,2.58739674789638
-0.525879756443727,0.421159279870084,0.226291397559724,-0.19486788231036,-0.364196226029214
0.278217730473283,-0.19914621594185,-0.385099826993005,-0.185953611051155,-0.253815559569118
0.197807981781583,-0.208487051735354,-0.14250966342065,0.065977388314704,-2.06673432418491
-0.686699253827128,0.405222069319485,0.389734083356889,-0.0154879859625957,0.818045730753545
-0.606289505135426,0.441110904393104,0.369496081089133,-0.0716148233039713,-1.37206193862886
-0.204240761676922,0.00367808368874623,0.213603640391324,0.209925556702578,1.99061786160579
-0.686699253827128,0.277028149346937,0.259936905736996,-0.0170912436099408,-0.71678543987817
-0.204240761676922,0.180876777088536,0.0400596151277573,-0.140817161960779,0.885240114579505
0.841085971315191,-0.34692178155515,-0.227852718709859,0.119069062845292,-2.11501244142597
-0.606289505135426,0.40957308731318,0.316986898763369,-0.0925861885498107,1.18009210745305
1.2431347147737,-1.09053607601445,-1.18996015665373,-0.0994240806392803,0.841342886887779
0.680266473931787,-0.512775644384285,-0.643558646329143,-0.130783001944858,-0.957088646790946
0.278217730473283,-0.19026193766346,-0.0581739685983892,0.132087969065071,-0.902547414795487
-1.32997724336074,0.994119288642454,0.971417644057824,-0.0227016445846302,-0.273083982125451
-0.606289505135426,0.256367303963142,0.237534947210828,-0.0188323567523139,-1.80440561354617
0.197807981781583,-0.145586035286495,-0.27971222409767,-0.134126188811175,0.080977807166634
0.680266473931787,-0.499464059806154,-0.280090540400945,0.219373519405209,0.421562811401556
-1.32997724336074,0.735910136504422,0.812093934899734,0.0761837983953119,-0.270277375809453
1.2431347147737,-0.686888295941488,-0.694724535684704,-0.00783623974321634,-1.59526354233945
0.439037227856687,-0.438026952175791,-0.607638663996772,-0.16961171182098,-0.542878526331298
0.197807981781583,-0.237011926237358,-0.49417965673002,-0.257167730492662,-0.322609959156749
-0.686699253827128,0.499175214928701,0.401282393278221,-0.0978928216504798,-1.42732369705267
1.7255932069239,-1.18570658511417,-1.44920579287078,-0.263499207756608,-2.13215810462822
-0.123831012985222,0.076845843507705,-0.0623316317779006,-0.139177475285606,0.279374789530954
-0.123831012985222,-0.0261878625529992,-0.0543015996298391,-0.02811373707684,0.958802540987963
0.197807981781583,-0.197077672223942,-0.222199654128385,-0.0251219819044427,-0.577655419498804
-0.123831012985222,0.105439854008288,-0.0827032116943015,-0.18814306570259,-0.742582893334624
-0.365060259060323,0.0831199291646389,0.260146189486364,0.177026260321725,0.295226359433084
0.278217730473283,-0.238288202130562,-0.243387869745009,-0.00509966761444774,2.2547996701593
0.680266473931787,-0.545871760389513,-0.563622045195754,-0.0177502848062405,-0.247796267359211
-0.123831012985222,0.124804883799268,0.0286779699272332,-0.0961269138720345,0.311715194882239
-0.284650510368624,0.0386375792028727,0.0723037617991177,0.033666182596245,-0.897242416247024
0.278217730473283,-0.158603189959398,-0.234428297236495,-0.0758251072770967,-1.61298117831846
0.439037227856687,-0.332625855242371,-0.379761119373636,-0.0471352641312657,-0.300294968938459
-0.0434212642935202,0.126765389493458,-0.0299679102682624,-0.156733299761721,0.348652528622351
-0.204240761676922,0.00669951416251996,-0.0328203674059509,-0.0395198815684709,0.665880075991304
1.00190546869859,-0.419951162576151,-0.416964491596497,0.00298667097965388,-2.51960397988508
0.680266473931787,-0.394402846127107,-0.495627667980729,-0.101224821853622,-0.0532680221834805
-1.32997724336074,0.836653372081678,0.985320568252192,0.148667196170513,0.302371864843035
-0.525879756443727,0.447702442537822,0.326845077799716,-0.120857364738106,-0.771630118921927
1.2431347147737,-0.804744223509249,-0.695844634579265,0.108899588929984,1.23612436244311
0.197807981781583,-0.15961993930143,-0.437481185808881,-0.277861246507451,-1.03435745146969
-0.365060259060323,0.290144114705952,0.246819515986163,-0.0433245987197893,0.425950833881576
0.278217730473283,-0.173843175136325,-0.368942124586395,-0.19509894945007,-1.39481125452548
1.8864127043073,-1.07809872660287,-1.12763885434356,-0.0495401277406924,0.029989286892296
1.8864127043073,-1.45856980422893,-1.72569569133965,-0.267125887110723,0.631256818215889
-2.21448447896945,1.22706875392759,1.20232426513973,-0.024744488787851,-0.249685025359977
-1.32997724336074,0.249733801415159,0.34909484719424,0.099361045779081,-0.886008575521943
-2.29489422766115,1.11622111836729,1.04971219577538,-0.0665089225919078,0.0808339578443633
-0.606289505135426,0.466491918656811,0.306800912978226,-0.159691005678585,-2.10854127345254
-0.84751875121053,0.4323712729897,0.72660544387501,0.29423417088531,0.586592632810346
-0.365060259060323,0.157292881785243,0.159889416773952,0.00259653498870882,-1.59704598377354
-1.41038699205244,0.764972658764796,0.926794647148643,0.161821988383847,1.65099334139915
1.966822452999,-0.999070258321034,-0.791746571213845,0.207323687107189,1.43970287753397
0.841085971315191,-0.461155818470448,-0.602465467131691,-0.141309648661242,0.30141113172329
0.278217730473283,-0.125003627554028,-0.247052007332385,-0.122048379778357,-1.2387211985269
0.599856725240088,-0.203682018919828,-0.242356066068653,-0.0386740471488249,1.04015792791253
-0.204240761676922,0.175538943627605,0.108974013608538,-0.066564930019067,-1.09505671413193
0.278217730473283,-0.0567880244107247,-0.311771901311977,-0.254983876901252,-0.0505661353244414
-0.365060259060323,0.322711463429363,0.189539630027492,-0.133171833401871,0.764567987625089
0.278217730473283,-0.0751292378433811,0.0378297886981998,0.112959026541581,-2.46617637221713
-0.204240761676922,0.17958661204152,0.268494208486587,0.0889075964450671,-0.362549980450133
0.680266473931787,-0.512555075087881,-0.547701676562492,-0.0351466014746109,-1.25093428850418
2.93173943729941,-0.899116441685559,-0.591868760357272,0.307247681328287,0.816741446728021
-0.284650510368624,0.178426899311759,0.304231012990678,0.125804113678919,0.521785490360985
-0.365060259060323,0.401696446047945,0.532999062292343,0.131302616244398,0.0712193824237921
-0.365060259060323,0.0543221831884674,0.223436212007443,0.169114028818975,0.817430190915093
-0.365060259060323,0.0960143313046911,0.0125144711516627,-0.0834998601530284,-0.202034479785923
0.197807981781583,-0.107576062882203,-0.247967120506611,-0.140391057624408,3.23300865401719
0.278217730473283,-0.20291531590838,-0.11448650039826,0.0884288155101205,-1.52378230431583
-0.204240761676922,0.0824291398884282,-0.0868372865732497,-0.169266426461678,-0.429885966741006
0.197807981781583,-0.0759216442966402,-0.0990070958319633,-0.0230854515353232,-0.481811523868925
-0.284650510368624,0.0325581152929016,-0.117602820665501,-0.150160935958403,1.43736306441431
2.93173943729941,-1.59394474548461,-1.63254179512647,-0.0385970496418606,-0.841719981695044
2.93173943729941,-1.75848871295153,-1.73462491229827,0.0238638006532605,-1.40277232051907
-1.00833824859393,0.398502458092557,0.365447876725376,-0.0330545813671813,0.138061155779147
-0.204240761676922,0.26687904024775,0.128083291283952,-0.138795748963797,-0.550399462472967
-0.204240761676922,0.230528744055213,0.0597789171251472,-0.170749826930065,-2.45244244281283
1.2431347147737,-0.520511668217015,-0.502232358722868,0.0182793094941475,-1.68610987227331
-0.284650510368624,0.175307287871644,-0.00316834220769904,-0.178475630079343,0.772714995145392
0.197807981781583,-0.119993302093357,-0.170152059872794,-0.050158757779437,-1.9581994119502
0.278217730473283,-0.208100781877552,-0.258633821028047,-0.0505330391504952,-0.663375091624261
0.278217730473283,-0.107012206884527,0.242245823380074,0.349258030264601,1.56631072251019
-0.525879756443727,0.517822075187457,0.443121727090099,-0.0747003480973581,-1.84548467250854
-0.365060259060323,0.0815802997262002,-0.0155180036502654,-0.0970983033764656,-0.540895004557389
-0.284650510368624,-0.131106623745882,-0.0876052146917662,0.0435014090541154,0.577467043484081
0.278217730473283,-0.163234125857511,0.0463750443747477,0.209609170232258,-0.0947489051712145
-1.00833824859393,0.54014297192168,0.509415257483989,-0.0307277144376907,0.114656733076109
0.197807981781583,-0.27749154224709,-0.391661569034914,-0.114170026787824,1.93159302171354
-0.525879756443727,0.287797867753391,0.241055625490722,-0.046742242262669,1.31340452085897
-1.49079674074414,0.608367777144251,0.777495496598738,0.169127719454486,-1.96938056834874
-0.204240761676922,0.165958142523976,-0.0620069625785881,-0.227965105102564,-2.89642800581987
-0.686699253827128,0.541526392168961,0.483447325696156,-0.0580790664728047,2.24745663848024
-0.84751875121053,0.609416366094124,0.441430432503024,-0.167985933591099,0.181339173695502
-0.123831012985222,0.0445545627500478,-0.11859585443761,-0.163150417187658,-2.93207267416935
1.7255932069239,-1.08732413248095,-1.39793697549012,-0.310612843009169,-0.77006855155969
-2.21448447896945,1.69619574149818,1.57879537562203,-0.117400365876159,-1.4977585527896
0.197807981781583,-0.191538174618243,-0.162425332058986,0.0291128425592573,2.43926671937067
-0.84751875121053,0.453557821271075,0.525602792806886,0.0720449715358108,0.190423619641465
-2.21448447896945,1.61921676908464,1.48725097835737,-0.131965790727266,0.351738262565679
0.278217730473283,0.00561804263403079,-0.107389640987507,-0.113007683621537,-1.41321148444871
0.197807981781583,-0.228405845004123,-0.456848255096843,-0.22844241009272,-0.363287299766286
1.7255932069239,-1.05376470981638,-1.09668932999853,-0.0429246201821449,1.42634787505837
-0.284650510368624,0.10632698138767,-0.172707182260867,-0.279034163648537,1.17378211469217
0.197807981781583,-0.261096273802762,-0.0661599389042945,0.194936334898468,0.860578672700623
-0.284650510368624,0.154621027900644,-0.0934807421425968,-0.248101770043241,-1.07262300507977
-0.284650510368624,0.285512015257405,0.352388491667146,0.0668764764097409,-1.02404672186573
1.8864127043073,-0.905936203092592,-0.970539092508193,-0.0646028894156003,0.646345018711216
0.841085971315191,-0.497792901678498,-0.363117314032481,0.134675587646017,1.49406277653024
-0.123831012985222,0.324402627067266,0.204960855570869,-0.119441771496396,-0.325883667200024
-0.525879756443727,0.337079512559402,0.363415948333127,0.0263364357737254,-0.510347864324955
-2.29489422766115,2.05513510976366,1.75730330555294,-0.297831804210725,-0.98377243368537
0.278217730473283,-0.164124119929788,-0.570255527399617,-0.40613140746983,2.43126540952755
-1.49079674074414,0.993153098067488,0.892009701263805,-0.101143396803683,0.376546837042106
-0.204240761676922,0.120790459070435,0.088192335595602,-0.032598123474833,-0.70396542546984
-0.686699253827128,0.368595475384719,0.359632486081791,-0.00896298930292783,-0.605253384618744
-0.123831012985222,0.0774423051890507,-0.160163919549974,-0.237606224739025,0.913380265812598
0.278217730473283,-0.110073188409198,-0.227582210798185,-0.117509022388988,0.839891123372846
-0.0434212642935202,-0.0261892424352799,0.182197274812185,0.208386517247464,0.0283232874528128
-0.204240761676922,0.0103350813672429,-0.0192673540692365,-0.0296024354364794,-1.23707842011966
2.93173943729941,-1.90758920108031,-1.97954719928368,-0.0719579982033682,-0.737814858898767
-0.84751875121053,0.533137256005282,0.178773774410098,-0.354363481595184,0.727454833890752
1.966822452999,-1.21894068125973,-1.22263570095387,-0.00369501969414276,-1.79787708651037
-0.686699253827128,0.332342432948397,0.147188069389481,-0.185154363558916,-0.97026896242777
0.197807981781583,-0.1655877980052,-0.533966294812302,-0.368378496807103,0.148311003315237
-0.123831012985222,0.107936417258473,-0.0869606086258554,-0.194897025884329,-0.431264229580599
-0.123831012985222,0.201121588190399,0.126739970787355,-0.074381617403044,-0.850109781208136
-0.606289505135426,0.260116190944469,0.410147162853305,0.150030971908836,0.328130030938812
-2.29489422766115,1.45397457100019,1.51794594814437,0.0639713771441859,0.656096698477075
0.278217730473283,-0.283402351333889,-0.45516108302225,-0.171758731688362,-1.7150913639366
1.00190546869859,-0.708861284021569,-0.800034598604479,-0.0911733145829097,0.309909155095793
1.966822452999,-1.28196167177252,-1.26452017922407,0.0174414925484505,1.02398703150015
1.8864127043073,-0.98482228662293,-0.76368400489891,0.221138281724019,-1.42099515980782
1.00190546869859,-0.56888290922231,-0.531505136662223,0.0373777725600873,0.718792834816784
2.93173943729941,-1.83755368236967,-2.0225616372182,-0.185007954848529,-1.11053482080981
0.76067622262349,-0.210650245044704,-0.108579037164649,0.102071207880055,0.486522600448516
1.966822452999,-1.49209221025478,-1.6371980530147,-0.145105842759925,-0.756740944529876
-0.284650510368624,0.187590753816726,0.179804798853523,-0.00778595496320272,-0.529499420713357
-1.41038699205244,1.14986808601091,1.06183986415175,-0.0880282218591584,1.98061262766216
-0.123831012985222,0.0424954986048511,-0.0835021610291389,-0.12599765963399,0.879181384364495
0.278217730473283,-0.191334936053225,-0.343822545415295,-0.15248760936207,-0.918739518824434
1.3235444634654,-0.677463720432501,-0.637620845679691,0.0398428747528098,1.90985397515333
-0.686699253827128,0.661107938378056,0.338678384976869,-0.322429553401187,-0.291799749447139
0.278217730473283,-0.174099136557427,-0.112278549064501,0.0618205874929256,-2.42549070657553
1.7255932069239,-1.25076340497132,-1.36412461156337,-0.113361206592052,-1.33817401577814
-0.204240761676922,0.220419143410792,0.075391844119203,-0.145027299291589,0.747370534456214
0.599856725240088,-0.138427748766772,-0.116444246237097,0.0219835025296757,-0.482275168852428
-0.525879756443727,0.50335920996134,0.438059427860344,-0.0652997821009965,-1.00829978940121
0.599856725240088,-0.231557168370942,-0.000552656245033784,0.231004512125908,1.63912606666031
-0.525879756443727,0.0385081473352314,0.185968860725294,0.147460713390063,-0.436426961348517
-0.84751875121053,0.729840478728729,0.532752449571414,-0.197088029157315,0.46118299104142
0.76067622262349,-0.543305398641483,-0.910301145335341,-0.366995746693858,-0.486196655200483
-0.365060259060323,0.15335711878678,0.132368471785684,-0.0209886470010959,1.09403033985733
0.197807981781583,-0.18957962562656,-0.162004163458095,0.0275754621684647,2.78959367341508
-0.84751875121053,0.465282949095458,0.626203949493153,0.160921000397695,1.62984364815417
0.278217730473283,-0.192807671743101,-0.132532273795987,0.0602753979471138,-0.336887119784627
0.197807981781583,-0.222115428902746,-0.238485827645,-0.0163703987422533,-1.26929537323883
1.3235444634654,-0.967156081022605,-1.16056718765764,-0.193411106635036,0.41768133986423
-0.606289505135426,0.35950512805821,0.482601748184578,0.123096620126368,1.09946541050295
1.8864127043073,-1.18624182728394,-1.29464292891439,-0.108401101630454,0.527739237517266
0.680266473931787,-0.59740092242458,-0.978614329262589,-0.381213406838009,-0.971650621518799
0.278217730473283,0.0288533143539157,-0.043733595968003,-0.0725869103219187,0.788619464560172
0.76067622262349,-0.297877051020065,-0.291394297093476,0.0064827539265887,0.579000471369154
-0.123831012985222,0.0355563887963846,0.0456924362192616,0.010136047422877,0.792383002927727
-0.204240761676922,0.229318645572953,0.174659546127982,-0.0546590994449701,-1.58099495422249
-0.365060259060323,0.361895903879121,0.15305437460163,-0.208841529277491,0.507010847234189
0.278217730473283,-0.0579813320651255,0.119521496425529,0.177502828490654,0.480117907307775
1.3235444634654,-1.36948758910299,-1.52583790626752,-0.156350317164535,0.915713533371036
0.278217730473283,-0.107031765144242,-0.32277368203271,-0.215741916888468,0.662364189511768
-0.84751875121053,0.393294934270031,0.341829323200727,-0.051465611069304,0.220850565610517
2.93173943729941,-2.21994932104456,-2.28273966795921,-0.0627903469146518,0.539361377644065
-0.204240761676922,0.0913480255532342,-0.076569647857484,-0.167917673410718,0.686807516929905
1.8864127043073,-1.69507775836615,-1.88341799048338,-0.188340232117225,-0.487005804275152
-2.21448447896945,1.28331696752005,1.18072590212523,-0.102591065394824,0.906166419958583
-0.123831012985222,-0.0645913413039812,-0.454738531116563,-0.390147189812582,0.340887402196451
-1.00833824859393,0.743132742343839,0.428073376795753,-0.315059365548086,0.0849356622056717
-2.29489422766115,1.74074295044797,1.35392164169784,-0.386821308750131,0.0170964251396851
-0.0434212642935202,-0.0658693543873365,-0.374618488029491,-0.308749133642155,-0.615507195158303
0.76067622262349,-0.282316577753506,-0.142888901087866,0.13942767666564,-0.585640144307405
0.680266473931787,-0.411110017959239,-0.304112036148191,0.106997981811048,2.03803153673884
-0.525879756443727,0.368058401401397,0.406920535943625,0.0388621345422285,-0.372863125409303
0.197807981781583,-0.326714387973884,-0.238315676757056,0.0883987112168281,0.963897518459711
-0.123831012985222,0.0309078123718816,-0.0768986266874969,-0.107806439059378,-0.516073564833122
-1.41038699205244,0.713424580978517,0.624362269583584,-0.0890623113949329,0.830590003795492
1.2431347147737,-0.640241668111205,-0.412692672489849,0.227548995621356,0.916003732640005
0.680266473931787,-0.426718848135141,-0.21017126361055,0.216547584524591,0.42263116971487
0.278217730473283,-0.062113559682537,-0.104967399638374,-0.0428538399558368,1.16017466699261
1.2431347147737,-1.27757260318698,-1.28923248741434,-0.0116598842273563,-0.815667396032039
-0.123831012985222,0.0860904008926539,-0.231236466836506,-0.31732686772916,-1.13460544716871
-0.84751875121053,0.30298340043669,0.21496867884337,-0.0880147215933195,-0.186949809243766
-0.365060259060323,0.0929237052081963,0.169962068467953,0.0770383632597571,0.72582508954874
-0.606289505135426,0.504258183905912,0.20570527577129,-0.298552908134623,-0.766373352256163
0.197807981781583,-0.107772315855162,-0.207279626892141,-0.0995073110369788,-0.29191660444907
-0.284650510368624,0.053956441910929,-0.108715413439092,-0.162671855350021,0.513246620431593
-0.284650510368624,0.22469131842061,0.309399398172218,0.0847080797516082,-1.12239820784363
0.278217730473283,-0.107891766511488,-0.0518867099930647,0.0560050565184229,-2.17462607478328
0.197807981781583,-0.137780387363454,-0.0905678852400526,0.0472125021234012,1.73439223057084
-1.32997724336074,1.10296455626854,0.684374609443725,-0.418589946824813,-1.52475771872224
-0.84751875121053,0.738311912675866,0.471783599357916,-0.26652831331795,0.475752342780166
0.278217730473283,-0.104242741678975,-0.0625658526909871,0.0416768889879883,-1.63163709053381
1.966822452999,-0.879253776510992,-0.689084883854448,0.190168892656544,1.34633830499049
-0.123831012985222,0.134819893181801,0.0396787415197984,-0.0951411516620028,-0.433647701257478
-1.41038699205244,0.690001500347166,0.668511006864564,-0.0214904934826022,1.23552504045784
-1.41038699205244,1.09392401061083,1.08468783568632,-0.00923617492451223,-0.376403009856368
0.197807981781583,-0.0316711208577991,-0.218345973970325,-0.186674853112526,0.369625166809678
0.278217730473283,-0.131470551052151,-0.119611618809148,0.0118589322430038,-0.718236237070328
-0.284650510368624,0.226311071316703,-0.105777361027908,-0.332088432344611,-0.0388616627976904
-2.29489422766115,1.62127877756893,1.27248496038238,-0.348793817186549,-1.43299247281003
-0.606289505135426,0.483904270124804,0.395850005705669,-0.0880542644191348,0.732357583544139
-0.284650510368624,0.413090144040784,0.298921546671559,-0.114168597369224,0.0394885623500185
2.93173943729941,-1.76926016814048,-1.9605238735001,-0.191263705359624,-0.202609724513843
2.93173943729941,-2.92155164066768,-3.21777477010993,-0.296223129442255,-2.98637449500212
1.8864127043073,-1.41968050251004,-1.5479979859936,-0.128317483483567,0.25927195348327
-2.29489422766115,1.73847245225565,1.47754777369413,-0.260924678561515,2.46846575163307
0.599856725240088,-0.326024856710177,-0.334285777577198,-0.00826092086702085,-0.66027217972321
-0.606289505135426,0.566543663602542,0.163938293328839,-0.402605370273703,-2.26161219148175
0.841085971315191,-0.424306361323404,-0.419173672675866,0.0051326886475383,-0.836806356177627
-0.284650510368624,0.0682035778318634,-0.0305685544473732,-0.0987721322792366,0.817431589546164
1.966822452999,-1.22142584269616,-1.23185140095445,-0.0104255582582984,-2.08753593405061
1.966822452999,-1.17967276910089,-1.42306045479832,-0.243387685697425,0.957155389221458
0.278217730473283,-0.166599179625533,-0.222377658990942,-0.0557784793654093,0.726876180136884
0.278217730473283,-0.205968782449906,-0.380294477612805,-0.174325695162898,1.05518245210142
1.2431347147737,-0.568983134840849,-0.530751239152725,0.0382318956881247,0.051951232849155
-0.84751875121053,0.351133436270218,0.506103935754439,0.154970499484221,0.400123759170139
-2.29489422766115,1.20593563173022,1.33160502043936,0.125669388709145,-0.049324050083991
0.680266473931787,-0.478202090155965,-0.561457211106694,-0.0832551209507285,-0.797231095693053
-2.29489422766115,1.89659523798908,1.66779703776882,-0.228798200220268,-0.76856591363349
0.439037227856687,-0.190444263684914,-0.214966587278494,-0.0245223235935802,-3.82248271709959
-1.49079674074414,1.3818467022,1.14712578325085,-0.234720918949144,1.5996072231049
-0.525879756443727,0.447093191391016,0.517504951739336,0.0704117603483201,-1.47635923944552
0.680266473931787,-0.484252332888922,-0.652403951606599,-0.168151618717678,0.776834335290706
-0.284650510368624,-0.00826488737761458,0.0552634212019383,0.0635283085795529,-1.11745294709448
0.76067622262349,-0.685510787577344,-0.834892024745587,-0.149381237168243,0.895132109519277
-0.204240761676922,-0.132126149637498,-0.455667473710859,-0.323541324073361,-1.46895315197089
0.599856725240088,-0.363268562983333,-0.195391518654212,0.167877044329121,-1.17344012350228
1.966822452999,-1.53879950122953,-1.87003734437483,-0.331237843145296,-0.682867042508942
-1.32997724336074,1.07425307277524,1.19019004073282,0.115936967957581,-1.3441508757431
-1.49079674074414,0.800450988700866,0.775661571960352,-0.0247894167405144,2.35082082107615
0.278217730473283,-0.0768412990034448,-0.105946805977184,-0.0291055069737389,-0.19501211516283
-1.49079674074414,1.01513189920136,0.945659906026939,-0.0694719931744167,0.515819937353669
-0.123831012985222,0.0349871272682087,0.14988574119249,0.114898613924281,-0.606577998478192
0.197807981781583,-0.0454907700680326,0.051513721994358,0.0970044920623907,0.00997228754303253
-0.525879756443727,0.15198228072708,0.129152665266433,-0.022829615460647,-1.22594333007987
-1.00833824859393,0.583299241401185,0.601249932208168,0.0179506908069831,0.4090453113719
0.680266473931787,-0.351027111756737,-0.43251074596147,-0.0814836342047329,-0.104479973694623
-0.123831012985222,0.130752913256548,-0.1222603950641,-0.253013308320648,2.0881145858952
0.76067622262349,-0.350126976197127,-0.645052365526364,-0.294925389329237,-1.787073924903
0.841085971315191,-0.469952678159298,-0.584327488552241,-0.114374810392943,-1.48997534028895
0.278217730473283,-0.104810665756948,-0.161402933114067,-0.0565922673571186,0.97914299184014
-0.284650510368624,0.0274904780467036,0.121507215072851,0.0940167370261476,-0.815760334973794
0.278217730473283,-0.173258309785178,-0.497894064372786,-0.324635754587609,0.695637096327352
-0.284650510368624,0.138518342016746,0.0875372647774457,-0.0509810772392999,0.990702394110964
-1.49079674074414,0.792955404433666,0.621703671082279,-0.171251733351387,0.851406427937105
-0.123831012985222,0.0383251336497307,-0.243698534378131,-0.282023668027862,-1.87639457966083
-0.123831012985222,0.21524854335888,0.21811252446068,0.00286398110180047,-0.0869547486754965
-0.525879756443727,0.254792643148971,0.117174891596134,-0.137617751552837,-0.607174838963955
1.7255932069239,-0.990160693551476,-0.835768996734323,0.154391696817153,0.695469936562737
0.278217730473283,-0.152397068273055,-0.365063308460513,-0.212666240187458,1.19852277851061
-1.49079674074414,0.978059219000258,0.870653578425298,-0.107405640574959,-0.67251892662706
-1.49079674074414,1.08341168334681,0.909927274272748,-0.173484409074061,0.985251087542827
0.439037227856687,-0.42133406293741,-0.482729844070708,-0.0613957811332985,-1.18975388479617
0.278217730473283,-0.434814275530814,-0.487863439990532,-0.0530491644597185,-0.0361443291516789
0.680266473931787,-0.659559227888307,-0.803827030466052,-0.144267802577745,-1.02152060224086
0.197807981781583,-0.24811483542006,-0.356385194735354,-0.108270359315294,1.24846739022808
1.00190546869859,-0.52005892895571,-0.629891661730306,-0.109832732774596,-0.14894583066547
-0.525879756443727,0.321968209990282,0.365359981695628,0.0433917717053455,-1.713941647644
0.680266473931787,-0.343966956471689,-0.480065491369797,-0.136098534898108,-2.38640478100249
-0.123831012985222,0.161910385024955,0.0623504708597859,-0.0995599141651688,0.11285857668873
0.599856725240088,-0.346767121160284,-0.157234268112098,0.189532853048186,-1.02367916909788
-0.84751875121053,0.472581633319089,0.508560478573506,0.035978845254417,-3.16918359506837
0.841085971315191,-0.583715904655742,-0.537534831766405,0.0461810728893374,2.09965359374674
1.3235444634654,-0.63744229264331,-0.669392711706933,-0.0319504190636226,-1.59059975933354
0.76067622262349,-0.564300890241069,-0.517617751090754,0.0466831391503149,1.48060936037228
0.680266473931787,-0.318843382946773,-0.159880970274542,0.158962412672231,1.58342539179204
0.278217730473283,-0.245446317430254,-0.29693501482803,-0.0514886973977765,1.55417858260325
0.599856725240088,-0.500571538900284,-0.498761770938028,0.00180976796225635,1.73259593581039
-0.365060259060323,0.015908418451947,0.229592987437086,0.213684568985139,0.98343883557603
-0.606289505135426,0.177718110801953,0.0751739096844591,-0.102544201117494,-1.45789296076992
-2.29489422766115,1.30034305424419,1.30823752725628,0.00789447301209023,-0.861742942073748
-0.284650510368624,0.154737224583857,-0.0760572192408004,-0.230794443824657,0.159126043801197
-0.686699253827128,0.299277203657634,0.386706810896002,0.0874296072383672,-0.599818809845774
-1.32997724336074,0.457725911526795,0.738138456201667,0.280412544674872,-1.94362296655991
-1.41038699205244,0.613285876187181,0.624400761763072,0.0111148855758914,0.670887355444278
0.278217730473283,-0.325115110971296,-0.411452066591934,-0.0863369556206379,0.652022807343205
-0.204240761676922,0.248966820145684,-0.0267775291857167,-0.275744349331401,-0.788778340210042
0.197807981781583,-0.148956714813602,-0.171746986124132,-0.02279027131053,0.0987151764930399
-1.32997724336074,0.883879815294512,0.633119959075133,-0.25075985621938,-0.142534463061919
-2.21448447896945,1.72625336421516,1.5032550427831,-0.22299832143206,1.13146536081524
-0.525879756443727,0.218728340370476,0.349586772932274,0.130858432561798,1.17676787696293
0.278217730473283,-0.175438531646445,-0.246867536474075,-0.0714290048276309,-0.266405527318869
0.841085971315191,-0.568038662514935,-0.541787592977774,0.0262510695371609,-1.89846369215329
0.278217730473283,-0.100702587550085,-0.325464813070098,-0.224762225520013,1.14825469682965
-2.29489422766115,1.53876625270607,1.44318837478273,-0.0955778779233383,0.834964170241881
-0.123831012985222,0.0363032223086824,-0.150625252430544,-0.186928474739226,-1.27617747704532
-0.84751875121053,0.457516337427116,0.372788360464838,-0.0847279769622777,1.08280490968325
0.278217730473283,-0.327403878035219,-0.311128034174884,0.0162758438603345,-1.24170158681469
-0.123831012985222,0.161954683364951,0.124681022838297,-0.0372736605266538,-1.00147029750369
0.278217730473283,-0.0934721642297629,-0.0416360724439379,0.051836091785825,-0.377294249446865
-0.204240761676922,0.0647500794281938,-0.0967214710831878,-0.161471550511382,0.851832861164768
-0.606289505135426,0.522956806754825,0.275056339777321,-0.247900466977504,0.151558900668429
1.00190546869859,-0.547999838072963,-0.52526493195121,0.0227349061217527,0.385319997379998
-0.204240761676922,0.199068811985542,0.407104489179496,0.208035677193954,2.0965770654049
-0.0434212642935202,0.141998202063455,0.250232153293466,0.108233951230011,-0.933314744406013
-0.365060259060323,0.199455242838117,0.187492549364522,-0.0119626934735949,-0.334608353712291
-0.204240761676922,0.22605783173723,0.0541198492014083,-0.171937982535822,-1.63746060320521
0.599856725240088,-0.54659313221764,-0.65247065283705,-0.105877520619409,0.948322563903785
-0.686699253827128,0.391125511662664,0.715740451861205,0.324614940198541,1.3717239232304
-0.204240761676922,0.172779962899394,0.0453196586854473,-0.127460304213947,-0.0969312469419807
1.00190546869859,-0.536546155202431,-0.532382649281602,0.0041635059208297,0.539783532140031
-0.284650510368624,0.195197520365532,0.0858329909062914,-0.109364529459241,1.43082425041885
-0.204240761676922,0.311911980144345,0.470730531784057,0.158818551639711,-0.436762460363845
-0.525879756443727,0.53928353678111,0.410629695640318,-0.128653841140792,0.622144201672848
-0.525879756443727,0.21019529245965,0.213797641210739,0.00360234875108911,-2.26912412074302
0.680266473931787,-0.259251159347356,-0.379207916522564,-0.119956757175208,-1.17462490326293
1.966822452999,-0.63804496494033,-0.469735753947315,0.168309210993015,-0.167522192677817
-0.606289505135426,0.470445246562862,0.245271294862994,-0.225173951699868,0.449033251420824
-0.123831012985222,0.0486870381661188,0.210659536594872,0.161972498428753,1.15120168003865
1.7255932069239,-0.475934489814401,-0.249061905591756,0.226872584222646,-0.183453625758555
-1.41038699205244,0.784623573374845,0.741072008740738,-0.0435515646341073,-1.83600237478389
-1.00833824859393,0.823556744535443,0.590767904554059,-0.232788839981384,-0.321765798081827
-1.49079674074414,1.16239646361646,1.1069248015043,-0.0554716621121645,0.987998369916117
-0.606289505135426,0.251289461037581,0.337650647476154,0.0863611864385724,-1.15810558879896
-2.29489422766115,1.16572553502035,1.3744655932188,0.208740058198449,1.97737354281086
-0.686699253827128,0.398411455205081,0.407394837538382,0.00898338233330115,0.851363172730455
1.7255932069239,-1.11915105105676,-1.26445137670715,-0.145300325650385,-0.915918992053156
0.439037227856687,-0.0560069261995397,-0.0155890225343675,0.0404179036651722,0.0533357566330592
0.197807981781583,0.0529851067685832,-0.0485364864306265,-0.10152159319921,0.53802041972469
0.680266473931787,-0.299719586055362,-0.597715887381685,-0.297996301326323,0.211586041659289
-0.686699253827128,0.0781232545097808,0.280689881592812,0.202566627083032,0.967526935663912
-0.284650510368624,0.0884112941058195,0.172869959367535,0.0844586652617156,0.9926821548058
0.680266473931787,-0.47629783690629,-0.706731933274049,-0.230434096367759,-1.41353787246288
0.278217730473283,-0.119332886523131,-0.316047114275859,-0.196714227752728,-0.687547730058211
-0.204240761676922,-0.0103231607883741,0.151909599405014,0.162232760193388,0.1780284579133
-1.41038699205244,0.798329108911155,0.674116944380968,-0.124212164530187,-0.903742259564782
0.278217730473283,-0.187712939967196,-0.344515038052338,-0.156802098085142,-2.16931727725068
-0.284650510368624,0.127759864854791,-0.0781816911364417,-0.205941555991233,-0.0476674260742226
0.197807981781583,0.0807938389168295,0.24685360270554,0.166059763788711,0.17835573012005
0.197807981781583,0.00361559876681483,0.0568464240174609,0.053230825250646,-0.0807078736830494
0.599856725240088,-0.301616478515279,-0.386801228324635,-0.0851847498093565,-1.92971132747257
-0.284650510368624,0.288649714922414,0.0317292154095522,-0.256920499512862,1.34188449773558
1.8864127043073,-1.50301134910163,-1.65739532116609,-0.154383972064465,0.642865757926213
0.278217730473283,-0.25741611872844,-0.34888218488041,-0.0914660661519703,0.514501005931023
1.00190546869859,-0.911435030393284,-1.12733300793658,-0.215897977543299,0.765549508001073
-2.21448447896945,0.914171256397417,0.943219908656753,0.0290486522593354,-0.438727283060144
-0.686699253827128,0.174132451525535,0.248324483415941,0.0741920318904067,0.0726335758278301
0.278217730473283,-0.12351293743768,-0.16348441757722,-0.0399714801395396,-0.920453116105613
-0.686699253827128,0.615311202856375,0.44736835018025,-0.167942852676125,0.01436638427561
-1.00833824859393,0.525089293678687,0.5572340805401,0.032144786861413,-0.660497104787733
0.278217730473283,-0.317955051674409,-0.505335938233696,-0.187380886559287,-0.137456356257737
0.599856725240088,-0.400813506515505,-0.516320555723325,-0.11550704920782,0.489310920009155
-1.49079674074414,1.0211652034142,0.842434270756482,-0.178730932657714,1.30644061469819
0.439037227856687,-0.0326630491019703,0.056370760108055,0.0890338092100253,0.762089634546934
2.93173943729941,-1.96552062796595,-1.99653255271736,-0.0310119247514102,-0.735053041491049
0.278217730473283,-0.0552783786660308,0.336377717567896,0.391656096233926,-0.853669714574904
-0.204240761676922,0.0971571135244725,-0.0354952076754978,-0.13265232119997,-0.0952866208187859
0.278217730473283,0.025549498970586,0.0740756942775813,0.0485261953069953,0.245740785684562
1.7255932069239,-0.628379839988927,-0.335436148320885,0.292943691668042,0.492685543460024
-1.00833824859393,0.831967502210585,0.66945760100071,-0.162509901209875,-2.38191818586728
1.2431347147737,-0.486890794053072,-0.406696036079596,0.0801947579734762,-0.843154552889584
-0.204240761676922,0.142143964675059,-0.107265193792145,-0.249409158467204,0.231119405912646
0.680266473931787,-0.284135519102502,-0.115691507291862,0.16844401181064,0.591073989519231
-0.686699253827128,0.443654031499197,0.373863391030557,-0.0697906404686399,-0.0733659990636326
0.278217730473283,-0.279912800190119,-0.504038778116886,-0.224125977926767,-1.28394946957108
-0.606289505135426,0.419636575640155,0.393149364639515,-0.0264872110006402,0.574539561095639
-0.284650510368624,0.229483601420991,0.215013951226297,-0.0144696501946945,0.874255993656045
-0.284650510368624,0.271013924146212,0.102780120671696,-0.168233803474516,0.139631751834725
-0.84751875121053,0.524591298661204,0.486935481562356,-0.0376558170988475,-0.629568658281318
-0.123831012985222,0.0383072695021692,-0.292336109494118,-0.330643378996288,0.397232104370719
-1.32997724336074,0.712509551522895,0.603497128924421,-0.109012422598473,1.42867271755586
-0.123831012985222,0.0959161915945235,0.21235069452105,0.116434502926526,1.64886978106881
-0.686699253827128,0.266283920330771,0.183252824604545,-0.0830310957262256,0.442069466551084
-0.365060259060323,0.368525866971376,0.224538775614324,-0.143987091357052,0.18402082016255
-1.00833824859393,0.540430281166545,0.284349360194605,-0.25608092097194,0.828586375654517
0.197807981781583,-0.0546982843289193,-0.166584432310376,-0.111886147981457,0.026379045029836
-0.606289505135426,0.201822114873769,0.262825205950174,0.0610030910764047,-1.63368396881051
1.7255932069239,-1.32545544546334,-1.55780468002073,-0.232349234557395,-0.435515431444842
0.680266473931787,-0.158468000880867,0.0434074638641503,0.201875464745017,0.235620110978451
-0.284650510368624,0.118736688909161,0.134509761439501,0.0157730725303401,-0.189552241441209
-2.21448447896945,1.62381011987862,1.37809424200776,-0.245715877870853,0.587979109893618
0.680266473931787,-0.42573772123483,-0.606282514606602,-0.180544793371772,-0.229291412008425
-0.284650510368624,0.280381833210193,0.173379190495153,-0.10700264271504,1.74970691066401
-1.49079674074414,1.10825183905116,0.996563499926015,-0.111688339125144,0.512273709236828
-0.686699253827128,0.630787552586819,0.357837814016822,-0.272949738569997,0.781134132498633
-0.284650510368624,0.1684689275399,-0.137333274659054,-0.305802202198955,-1.13969290590752
0.197807981781583,-0.127883162034904,-0.338346559599389,-0.210463397564485,-1.755087696892
-0.284650510368624,0.237017393134704,0.0343133546013843,-0.202704038533319,1.69479222356423
0.599856725240088,-0.422891046982384,-0.494968807317094,-0.0720777603347099,0.411690695784291
-0.204240761676922,0.299259766633436,0.217852063068368,-0.081407703565068,-0.879355427278171
-0.686699253827128,0.9228522731101,0.546213764071482,-0.376638509038618,-2.87911980911319
0.278217730473283,-0.205690256047921,-0.0978880602723076,0.107802195775613,-0.905327855435858
1.966822452999,-0.800695269670173,-0.795802440059469,0.00489282961070381,-1.43288365780617
0.76067622262349,-0.238622271148724,-0.249591859857999,-0.0109695887092746,-1.30959636646359
0.76067622262349,-0.687253385900819,-0.784636354180025,-0.0973829682792064,0.341495234328218
0.197807981781583,-0.122444253348036,-0.322972994485434,-0.200528741137398,-0.239430450878972
0.680266473931787,-0.567910905058666,-0.555941253943768,0.0119696511148979,-2.06223424749664
1.2431347147737,-0.928341649653242,-1.05239492408449,-0.124053274431245,3.2279005638872
-2.29489422766115,1.21597978197177,1.19652245917846,-0.019457322793307,-0.681439225082343
-2.21448447896945,1.78687107253369,1.58329288570203,-0.203578186831658,-0.893682991738766
-0.365060259060323,0.379359113684739,0.291131930746155,-0.0882271829385836,-0.556093397930748
-1.49079674074414,0.946830128239394,0.858257209420428,-0.088572918818966,0.0840297187510215
1.8864127043073,-0.812817986459563,-0.82613436034143,-0.0133163738818668,-1.26895407300981
1.3235444634654,-0.749154794161259,-0.887391075958954,-0.138236281797695,-0.95751998230765
-0.84751875121053,0.629165484019256,0.484760698813984,-0.144404785205271,-0.482351621133075
-0.606289505135426,0.435516973577253,0.307238496749991,-0.128278476827261,0.936526672202831
0.76067622262349,-0.47120321699662,-0.523183095220067,-0.0519798782234471,0.195349341641789
1.2431347147737,-1.14280546642811,-1.60874566016244,-0.46594019373433,-1.19116667962421
-0.284650510368624,0.222191120336142,0.0838271967614982,-0.138363923574643,1.3234482638663
0.278217730473283,-0.187040553408189,-0.0618436668433825,0.125196886564807,-1.58512755572414
-0.606289505135426,0.435451097977261,0.21493059050294,-0.220520507474321,-2.74914135312527
0.197807981781583,-0.204784920399658,-0.316133364444934,-0.111348444045276,0.204592120948869
0.599856725240088,-0.514854242675657,-0.647004820165589,-0.132150577489933,-1.22803236479504
-0.525879756443727,0.467977791752976,0.127045044768864,-0.340932746984112,0.533497791876892
0.841085971315191,-0.521206665835674,-0.506467921264076,0.0147387445715984,-0.759440182900837
1.7255932069239,-1.30766400070626,-1.3423638531832,-0.0346998524769442,-1.43998640200208
-0.84751875121053,0.463941522933908,0.544013870321767,0.080072347387859,2.28960386226843
-0.606289505135426,0.488632676075927,0.437916243776332,-0.050716432299595,0.756545223114046
-0.284650510368624,0.231781509233891,-0.139174201762257,-0.370955710996148,-0.136720558675154
-0.284650510368624,0.154958289486997,0.241593868816867,0.0866355793298702,1.1172058138797
-0.606289505135426,0.521545794974997,0.353186466657656,-0.168359328317341,-1.58011324024246
-0.284650510368624,0.0719949002312999,0.166589836603742,0.0945949363724418,0.445095051206955
0.278217730473283,-0.384080308563425,-0.367191244135296,0.016889064428129,1.15287382511785
-0.0434212642935202,0.130411049938509,0.201390817273599,0.0709797673350907,-1.83151219256023
-0.606289505135426,0.382901168725142,0.152038667161333,-0.230862501563809,-0.339001567846073
1.3235444634654,-0.715698969845744,-0.829004152237177,-0.113305182391433,0.859956405525982
-1.41038699205244,1.32132509851168,1.02706584256996,-0.294259255941726,-0.222837756268429
-0.204240761676922,0.283160047437509,0.206834070862387,-0.0763259765751219,1.22397700700487
0.278217730473283,-0.18844519192977,-0.255745632214415,-0.0673004402846454,-2.55151191365864
0.278217730473283,-0.255165905039084,-0.0179410408176432,0.237224864221441,-0.652528136362847
0.278217730473283,-0.196440581690756,-0.0806865713636669,0.115754010327089,0.166966881524035
-0.84751875121053,0.579067111544948,0.599372472893024,0.0203053613480754,-1.08167928550289
-0.123831012985222,-0.0144197589746033,-0.176297692019652,-0.161877933045049,-0.81407727192709
-0.686699253827128,0.353596253779397,0.319044784594449,-0.0345514691849484,-0.976538541388777
0.278217730473283,-0.214353675009598,-0.277672713035054,-0.0633190380254567,-0.81097517780661
0.278217730473283,-0.272209198374744,-0.287035478980049,-0.014826280605305,-0.241864297156407
-0.365060259060323,0.227930995920443,0.0131817597191634,-0.214749236201279,-0.495618029703485
-0.686699253827128,0.416272094481887,0.35703975073933,-0.0592323437425571,1.19898134492562
0.599856725240088,-0.477896880896102,-0.634389330553659,-0.156492449657557,0.36197074445249
0.278217730473283,-0.13232502498159,-0.181679264733416,-0.0493542397518257,0.33922624411706
0.278217730473283,-0.0489902790501553,-0.263897527208532,-0.214907248158377,0.307644633403652
-0.686699253827128,0.306642836319913,0.102384880559054,-0.204257955760859,-0.817914929767194
-2.21448447896945,1.15644662483846,1.25318475532374,0.0967381304852797,-0.19614901552858
0.197807981781583,-0.139313389398748,-0.317617955180514,-0.178304565781765,-0.108236392374374
0.599856725240088,-0.418251789680181,-0.334025404317702,0.0842263853624787,0.0702662084954872
1.3235444634654,-0.861855309177581,-1.02452738944746,-0.162672080269878,-1.75198234311024
-0.686699253827128,0.434761735987387,0.522138126978755,0.0873763909913682,0.204554225120557
-1.49079674074414,0.646688655692873,0.481105809664217,-0.165582846028656,1.64051649856332
-0.123831012985222,-0.0144707659621266,-0.340413133165233,-0.325942367203106,-1.53168825224962
-0.686699253827128,0.524497335125191,0.429689050673585,-0.094808284451606,-0.0747866358288154
-1.49079674074414,0.710426048145017,0.7148657075247,0.00443965937968216,-1.1675115674558
-0.204240761676922,0.114938543567966,0.0883167872696496,-0.026621756298316,0.453437283427146
-1.00833824859393,0.654144503857787,0.570139772641251,-0.0840047312165356,-0.914317541660363
0.278217730473283,-0.183834498450126,-0.0592442301206087,0.124590268329517,-0.204433013053601
-0.284650510368624,0.158046316050695,0.363130650361551,0.205084334310856,-1.69342982193732
-1.00833824859393,0.512653001397069,0.513497030514898,0.000844029117829215,0.548845431932492
-2.21448447896945,0.887436470936974,1.03949769340756,0.152061222470583,-0.19743590594725
-0.686699253827128,0.196681211326035,0.37658539301643,0.179904181690395,-1.0119109516692
-0.365060259060323,-0.00949441997213221,0.054803626136035,0.0642980461081672,-0.425216449213139
0.278217730473283,-0.0786668694584953,0.0183503982626934,0.0970172677211887,0.688997739378986
0.439037227856687,-0.465746354851009,-0.677180823218698,-0.21143446836769,1.31192741819005
-0.123831012985222,0.261157549877035,-0.0407866208211033,-0.301944170698138,-1.36074561226226
0.278217730473283,-0.203040464200319,-0.359266254308569,-0.15622579010825,0.100582048225482
-1.32997724336074,0.649871405348292,0.524254189232293,-0.125617216116,0.51167222256674
0.599856725240088,-0.247678882311227,-0.195628915915723,0.0520499663955048,-0.0666822670290654
-0.284650510368624,0.307830298085662,-0.142413923087596,-0.450244221173258,-2.17288196138021
0.599856725240088,-0.19665753981024,-0.1639043132478,0.0327532265624397,0.745466567356295
0.278217730473283,0.00568581479662661,0.184558099652313,0.178872284855686,-1.56126571603883
-0.123831012985222,0.173989748019313,0.246493516719265,0.072503768699952,-1.07234680204807
0.680266473931787,-0.287000323147447,-0.214751171225543,0.0722491519219033,0.0491452770417571
-1.49079674074414,1.00497862188458,0.590384427913992,-0.414594193970587,-0.760746841194363
1.7255932069239,-0.982391159396971,-1.16143797556615,-0.179046816169178,1.12908509414875
-0.284650510368624,0.0797861051291432,0.140806575520606,0.0610204703914629,-1.22263642021345
1.8864127043073,-0.920162511078592,-1.02548253713835,-0.10532002605976,1.27256209897469
-0.606289505135426,0.250195896225717,0.116946061159143,-0.133249835066575,1.12233965428504
0.76067622262349,-0.494198262479527,-0.675659123240688,-0.181460860761162,-1.36807519160509
0.278217730473283,-0.167886054466306,-0.246813916640864,-0.0789278621745578,-0.993981785623012
-0.123831012985222,0.130043095521129,0.10901838213695,-0.0210247133841794,-0.36122389766458
1.7255932069239,-0.528580068690225,-0.204562505839439,0.324017562850787,-0.652123843444259
1.8864127043073,-0.61815843653983,-0.377350495310211,0.240807941229619,-1.18527116184013
-0.606289505135426,0.339672970709982,0.0638146374978254,-0.275858333212157,-0.987229067131806
-2.29489422766115,1.42348629663418,1.38270403848057,-0.0407822581536088,0.468162043568916
-0.204240761676922,0.180995066434664,0.208405255963615,0.0274101895289507,0.741599618867103
0.278217730473283,-0.112286023828851,-0.267887329940149,-0.155601306111298,-1.33883938787981
0.197807981781583,-0.127434656192548,-0.137946694570138,-0.0105120383775902,-0.508035833846116
0.439037227856687,-0.0638171344803187,0.0483403192086641,0.112157453688983,0.113294290816846
-1.00833824859393,0.431985773086728,0.452889366769631,0.0209035936829023,1.59989835610638
-0.204240761676922,0.230879438171559,0.345962634365099,0.11508319619354,1.25488491165422
-0.204240761676922,0.253712399466428,0.133405741266117,-0.120306658200311,0.945065237829259
-0.84751875121053,0.534685218235575,0.420219924645229,-0.114465293590347,-0.808108139336799
-0.525879756443727,0.253560857019209,0.371137832818896,0.117576975799687,1.1093153721186
-0.204240761676922,0.104966518308537,0.0738192175090795,-0.0311473007994574,0.093572090218343
-0.123831012985222,0.122428511407861,0.203132182679222,0.0807036712713614,-0.0470964054683682
0.599856725240088,-0.292238395326938,-0.411659937842305,-0.119421542515367,-0.854254103080415
-0.686699253827128,0.590397010249733,0.319833075415727,-0.270563934834006,-1.78129196697834
-0.284650510368624,0.137354117598814,0.205370359892542,0.0680162422937279,-0.472329612987303
-0.365060259060323,0.390906151469684,0.187535309056441,-0.203370842413242,0.454780371230148
-0.284650510368624,0.133462402502761,0.112377698000961,-0.0210847045017997,-1.2218313368822
0.278217730473283,-0.199419924651003,-0.0891265684527398,0.110293356198263,-0.387026835237978
-0.84751875121053,0.497236598120889,0.512108633553348,0.0148720354324587,-0.698987055929518
1.966822452999,-0.988157734831381,-0.88884506238963,0.0993126724417515,1.63576314723566
-2.29489422766115,1.91657936161707,1.66612608160301,-0.250453280014051,-0.133877195586792
0.680266473931787,-0.477804743484922,-0.543506849041102,-0.0657021055561801,0.943254224925874
0.197807981781583,-0.141170558177637,-0.297379331091068,-0.156208772913432,0.801464324135666
-0.606289505135426,0.377504372897798,0.254388537665706,-0.123115835232092,-0.389321376755937
-1.32997724336074,0.539550800766804,0.47323369515348,-0.0663171056133237,-1.57496096281037
0.76067622262349,-0.551954989336869,-0.644654034820595,-0.0926990454837265,0.709700727684281
-1.32997724336074,1.13263421672881,0.876900064473682,-0.255734152255128,-0.846116237717672
0.197807981781583,-0.000136494699422729,-0.0938493302738444,-0.0937128355744217,2.07152254622672
0.439037227856687,-0.387513200614315,-0.24386796186603,0.143645238748286,-1.52372253479824
1.3235444634654,-0.742568266794113,-0.794377319908431,-0.0518090531143179,0.561616557173034
-0.365060259060323,0.305070095572242,0.0240395637591579,-0.281030531813084,1.08398451802361
-0.284650510368624,-0.0267245308356787,-0.237962656236371,-0.211238125400692,-1.11598648303512
2.93173943729941,-1.6997631898457,-1.67273799580519,0.0270251940405162,1.25101085027331
0.278217730473283,-0.18444353948335,-0.397300828989468,-0.212857289506118,-0.222864371489401
-0.525879756443727,0.580481296277069,0.454613748491194,-0.125867547785875,-0.620077714460864
-0.123831012985222,-0.00606513539841654,0.0368366279895336,0.0429017633879501,0.0433914806304527
0.278217730473283,-0.168894408216837,-0.469572211092719,-0.300677802875882,-1.31193979159525
0.439037227856687,-0.41481457930658,-0.589237425206384,-0.174422845899804,-0.693392587449659
-0.123831012985222,0.173232681487792,0.0204116442483861,-0.152821037239406,0.872398993048248
-0.606289505135426,0.429780566054516,0.381271657291082,-0.0485089087634339,-0.728606793566209
-0.365060259060323,0.263733511879862,0.0745628095062959,-0.189170702373566,1.39337795447165
1.00190546869859,-0.815399234076719,-0.759875790297397,0.0555234437793216,-0.352006033505933
0.278217730473283,-0.282310532107826,-0.342678207435379,-0.0603676753275538,0.477170467405976
-0.365060259060323,0.173669725925729,0.177353938821572,0.00368421289584295,0.980965986028307
-0.84751875121053,0.345812131715066,0.233488586665819,-0.112323545049248,-0.601446658765928
-1.49079674074414,1.0407385658791,0.971202127295759,-0.0695364385833371,-1.12187316201063
-0.123831012985222,0.249335601352511,0.266966430385532,0.0176308290330206,0.146402339937849
1.7255932069239,-1.41039167148664,-1.56125650366503,-0.150864832178396,0.666634638389522
-2.21448447896945,1.78872316523517,1.59942512077308,-0.189298044462094,-3.42416317460728
-1.49079674074414,0.735448580645733,0.830498479678124,0.0950498990323905,1.5826752552751
-0.123831012985222,0.00161870945197855,-0.11680021771035,-0.118418927162328,-1.26378142114517
-0.284650510368624,0.168854983367274,0.086756337315041,-0.082098646052233,1.5131322836454
-0.84751875121053,0.533144543345053,0.375588352564367,-0.157556190780686,-0.885849726170548
0.841085971315191,-0.643845387497662,-0.790879665463519,-0.147034277965857,0.0110284411092186
0.76067622262349,-0.458012352728813,-0.384552151411547,0.0734602013172657,0.032159946482334
-0.0434212642935202,0.0890256626117202,-0.0536907741131376,-0.142716436724858,-2.00415419612065
0.841085971315191,-0.449147246156935,-0.590230784927175,-0.14108353877024,1.39365064722162
-0.686699253827128,0.598404499447427,0.611532900256833,0.0131284008094067,-0.453155130580848
0.76067622262349,-0.216189943649318,0.0936147228038412,0.309804666453159,0.32233840161726
-2.21448447896945,1.19175064454943,1.10636261929068,-0.0853880252587516,0.773228148165765
0.76067622262349,-0.520680093372404,-0.617133973096483,-0.0964538797240788,1.62485388964978
-0.284650510368624,0.036815775531232,-0.0487915075304017,-0.0856072830616338,-0.556938954606614
0.278217730473283,-0.20194150396587,-0.157303171433654,0.044638332532216,-0.238757311560507
-2.29489422766115,1.91473043565798,1.66354066969459,-0.251189765963395,1.36180678880745
-0.0434212642935202,0.156203305166636,0.132305354728607,-0.0238979504380298,-1.67508306616846
-0.84751875121053,0.587205916164412,0.472958577289137,-0.114247338875275,-0.181128798570124
-0.123831012985222,0.201622444573693,0.48951173137807,0.287889286804377,0.991163591076327
1.2431347147737,-0.855623636214584,-1.01758363630138,-0.161960000086795,-1.64360510584446
1.2431347147737,-0.765609386956994,-0.659164772732051,0.106444614224944,-0.0515266994689214
0.278217730473283,-0.078181694556505,-0.278995278766744,-0.200813584210239,0.680949331184167
0.599856725240088,-0.373540520685361,-0.509500162692725,-0.135959642007364,0.0472862939635896
0.439037227856687,-0.328534904039868,-0.228512462191267,0.100022441848601,0.451340853155711
-0.365060259060323,0.304814531756704,0.201267168797724,-0.103547362958979,-1.62069623407143
-0.284650510368624,0.142944824621934,0.0173918316803251,-0.125552992941609,2.95180164245072
-0.525879756443727,0.142384186760425,0.0876906077084047,-0.0546935790520203,0.669587117524917
-0.686699253827128,0.552068252790101,0.430010244293,-0.122058008497101,-0.981859700730778
-0.284650510368624,0.235423640868781,0.176871292942721,-0.0585523479260593,0.373378004199962
-1.41038699205244,0.309590353955765,0.717888887474503,0.408298533518739,0.100998724767363
-0.284650510368624,0.201824577548186,-0.0868906095772977,-0.288715187125484,-1.02509488988783
-0.123831012985222,0.112332533585071,-0.205878562795192,-0.318211096380264,-1.59144204602635
0.278217730473283,-0.276511568346456,-0.445343180906695,-0.168831612560239,-0.0755672917063153
0.841085971315191,-0.3986903997315,-0.645019791981062,-0.246329392249562,-0.943088379364626
1.2431347147737,-0.367623671488073,-0.331691716208464,0.0359319552796095,-1.65014884616971
-0.204240761676922,0.0912640697354994,-0.0918064852877169,-0.183070555023216,0.729701949578351
-0.606289505135426,0.395634406147931,0.246862015171362,-0.148772390976569,-2.41470992765266
-0.123831012985222,0.213602514202341,0.0795826618135303,-0.134019852388811,-0.736629377913927
-0.606289505135426,0.355360599084579,0.271026085698752,-0.084334513385827,0.93654796977404
2.93173943729941,-1.53862274618009,-1.54067297377426,-0.00205022759417162,-2.94139614045121
0.599856725240088,-0.390572278358892,-0.553689936489677,-0.163117658130786,-1.11076418985832
-0.123831012985222,0.0797653972834622,-0.115206971835303,-0.194972369118765,-1.34571970046648
-1.49079674074414,0.963191442920018,0.902031223143317,-0.0611602197767006,2.96913755816577
0.197807981781583,-0.11168063775321,-0.083140032848553,0.0285406049046567,0.428327957014591
1.7255932069239,-1.52600779587397,-1.92391701961886,-0.397909223744893,0.301702262973345
-1.32997724336074,1.30899292452214,0.803979978643244,-0.5050129458789,-0.0712713059508694
0.278217730473283,-0.319509477523741,-0.458699906221367,-0.139190428697626,-2.08157620822323
0.76067622262349,-0.334063684890084,-0.551466498276365,-0.217402813386281,-1.28869451141757
0.278217730473283,-0.188337211867927,-0.100939963253734,0.0873972486141929,0.836363813078847
0.439037227856687,-0.160516233022346,0.0320749045239849,0.192591137546331,0.118129792042725
-1.00833824859393,0.705978061793914,0.525133182291731,-0.180844879502183,-0.52589585459044
1.8864127043073,-0.910357839074912,-0.905319757604032,0.00503808147087947,1.5790900479726
0.278217730473283,-0.209750015065698,-0.0679298650883973,0.141820149977301,0.0570691122588124
-1.49079674074414,0.858484491521215,1.05664234019236,0.198157848671147,1.63536796693134
0.197807981781583,-0.084026629513449,-0.0967372745035433,-0.0127106449900944,-1.21266628932837
-1.49079674074414,1.00858396563563,0.895314708112841,-0.113269257522792,0.275678759263742
0.278217730473283,-0.0934436964597249,0.0597911403086313,0.153234836768356,-0.148265456902831
1.3235444634654,-0.578350559933387,-0.597733380740042,-0.0193828208066549,-0.0169860941228936
1.00190546869859,-0.635948958145826,-0.7779188132583,-0.141969855112474,-2.61380647879381
0.278217730473283,-0.197311475237727,-0.320432651292476,-0.123121176054749,-1.0299265464879
-0.606289505135426,0.614645405333084,0.737659133769759,0.123013728436674,0.244416327839298
0.278217730473283,-0.00161976399815542,-0.0183779786328889,-0.0167582146347335,-0.0370905412504906
0.599856725240088,-0.473036179000339,-0.779244262325894,-0.306208083325555,-1.34204170835003
-2.21448447896945,1.00517329930126,1.0850742421962,0.079900942894934,1.56772774383117
-0.606289505135426,0.666510271715414,0.373759460314401,-0.292750811401013,0.421164251990616
0.197807981781583,-0.140250640927574,-0.20362856907367,-0.0633779281460962,-1.6466900058628
-0.84751875121053,0.436567674318372,0.476296918772833,0.039729244454461,-1.2503011360012
0.278217730473283,-0.262915897598925,-0.638958216865655,-0.37604231926673,-0.161221735587508
-0.204240761676922,0.0504185480541436,-0.0872805418734098,-0.137699089927553,-0.597050823324098
-1.32997724336074,0.482563180182026,0.819056378939097,0.336493198757072,0.952253215590237
-0.525879756443727,0.423456066208749,0.338010153539601,-0.0854459126691481,1.02777674238449
0.599856725240088,-0.524410899731757,-0.720667590566117,-0.19625669083436,1.31212354534428
0.76067622262349,-0.57865302728862,-0.595519252995206,-0.016866225706586,-0.760317593456512
-0.365060259060323,0.067860665686796,0.148364594482005,0.0805039287952086,1.64511219261316
0.439037227856687,-0.165958694128219,-0.0339876567886953,0.131971037339524,-0.936732239412355
-0.284650510368624,0.368084371880433,0.259081065203628,-0.109003306676805,-1.06178002928129
0.278217730473283,-0.185233476794488,-0.0492948767171089,0.13593860007738,2.3802313196891
0.278217730473283,-0.381178166769412,-0.588906158619367,-0.207727991849955,2.18527544882084
1.966822452999,-1.12978068173814,-1.27892511359742,-0.149144431859282,-0.808065276437221
-1.41038699205244,0.729000981288269,0.845119103209639,0.11611812192137,-0.0213955191365547
0.278217730473283,-0.18748447148834,-0.242319057818504,-0.0548345863301639,-0.218960305749051
-0.284650510368624,0.146286215282508,0.134060346255669,-0.0122258690268391,0.711526361346012
-0.284650510368624,0.296162095328525,0.15813463564016,-0.138027459688365,-1.50662759082175
0.76067622262349,-0.507947000826113,-0.641660033776117,-0.133713032950004,-1.16384877691299
-0.525879756443727,0.326407916173202,0.103896350312257,-0.222511565860945,0.101898502277452
-0.365060259060323,0.0655023518756666,0.0478377160645001,-0.0176646358111664,-0.786085081798544
1.8864127043073,-1.21178394944996,-1.16365209093701,0.0481318585129564,-1.54353181850887
-0.284650510368624,0.284029687794993,0.411472786726699,0.127443098931706,-0.696180316506122
-0.0434212642935202,0.111771930448687,-0.0464555096315557,-0.158227440080243,2.39276475384521
1.7255932069239,-1.12533694359805,-1.45370402442121,-0.328367080823157,-2.28492737706173
0.841085971315191,-0.405252773640423,-0.26632375893448,0.138929014705942,-0.0125152108338039
0.197807981781583,-0.053193505295664,-0.165527947326354,-0.11233444203069,-0.370244551407664
0.278217730473283,-0.202298674025328,0.00115951899308674,0.203458193018415,-1.79012854206826
-0.686699253827128,0.277999369417111,0.180877644941994,-0.0971217244751173,1.59438154415146
-0.525879756443727,0.27668525951918,0.238126070298365,-0.0385591892208152,-2.08790768865069
-0.606289505135426,0.530535825541242,0.637684065165641,0.107148239624399,-0.22871135961147
-2.29489422766115,1.76394785510988,1.44351297046038,-0.320434884649503,0.0138679796506351
-0.525879756443727,0.222852101316039,0.181838316800641,-0.0410137845153978,0.1206977512251
-0.204240761676922,0.0566676667493436,0.0413201626872641,-0.0153475040620795,0.113700660456303
-0.123831012985222,0.0682861517666226,0.0585752623434938,-0.0097108894231288,-0.718624243146634
-1.32997724336074,0.750621120351716,0.706556965768465,-0.0440641545832517,-1.16433615678356
-0.123831012985222,0.145663048259899,-0.12529548729784,-0.270958535557739,-2.74040782792755
-0.606289505135426,0.718450133606075,0.439094959102974,-0.279355174503101,0.367552006381162
1.00190546869859,-0.549146207898789,-0.714471427796045,-0.165325219897256,0.0408308735234375
0.278217730473283,-0.229267716589776,-0.21361722370208,0.015650492887696,0.801398481657605
-0.606289505135426,0.403045382088368,0.394397972159089,-0.00864740992927882,1.74234626935785
-0.284650510368624,0.336168294985411,0.281661743740769,-0.0545065512446418,-0.183947141740013
1.00190546869859,-0.881927377977628,-1.09578844332129,-0.213861065343662,0.364273896174035
1.2431347147737,-0.882189764204193,-1.15785789430634,-0.275668130102144,-0.42735942328671
2.93173943729941,-1.5808245413559,-1.75988803949785,-0.179063498141945,0.293946877160773
0.278217730473283,-0.178131736945918,-0.25189756217613,-0.0737658252302114,0.506875336340533
-0.84751875121053,0.877039572093915,0.648760967409505,-0.22827860468441,0.174726013098368
-0.123831012985222,0.234022310048481,0.105363833563975,-0.128658476484506,-0.0346719920336225
-0.284650510368624,0.123783332983445,0.101171088747119,-0.0226122442363255,0.574851978702674
-0.284650510368624,0.165744685114803,-0.0691129117984439,-0.234857596913246,-0.415018175530948
1.7255932069239,-1.11273367611413,-1.15711786217603,-0.0443841860618996,-0.506371659368047
-0.606289505135426,0.434309847425231,0.205333921183728,-0.228975926241504,0.111231248999167
-0.284650510368624,0.134728284996097,-0.0277869540176969,-0.162515239013794,1.25026197529118
1.3235444634654,-1.2004841275356,-1.49769340276901,-0.297209275233413,0.419403379570273
-0.365060259060323,0.152127317097655,0.0271608567927345,-0.124966460304921,0.861977771985969
-0.123831012985222,-0.07457389998299,-0.387242667180981,-0.31266876719799,0.881632756157043
-0.284650510368624,0.214377378444715,-0.115566041338156,-0.329943419782871,-0.182396456307952
-0.284650510368624,0.104202267517281,-0.0279729195435468,-0.132175187060828,0.00824873091367237
0.197807981781583,-0.245445330428047,-0.280580824751061,-0.0351354943230139,0.784328108616301
0.599856725240088,-0.42491998397775,-0.584284234199868,-0.159364250222117,-1.79955022808284
0.76067622262349,-0.498131103977786,-0.625093287906352,-0.126962183928566,-1.54617108422089
-0.284650510368624,0.243598204814951,0.0487335207413905,-0.19486468407356,-1.32697532433169
-0.204240761676922,-0.0224330752807679,-0.0309083632847101,-0.00847528800394218,0.0384578609152364
-0.123831012985222,0.169132745006613,0.0394677131462393,-0.129665031860374,0.290086916703542
-2.21448447896945,1.89165250151095,1.5418885000196,-0.349764001491352,0.694003317049871
0.278217730473283,-0.203485595323319,-0.20403782930417,-0.000552233980851746,-2.45697464647715
-0.606289505135426,0.49156850590655,0.517049309885449,0.0254808039788982,0.787658344850821
1.3235444634654,-0.599559030522423,-0.567340567908857,0.0322184626135658,-1.1084824350128
0.599856725240088,-0.520036663288273,-0.474074327473097,0.0459623358151769,-1.27585753510663
-0.686699253827128,0.178191785834875,0.292866591167908,0.114674805333033,-0.650997474654418
-0.123831012985222,-0.144311726857505,-0.230814289277201,-0.0865025624196959,-1.78793409108201
-2.29489422766115,1.77869400967704,1.63082102992163,-0.147872979755403,-3.41633880317046
-2.21448447896945,0.602189657104042,0.805602787364426,0.203413130260384,0.591651093945887
-0.525879756443727,0.363265039926819,0.59693346885771,0.233668428930891,1.01191733948825
-1.49079674074414,0.858014345363842,0.762216822540734,-0.0957975228231083,0.252074579108426
-0.284650510368624,0.297125537019884,0.423001274119848,0.125875737099964,1.56476904612642
-0.204240761676922,0.0537665534940388,0.0225759131050906,-0.0311906403889482,1.12676504511689
-2.21448447896945,2.19376502295414,1.84408993631433,-0.349675086639808,0.276507746543054
-0.123831012985222,-0.092205133506857,0.256218820265915,0.348423953772772,0.402705398301365
1.966822452999,-1.18165680221721,-1.37579523121152,-0.194138428994317,0.015087274830708
0.439037227856687,-0.142219571359008,-0.150245035422664,-0.0080254640636557,-1.36968490476374
-0.284650510368624,0.0491242126102301,0.228452432333216,0.179328219722986,1.19804540271787
0.278217730473283,-0.205940990982357,-0.397884236891971,-0.191943245909614,-0.293348260438236
-0.686699253827128,0.41673327996744,0.389181120427972,-0.027552159539468,-2.76924604544918
0.680266473931787,-0.481336084182456,-0.623741597306009,-0.142405513123552,-0.828064103815114
1.8864127043073,-0.972251780192128,-0.738276194013935,0.233975586178193,1.74115882758015
-0.123831012985222,0.31442879188086,0.0980782892617709,-0.216350502619089,-1.15738096486124
1.2431347147737,-0.812939513350026,-0.937068691336631,-0.124129177986604,0.609855150257489
-0.84751875121053,0.667794526556861,0.582719686169052,-0.0850748403878083,0.154919544529008
-1.32997724336074,0.726981442884657,0.656174391159549,-0.0708070517251078,0.647724432255756
0.680266473931787,-0.408464307490075,-0.443112297820735,-0.0346479903306602,3.32443564690949
0.278217730473283,0.0452835312319865,0.0632858591157274,0.0180023278837408,-0.156318890694728
-0.0434212642935202,0.152312882174291,0.278164757741348,0.125851875567057,0.590665495742811
-0.123831012985222,0.015697957137859,-0.10676886989561,-0.122466827033469,0.958792531586706
2.93173943729941,-1.52453917500441,-1.3809787338404,0.143560441164008,-0.42777035349965
2.93173943729941,-2.19056504902963,-2.13536756466585,0.0551974843637804,0.057165983541863
-1.00833824859393,0.518243955678625,0.426919655353087,-0.0913243003255378,-0.228753081286651
-0.284650510368624,0.164484052575213,0.0315614805691669,-0.132922572006046,0.0340060208367662
0.278217730473283,-0.158064900194959,-0.247039987058972,-0.0889750868640128,0.886656913779418
-1.41038699205244,0.885444037500161,0.743647670576148,-0.141796366924014,0.477185990085637
1.2431347147737,-0.847858053277292,-0.867686125816994,-0.0198280725397022,-0.603123458277678
0.278217730473283,-0.148201992563351,-0.299999483069101,-0.151797490505749,0.783191395134873
-0.686699253827128,0.502675740441225,0.349319313668072,-0.153356426773154,-0.934231872469441
1.7255932069239,-1.32169733737642,-1.2997632593276,0.0219340780488251,1.58754634929619
-0.365060259060323,0.162500621363013,-0.0666585586931106,-0.229159180056124,1.62288442836373
-0.84751875121053,0.720114652611162,0.569184506209136,-0.150930146402026,-1.68108666405639
0.76067622262349,-0.486307176836782,-0.505962659202397,-0.0196554823656146,-1.90566689437108
0.76067622262349,-0.789898998507014,-1.04569284677168,-0.255793848264662,-0.85115838750713
1.2431347147737,-0.695942127483555,-0.743169853699505,-0.0472277262159506,0.482719879523322
1.00190546869859,-0.467342604148544,-0.610451464841407,-0.143108860692863,-0.140725117838259
0.278217730473283,-0.412395852760484,-0.493756677976762,-0.0813608252162777,-1.78911951488851
-0.686699253827128,0.494172756606179,0.440860143355409,-0.0533126132507699,-1.30094984727834
-0.84751875121053,0.412364873649463,0.4331244317359,0.0207595580864373,2.72666105359308
-1.32997724336074,0.807736570552171,0.875166270244817,0.0674296996926462,-1.12306304372647
-0.686699253827128,0.309878870981881,0.376709936061883,0.0668310650800016,0.951656482123005
0.599856725240088,-0.270617246737103,-0.283394672376487,-0.0127774256393834,-0.998953610199
-0.204240761676922,0.076161204362625,-0.149922219967689,-0.226083424330314,-0.170130932740858
-0.365060259060323,0.0460878937142264,0.243287774715386,0.19719988100116,-0.013574403525025
-0.123831012985222,0.0578914889615431,0.230514029846566,0.172622540885023,0.443507442252037
1.3235444634654,-1.18558082924327,-1.6078845786689,-0.422303749425634,-1.76954811094251
1.3235444634654,-0.387431317354562,-0.45423917586004,-0.0668078585054782,0.740373418595108
-0.204240761676922,0.126679241571775,0.175518841608334,0.0488396000365599,-0.765512182070482
0.841085971315191,-0.491974854498353,-0.673068232767462,-0.181093378269109,1.07486571771617
-2.29489422766115,1.70877893520117,1.56600571032058,-0.142773224880581,0.725761399872947
-0.0434212642935202,-0.0161033253591307,-0.289162605987792,-0.273059280628662,1.62174386464387
1.2431347147737,-1.01094467574743,-1.38656158729027,-0.37561691154284,-3.2466286791185
0.197807981781583,0.0548881578588045,0.0613021247400362,0.00641396688123161,-0.647806784966316
1.00190546869859,-0.595621922813144,-0.437614024409296,0.158007898403848,0.396513874849504
-0.686699253827128,0.812536290135853,0.348206435958379,-0.464329854177474,-0.23589388808159
-0.686699253827128,0.478930424485699,0.494396358409026,0.0154659339233266,0.786203115258092
0.841085971315191,-0.489329200083999,-0.349750453180129,0.139578746903869,1.2362666787842
0.278217730473283,-0.208915052099083,-0.267778948809374,-0.0588638967102916,-0.32802651284159
-0.365060259060323,0.245217683066784,0.46832364651291,0.223105963446126,0.400995106292807
0.278217730473283,-0.107690554448769,0.101260087046949,0.208950641495718,1.13068461242745
-0.123831012985222,0.00848983491486026,-0.192130437475364,-0.200620272390224,0.207342544767284
0.197807981781583,-0.0759262856997794,0.140993354218906,0.216919639918685,-1.2759976766085
-1.49079674074414,0.712663468381114,0.681039424292472,-0.0316240440886418,1.29584354971225
-1.32997724336074,1.04932797035246,0.650825482270053,-0.398502488082412,1.01157017038506
-0.284650510368624,0.304824668784095,0.114582970844912,-0.190241697939183,1.0956884327573
0.278217730473283,-0.305908652995825,-0.193730289812897,0.112178363182929,2.10039067255675
0.278217730473283,-0.180565242273933,-0.103990297823892,0.0765749444500408,1.5705541780946
-0.525879756443727,0.169200093874706,0.186501786468931,0.017301692594226,-0.222972303982865
-0.606289505135426,0.390736403766563,0.369201279936511,-0.0215351238300516,0.223331846133561
-1.00833824859393,0.294667326215702,0.198458235253989,-0.0962090909617129,0.361840049632898
-0.123831012985222,0.176592648189057,-0.121537855951135,-0.298130504140192,-1.58011915699761
-0.84751875121053,0.445745551325405,0.465584082083339,0.0198385307579333,1.00427742748688
-0.204240761676922,0.166057750132201,0.22032433546646,0.0542665853342587,-0.251858159058753
-1.32997724336074,0.945376427739398,1.06413916801611,0.118762740276707,-0.889758541704933
0.841085971315191,-0.290913669945408,-0.0341052041738592,0.256808465771549,-0.493094549815174
-0.606289505135426,0.538428056402395,0.438565525440077,-0.0998625309623185,-1.18488635624635
-0.686699253827128,0.303973219492298,0.30757056050885,0.00359734101655185,0.791084856621776
-0.284650510368624,0.151363757290328,0.135609706599198,-0.0157540506911294,-0.819669129548616
-0.365060259060323,0.471705919644301,0.429568416775728,-0.0421375028685725,-0.0375023418732586
0.278217730473283,-0.156337829852473,-0.31837441799205,-0.162036588139577,-0.965559855274053
-0.284650510368624,-0.034465446741537,0.119014068297029,0.153479515038566,1.18516842186868
-1.00833824859393,0.744416703520335,0.686317522232137,-0.058099181288198,0.476636150217353
0.278217730473283,-0.0706787372634534,-0.157983799711582,-0.0873050624481282,-1.58028206755756
0.76067622262349,-0.587599585632616,-0.816622555683755,-0.22902297005114,-0.940969199955262
0.197807981781583,-0.143014558737788,-0.219891231331458,-0.0768766725936697,0.432606046809964
0.278217730473283,-0.116281397530956,-0.269330394638209,-0.153048997107253,-1.55470911337902
0.197807981781583,-0.347338111972861,-0.352117922849939,-0.0047798108770778,-1.25307726255578
-2.21448447896945,1.91449009910981,1.67872048154593,-0.235769617563882,0.0322292258079842
-1.32997724336074,0.697156657531427,0.8106643384354,0.113507680903974,1.56889118027484
0.197807981781583,0.0494449118323596,-0.140020243397773,-0.189465155230133,0.736243025595096
1.966822452999,-1.67213093229817,-2.01268534210118,-0.340554409803012,0.26086502475277
-0.525879756443727,0.174902492235697,-0.137443167865221,-0.312345660100918,-1.52344536122695
-0.365060259060323,0.26319987755144,0.0170384441203607,-0.246161433431079,-0.0985134752137325
-0.606289505135426,0.342108113983853,0.262666493454738,-0.0794416205291141,-1.2784776428871
-0.606289505135426,0.247304860002856,0.295760033838044,0.0484551738351872,-0.363527413353575
-0.123831012985222,-0.0347276948106538,0.194695345666542,0.229423040477196,-0.218111415044896
1.8864127043073,-1.20666767299068,-1.37166895260166,-0.165001279610983,0.482831926635831
0.197807981781583,-1.3058565386706e-05,0.0909789057934947,0.0909919643588814,0.601651302585951
-0.686699253827128,0.286888837766827,0.116353863214326,-0.170534974552501,1.464607437413
-0.525879756443727,0.405147556643605,0.221269606632446,-0.183877950011159,-0.443944112503556
0.197807981781583,-0.0458770598705482,-0.204858311746467,-0.158981251875919,-0.0480748024410278
2.93173943729941,-1.29038679100572,-1.3356868795309,-0.0453000885251775,1.00627584109356
-2.29489422766115,1.36186525069537,1.32284408955613,-0.0390211611392381,-0.685914405205184
-1.41038699205244,0.965724556709855,0.781764974983084,-0.183959581726772,1.86155866924531
-0.686699253827128,0.346659756063594,0.245164452914873,-0.101495303148721,-0.255424648893697
-0.686699253827128,0.474418519198389,0.395026648895651,-0.0793918703027383,-0.491043709388515
-0.365060259060323,0.465606484857648,0.293253085344874,-0.172353399512774,-0.21676305776067
-0.686699253827128,0.500292709956533,0.185373185135597,-0.314919524820936,-0.0739489573624679
0.680266473931787,-0.527924103777451,-0.606102306204951,-0.0781782024275005,0.387032285779065
0.278217730473283,-0.0851474863205238,-0.0946989340015962,-0.00955144768107247,-0.624028112429231
-0.525879756443727,0.313857094361116,0.123075235439685,-0.190781858921431,0.974958354575701
1.3235444634654,-0.688119672358486,-0.701806055691989,-0.0136863833335032,-0.587282706585326
-1.32997724336074,0.835260898598861,0.734683088179575,-0.100577810419286,0.132526356813129
-0.204240761676922,0.0782772973074508,0.044784442215428,-0.0334928550920228,0.725791006991992
0.841085971315191,-0.457313562218475,-0.504146042232269,-0.0468324800137935,0.852676022585131
-1.49079674074414,0.94129729595148,0.961513358230854,0.0202160622793746,-0.0823803861887651
0.439037227856687,-0.466482631143502,-0.628248421531383,-0.161765790387881,-0.686209835268986
-1.32997724336074,0.523614549248268,0.579732598418152,0.0561180491698843,-0.437021939828157
0.197807981781583,-0.0980108114082776,-0.0640267250295811,0.0339840863786964,-1.32157648291301
-0.686699253827128,0.41202338075088,0.594162701999792,0.182139321248912,0.528650035848451
1.966822452999,-0.430108623579151,-0.216083818836137,0.214024804743013,0.531096085063552
-2.21448447896945,1.51690090801233,1.38658783467714,-0.130313073335191,2.53835761540328
1.3235444634654,-1.15432886648785,-1.30066106861477,-0.146332202126924,1.84673249021561
0.278217730473283,-0.205424803202033,-0.491591246510582,-0.286166443308549,-2.17561938199691
0.680266473931787,-0.220938528130633,-0.246174615526904,-0.025236087396271,-0.973916806469314
-0.686699253827128,0.708966686245241,0.464721004965342,-0.2442456812799,-0.19743715135112
-0.123831012985222,0.0138229013152892,0.0485731335706005,0.0347502322553113,1.34002489013732
1.966822452999,-1.21952861634973,-1.11252790572212,0.107000710627611,0.208025872043113
0.278217730473283,-0.285546259005911,-0.289672199953114,-0.00412594094720248,-0.608000814120399
1.00190546869859,-0.493827066681259,-0.448308606824342,0.0455184598569168,0.479427939213552
-0.84751875121053,0.486515772321082,0.478642434060331,-0.00787333826075176,-0.630767033633774
0.76067622262349,-0.762772992380426,-1.06189892177414,-0.299125929393716,0.00306044889124713
1.2431347147737,-0.786210589637004,-0.946444363639641,-0.160233774002637,-1.66260090366964
-0.284650510368624,0.185573401642223,0.216689378823255,0.0311159771810321,0.6380590140128
0.599856725240088,-0.441798375606412,-0.563445661777246,-0.121647286170834,-0.0804103001673102
-0.204240761676922,0.0832941231479679,0.188761371077617,0.105467247929649,-0.543973252214037
1.7255932069239,-1.45067056116658,-1.70607528777025,-0.255404726603674,-0.840281043998282
-0.204240761676922,0.24381159500536,0.253269389911171,0.00945779490581061,0.00977822443633691
-0.204240761676922,0.125982488704277,0.0215810518426268,-0.10440143686165,0.102766706173126
0.197807981781583,-0.0065477029473858,-0.0232887310130196,-0.0167410280656338,-0.589574365771443
0.278217730473283,-0.0620553762624459,-0.0302472734118212,0.0318081028506247,-1.70195033079075
-0.686699253827128,0.657896301763195,0.555924531760691,-0.101971770002504,2.48106889333431
0.197807981781583,-0.24080718249667,-0.180164781282767,0.0606424012139025,0.0444487384067505
-0.686699253827128,0.426147006530203,0.269892969746679,-0.156254036783524,0.963507398915314
-2.29489422766115,1.93759247729218,1.64701511628004,-0.290577361012133,-2.41251878808938
0.599856725240088,-0.344972063064891,-0.52350822872168,-0.178536165656789,1.92810124996412
-0.525879756443727,0.244101899375219,0.18746231313454,-0.0566395862406798,0.588390234692396
0.197807981781583,-0.157202107089215,-0.109794668712208,0.0474074383770067,1.40101799369827
-2.21448447896945,1.55815269508032,1.41017961903099,-0.147973076049331,0.130459065605286
-0.84751875121053,0.405750682366312,0.282523627404944,-0.123227054961368,-1.36555615700549
-0.284650510368624,0.199182130129734,0.477447415709677,0.278265285579943,1.3599549724745
0.599856725240088,-0.681653235167413,-0.677733398959522,0.00391983620789049,1.26092078258427
-1.49079674074414,0.379850775228621,0.610580863054878,0.230730087826258,0.480382290489729
-0.284650510368624,0.318512360325279,0.0625754676164676,-0.255936892708812,-0.534018408667051
0.278217730473283,-0.183863961926423,-0.432990443365227,-0.249126481438804,-0.477725523415704
-0.123831012985222,0.023610747965315,-0.366412330919225,-0.39002307888454,-1.95666991092754
0.197807981781583,-0.187946893569138,-0.195355658230114,-0.0074087646609764,0.413489910732218
0.278217730473283,-0.155290854135067,-0.355370334288605,-0.200079480153538,-1.10782549311879
0.599856725240088,-0.685710734230435,-0.84277562459289,-0.157064890362455,0.143813831594883
-0.525879756443727,0.353858345292776,0.233927576358184,-0.119930768934593,2.04039165571468
-0.123831012985222,0.167063908394438,-0.202377570866825,-0.369441479261263,-0.855949165320543
-0.204240761676922,0.102583148209352,0.0446603450371025,-0.0579228031722494,1.48122220212962
-0.284650510368624,0.112855187768373,0.186693674740306,0.0738384869719331,-1.12307248194542
0.599856725240088,-0.402453363484264,-0.542258975091552,-0.139805611607287,1.03308298344744
-0.284650510368624,0.336801848703913,0.39802751401637,0.0612256653124565,2.18519285558751
0.439037227856687,-0.156342903533468,-0.375924081541086,-0.219581178007618,-0.923393509137443
-0.123831012985222,-0.0474828236938354,-0.313593774294752,-0.266110950600916,1.16561780186492
-0.686699253827128,0.476275387549345,0.337323591617047,-0.138951795932298,0.357325996864448
1.2431347147737,-0.847604381328278,-1.20976131498791,-0.362156933659629,-1.47938610872834
-0.84751875121053,0.290794807203847,0.251263993060596,-0.0395308141432504,-1.34481010745211
0.439037227856687,-0.291341546281513,-0.404259206226693,-0.11291765994518,-0.60727166410565
-0.204240761676922,0.0363067102032227,0.0378813106659156,0.00157460046269287,-2.65810992164266
0.680266473931787,-0.472009787449208,-0.509120195205172,-0.0371104077559639,0.0239686505617915
-0.525879756443727,0.427262187878197,0.232781526868276,-0.194480661009921,-2.30988615564013
0.278217730473283,-0.108747929064379,-0.00882374499099393,0.0999241840733852,0.809814253035319
-0.84751875121053,0.880229488679943,0.682986298606201,-0.197243190073742,-0.198065818664742
-0.686699253827128,0.528762485371003,0.302950351087232,-0.225812134283772,-1.31365559940673
0.680266473931787,-0.475383831258842,-0.463360176727293,0.0120236545315491,0.708687783209613
1.8864127043073,-0.497259322635927,-0.230784740757914,0.266474581878013,1.96325469797917
-0.284650510368624,0.0747737654337776,0.223694134438657,0.148920369004879,-1.50446319918032
1.8864127043073,-1.31237881895749,-1.65842420274656,-0.346045383789075,-0.159562992588496
0.680266473931787,-0.510979765307016,-0.618306346942615,-0.107326581635599,0.202553367967259
-0.606289505135426,0.202148046527964,0.505389424988895,0.303241378460931,-0.441699624867583
-0.686699253827128,0.570529857690858,0.590266606247052,0.0197367485561939,-1.4223266462041
1.8864127043073,-1.04329872431468,-1.29741448632066,-0.254115762005988,-1.82233691001404
1.966822452999,-1.39658519378406,-1.73876778353754,-0.342182589753474,-1.64903550893383
0.197807981781583,-0.0276060954563992,-0.168155505914336,-0.140549410457937,-0.750288215055243
-0.84751875121053,0.495490690203004,0.503839409715236,0.00834871951223132,-0.805606722573492
0.680266473931787,-0.44166757936093,-0.366118719818966,0.0755488595419642,0.122301944033134
0.680266473931787,-0.521223710720133,-0.767888591089126,-0.246664880368993,-0.44711095025144
-0.686699253827128,0.427966678506429,0.286305760698021,-0.141660917808407,-0.458345681012303
0.841085971315191,-0.220999394724019,-0.0603808859661819,0.160618508757837,-0.953045553820516
0.278217730473283,-0.307094814943945,-0.687908933992898,-0.380814119048953,0.548890202339427
0.599856725240088,-0.466859003747609,-0.85834969102809,-0.391490687280482,0.670497591876557
0.197807981781583,-0.152609093558998,-0.219638889355006,-0.0670297957960078,0.905270742773125
-0.84751875121053,0.232265312083566,0.500949797725917,0.268684485642351,0.155424119002311
0.278217730473283,-0.295297568647443,-0.338162222968785,-0.0428646543213418,-0.608965817684998
0.197807981781583,-0.0760675013140115,-0.133515574310883,-0.0574480729968718,-0.227713391831566
-0.525879756443727,0.389680842087565,0.258392225100551,-0.131288616987014,-0.268760891290022
-0.686699253827128,0.513973169723385,0.549968411249473,0.035995241526088,1.58873256318079
-0.686699253827128,0.454337232210376,0.536800495844674,0.0824632636342981,-2.2884499026376
-0.606289505135426,0.597629355941896,0.389478566728623,-0.208150789213273,-0.227444257095014
-0.365060259060323,0.125633655316724,0.17871678161924,0.0530831263025161,0.141137783945605
0.278217730473283,-0.123469642164253,-0.335367185182266,-0.211897543018013,1.64397892174597
1.8864127043073,-0.608506007082324,-0.418091137296592,0.190414869785732,0.452526580828955
0.439037227856687,-0.29131192992698,-0.314701778580797,-0.0233898486538162,-1.48659293452761
-0.204240761676922,0.232439450091455,0.159576614583742,-0.0728628355077133,-0.837069542881662
1.7255932069239,-1.83169424359152,-2.3328984487107,-0.501204205119176,-1.14624425989716
0.680266473931787,-0.38140212800009,-0.290709807649214,0.0906923203508758,-0.462141744984
0.599856725240088,-0.359388069579333,-0.76211602888628,-0.402727959306947,-0.802187919577173
0.197807981781583,-0.0543691802403216,-0.253800758113513,-0.199431577873191,-0.583240095670004
0.197807981781583,-0.25531534601396,-0.499055035525387,-0.243739689511427,1.91907997115977
-0.525879756443727,0.23901867972744,0.407557442298012,0.168538762570572,3.13527661994501
1.2431347147737,-0.697246514529345,-0.727202528772245,-0.0299560142428998,-1.46107095053315
-0.0434212642935202,0.286437539935787,0.0507209326576477,-0.235716607278139,-1.062061424016
-0.284650510368624,0.238050998168414,0.289848045648677,0.0517970474802636,-0.0742761451336491
-0.284650510368624,0.0977001096111816,0.367892535206297,0.270192425595116,-0.0734420621333693
1.8864127043073,-0.728188739617058,-0.581630959882248,0.14655777973481,-1.5238078442084
1.00190546869859,-0.825021113896709,-0.888039789270598,-0.0630186753738887,0.00400101495570016
-0.0434212642935202,-0.00824714475697616,0.127666787678772,0.135913932435749,0.773588710867963
-1.49079674074414,0.864125105205828,0.76490364018862,-0.0992214650172079,-0.771330123150346
0.680266473931787,-0.315002850896815,-0.316799783812029,-0.00179693291521366,-0.288817002201692
0.278217730473283,-0.301001608888668,-0.314429208370442,-0.013427599481774,-1.63502774658612
0.841085971315191,-0.605264504936256,-0.803057764487442,-0.197793259551185,0.202727473746425
-0.606289505135426,0.441540338607445,0.248587275973982,-0.192953062633462,-1.93737870638592
-2.21448447896945,1.09620349472612,1.22311996031366,0.126916465587542,-0.858807043937997
0.439037227856687,-0.28333667783949,-0.466018700165266,-0.182682022325776,-0.0667482395719068
-0.0434212642935202,-0.020209530239115,0.122737351182051,0.142946881421166,1.06573467388534
0.680266473931787,-0.325910396463247,-0.548218432010694,-0.222308035547447,0.654152508152766
-2.29489422766115,1.24711278604385,1.34527579570444,0.0981630096605921,-0.439472809663557
0.599856725240088,-0.456288616848442,-0.740881256756175,-0.284592639907733,-0.719635859384035
-0.606289505135426,0.608276044179817,0.567821257203706,-0.040454786976111,-0.824722288806355
-0.365060259060323,0.224939520377921,0.418170727685774,0.193231207307853,1.09187782830738
0.278217730473283,-0.113965057398545,-0.129155157957136,-0.015190100558591,0.839809196612796
-0.606289505135426,0.326149565473539,0.276923144019645,-0.0492264214538939,1.09287465392242
-0.0434212642935202,0.145419789122894,0.391862027958895,0.246442238836001,-0.0535484884779007
1.966822452999,-1.75661437150118,-1.87889497395898,-0.122280602457805,-0.620291485950772
-0.686699253827128,0.449468823725527,0.409568214181025,-0.0399006095445015,1.80572306831238
-0.284650510368624,0.0769743133521494,0.108780096876208,0.0318057835240585,0.392660309912719
-0.365060259060323,0.221607160673121,0.267885880534268,0.0462787198611461,1.67958737652358
0.278217730473283,-0.250615427493419,-0.149209405533625,0.101406021959795,0.103997498315342
-0.284650510368624,0.19935332304857,-0.0233829323697405,-0.22273625541831,-1.99494069921057
-0.284650510368624,0.207028255896976,0.26225846358684,0.0552302076898643,0.979956616122991
-2.29489422766115,1.65520033627813,1.6198304069699,-0.0353699293082321,-0.925968312941355
-2.21448447896945,0.820282942483787,0.665966930424666,-0.154316012059121,0.450049162123386
-0.84751875121053,0.741421141699334,0.475726432519422,-0.265694709179911,-0.868179913325813
-2.21448447896945,1.80578829795176,1.59530039400012,-0.210487903951636,0.509135981819056
1.966822452999,-1.42651714003879,-1.40188448518318,0.0246326548556088,0.344221007738528
-0.686699253827128,0.537208338648837,0.422488736235087,-0.11471960241375,0.92682353252592
-2.29489422766115,1.75541468929232,1.36568009674146,-0.389734592550861,-2.91988685864329
0.278217730473283,-0.0968916999983584,-0.205701209777675,-0.108809509779317,-0.518930964090495
-2.29489422766115,1.91607540187228,1.69790636942461,-0.218169032447667,0.338249689520703
-0.123831012985222,0.107481151910123,0.0666138926935734,-0.0408672592165496,-0.816240069984656
-0.284650510368624,0.234254829606945,0.341639602348335,0.10738477274139,1.96709026876383
-0.0434212642935202,-0.0383354381093291,-0.0653424863742018,-0.0270070482648727,0.548123839882538
0.197807981781583,-0.255290384032174,-0.316084856935659,-0.0607944729034847,-1.21101716475298
0.680266473931787,-0.152856676845156,-0.0410621360586236,0.111794540786533,0.498552620232683
-0.525879756443727,0.204065265231276,0.314363818415369,0.110298553184093,-0.208215718451619
-0.686699253827128,0.396390046654637,0.540717836649906,0.144327789995269,0.0200244054762234
-0.123831012985222,0.0577602596745502,-0.217339605010155,-0.275099864684705,-1.89257666345737
-0.204240761676922,0.119212206477232,0.116255532342208,-0.00295667413502394,-1.76695232439964
-0.686699253827128,0.510858310385126,0.610118929017585,0.0992606186324588,2.24965279522003
-0.686699253827128,0.673131260002427,0.732367100897516,0.0592358408950888,1.33778417336393
0.197807981781583,-0.196286417874466,-0.318180074972264,-0.121893657097798,0.0916072478207571
-0.123831012985222,0.240137112766723,0.0082201108984108,-0.231917001868312,-0.2762603829181
-0.284650510368624,-0.0748794468556933,0.125697613638488,0.200577060494181,0.160849440473556
-0.284650510368624,0.136767507457813,-0.136119401698539,-0.272886909156352,1.12721170333816
-1.32997724336074,0.948705772613811,0.721580753613055,-0.227125019000756,0.363919356117668
-1.41038699205244,0.468689675072418,0.639715752833619,0.171026077761201,0.312947015986394
1.2431347147737,-0.540200493105238,-0.138125182689498,0.40207531041574,1.25948517881405
-0.123831012985222,0.243042907507717,-0.121973597401132,-0.365016504908848,-0.698702738735366
-0.606289505135426,0.278416442493905,0.472962640752935,0.19454619825903,2.57068986942249
-0.606289505135426,0.387521929381877,0.343087287393871,-0.0444346419880058,-0.208357810247942
0.439037227856687,-0.305386818300697,-0.245850896879073,0.0595359214216234,0.576025092126797
0.76067622262349,-0.360423695108209,-0.429013075839666,-0.0685893807314572,-0.457584846897965
0.197807981781583,-0.144242199489318,-0.351230131187053,-0.206987931697736,1.16611760943196
-0.123831012985222,0.108665834449655,0.174150734758305,0.0654849003086505,0.712720836519309
-1.32997724336074,0.84149847721593,0.749914001074119,-0.0915844761418112,1.04403759325961
-0.606289505135426,0.183699512405676,0.304846710604983,0.121147198199307,0.391369224459507
-2.21448447896945,1.78821412447743,1.42054851010267,-0.367665614374753,-0.460975482566484
0.439037227856687,-0.240633402278877,-0.314389818453193,-0.0737564161743154,3.07276478598465
-0.686699253827128,0.443907857593014,0.260672277187577,-0.183235580405437,1.19513484246262
2.93173943729941,-1.1333542377443,-1.16808960145697,-0.0347353637126706,-1.18912310274616
-0.284650510368624,0.239914321622989,0.146592268284915,-0.0933220533380747,-2.26238537068643
0.76067622262349,-0.379037561798852,-0.538494919887673,-0.159457358088821,-0.975699857458219
1.7255932069239,-0.944689778154944,-0.952868983505085,-0.00817920535014149,0.511269411453893
-0.525879756443727,0.0887314537341846,0.180834161756583,0.0921027080223984,-0.381338716893654
0.76067622262349,-0.390632254406233,-0.474659192469084,-0.0840269380628511,-0.0296666552223187
2.93173943729941,-2.48406516786696,-2.53821695849581,-0.0541517906288438,-0.0912691547172582
0.278217730473283,-0.230672017545203,-0.421524544339062,-0.190852526793859,0.568895540672531
-0.204240761676922,0.338149366649833,0.488949954149782,0.150800587499949,-0.352855493189658
0.278217730473283,-0.255800463734623,-0.314136884498154,-0.058336420763531,-0.937031699438472
1.7255932069239,-0.914892706496103,-0.847201333499196,0.0676913729969066,-0.149301213051877
-0.284650510368624,0.142108384912319,0.0335692437382057,-0.108539141174113,-0.506148251062906
0.680266473931787,-0.613249787581162,-0.721260011234892,-0.10801022365373,-0.767523473049394
0.680266473931787,-0.587520897891835,-0.731264375077793,-0.143743477185957,-1.76497101221757
1.8864127043073,-0.636524114146911,-0.432488034723608,0.204036079423302,1.34594425239803
-0.123831012985222,-0.0135533355244348,-0.0317606612420199,-0.0182073257175851,0.668356604297841
0.197807981781583,-0.0858876687776377,-0.124881234393312,-0.0389935656156743,-0.255520274213316
0.278217730473283,-0.125104399947151,-0.153241590546114,-0.0281371905989631,0.733338690910699
-0.204240761676922,0.33944900487691,0.188963469279911,-0.150485535596999,1.45857615501987
0.841085971315191,-0.477220039129944,-0.572913509617419,-0.0956934704874755,-0.853334617801003
0.278217730473283,-0.311894416402499,-0.284889697199975,0.0270047192025245,-0.240509301209439
-0.606289505135426,0.488739494384353,0.303184660514907,-0.185554833869446,0.814938806977034
-1.00833824859393,0.351272361252452,0.338689435349876,-0.0125829259025765,0.0530550208111386
-0.525879756443727,0.455418553835741,0.387521325335419,-0.0678972285003213,0.28334390937679
1.00190546869859,-0.696064131171296,-0.600618228762012,0.0954459024092844,0.813941436506293
-0.284650510368624,0.319626470435286,0.176969402694598,-0.142657067740688,0.932301329254098
-0.606289505135426,0.470026318624033,0.555826958554665,0.0858006399306324,-0.13545685080922
-0.365060259060323,0.172077878553388,0.164696838144616,-0.00738104040877197,3.04699493562676
-0.284650510368624,0.0691708715768951,0.102767510617226,0.0335966390403312,1.7122804295152
-1.00833824859393,0.600574942773869,0.550756433956223,-0.0498185088176464,-1.00088569093802
-0.204240761676922,0.379594518688524,-0.0410073177659057,-0.420601836454429,1.05552053912645
-0.123831012985222,0.0716053306502429,0.182909281103851,0.111303950453608,-0.238589550963065
1.8864127043073,-1.19708641589221,-1.2819339492977,-0.0848475334054881,0.382060481118407
0.278217730473283,-0.148780614179857,-0.276799180889593,-0.128018566709736,0.69961510478876
-0.284650510368624,0.317564202561538,0.182687869771446,-0.134876332790092,0.232395653914774
0.439037227856687,-0.266189381405809,-0.115446927980919,0.15074245342489,2.35293724603418
0.841085971315191,-0.609572388275492,-0.642378691832025,-0.0328063035565329,-0.674040923983707
-0.123831012985222,0.0157582449782086,-0.140462369452616,-0.156220614430824,0.666882163635065
0.278217730473283,-0.149548656368188,0.0609955146007698,0.210544170968958,-1.36350027583217
-0.84751875121053,0.556797130431619,0.633688813774736,0.076891683343117,1.02966172708772
0.841085971315191,-0.45979328359311,-0.43416387760923,0.0256294059838804,0.530749021249926
0.197807981781583,-0.0798164382153,-0.255086424627706,-0.175269986412406,0.157856628051633
-1.32997724336074,0.796193840342003,0.534184633298673,-0.262009207043331,-0.455875049574696
-2.21448447896945,1.35003414022802,1.34676621519683,-0.003267925031192,-0.961588380875683
0.278217730473283,-0.0171095040257219,-0.0391181330907592,-0.0220086290650373,0.600050118221356
0.278217730473283,-0.173812092352777,-0.412703996191853,-0.238891903839076,-0.442273888420818
1.2431347147737,-0.512866432245945,-0.377801404176628,0.135065028069317,-0.263240770788166
0.841085971315191,-0.250351875584537,-0.457895988621405,-0.207544113036869,-0.905515704481256
-0.284650510368624,0.0634920853066435,0.15230288916316,0.0888108038565164,0.958208237723274
-0.284650510368624,0.170130502573094,0.358713870892312,0.188583368319218,-2.17085630654409
0.278217730473283,-0.227050249003702,-0.212556104590453,0.0144941444132488,1.12738119868416
1.7255932069239,-1.25959528629133,-1.37627101867457,-0.116675732383236,-0.367624763879527
1.966822452999,-1.58251153003821,-1.69219133705157,-0.109679807013361,-0.871833753387997
-0.204240761676922,0.1285672138253,0.0520775738041795,-0.0764896400211208,0.821036873493403
-0.525879756443727,0.340959682805723,0.575894064994674,0.23493438218895,1.75123470221365
0.599856725240088,-0.324578864565774,-0.461056273414082,-0.136477408848308,2.36898593157713
-1.41038699205244,0.450706525222484,0.563427737005031,0.112721211782547,0.381518084962908
0.599856725240088,-0.464639824211481,-0.645925213975168,-0.181285389763686,-0.117572164037701
-0.365060259060323,0.0548555892829322,0.10977340421537,0.0549178149324382,0.290482654837832
-0.686699253827128,0.256072537022049,0.160937212259661,-0.0951353247623877,-1.86351851743448
1.3235444634654,-0.527943386705105,-0.377274296685076,0.150669090020029,2.15531150922816
-0.686699253827128,0.495935170146152,0.279165248196942,-0.21676992194921,-0.169984284118635
-0.123831012985222,0.187879650666554,0.051247907811509,-0.136631742855045,-0.995551328958654
0.278217730473283,-0.248493219496229,-0.319138757680361,-0.0706455381841317,-0.368746012570612
1.00190546869859,-0.543399907408028,-0.554940945166103,-0.0115410377580746,1.87339032270715
0.680266473931787,-0.226411348672585,-0.212281982676765,0.0141293659958202,-0.340127440175742
1.2431347147737,-0.499038227643002,-0.179820001592421,0.319218226050581,-0.796850676128993
0.278217730473283,-0.344157028451829,-0.460613855032522,-0.116456826580694,1.12308005767736
-1.49079674074414,0.882142598252284,0.947834687380843,0.0656920891285594,-1.20702470791227
-2.29489422766115,1.69428726184165,1.42228157612589,-0.272005685715757,0.0341533026956591
-0.686699253827128,0.190049445381904,0.473809399529783,0.283759954147879,-0.165106558653574
-0.204240761676922,0.150824211341409,0.0917963301459124,-0.0590278811954965,1.53718290681289
-0.204240761676922,0.0150197659080365,0.166774706476165,0.151754940568129,2.27137674228426
-0.204240761676922,0.126958858297697,-0.117421425492705,-0.244380283790402,0.775904719378452
-2.29489422766115,1.56251075944493,1.57208017806206,0.00956941861712135,1.03156184611168
1.2431347147737,-0.568635716472952,-0.591579877833396,-0.022944161360444,0.413912225155492
0.278217730473283,-0.28387024743752,-0.506464255122963,-0.222594007685444,-1.11042608001183
0.278217730473283,-0.210212364829661,-0.535800819443581,-0.325588454613921,-1.31526652183323
2.93173943729941,-1.60395856335464,-1.52761923104406,0.0763393323105814,-0.248923499083554
0.197807981781583,-0.0392451054283358,0.086695907692134,0.12594101312047,1.29824552778255
0.197807981781583,-0.0992644805852573,-0.31548528551116,-0.216220804925903,-0.37994263581254
0.599856725240088,-0.505694788704171,-0.649653401847681,-0.14395861314351,0.775608368769048
-0.686699253827128,0.399464887808729,0.308355512245237,-0.0911093755634916,0.676461944840089
1.00190546869859,-0.463461950364382,-0.476840578623365,-0.0133786282589833,1.08566599208678
-1.49079674074414,0.738148921521876,0.745625040689779,0.0074761191679027,-0.986573192209528
0.278217730473283,-0.111550502945154,-0.125005364160542,-0.0134548612153876,0.870944483530159
-0.284650510368624,0.215725501451341,0.13551310194141,-0.080212399509932,-0.155502023400076
-0.284650510368624,0.308722399264676,0.340541187709613,0.0318187884449365,-2.31564474731984
0.599856725240088,-0.0315717595643694,0.171792138721754,0.203363898286124,-1.67042947029682
0.841085971315191,-0.674127272688332,-0.771059970719624,-0.096932698031292,0.3234628495183
1.8864127043073,-1.30435762974995,-1.54274375569057,-0.238386125940621,-0.48705790181172
0.841085971315191,-0.451942214668854,-0.515359879959309,-0.0634176652904548,-1.45941494438338
-0.525879756443727,0.152334553554282,0.0998167610307643,-0.0525177925235174,1.16812319595498
-0.525879756443727,0.156997322573984,-0.0351632151274769,-0.192160537701461,-0.00327460155168535
1.3235444634654,-0.967176749491806,-0.997380964110263,-0.0302042146184576,-0.824577517576358
-0.123831012985222,0.156741529680244,0.0115413561614411,-0.145200173518803,-1.01391381904055
2.93173943729941,-1.75461389285267,-1.98769867199284,-0.233084779140173,0.607706558224737
-1.41038699205244,0.857515501232156,0.837482631267681,-0.0200328699644756,0.76614728192154
-0.123831012985222,0.052355646843454,0.0767633769529968,0.0244077301095428,1.65306929056889
-0.525879756443727,0.343333884335349,0.1895989988219,-0.153734885513448,0.702012812566539
0.680266473931787,-0.586766055584875,-0.902336988661545,-0.31557093307667,-1.21025951118509
-0.284650510368624,0.135714427408648,0.0396484549153678,-0.0960659724932803,0.996939735527973
1.8864127043073,-1.41562085205743,-1.67478597688247,-0.259165124825048,-0.74607773844279
-0.84751875121053,0.320132023028631,0.385157611632886,0.0650255886042548,-0.816223685064477
-0.525879756443727,0.310401006358488,0.212117918945266,-0.0982830874132224,0.987796866363993
0.278217730473283,-0.0209496680467639,-0.355226166055807,-0.334276498009043,-0.762599480919091
0.278217730473283,-0.105110519046324,0.00494827462743354,0.110058793673757,0.0352794782249488
0.680266473931787,-0.565537899116157,-0.870585701313422,-0.305047802197264,0.587427313234239
-2.21448447896945,2.06221827056193,1.92411315685581,-0.138105113706119,-1.53795231451977
0.599856725240088,-0.372353254587039,-0.405905669468374,-0.0335524148813351,0.52644267418721
-0.204240761676922,-0.00652742327925621,0.039405840105466,0.0459332633847222,0.904794074320147
1.7255932069239,-0.413552480633024,-0.305422042066836,0.108130438566187,0.0738306491047585
0.439037227856687,-0.100545561989989,-0.0234863276180455,0.0770592343719439,0.518464449623727
0.197807981781583,-0.150033931366388,-0.134002269787709,0.0160316615786786,-1.17929961380054
1.8864127043073,-0.77078490562813,-0.554655834708357,0.216129070919773,0.0940542742366619
-0.204240761676922,0.186146653967589,-0.0395292188891334,-0.225675872856722,0.363681262577099
-0.204240761676922,0.217646202106699,0.194644334535399,-0.0230018675713,1.21561196459322
-1.32997724336074,0.973746251155468,0.802799736515678,-0.17094651463979,-1.12583986061714
0.841085971315191,-0.351889204361709,-0.43930810011035,-0.0874188957486414,0.868109232685023
-0.123831012985222,0.1201405166938,0.010072453524886,-0.110068063168914,-0.642134163595867
-0.606289505135426,0.127822274345784,0.224208571469244,0.09638629712346,0.780698099880086
-1.32997724336074,1.04126881597243,0.880633542370123,-0.16063527360231,-0.52220618797293
0.278217730473283,-0.103881051779303,0.248950530250142,0.352831582029445,0.871794365683465
0.278217730473283,-0.3015519909869,-0.361657968369394,-0.0601059773824942,-1.63066642274881
1.966822452999,-1.15482416339015,-1.04826272770154,0.106561435688615,-0.278653954296664
-0.123831012985222,0.0796964624089128,-0.209734563479216,-0.289431025888129,-0.440522808315973
-0.204240761676922,0.120169937693956,-0.122834504595797,-0.243004442289753,-1.41220961584181
0.197807981781583,-0.0737704884594266,-0.12013515122107,-0.0463646627616435,1.12186629245855
-0.123831012985222,0.274990501173133,0.115027707152297,-0.159962794020836,-0.982832351460438
0.439037227856687,-0.399078491362709,-0.477430490573184,-0.0783519992104749,-2.34555082822717
0.197807981781583,-0.191344334553967,-0.316513035622445,-0.125168701068479,-1.55282168534802
-0.284650510368624,0.0856613775908338,0.256226525647224,0.17056514805639,-0.196306691844798
-0.686699253827128,0.463838266300306,0.301559702272443,-0.162278564027864,-1.43366440655664
-0.686699253827128,0.598690328742167,0.338566145697302,-0.260124183044865,-0.0390637978520003
-0.204240761676922,0.137561067096127,-0.151184982006471,-0.288746049102597,-1.40442910460635
-0.284650510368624,0.253581501755916,-0.0552176021193019,-0.308799103875218,-0.38903998637924
-0.0434212642935202,-0.0358904785156005,-0.052473569454094,-0.0165830909384935,-0.204438758590055
0.680266473931787,-0.184533049669119,-0.177400436542336,0.00713261312678243,-1.24782518268628
0.599856725240088,-0.49197397784504,-0.667286373957399,-0.175312396112359,-0.119839133028816
-0.686699253827128,0.322648090150947,0.262650562958722,-0.059997527192225,-0.594722435239793
0.197807981781583,0.0420500878223982,0.0283604772408286,-0.0136896105815696,1.59491778908559
0.197807981781583,0.102079028414877,0.0287435258756042,-0.0733355025392727,0.424047804439388
1.966822452999,-1.11936474229855,-1.01419387386469,0.105170868433857,-0.0926090511076159
0.278217730473283,0.000539098160750873,-0.317624550598074,-0.318163648758825,-0.106317781455011
0.197807981781583,-0.229450389629398,-0.176336261925009,0.0531141277043891,-0.961552496272543
0.278217730473283,-0.264670515839842,-0.147831711575372,0.11683880426447,0.391794710473866
-1.00833824859393,0.345596067859695,0.735689360493197,0.390093292633502,1.17222901353831
0.680266473931787,-0.240253047822483,-0.0667284355839657,0.173524612238517,-0.618576559496363
-0.84751875121053,0.676140683663202,0.376477497139755,-0.299663186523447,1.74788677751995
0.197807981781583,-0.16193213721024,-0.467932678820975,-0.306000541610735,-0.751145879621256
-1.32997724336074,0.473691315207428,0.553962973337833,0.0802716581304049,2.41069923113609
0.439037227856687,-0.440117485005643,-0.776697789090476,-0.336580304084833,-0.89797485075257
1.00190546869859,-0.620184446625099,-0.635919330644131,-0.0157348840190321,-0.112565956904539
-1.49079674074414,0.771148316485492,0.691636708983133,-0.0795116075023584,-0.191839602757532
-2.21448447896945,1.33579419778213,1.21686553423659,-0.118928663545546,-1.55072915667437
-0.204240761676922,0.0956777602231285,0.261891618369622,0.166213858146494,1.18985874227471
-0.686699253827128,0.411858718241972,0.331196936321286,-0.080661781920686,-1.09678808751721
-0.284650510368624,0.327736812959201,0.219246543050922,-0.108490269908279,0.944188942688592
-2.21448447896945,1.26853669765015,1.17722712354716,-0.091309574102987,-1.49353138662033
-0.0434212642935202,-0.135961700701506,-0.0894424053054966,0.0465192953960092,-0.669721559567628
-0.686699253827128,0.174884495791034,0.226555945649866,0.0516714498588321,-1.28537500502994
0.278217730473283,-0.00811692933076466,-0.0837080059428505,-0.0755910766120859,-0.929583412993633
1.00190546869859,-0.811757537953099,-1.09468715749007,-0.282929619536973,-1.81402672695654
-1.49079674074414,1.01708717235326,0.784046908888974,-0.233040263464287,-0.176586164889269
-0.284650510368624,0.203939191249407,0.168147674966103,-0.0357915162833042,-0.107771188214689
-0.686699253827128,0.23715134678375,0.256334151564816,0.0191828047810658,-0.215408905944291
-0.123831012985222,-0.0251483937089832,-0.405663865480882,-0.380515471771899,-1.34799722875203
-0.204240761676922,0.19613215570693,0.21712664925988,0.0209944935529499,0.117684643212831
1.7255932069239,-1.00300116296216,-1.20353720694214,-0.20053604397998,-0.299990897092186
1.3235444634654,-0.767523585246528,-0.744985772408135,0.0225378128383933,-0.0557949238634208
-0.0434212642935202,0.014654047001723,-0.101054108873964,-0.115708155875687,-0.102505166698764
-0.204240761676922,0.177358730479598,0.0954167469939979,-0.0819419834855999,0.0503663041001838
-0.284650510368624,0.148186386109559,0.0791160035214195,-0.0690703825881399,-1.02641313703554
1.2431347147737,-0.901747780866786,-1.37171388513176,-0.469966104264977,-1.48250299488555
0.278217730473283,-0.263461946023312,-0.425234052868334,-0.161772106845023,-0.485837705360421
-0.284650510368624,0.241488226592757,-0.0581996951353074,-0.299687921728064,-1.23663164828857
-0.123831012985222,-0.00483905511232595,-0.209617235032985,-0.204778179920659,-2.72703570217482
-2.21448447896945,0.982636773840893,0.896402096346146,-0.086234677494747,1.05612760248203
-0.204240761676922,0.107210932007187,0.155516533871092,0.0483056018639049,0.112383884322722
0.278217730473283,0.00352778557993208,-0.093062759620351,-0.0965905452002831,0.936234921329653
0.599856725240088,-0.160332198506269,-0.042947688601859,0.11738450990441,0.4981286437017
-0.123831012985222,-0.0242361667983622,0.229631799438776,0.253867966237138,1.16315121137465
0.278217730473283,-0.383950880108126,-0.548344153850031,-0.164393273741905,-0.0694675231639225
0.278217730473283,-0.212474835475251,-0.647458722276252,-0.434983886801002,-1.70845639531702
1.8864127043073,-0.891379821301446,-0.814516116290173,0.0768637050112733,2.53857097674351
-0.284650510368624,0.122650175716263,0.122984791810605,0.000334616094341517,3.9715416634229
2.93173943729941,-1.90135987932991,-2.01080552434289,-0.109445645012984,1.52338170090609
-0.525879756443727,0.337371519874232,0.331356803990071,-0.00601471588416047,-0.0191330135473116
0.841085971315191,-0.567471956657248,-0.451389575608555,0.116082381048693,-0.643869060417497
-0.686699253827128,0.389853672116058,0.228295185497251,-0.161558486618808,1.12478577451946
0.680266473931787,-0.431243666826546,-0.517393782993295,-0.0861501161667488,1.21070701538327
0.680266473931787,-0.202370351201896,-0.218045550881018,-0.0156751996791222,2.19486313354888
1.7255932069239,-1.21563222916712,-1.35638889607312,-0.140756666905994,-0.531785742058731
0.278217730473283,-0.122524236649178,-0.0443733209270424,0.0781509157221353,0.359189906556961
0.841085971315191,-0.323229087247906,-0.426056325116776,-0.102827237868871,0.165787579996362
-0.204240761676922,0.030545859571637,0.135814963871437,0.1052691042998,1.56887349097234
-0.365060259060323,0.341425551098239,0.325789276913783,-0.0156362741844563,0.000534171853190046
0.439037227856687,-0.268644494395506,-0.250809214976664,0.0178352794188417,-0.654486532488841
0.599856725240088,-0.507898770772629,-0.474367782978832,0.0335309877937969,-0.0462568000752226
-0.123831012985222,-0.0156383600755278,0.0258224753228168,0.0414608353983446,-0.9051600359659
-0.686699253827128,0.421868952093062,0.539973924224003,0.118104972130941,0.916510632465209
-0.123831012985222,0.0796641125143633,-0.0548279448900826,-0.134492057404446,1.13291797801373
-0.365060259060323,0.389030857071096,0.311304125136929,-0.0777267319341676,-0.138421325461422
-1.32997724336074,0.829764305601626,0.864619805555201,0.0348554999535751,2.13307007175952
-0.686699253827128,0.418334418664984,0.253910193227037,-0.164424225437947,0.0336283132677945
-0.365060259060323,0.0175393176065564,0.0210340169045219,0.0034946992979655,0.475865026929832
-2.29489422766115,0.962161503766199,0.855549172647868,-0.106612331118331,-1.42322484383116
0.278217730473283,-0.322922232893987,-0.477754429051204,-0.154832196157218,-0.51182717670296
-0.84751875121053,0.689577624114386,0.602709899936897,-0.0868677241774887,-0.343576272676617
0.278217730473283,-0.275419780362309,-0.473850084123744,-0.198430303761435,-0.063169934523216
-0.365060259060323,0.0952601604363076,0.11595484925495,0.0206946888186422,-0.378306456805853
-1.41038699205244,0.603918514373589,0.515947136954819,-0.0879713774187705,-1.14287627211008
-0.204240761676922,0.328960921484044,0.019566365561914,-0.30939455592213,0.0456198383256321
0.599856725240088,-0.343901544209032,-0.477856366850124,-0.133954822641093,1.87405545130201
-0.686699253827128,0.382366975568799,0.271539235495677,-0.110827740073122,1.00121558423714
-0.84751875121053,0.702130437767854,0.506052072618406,-0.196078365149448,-2.29538437572894
0.599856725240088,-0.466599401176472,-0.554225773468863,-0.0876263722923907,1.79126319473641
-0.284650510368624,0.200219817728043,0.376689626000918,0.176469808272875,-1.62644747121034
-0.686699253827128,0.428415168204709,0.389837325639206,-0.0385778425655027,-0.0729298681751956
0.680266473931787,-0.381842899217625,-0.50884205612576,-0.126999156908135,-0.544221969387305
-0.284650510368624,0.126365490320594,0.190079062547745,0.0637135722271502,-0.664316087113203
-1.00833824859393,0.455922494578789,0.519989511599648,0.0640670170208588,0.489904049404102
-0.525879756443727,0.274447043278112,0.308591731445951,0.0341446881678391,-0.593405066202262
-0.284650510368624,0.220991064011406,0.32211915189912,0.101128087887713,1.47511288637184
-0.84751875121053,0.571229271867679,0.515507905440818,-0.0557213664268614,-0.601176813454546
0.278217730473283,-0.120619947300802,-0.141150886857404,-0.0205309395566024,-0.206443482436982
-1.41038699205244,0.5798655068561,0.76794396977151,0.18807846291541,-0.458148763113746
-1.41038699205244,0.65077011127339,0.519065595513066,-0.131704515760324,-1.06759009506282
0.76067622262349,-0.4106182352758,-0.411119096915133,-0.000500861639332995,0.315561756289618
-2.29489422766115,1.50356738987987,1.39569088266664,-0.107876507213233,0.387810289388242
0.197807981781583,-0.313972671882654,-0.461287799707583,-0.147315127824929,-1.3914893563874
-0.123831012985222,0.0723506617981894,0.205196805014723,0.132846143216533,-0.144557371329882
-0.284650510368624,0.218250243834263,0.250170890733778,0.0319206468995146,0.169445011632777
1.7255932069239,-1.0803112174278,-1.1149392459366,-0.0346280285087961,1.57240530052002
-0.204240761676922,0.169933738869322,-0.0240068154230164,-0.193940554292339,-1.17200453301559
0.599856725240088,-0.668811947502775,-0.771362238947108,-0.102550291444333,0.400457086060234
1.7255932069239,-0.943461590028075,-0.949825952102336,-0.00636436207426117,1.05128292519961
1.8864127043073,-1.35816189848403,-1.55596900505665,-0.197807106572612,0.0625327131389017
-0.204240761676922,-0.0221136503915387,0.166601243486555,0.188714893878093,1.10429840327437
0.197807981781583,-0.0209733865038692,-0.115070346022499,-0.0940969595186299,-0.00489852378903538
-0.84751875121053,0.762734598813213,0.599314782721787,-0.163419816091425,1.92106366952572
2.93173943729941,-1.79614112951993,-2.04215710945883,-0.246015979938907,-0.238245499193355
-0.284650510368624,0.268975543549667,0.173503362813893,-0.0954721807357739,-0.299961803149013
-0.525879756443727,0.0316831880762111,0.223347318714424,0.191664130638212,-1.33587025976328
0.841085971315191,-0.537447957141545,-0.573568476519165,-0.0361205193776206,0.705013027538354
-0.204240761676922,0.24779436362869,-0.0835976211417503,-0.33139198477044,0.427581397920139
0.76067622262349,-0.394741908331038,-0.566659775209985,-0.171917866878947,-1.96945449114917
-0.686699253827128,0.0384381504581202,0.159972131482113,0.121533981023993,0.112903025024083
0.680266473931787,-0.445151301374474,-0.666480506465205,-0.221329205090731,-0.652928324053534
-0.284650510368624,0.2184613905522,0.200803459861686,-0.0176579306905139,-0.932892436576523
0.680266473931787,-0.365581315844434,-0.235749670715198,0.129831645129236,0.369165484835698
0.197807981781583,-0.100090836390004,-0.281462288599088,-0.181371452209084,0.0173961085257847
-1.00833824859393,1.08840152961743,0.94839958967999,-0.140001939937444,-0.803525315820993
-0.284650510368624,0.142343641514969,0.0314514594876401,-0.110892182027329,-0.443131658961094
1.966822452999,-0.568541634407883,-0.436938343966483,0.1316032904414,2.47389223275317
-0.204240761676922,0.0311007293906244,-0.216213077622391,-0.247313807013015,-1.7692081904708
-0.686699253827128,0.294935928348428,0.436089287574325,0.141153359225897,1.43386157062779
0.278217730473283,-0.153425226829684,-0.224151375170928,-0.0707261483412444,-1.22662134827723
0.278217730473283,-0.292825040352828,-0.537187720825535,-0.244362680472707,-1.48698830685679
1.3235444634654,-1.14209976659804,-1.39018049761028,-0.248080731012234,1.04817116352298
0.278217730473283,-0.053441956515796,-0.00202172384495633,0.0514202326708396,0.389474371205152
-1.00833824859393,0.664626134920947,0.462578794602789,-0.202047340318158,-0.419662927262294
1.7255932069239,-0.85872733362553,-0.954828341017934,-0.0961010073924035,0.60938669674453
-1.32997724336074,0.0597673917173705,0.303502166329217,0.243734774611847,-0.285017887896017
-0.123831012985222,0.0292686866815225,-0.175505100682312,-0.204773787363835,-0.194333722429405
0.278217730473283,-0.27341482780876,-0.537359145579717,-0.263944317770957,1.72871962606895
-0.686699253827128,0.415722925651534,0.439886939119055,0.0241640134675213,0.947317223905814
-1.00833824859393,0.830551174332832,0.62364684390093,-0.206904330431902,-2.78976425098305
-0.365060259060323,0.0602664531860949,0.0892855889250113,0.0290191357389164,0.762353357746759
-0.525879756443727,0.243223317000484,0.0808543722591803,-0.162368944741303,2.13024409915854
-0.204240761676922,0.244729746370195,-0.0146315260734161,-0.259361272443611,-0.358284273383046
0.680266473931787,-0.410328659054257,-0.264186542787645,0.146142116266612,1.28286519200619
-0.123831012985222,0.0418503299485343,-0.0600377140690842,-0.101888044017619,-1.80823419689672
-0.0434212642935202,0.158781509566815,0.27014901263563,0.111367503068816,0.343757230660571
0.599856725240088,-0.239274844372962,-0.100764062949047,0.138510781423915,-0.0708472123358913
1.2431347147737,-0.786741392808863,-0.689255395080509,0.0974859977283542,1.18187354976658
0.197807981781583,-0.163836521905083,-0.406618437960142,-0.242781916055059,0.92204555144827
-0.686699253827128,0.344148660381609,0.379386637215038,0.0352379768334284,-0.329248947095311
-0.686699253827128,0.42427286305378,0.360463323156651,-0.0638095398971287,0.248497810095814
-0.686699253827128,0.140191072317141,0.247689855771773,0.107498783454632,-1.37279269657632
-1.41038699205244,0.679620035803519,0.643613183797607,-0.036006852005912,0.963243033779698
-0.525879756443727,0.266168510157729,0.237663895747729,-0.0285046144099999,0.547077761868353
-0.123831012985222,-0.0385271422645335,-0.0361010219384851,0.00242612032604834,0.349855402752927
-2.29489422766115,1.15336673665279,1.1012634219585,-0.0521033146942895,-0.329952815426064
0.278217730473283,-0.000320475114875624,-0.0403515654074637,-0.0400310902925881,0.546281852315755
1.2431347147737,-0.643118877182017,-0.87051393288186,-0.227395055699843,1.42189982685402
-0.0434212642935202,0.171542570159224,0.219530284533591,0.0479877143743671,-0.662589538208563
-0.284650510368624,0.136640503891858,0.0442073337691475,-0.0924331701227105,0.177036691638079
-1.41038699205244,0.949541007354633,0.75703434915358,-0.192506658201053,0.446831707063839
0.76067622262349,-0.593545471359892,-0.628631361661917,-0.0350858903020248,1.06933971441257
0.197807981781583,-0.108103701987552,0.0452975840495954,0.153401286037147,-0.416651206595248
-0.284650510368624,0.28668890872086,0.183445100242499,-0.103243808478362,0.364198056854467
-1.41038699205244,1.0602578852028,1.06690004584478,0.00664216064197576,-2.55076434117064
0.278217730473283,0.106929496533519,0.511571866170484,0.404642369636965,0.811998996741037
-0.204240761676922,0.0856653668448909,0.158570144311705,0.0729047774668138,0.756271875147459
-1.41038699205244,0.799350069636346,0.796209778963788,-0.00314029067255772,-0.177829145582784
0.278217730473283,-0.149522964107118,-0.247010487372392,-0.0974875232652742,0.0474220173001884
-0.123831012985222,0.11546801404684,0.0103326190810884,-0.105135394965752,-0.150961212827064
-0.284650510368624,0.123813133320194,0.0292846277418664,-0.0945285055783277,-0.0720964701367963
-0.686699253827128,0.397071933421731,0.373584528611589,-0.0234874048101417,-0.882052124541216
2.93173943729941,-1.81025621850263,-1.79631812180872,0.0139380966939164,-0.359033457358513
-2.21448447896945,1.34968439824589,1.35673042315443,0.00704602490853534,0.401402136462222
0.599856725240088,-0.183301826354484,-0.113904851943134,0.0693969744113498,-1.27743392307349
-0.606289505135426,0.479667746032157,0.254028672260118,-0.225639073772038,0.651482847893297
-0.84751875121053,0.701215441199871,0.464579696478094,-0.236635744721777,-0.585831609228285
-1.41038699205244,0.738077917342729,0.869735797955005,0.131657880612276,-0.842984671557297
-0.84751875121053,0.591104830674619,0.435171464279725,-0.155933366394894,-0.438932151787428
-0.606289505135426,0.527122739308361,0.473147578076607,-0.0539751612317533,1.54178384507672
1.00190546869859,-0.646790715175438,-0.534556055183392,0.112234659992046,-1.17539253008227
-0.686699253827128,0.498412650720317,0.187983744127067,-0.310428906593249,0.484248482489536
-0.365060259060323,0.220282069705845,-0.0200741207949063,-0.240356190500751,-1.10285504283825
-0.84751875121053,0.679895665275119,0.664589425064199,-0.01530624021092,-0.858830226866342
0.599856725240088,-0.565377324750547,-0.826462015267634,-0.261084690517087,-0.281302629709977
1.8864127043073,-1.28104312710216,-1.27765133492138,0.00339179218078667,-0.938075848800322
0.439037227856687,-0.220422632250543,-0.406610705037751,-0.186188072787208,0.642284814105285
0.278217730473283,-0.140280702287944,0.0533259973476227,0.193606699635567,2.73945305101466
0.439037227856687,-0.328563550059522,-0.198545924179349,0.130017625880173,0.197456875198502
-1.41038699205244,0.909550708376121,0.91836809632523,0.00881738794910925,-1.13230830897785
1.966822452999,-0.938117030827359,-1.14969627374778,-0.211579242920422,1.19754864122181
-0.123831012985222,0.261462866193099,0.247854301637098,-0.0136085645560015,0.00979413805873969
0.278217730473283,-0.290838976344256,-0.521341928917376,-0.230502952573119,-1.78017000274283
0.197807981781583,-0.075244057899299,-0.226256443783303,-0.151012385884004,-1.20615051335031
-0.525879756443727,0.287646550137587,0.239669033322904,-0.0479775168146834,0.028560535881527
0.278217730473283,-0.35585627597199,-0.374304974144096,-0.0184486981721056,0.0971994556742961
-0.606289505135426,0.424815256827627,0.520638583825451,0.0958233269978235,1.05351943625095
0.439037227856687,-0.370531713253997,-0.635478863003206,-0.26494714974921,1.00846856832883
-0.284650510368624,0.141514337925647,-0.0502181003532265,-0.191732438278873,-0.465377185572008
-1.32997724336074,0.939563911394612,0.78536481223519,-0.154199099159422,1.18554604624569
-2.29489422766115,1.25702321390818,1.21436611974991,-0.0426570941582662,0.199080637162772
-1.49079674074414,0.943934630115135,1.10133759584621,0.157402965731075,-0.575317407793146
-0.284650510368624,0.285426165724075,0.141671508360266,-0.143754657363809,0.155996423060291
-0.525879756443727,0.340538228781859,0.272751829657168,-0.0677863991246909,-1.49533311986787
2.93173943729941,-1.63584473068669,-1.47351218380958,0.16233254687711,0.019622872858982
0.278217730473283,-0.275645522638506,-0.472699321460273,-0.197053798821767,-1.61241478471976
-0.84751875121053,0.512126233744827,0.513411510292917,0.0012852765480893,0.116317176426344
0.599856725240088,-0.547470731750618,-0.680211792234766,-0.132741060484148,0.269079167606762
0.76067622262349,-0.4658549192784,-0.591694734720074,-0.125839815441674,-0.320589469362225
-0.84751875121053,0.334751745677139,0.131657347133668,-0.203094398543471,1.44418255909228
1.2431347147737,-0.851181148395088,-0.925546826486339,-0.0743656780912509,2.45880161491349
0.278217730473283,-0.121661113623189,-0.428752944784853,-0.307091831161664,0.680914135627162
-2.29489422766115,1.36325833073171,1.21625985083871,-0.146998479892996,0.0174667264032189
-0.525879756443727,0.493506255063806,0.570354524556345,0.0768482694925394,-0.534276498824593
1.7255932069239,-1.15786522095197,-1.30718479607058,-0.149319575118612,-0.171024872775627
0.278217730473283,-0.364027275155725,-0.368536947635835,-0.00450967248010936,-0.546718598451098
-0.123831012985222,-0.0650468525808826,-0.303875707859583,-0.238828855278701,-1.70480459331821
1.3235444634654,-1.02643818247339,-1.22826012464585,-0.201821942172456,-0.511591867609966
0.278217730473283,-0.105129409550685,-0.165760707380995,-0.0606312978303101,-1.05045743476147
0.278217730473283,-0.10005936544203,0.201180406428465,0.301239771870495,0.284688153354862
-0.606289505135426,0.277913490992988,0.461917591081291,0.184004100088303,-0.0804799853300483
1.3235444634654,-1.03741944863698,-1.12817780248985,-0.0907583538528638,0.538279521372145
-0.606289505135426,0.575332445630483,0.470271368899684,-0.105061076730798,0.533383365197608
1.8864127043073,-1.43604907815645,-1.68452895521071,-0.248479877054258,0.632417240448773
0.680266473931787,-0.251464828028513,-0.308236043019647,-0.0567712149911335,0.954207480099403
-0.123831012985222,-0.0885131288709556,-0.298318605369692,-0.209805476498737,0.792309955870037
-2.21448447896945,1.15356736297446,1.04646430876517,-0.107103054209288,-0.974420171437864
-1.00833824859393,0.608067093185404,0.644873779113332,0.0368066859279274,0.743330674234441
-0.365060259060323,0.175620080552677,0.372533750428006,0.196913669875329,-0.263970905384729
-0.123831012985222,0.173639157764906,0.185105510156753,0.011466352391847,0.64769096614713
-0.84751875121053,0.332591743379086,0.3685286180824,0.0359368747033148,-1.03939532426307
1.966822452999,-1.32149193026853,-1.30807943973051,0.0134124905380184,0.336579889893838
0.197807981781583,-0.166646883659288,-0.228176908805483,-0.0615300251461951,1.2724956852339
-1.32997724336074,1.15497891709014,0.86899382787698,-0.285985089213159,-0.508275997261486
-0.686699253827128,0.542410273366066,0.185215727566375,-0.357194545799692,0.660381616407027
0.680266473931787,-0.522306819326485,-0.699664256778727,-0.177357437452242,-0.979536654415903
-0.284650510368624,0.124811212179624,0.255726549453691,0.130915337274068,-0.743882629100086
0.278217730473283,-0.114454446082318,-0.268622269719953,-0.154167823637635,-1.08271614829019
-0.0434212642935202,0.069103085031829,0.111309354719629,0.0422062696877997,0.325072700335489
-0.606289505135426,0.56131964445977,0.4737349996113,-0.0875846448484705,-0.925192212871404
-0.686699253827128,0.677683701275933,0.438742737092594,-0.238940964183339,1.93106439918481
1.7255932069239,-1.05327091676369,-1.1639353427748,-0.110664426011108,-1.16063371798617
-0.284650510368624,0.132149771943454,0.0858784696959318,-0.0462713022475219,0.052417378359945
0.278217730473283,-0.186334284544278,-0.235384133720363,-0.0490498491760848,-0.30366723887346
-2.29489422766115,1.20136350140512,0.968194871239141,-0.233168630165981,0.802407848028132
0.439037227856687,-0.265116769243488,-0.277425287354088,-0.0123085181105998,-1.74125603009117
0.76067622262349,-0.752100728344924,-0.963319052453333,-0.211218324108408,0.516081996504596
-1.00833824859393,0.583416753541023,0.700096135533215,0.116679381992193,-0.53787279144165
0.680266473931787,-0.775039353141545,-0.984382030501811,-0.209342677360266,-0.127637541456262
0.680266473931787,-0.4923184043743,-0.364562502502808,0.127755901871493,-1.45385398621857
0.278217730473283,-0.105980689738384,-0.018861110864321,0.0871195788740627,-0.0251533595746115
0.197807981781583,-0.0977211971098751,-0.0893289412026878,0.00839225590718735,0.600572131854298
1.8864127043073,-1.55891956841193,-1.7030253740275,-0.14410580561557,-1.82503102227561
-0.0434212642935202,0.0496315138620712,-0.111375347921174,-0.161006861783245,-0.491519173969376
-0.284650510368624,0.0955222430846205,0.16316419491262,0.0676419518279996,0.0723440242210419
-0.84751875121053,0.389646255088173,0.36300773609741,-0.0266385189907628,0.434366887010117
2.93173943729941,-1.3791991380349,-1.16358138735417,0.215617750680727,-0.738428703379904
-0.204240761676922,0.0133150737120638,-0.257110744542742,-0.270425818254806,-1.14996631248377
0.599856725240088,-0.124455224579544,-0.0437205657507125,0.0807346588288313,0.981900704492974
-2.21448447896945,1.32657454650185,1.10573463739244,-0.220839909109416,-0.590293434991842
-0.123831012985222,0.0660684100557332,0.0281006494252853,-0.0379677606304478,1.28765212278078
-0.365060259060323,0.170254311751812,0.404628493161775,0.234374181409963,-0.673985094182348
1.00190546869859,-0.935658933121591,-1.13232803758557,-0.196669104463978,0.563893210215431
-0.686699253827128,0.123371979769094,0.210662811926437,0.0872908321573432,-0.562543761677395
0.680266473931787,-0.55101957905229,-0.559968099277754,-0.00894852022546444,-1.76554761420709
0.439037227856687,-0.289947205972777,-0.382405197044931,-0.0924579910721534,-0.273846718115591
-0.284650510368624,0.414437513539774,0.301553604504623,-0.112883909035151,0.23866108077662
-1.49079674074414,0.549890532266046,0.79023712844797,0.240346596181925,-1.38838772753182
-0.204240761676922,0.11810156774535,-0.0681458078267535,-0.186247375572103,-0.189985884067886
1.2431347147737,-0.586233967455951,-0.492615987434921,0.0936179800210304,0.322326137319428
1.7255932069239,-0.342703270296819,0.0257257583275439,0.368429028624363,0.520184606087191
0.197807981781583,-0.0492482590780432,-0.113580267159507,-0.0643320080814642,-0.55719355182089
-1.00833824859393,0.803390305966339,0.780449921945716,-0.0229403840206224,0.0801652921436878
0.278217730473283,-0.218342749883265,-0.406466799704429,-0.188124049821164,-1.91128462937809
-0.365060259060323,0.203232246019728,0.257265245589334,0.0540329995696057,-0.104856379630915
0.599856725240088,-0.505241307610733,-0.544736043298838,-0.0394947356881047,-0.14516812643102
-1.49079674074414,0.810678992268598,0.977020819283745,0.166341827015147,-0.170979483064569
-0.204240761676922,0.204657281079232,0.117774603326342,-0.0868826777528898,-0.444571481033233
0.278217730473283,-0.183792022949114,-0.303895822162431,-0.120103799213317,-1.06077900990082
-0.365060259060323,0.269227931077042,0.2429990516054,-0.0262288794716422,0.728778097516694
-0.123831012985222,0.0925342042652133,-0.139899581650506,-0.232433785915719,0.649444750251314
-0.204240761676922,0.322187838395516,0.359581833645935,0.0373939952504189,-0.0705683980999372
-0.204240761676922,0.0619860282733571,-0.0573810852739886,-0.119367113547346,-2.70803933053435
1.00190546869859,-0.69824692570088,-0.701050478200513,-0.00280355249963304,-0.635574545041227
0.680266473931787,-0.293049286623455,-0.309164663762993,-0.0161153771395378,0.23662090720573
0.841085971315191,-0.585532254088157,-0.692117605001901,-0.106585350913743,-0.637864566929045
-0.284650510368624,0.253932865225009,0.139411136647961,-0.114521728577048,0.506693571127232
1.2431347147737,-0.559723501899167,-0.562949830738689,-0.0032263288395219,-0.105073470110906
0.76067622262349,-0.276865711782535,-0.229832185302398,0.0470335264801371,0.575562105566861
1.966822452999,-1.11830779476168,-1.16686534488744,-0.0485575501257538,-1.62541124460073
0.278217730473283,-0.158748405763733,0.0415657235843226,0.200314129348056,0.863485730706832
0.599856725240088,-0.399015574422007,-0.507000891963876,-0.107985317541869,-1.32881453538106
-0.284650510368624,0.252864615534831,0.29072981789278,0.0378652023579488,1.05029270944686
-0.204240761676922,0.228015111243687,-0.106133719076429,-0.334148830320116,0.688177727323166
-0.686699253827128,0.49899490364074,0.347389454031345,-0.151605449609394,-0.112409742878258
-0.365060259060323,0.37067627424585,0.268743133653125,-0.101933140592725,-0.242608382720561
-0.525879756443727,0.289301883445477,0.141112916161848,-0.148188967283628,1.05787992553424
1.2431347147737,-0.718382227591357,-0.689135195835313,0.0292470317560442,-0.249831779934951
-1.49079674074414,0.930693771626808,0.803481560049323,-0.127212211577485,-1.58981496195981
-0.284650510368624,0.193991358062348,0.207484500613969,0.0134931425516209,1.42192277296342
-0.123831012985222,0.112901209437009,0.149970325446539,0.0370691160095302,0.402082458672323
-0.123831012985222,0.169719964517587,0.111871513007127,-0.0578484515104601,1.84647843768219
-0.686699253827128,0.410245811651744,0.13675073972819,-0.273495071923554,-0.9445928252009
-0.686699253827128,0.501349708728468,0.38743704400847,-0.113912664719998,-0.424022761049336
0.680266473931787,-0.622205164851712,-0.815729954140582,-0.193524789288871,0.494219696642987
-0.284650510368624,0.20313537004044,-0.31095560688196,-0.5140909769224,-2.60596927708812
-1.00833824859393,0.506937062890062,0.707900461280957,0.200963398390895,0.904341334716987
0.76067622262349,-0.477462310826111,-0.732909297438224,-0.255446986612113,0.156743007943415
-0.606289505135426,0.488721404117957,0.532143301611144,0.0434218974931876,-1.51507451836953
-2.29489422766115,1.88885073149062,1.80423675160561,-0.0846139798850112,1.14523297406769
0.278217730473283,-0.237510431299603,-0.139707287719615,0.0978031435799879,-1.62432630284701
0.197807981781583,0.00615704152436719,-0.235089949489131,-0.241246991013499,0.271993736983025
0.197807981781583,-0.0855578646513406,-0.144679610857305,-0.0591217462059642,-0.177142690866558
-0.525879756443727,0.365267576369444,0.210797320360969,-0.154470256008474,-0.380736992759107
0.841085971315191,-0.331646906701841,-0.564357133154064,-0.232710226452223,0.552590427079107
0.680266473931787,-0.0699145711386894,-0.0396793483659691,0.0302352227727203,0.27875805680879
0.278217730473283,-0.197558888992317,-0.138389013493995,0.0591698754983223,2.22778741769647
-0.606289505135426,0.309014838076401,0.312909179258733,0.00389434118233273,1.37111934017331
-0.204240761676922,0.0993628872829534,-0.107575130033444,-0.206938017316397,-1.2353372549626
1.00190546869859,-0.634890350288468,-0.563378288024346,0.0715120622641229,0.900795205918099
0.197807981781583,-0.0819078615614844,-0.254350343387112,-0.172442481825628,0.271065638918199
0.278217730473283,-0.125486136350555,-0.171253259751887,-0.0457671234013318,-0.282341584477027
-1.41038699205244,1.10043836513011,0.882478814574838,-0.217959550555273,-1.27203828558254
0.278217730473283,-0.254371185681443,-0.477494507529204,-0.22312332184776,-1.48975357956052
-2.21448447896945,1.79924720220066,1.6560429511457,-0.143204251054961,-0.135886071282048
1.7255932069239,-1.21171624272026,-1.37253704994818,-0.160820807227923,2.40281227059158
-0.123831012985222,-0.0164485692253885,-0.144573833772997,-0.128125264547609,-0.873718908080946
1.7255932069239,-0.598132714202817,-0.299366274123609,0.298766440079208,-0.517914340820985
1.00190546869859,-0.502825747258061,-0.579857870419978,-0.0770321231619173,-0.343060374906744
-0.686699253827128,0.440092584047336,0.392931932742149,-0.0471606513051868,-0.665871790566481
-2.29489422766115,1.49121836096703,1.39580496440508,-0.0954133965619506,-1.04889428487724
-0.0434212642935202,-0.036679520163685,-0.0702586181219292,-0.0335790979582442,-0.418618509819525
1.8864127043073,-1.30847807998617,-1.38078220824332,-0.0723041282571455,0.10591286532294
-2.29489422766115,1.29729951916025,1.34434593961162,0.0470464204513721,0.0605484915304937
0.599856725240088,-0.522435213468761,-0.817995612877109,-0.295560399408347,-2.16636303104206
-0.123831012985222,-0.0553773790908602,0.161603194269583,0.216980573360444,1.74858064722388
1.7255932069239,-0.8276029106898,-0.851495726871863,-0.0238928161820631,0.175506885063515
-0.0434212642935202,0.0144141754414889,-0.289838273178995,-0.304252448620484,0.200936133772991
-0.284650510368624,0.0827063554105621,0.105539259754459,0.0228329043438968,-0.212202620584414
1.8864127043073,-1.31170800455247,-1.4984653621069,-0.186757357554436,-2.51022323971399
-0.284650510368624,0.202003025318619,0.198836496692028,-0.00316652862659003,-1.70674514200712
-0.525879756443727,0.381405190208435,0.295725362440217,-0.0856798277682181,2.74927197535766
0.439037227856687,-0.254208777288192,-0.34729391600063,-0.0930851387124377,-0.122361585101822
-0.204240761676922,0.181672489944191,0.0520048694950227,-0.129667620449168,-1.37331036486322
-0.525879756443727,0.140203543713918,0.146673465372433,0.00646992165851512,-0.392300119872723
0.278217730473283,-0.0539940215791487,-0.199342594221963,-0.145348572642814,-0.367422206416449
0.599856725240088,-0.198822440671271,-0.148526172508628,0.0502962681626435,1.26057431926134
0.278217730473283,-0.16018058596576,-0.139255591959878,0.0209249940058818,0.0702264798432628
-0.84751875121053,0.53493707683938,0.421694093982867,-0.113242982856513,1.06478070888992
-0.606289505135426,0.371269726553343,0.35412041640881,-0.0171493101445326,0.152116627353634
-0.284650510368624,0.160474945842374,0.147641567127795,-0.0128333787145796,-0.507973044627944
-0.525879756443727,0.166630416817762,0.231494181449883,0.0648637646321211,1.06439737235012
0.599856725240088,-0.32168853916613,-0.468313184314966,-0.146624645148836,-0.689678232628609
-0.365060259060323,0.173762951067803,0.216267562532167,0.0425046114643636,1.48786373684442
-1.32997724336074,0.724739191131508,0.723623729823563,-0.00111546130794515,-0.518383927392807
-2.21448447896945,1.14277137400834,0.873952683453205,-0.268818690555139,-0.904734151620623
-0.204240761676922,0.0883780874078423,-0.256205385420469,-0.344583472828311,-0.720112671587894
-0.123831012985222,0.190466556652726,0.0602695137549759,-0.13019704289775,0.191424932975076
-0.204240761676922,0.252215937303961,0.195305500725376,-0.0569104365785843,-0.898213639651592
-0.606289505135426,0.354119344767718,0.408689288225248,0.0545699434575294,3.71781707742981
0.278217730473283,-0.0667233005446918,-0.239745806169763,-0.173022505625072,-0.259772631358771
-2.21448447896945,1.45719549885464,1.52852987401893,0.0713343751642936,1.18916217502909
-0.686699253827128,0.416874136556656,0.201705343581712,-0.215168792974944,-0.644023922856709
0.599856725240088,-0.0776239074341093,0.225739782056641,0.303363689490751,0.0524722425653086
-1.49079674074414,0.774115826772524,0.916966775415997,0.142850948643474,1.36552076161356
0.278217730473283,-0.194783852657273,-0.234229007209376,-0.0394451545521035,0.570969226811729
-0.525879756443727,0.420881992283404,0.345760181208768,-0.0751218110746362,-0.549490895062745
-0.123831012985222,-0.0807871982654951,0.0922965375189924,0.173083735784488,-0.646500604113051
-0.525879756443727,0.389492559643796,0.205187365641221,-0.184305194002575,-0.0879752796561341
-0.686699253827128,0.378943529736851,0.154444536170163,-0.224498993566688,2.90489153217259
2.93173943729941,-2.19686158063014,-2.26220923749254,-0.065347656862409,-1.4957507521125
-0.0434212642935202,0.153638175992327,0.0711680602367086,-0.0824701157556184,-0.602842775678743
0.599856725240088,-0.383615216322739,-0.512714940182698,-0.12909972385996,-1.04763278381169
-0.365060259060323,0.183975687885551,0.096024275538484,-0.0879514123470674,0.200659795331034
0.599856725240088,-0.623294042828281,-0.72233576595587,-0.0990417231275885,1.09610278014023
-0.525879756443727,0.176308221015064,0.2145348325137,0.0382266114986361,-2.12907647887637
0.680266473931787,-0.61196718756448,-0.679165465839681,-0.0671982782752016,-0.823020352918726
-0.284650510368624,0.167651919911423,0.0782279622425597,-0.0894239576688633,-0.444166504370764
-1.41038699205244,0.925284355568612,0.91570220192162,-0.00958215364699178,1.4243905307205
-0.204240761676922,0.23449246654578,0.113199685004397,-0.121292781541382,-1.24805401157509
-0.284650510368624,0.0344798006670368,0.0797164097781633,0.0452366091111265,-0.70180638561253
1.2431347147737,-0.527962992011956,-0.490487969540839,0.0374750224711172,1.13831548488548
0.599856725240088,-0.242562498837415,-0.22463390366227,0.0179285951751453,0.0442868897167542
0.680266473931787,-0.328412370316134,-0.173784912534774,0.15462745778136,0.956128728494866
0.278217730473283,-0.191595806884809,-0.394008629992882,-0.202412823108073,0.908545775813071
1.966822452999,-1.34098954439295,-1.36810958173128,-0.0271200373383356,0.983521670585501
0.197807981781583,-0.248158283742488,-0.22797634572188,0.0201819380206081,1.35062869582597
-0.686699253827128,0.529377335505956,0.605180251829618,0.0758029163236622,0.12863346628723
-2.21448447896945,0.733043690148342,0.956021491102164,0.222977800953822,1.85665490886051
-2.29489422766115,1.87795585005767,1.73260487835752,-0.145350971700154,-0.351759461280777
-0.204240761676922,0.0596317459701192,-0.21472662611209,-0.274358372082209,-2.49476810261714
-0.365060259060323,0.214375680764705,-0.0324130653920125,-0.246788746156718,-0.397467076720293
0.841085971315191,-0.57430036960432,-0.628764473690366,-0.0544641040860461,-0.0844377546607873
1.3235444634654,-0.575595939816242,-0.324212968146522,0.251382971669719,0.00874552005112594
1.8864127043073,-1.71508578721238,-1.71856419695888,-0.00347840974650371,-1.68260779359956
-0.284650510368624,0.153898380881375,0.142493624465765,-0.0114047564156098,1.7252368963032
-0.123831012985222,0.171207199257078,-0.110917450432171,-0.282124649689249,-1.4772406620243
0.278217730473283,-0.331570306713504,-0.50913511447534,-0.177564807761835,-0.0416427317441657
0.278217730473283,-0.211579775713208,-0.208710448652599,0.0028693270606085,-0.528847802718068
-0.84751875121053,0.403683249732012,0.125201095499107,-0.278482154232906,-0.503814816004126
-0.525879756443727,0.266010917364836,0.134806325030726,-0.13120459233411,-2.6991136823649
-2.21448447896945,1.52481430027419,1.4074054182073,-0.117408882066895,-1.40958593548681
-0.686699253827128,0.24562957331178,0.74984415091648,0.504214577604701,0.327749138891626
0.278217730473283,-0.144384598039098,-0.372083323581398,-0.2276987255423,0.51924998509306
-1.49079674074414,1.2360127212536,1.04013031515829,-0.195882406095313,-0.757517125403468
-0.686699253827128,0.466349979298335,0.419819811981592,-0.046530167316743,2.21852828192935
0.278217730473283,-0.143212308880166,-0.0557064878085944,0.0875058210715719,-0.260317858652738
-0.284650510368624,0.0744887173462875,0.170166540277004,0.0956778229307167,1.24235831072529
1.3235444634654,-0.859426100864956,-0.772722176908915,0.086703923956041,1.39207507566968
-0.0434212642935202,-0.00221053495458301,-0.259589292882228,-0.257378757927645,0.979329280094806
-0.84751875121053,0.341719691502036,0.2004076666576,-0.141312024844437,-1.37240845082485
-1.49079674074414,1.41569937027521,1.27126849524525,-0.144430875029966,0.895385864586157
1.2431347147737,-0.784723599874342,-0.983183597936042,-0.1984599980617,1.23953587252279
-0.284650510368624,0.176732651382043,-0.122628391760989,-0.299361043143031,-1.17085758827203
-0.204240761676922,0.0614021270163815,-0.320386564190108,-0.381788691206489,-1.82160340247713
-0.204240761676922,0.19979555733062,0.259549661884218,0.0597541045535975,-2.0845173269545
-0.686699253827128,0.255969438928291,0.222581135662163,-0.0333883032661284,0.110717917058533
0.278217730473283,-0.0547586150835025,-0.121988002173964,-0.0672293870904611,-1.68752891616073
-0.365060259060323,0.312261714640264,0.441676302954638,0.129414588314373,1.38176116941728
-0.525879756443727,0.340499746766008,-0.0348869056281317,-0.37538665239414,-0.905717092566925
0.278217730473283,-0.184229332138827,-0.2766898941985,-0.0924605620596721,0.203867225954439
0.278217730473283,-0.112632439179656,-0.239363523123947,-0.12673108394429,-0.746226034778839
1.966822452999,-0.993899090267715,-1.07742497143423,-0.0835258811665168,-0.870990268447772
-0.284650510368624,-0.166440061105577,-0.306913050651772,-0.140472989546196,-0.656406891198919
-0.525879756443727,0.3001838382659,0.317464859871676,0.0172810216057762,-0.4324921836796
1.966822452999,-1.08261033901461,-1.10413416507952,-0.0215238260649058,-0.689034541551621
1.2431347147737,-0.648044811560978,-0.740482784965889,-0.0924379734049112,1.20045206613665
-0.123831012985222,-0.0485047449260682,-0.121177626322069,-0.0726728813960006,-0.397329383039449
-0.686699253827128,0.617879955426822,0.412612308001139,-0.205267647425682,0.0444433931346584
0.680266473931787,-0.379098747049564,-0.44640748874223,-0.0673087416926654,-3.91682000374825
0.599856725240088,-0.554520004095616,-0.801508275297379,-0.246988271201763,-0.257306833084012
0.278217730473283,-0.197520426788266,-0.378605499876927,-0.181085073088662,0.308897082732687
-0.284650510368624,0.182852165379022,0.270935365022585,0.0880831996435634,1.78284366869412
-2.29489422766115,2.12343190345155,1.99548189319313,-0.127950010258415,-0.492471370118413
0.197807981781583,-0.00895059552454225,-0.29262853650651,-0.283677940981967,-0.194110400518086
-0.606289505135426,0.216439588446514,-0.0120182317599158,-0.22845782020643,-0.0680657137899545
-0.284650510368624,0.108900008906962,-0.195474406919939,-0.304374415826901,0.368361594079119
0.197807981781583,-0.148201646517873,-0.255300813232139,-0.107099166714266,-2.51942501511098
-0.123831012985222,0.0778341578808961,-0.0960726852047105,-0.173906843085607,-1.43383010720755
1.7255932069239,-1.01875709743245,-1.04282343791792,-0.0240663404854708,-1.30486507548495
0.278217730473283,-0.232348420395498,-0.456018375912886,-0.223669955517388,0.920728907094466
0.278217730473283,-0.188349901350326,-0.432609305665203,-0.244259404314877,0.565288913361686
-0.204240761676922,0.248133908944732,0.0138231832563546,-0.234310725688377,-0.39689661060603
-0.686699253827128,0.512268796698435,0.479076931214016,-0.0331918654844192,-0.291488395222963
0.197807981781583,-0.013951176755843,-0.204489071617568,-0.190537894861725,1.75919498344761
-0.123831012985222,-0.00834606830034203,-0.141432498587695,-0.133086430287353,-0.953667920794106
1.966822452999,-1.55551764619765,-1.63420099698882,-0.0786833507911653,1.83782523715903
-2.21448447896945,1.36979158621582,1.04891560130676,-0.320875984909059,0.589964395156521
-0.123831012985222,-0.0876513680234189,-0.298273908815256,-0.210622540791837,-0.782299276964704
-0.525879756443727,0.623524930660545,0.517019669962476,-0.106505260698069,2.28296042840729
-1.49079674074414,0.943195952931383,0.81307885568863,-0.130117097242753,-2.16460940948855
1.3235444634654,-1.29746135469853,-1.44556324358866,-0.148101888890129,0.386663058385828
1.7255932069239,-0.798299583360311,-0.674775337521065,0.123524245839246,0.62820245652822
-0.525879756443727,0.28952113999419,-0.131366549601273,-0.420887689595463,-1.7165889807045
-0.123831012985222,0.110204352897593,0.0602353597700274,-0.049968993127566,0.500902015033541
0.76067622262349,-0.515676728880339,-0.540046072640825,-0.024369343760486,0.611765567975306
2.93173943729941,-2.6509978004185,-2.75983248838613,-0.108834687967631,0.49813198907948
-0.686699253827128,0.475746911230602,0.434742666362877,-0.041004244867725,-1.69106832930882
-0.365060259060323,0.326316833907963,0.151538956408493,-0.17477787749947,-0.941036800280387
0.599856725240088,-0.567189570895792,-0.992747813925066,-0.425558243029274,0.0386222981916822
0.439037227856687,-0.347271122760133,-0.637120682962244,-0.289849560202111,0.689148201026446
-0.606289505135426,0.17541934988333,0.157456168202904,-0.0179631816804254,0.730692825434874
-0.204240761676922,0.149846208207379,0.248638465149308,0.0987922569419287,-0.579862586563501
-0.365060259060323,0.252614997807961,0.120771582282956,-0.131843415525005,2.07656555341434
1.966822452999,-1.03570459018154,-1.18601090431434,-0.150306314132806,0.173665007717885
-0.284650510368624,0.292654200919167,0.240499485678227,-0.0521547152409402,0.15626396294215
1.966822452999,-0.617653807291245,-0.388650814496934,0.229002992794311,-0.308137111943976
-2.21448447896945,1.06471533908394,1.16291882899771,0.0982034899137698,0.967985229184008
-2.21448447896945,1.74489925533904,1.51510304018795,-0.229796215151084,-1.56672230907635
0.278217730473283,-0.0871813742193543,-0.147009772090925,-0.0598283978715708,-1.25651396447133
-2.21448447896945,0.975659914745765,1.09311887448624,0.117458959740478,0.418562494738058
-0.686699253827128,0.59723126827945,0.343122754296532,-0.254108513982918,-2.58302689458082
1.2431347147737,-0.489230644077023,-0.609158557907175,-0.119927913830152,-0.0741156477078572
-0.606289505135426,0.452982155712215,0.384507498979917,-0.0684746567322985,1.38587363483103
-0.284650510368624,0.151850069612048,-0.0361392790080727,-0.187989348620121,-0.555990660947719
0.680266473931787,-0.455535893109568,-0.641326633079586,-0.185790739970018,-0.255081500903981
-2.29489422766115,1.73163799323498,1.5623843870854,-0.169253606149583,-2.55263689429644
-1.49079674074414,1.03653168567977,0.844363579888479,-0.19216810579129,-2.1102514640577
0.599856725240088,-0.335890132405833,-0.537082004815919,-0.201191872410087,-0.709468810150488
-0.686699253827128,0.479982617306007,0.753722210581725,0.273739593275719,0.367716403635084
0.680266473931787,-0.32355268115943,-0.356700049593138,-0.0331473684337076,-0.639318793537559
-0.123831012985222,-0.0176479748432995,-0.0426022406222022,-0.0249542657789027,0.132123654229343
1.2431347147737,-0.755915124093958,-0.776938385280279,-0.0210232611863213,2.54613390422706
1.8864127043073,-0.391717558869874,-0.232950245941312,0.158767312928562,1.91110102188013
-1.32997724336074,0.909569986546896,0.733152606811925,-0.176417379734971,0.190793242832442
-1.41038699205244,0.905416032370649,0.913409186249595,0.00799315387894517,0.879769683118967
-0.123831012985222,0.0281457655981361,0.180825784574018,0.152680018975882,-0.821742356106266
-0.525879756443727,0.0645111203835304,0.070395690784366,0.00588457040083554,-0.830709103353004
0.599856725240088,-0.154331874672957,-0.262949884196532,-0.108618009523576,-0.438606823028363
-0.204240761676922,0.176886847711421,-0.0877275487031889,-0.26461439641461,0.173779395765466
-0.686699253827128,0.215410840297982,0.345162167828941,0.129751327530958,1.98046678312832
-0.284650510368624,0.208277360659753,-0.0143921091743935,-0.222669469834147,-0.172467587207188
-0.123831012985222,0.238800609717046,0.464504408237022,0.225703798519976,0.402141065103505
0.278217730473283,-0.182481052245622,-0.486601458205935,-0.304120405960313,-0.714961774937385
0.278217730473283,0.0137316872831043,0.182921731324561,0.169190044041456,0.0179204188527727
-0.84751875121053,0.555582859097293,0.672825306307085,0.117242447209792,1.53750239715124
-2.29489422766115,1.36916688746499,1.44010064197379,0.0709337545087927,-0.201834724984505
1.2431347147737,-1.65538988497141,-2.34925086797769,-0.69386098300628,-1.93945979733862
-0.525879756443727,0.530177418799761,0.351030329294505,-0.179147089505256,-0.981533146347832
1.966822452999,-1.15721746126878,-1.29233972302873,-0.13512226175995,-0.707854359793468
-0.123831012985222,0.0632141531822175,0.0878159375449699,0.0246017843627523,0.921915983291578
-0.365060259060323,0.293688994121538,0.243887359795304,-0.049801634326234,0.170782042591219
-1.32997724336074,0.243115627693436,0.599610664211526,0.35649503651809,2.08367694548473
0.278217730473283,0.0070430090052373,-0.0946718387017693,-0.101714847707007,-1.18718946916739
0.197807981781583,-0.0879111510713515,-0.505243402819052,-0.4173322517477,0.147557350756126
-1.41038699205244,0.95014501022915,0.851862595589801,-0.0982824146393485,-0.271962530836799
0.278217730473283,-0.373721072276058,-0.761196493674081,-0.387475421398023,-0.67167436862838
-0.284650510368624,0.159624671256061,0.271673327107697,0.112048655851637,1.86490393108258
0.278217730473283,-0.404670299215243,-0.492192955304459,-0.0875226560892154,0.775792233521389
1.8864127043073,-0.975005784347857,-1.0644836845245,-0.0894779001766395,0.874235104844264
-0.606289505135426,0.390373993985142,0.531308476161583,0.140934482176441,0.518224751073461
-2.29489422766115,1.35497079535317,1.08377995940704,-0.271190835946126,-0.627187660561364
0.680266473931787,-0.37421797577888,-0.355776547109911,0.0184414286689693,0.479532067089947
1.2431347147737,-1.07925719102886,-1.23868167813152,-0.159424487102658,0.35392233107266
-0.123831012985222,0.074875294577203,0.193396225524079,0.118520930946876,0.0279356789083443
-0.0434212642935202,0.104736144946441,0.00621958041740653,-0.0985165645290344,2.00612928120476
0.599856725240088,-0.393589531473552,-0.143391670970763,0.250197860502788,-0.657827627980998
-1.41038699205244,0.861857016045896,0.791355857494416,-0.0705011585514803,-0.842542256019749
-0.606289505135426,0.454471720706326,0.337886898035276,-0.116584822671049,-1.03964016723871
1.966822452999,-0.737862500629247,-0.43964857491513,0.298213925714117,-0.109647006467488
-0.606289505135426,0.466372833918201,0.360400513667782,-0.105972320250419,-0.516181378693173
-0.204240761676922,0.0786304844487001,-0.0103264448479033,-0.0889569292966034,0.58038426697906
1.2431347147737,-0.870083818190761,-0.799717888945835,0.0703659292449259,0.881384859471794
1.3235444634654,-0.388040102082868,-0.0966651065236299,0.291374995559238,0.0386541531951144
1.966822452999,-0.959365929141619,-0.842146437694508,0.117219491447111,0.259332396984452
-0.525879756443727,0.264218312053096,0.119257813827077,-0.144960498226019,-3.1443099373275
-0.123831012985222,0.152070000785518,-0.171703801928475,-0.323773802713993,1.39781643454439
-1.00833824859393,0.837972767779398,0.759002729132688,-0.0789700386467103,0.714874795021767
1.7255932069239,-1.23928368143704,-1.34684584021131,-0.10756215877427,0.561875277932364
-0.204240761676922,0.0537081907984028,0.0328122220910403,-0.0208959687073625,0.488624932326603
0.599856725240088,-0.433322387797505,-0.582989085579401,-0.149666697781897,0.850014627677603
-0.204240761676922,0.180335687671538,0.0282590679224616,-0.152076619749077,-1.50608965620923
2.93173943729941,-1.24269130039034,-1.15078664003016,0.0919046603601827,1.00797204191334
-0.686699253827128,0.392217287465314,0.249411609559835,-0.142805677905478,-0.147393899228832
0.278217730473283,-0.279762085606032,-0.460285659671762,-0.18052357406573,0.525192267118854
-0.686699253827128,0.656706522730842,0.341344775676571,-0.315361747054271,-0.67214793984219
-0.284650510368624,0.0192485029453185,-0.261406327388964,-0.280654830334282,0.543824680320607
1.2431347147737,-0.908143988202114,-1.03490401525748,-0.126760027055364,-1.48551855587661
0.278217730473283,-0.0958537792855129,-0.203682599307325,-0.107828820021812,-1.11376029303893
0.599856725240088,-0.631238492096455,-0.889815277744538,-0.258576785648083,-1.13211467308382
-0.525879756443727,0.21957743913207,0.280819301361386,0.0612418622293162,1.90497672878038
0.841085971315191,-0.574943327309634,-0.614280225070784,-0.0393368977611503,-0.827964604576002
1.00190546869859,-0.604274237078257,-0.643025439576466,-0.0387512024982093,0.438062153049693
0.599856725240088,-0.213325147045943,-0.317310107757813,-0.103984960711869,0.167964593041264
-0.204240761676922,0.137136312883085,-0.136323724033518,-0.273460036916603,-0.21126580472487
-0.123831012985222,0.159851965540646,-0.0880565976363735,-0.24790856317702,-3.61261854781117
-0.606289505135426,0.294000096927803,0.0950557319671668,-0.198944364960637,1.03659598491315
1.2431347147737,-0.694358844974767,-0.755702578146833,-0.0613437331720661,0.917070700080806
1.966822452999,-1.40422140845769,-1.53528094378299,-0.131059535325301,-0.925754071312925
-0.606289505135426,0.625967218197871,0.43405345740539,-0.191913760792481,-0.648205281120863
1.2431347147737,-0.928938659441295,-1.16086913914802,-0.231930479706723,0.0421203084777506
-0.365060259060323,0.199982829047275,0.078218819712718,-0.121764009334556,0.789523210145662
0.197807981781583,-0.132953342399015,-0.191904496653927,-0.0589511542549115,-0.637358859678484
-0.525879756443727,0.223896937512233,0.420283652312082,0.196386714799849,1.03187717680114
0.278217730473283,-0.143942265451727,-0.307129340642319,-0.163187075190592,1.28230820701382
-0.84751875121053,0.568404907137506,0.371829447965243,-0.196575459172263,-0.245956500236479
0.278217730473283,-0.153297820600071,-0.296896324482322,-0.143598503882251,-0.582448842851773
0.278217730473283,-0.278753567945399,-0.401527361069627,-0.122773793124228,-0.845000254147768
-2.21448447896945,1.95918619877451,1.68541925170647,-0.273766947068037,1.68267769306601
-0.525879756443727,0.441892164813116,0.400516790065791,-0.0413753747473254,-0.652564534120052
0.680266473931787,-0.498110501251461,-0.567654669283009,-0.0695441680315472,-1.03070168130451
0.278217730473283,-0.185318287839277,-0.155600830863103,0.0297174569761734,-1.70149845111065
1.3235444634654,-0.374547970118292,-0.243359095247087,0.131188874871205,-0.911872092101709
-1.32997724336074,1.24558948024464,0.91447842644705,-0.331111053797595,-0.0356151501743972
-0.365060259060323,0.264215728657193,0.180275497071235,-0.0839402315859576,-2.33940273619764
-1.32997724336074,0.858379441884622,0.654110297105411,-0.20426914477921,-0.666844145280504
1.3235444634654,-0.639380983961712,-0.696205364466131,-0.0568243805044192,-1.07767057840799
0.599856725240088,-0.350086736466636,-0.265199465918412,0.0848872705482235,0.343151606841038
0.197807981781583,-0.181446017996279,-0.150519478176424,0.0309265398198553,1.16045273548016
-0.686699253827128,0.468463645172025,0.739635113700648,0.271171468528623,1.39225398801165
-0.284650510368624,0.23912964088706,-0.0534445879622649,-0.292574228849325,-0.678316265275314
-1.00833824859393,0.649586418680903,0.656325131287587,0.00673871260668335,0.863598922817515
-1.41038699205244,0.987825194824509,0.886932087059153,-0.100893107765356,-0.146275150552588
0.599856725240088,-0.421878833729339,-0.501499637162417,-0.0796208034330782,1.16439361203234
1.00190546869859,-0.59916959861844,-0.617464832558135,-0.018295233939695,0.857046844397854
1.8864127043073,-1.38419825353467,-1.61935669824237,-0.235158444707702,1.90483748327878
-0.284650510368624,0.0588103348918357,0.00813809398551929,-0.0506722409063165,2.18945009370083
0.841085971315191,-0.571091542767714,-0.776802351304588,-0.205710808536874,-2.34720951028797
0.278217730473283,-0.231733506759618,-0.0111441542759841,0.220589352483634,1.00377828777534
0.599856725240088,-0.365246117559961,-0.461720993779767,-0.0964748762198059,-0.0187145724807936
-0.123831012985222,0.175139145464171,-0.103893504161262,-0.279032649625433,-0.256868646309994
-0.204240761676922,0.193923664235834,0.104961152269613,-0.0889625119662211,-1.31177509401769
-0.284650510368624,0.215010199578924,0.174088139642616,-0.0409220599363081,-0.071864984945153
1.966822452999,-1.21369520042038,-1.4139135438404,-0.200218343420017,-1.11129244490858
-0.0434212642935202,0.0265101587803883,0.0220709477782236,-0.0044392110021647,-0.396210788677929
2.93173943729941,-1.63462130903462,-1.70986208506863,-0.0752407760340088,1.72823378935196
-1.00833824859393,0.514605859163878,0.597103103332764,0.0824972441688866,1.7372282525049
2.93173943729941,-1.43642710933376,-1.52192511941132,-0.0854980100775549,1.48168613843865
-0.686699253827128,0.411643444989861,0.324503974782537,-0.087139470207324,-0.407045490142549
-1.00833824859393,0.597827585808003,0.446452493498311,-0.151375092309692,-0.317146431242046
-0.123831012985222,0.0847667905435855,0.217400170183728,0.132633379640142,1.46672210748695
-0.123831012985222,0.126444796922567,-0.0857057680928761,-0.212150565015443,-0.362634622015619
-0.365060259060323,0.384127773360063,0.275011488851311,-0.109116284508751,-1.2477954974559
0.680266473931787,-0.629985085577936,-0.582544655995683,0.0474404295822529,0.724817319779511
-0.525879756443727,0.340560510520814,0.213010039482458,-0.127550471038356,0.828245721050037
0.599856725240088,-0.309235863843231,-0.393095262935941,-0.0838593990927096,-0.0063062480359195
-0.365060259060323,0.206150694383416,0.196231945259202,-0.00991874912421403,0.174433864251849
-0.284650510368624,0.17076570087943,0.0756422317736789,-0.0951234691057513,0.936123818520575
-0.123831012985222,-0.15749676424877,-0.28102186991668,-0.123525105667911,-0.928086701000681
0.76067622262349,-0.518234341348986,-0.574848681087249,-0.0566143397382634,1.05313581047988
1.00190546869859,-0.593199435338948,-0.892260310211002,-0.299060874872054,1.97592468593996
0.599856725240088,-0.199366065575716,-0.112938431985665,0.0864276335900514,0.932304984262038
-0.686699253827128,0.449181538480034,0.299097818908445,-0.150083719571589,-1.43030656540987
-0.84751875121053,0.515328206105286,0.531266618057219,0.0159384119519327,2.44733446937698
0.680266473931787,-0.265168631357879,-0.109929693009423,0.155238938348455,2.22762263072996
0.197807981781583,-0.0714124535326929,-0.23155969190333,-0.160147238370637,1.74756986447486
-0.84751875121053,0.623799045928658,0.397038826858982,-0.226760219069675,1.25666456225401
-0.606289505135426,0.201880729701849,0.12886504210483,-0.0730156875970192,-0.899190514862151
0.197807981781583,-0.0765454454169104,-0.0834310594619674,-0.00688561404505697,-0.615273761423577
-0.686699253827128,0.404815737480409,0.580357356539217,0.175541619058808,1.86009230877872
0.599856725240088,-0.426882501909709,-0.574044589737631,-0.147162087827922,1.88483970968553
1.966822452999,-1.21601583756264,-1.43004921493977,-0.214033377377133,1.32953220683281
-1.41038699205244,0.907374228056706,0.735408509632413,-0.171965718424292,-1.32670868116188
-0.84751875121053,0.684320292101978,0.450006209255706,-0.234314082846272,-1.17469659179205
-0.123831012985222,0.108516214206135,0.158491085048279,0.0499748708421437,-1.21566065460842
0.197807981781583,-0.195994037950428,0.220079958962364,0.416073996912791,-0.492300538508676
1.2431347147737,-0.847081468737883,-1.08025748607104,-0.233176017333157,-0.40207706302492
-1.00833824859393,0.573227351043603,0.443373729030086,-0.129853622013517,4.22125885552169
1.2431347147737,-0.969304509019802,-1.21249844302721,-0.24319393400741,-1.21767485239827
1.3235444634654,-0.408437082804245,-0.33494448627405,0.0734925965301952,-0.382504332442957
-0.0434212642935202,-0.0701347073890896,-0.28494354450695,-0.21480883711786,-0.971050786558045
1.966822452999,-1.32148773582375,-1.54473465977881,-0.223246923955058,-1.38640961799159
0.278217730473283,-0.31905355453231,-0.407284268841139,-0.0882307143088286,-0.270955208115399
0.278217730473283,-0.582859371661078,-0.811981634600292,-0.229122262939214,1.19568627115485
-0.123831012985222,0.118927242487943,0.0165399515725984,-0.102387290915345,-0.139000971849513
-0.284650510368624,0.174993822167941,-0.0598985306523336,-0.234892352820274,0.519390633403721
-0.525879756443727,0.355968453596099,0.00808403802310237,-0.347884415572997,-2.67787408450483
-0.204240761676922,0.201375030170786,0.176388199874866,-0.0249868302959197,-0.0381713986600503
-1.00833824859393,0.685736114123379,0.475893614877347,-0.209842499246032,0.404108429623659
0.599856725240088,-0.156878872060852,0.0145574208505951,0.171436292911447,0.851802295846735
-0.284650510368624,0.0921709010516899,-0.0505755456918197,-0.14274644674351,0.090766667972071
-0.204240761676922,0.202034392312249,0.0289003334252868,-0.173134058886962,-0.482245506807611
0.197807981781583,-0.106213883882745,-0.411289786862351,-0.305075902979606,-0.0180196209504757
-0.84751875121053,0.527252197639522,0.59672651809508,0.0694743204555577,1.72590709516246
-2.29489422766115,1.15021146726258,1.17132324417496,0.0211117769123819,-1.15084582321601
-0.284650510368624,0.22201528783092,0.0782247366376199,-0.1437905511933,2.87000426762676
-0.525879756443727,0.504492384008354,0.51973545625349,0.0152430722451351,-2.46177767553135
-1.49079674074414,0.61966587153841,0.709450581357062,0.0897847098186518,-2.10514092793045
-0.284650510368624,0.250332226768788,-0.0777988738693979,-0.328131100638186,0.871480547331694
-1.00833824859393,0.775280054618294,0.502765942324917,-0.272514112293377,-1.88961295316429
-0.606289505135426,0.329049201177535,0.0432718520283517,-0.285777349149183,-0.166148003330791
-0.686699253827128,0.282214095779822,0.333426140598354,0.0512120448185317,-0.580664264579586
0.680266473931787,-0.431632890946478,-0.521317923333421,-0.0896850323869429,-1.28216713587789
-0.284650510368624,0.205168179603041,0.0943973372995656,-0.110770842303476,-0.622500538507578
0.278217730473283,-0.0298399233412741,-0.227090026328976,-0.197250102987702,-0.317834732632477
-0.525879756443727,0.169757654078526,0.134092784922935,-0.035664869155591,0.167273275797108
-0.284650510368624,0.434016497036259,0.248261324037537,-0.185755172998722,1.9042791398152
-0.365060259060323,0.322640175038642,0.112045777887626,-0.210594397151016,1.48804556866813
0.278217730473283,-0.251045447880958,-0.489396585183411,-0.238351137302453,0.352706575916714
-0.686699253827128,0.469919804643815,0.204804957935596,-0.26511484670822,-1.4894648039929
-0.84751875121053,0.502949647330221,0.628972552824331,0.126022905494109,-1.17118787205995
0.599856725240088,-0.545429460399685,-0.352727183655528,0.192702276744157,2.73785205847288
0.680266473931787,-0.240845323868737,-0.205317220361951,0.0355281035067866,1.64911595694875
-0.0434212642935202,0.196494447471649,-0.229338127163384,-0.425832574635033,1.937007199209
-0.365060259060323,0.273203889278848,0.112718766730872,-0.160485122547976,0.134133491992784
-0.284650510368624,0.231030260582425,0.107459693407212,-0.123570567175213,0.255164835042387
-1.32997724336074,1.02908517844349,1.00829358616292,-0.020791592280565,-0.492604709856511
1.3235444634654,-0.79815838037352,-1.01720772220357,-0.219049341830046,-1.29924045843951
0.197807981781583,-0.138089646700828,-0.356901792333968,-0.21881214563314,-0.88663759498365
-0.123831012985222,0.0349275925527387,-0.152283594132229,-0.187211186684967,-0.0759817321283996
0.278217730473283,-0.166366079033071,-0.388760511641485,-0.222394432608414,-0.724924971118928
1.3235444634654,-0.609915541381269,-0.55208579405242,0.0578297473288493,0.388974213688009
-0.284650510368624,0.232405834286437,0.257920458139906,0.0255146238534686,1.43271676601555
-2.21448447896945,1.50542823997046,1.25117505115536,-0.254253188815096,0.52058255714545
0.278217730473283,-0.0937761294601254,-0.205310617973636,-0.111534488513511,-0.0950411272043909
-0.525879756443727,0.44835985888244,0.224523066582262,-0.223836792300178,-0.248761712421682
-1.49079674074414,0.95047248680092,0.90615531784071,-0.0443171689602104,0.174291244490231
-0.284650510368624,0.208580580027415,0.0665117782747337,-0.142068801752681,0.613329910090537
-1.32997724336074,0.919240526657343,0.937862794312193,0.0186222676548506,-0.202626095822048
0.278217730473283,-0.238361087203439,-0.539807274919965,-0.301446187716526,0.161416409118891
0.197807981781583,-0.164608880180933,-0.077939608448647,0.0866692717322859,-1.29853640911888
1.8864127043073,-0.312465106183113,0.114219791695243,0.426684897878356,0.460753500562949
1.3235444634654,-1.14777090192422,-1.40635371218204,-0.258582810257815,0.163055939987767
0.197807981781583,-0.148281503026168,-0.375284811388657,-0.227003308362489,-0.668291366879588
0.680266473931787,-0.207593572189177,-0.095822264488985,0.111771307700192,0.121426102298396
0.680266473931787,-0.318707674844402,-0.197780067481101,0.1209276073633,0.118268596672004
0.197807981781583,-0.0429242652388702,-0.223576685143805,-0.180652419904935,-0.807633597368198
0.841085971315191,-0.641880065136458,-0.594147312010794,0.0477327531256632,0.0967272853839183
0.599856725240088,-0.100170849695108,-0.17596820143504,-0.0757973517399319,1.7623028394955
-1.32997724336074,0.80455759784938,0.542920827462171,-0.261636770387209,-1.21419416867215
0.278217730473283,-0.188430805132976,-0.0761106913964538,0.112320113736522,1.37338524984538
-0.365060259060323,0.0270938247936778,0.148587446405007,0.121493621611329,0.0739732156984694
0.680266473931787,-0.36199508159952,-0.48154691352383,-0.11955183192431,0.402598304761006
-0.123831012985222,0.192362851275765,0.138164236306625,-0.0541986149691405,-0.743138947303738
1.8864127043073,-0.658601614193368,-0.49257924884878,0.166022365344588,0.0585932650231036
-0.525879756443727,0.331830699613015,0.421406444076557,0.0895757444635414,-0.276719041475888
-0.606289505135426,0.249165722016584,0.251574227097992,0.00240850508140844,0.588404696850637
-0.686699253827128,0.518736824780724,0.383972089129411,-0.134764735651313,-0.558015362382615
1.966822452999,-1.61132160991782,-1.69351599847675,-0.0821943885589336,-0.282046862650201
-0.365060259060323,0.286289533589065,0.0227257542044528,-0.263563779384612,3.69666126324101
0.680266473931787,-0.446464035968153,-0.52429342490131,-0.0778293889331572,-0.693109020503749
-0.204240761676922,0.0489339407142622,0.194404245055268,0.145470304341006,1.02831627624191
0.278217730473283,-0.199862635666099,-0.182846038569489,0.0170165970966099,0.018520022053335
0.197807981781583,-0.0525915902564575,-0.176733847082908,-0.12414225682645,0.812979305875955
-0.686699253827128,0.160970790162246,0.213864113500423,0.0528933233381773,-0.961879408102766
0.197807981781583,-0.180360461957653,0.0585032472784478,0.238863709236101,-0.902902587468439
-2.29489422766115,2.08664312743435,1.78010418990524,-0.306538937529116,-0.14076493231795
-0.606289505135426,0.327046312773449,0.0364147079119943,-0.290631604861455,-0.531589445628695
-2.21448447896945,1.69209563477171,1.36838499971835,-0.323710635053361,1.05288467434982
-0.686699253827128,0.0471139416951163,0.190775100069516,0.1436611583744,0.715677644566474
0.439037227856687,-0.210278213530854,-0.0561649560579494,0.154113257472905,2.18589469280092
-1.49079674074414,0.851653994582623,0.656602786758239,-0.195051207824384,1.40987935485737
0.841085971315191,-0.654092701287717,-0.802854323353798,-0.148761622066081,-1.78160531609945
-0.123831012985222,0.0211180852596045,0.102733440852939,0.0816153555933344,0.552923271667774
0.278217730473283,-0.271122481917396,-0.433097459135434,-0.161974977218038,0.295278855273284
0.439037227856687,-0.356815181511904,-0.483832052060338,-0.127016870548434,-0.804029029029256
-0.365060259060323,0.114254906479049,-0.0427403762620661,-0.156995282741115,-0.382355878627976
-0.284650510368624,0.320320408231336,0.178837804645137,-0.141482603586199,1.24976686898833
0.278217730473283,-0.296256785551933,-0.328513621095924,-0.0322568355439906,-0.412147194893112
-0.204240761676922,0.284128724519049,0.188963250137093,-0.0951654743819554,0.613784503153791
-0.204240761676922,0.0941160702888588,-0.143721297629718,-0.237837367918577,0.502743111662424
0.439037227856687,-0.231046229882672,-0.152678727900823,0.0783675019818483,2.06527771241211
0.278217730473283,-0.0839045797449798,-0.263552877994866,-0.179648298249886,0.553828291826395
-0.284650510368624,0.28531514643297,0.165558262859731,-0.119756883573239,1.0146423471577
0.197807981781583,-0.161361137835593,-0.394689528896071,-0.233328391060478,-3.41951568666998
0.599856725240088,-0.486701694009635,-0.638856541838606,-0.152154847828971,0.048812402103128
0.197807981781583,-0.153694285933257,-0.394678248787308,-0.240983962854051,-0.646603432811587
0.841085971315191,-0.502565768817063,-0.638762562574308,-0.136196793757245,-0.890281408005249
-0.606289505135426,0.404746348856693,0.295819883765419,-0.108926465091274,-0.226892017308059
-1.49079674074414,1.08698371940189,1.00722617810102,-0.0797575413008629,0.131353464812138
-0.606289505135426,0.352878893153359,-0.033438020167379,-0.386316913320738,-1.14453203339056
2.93173943729941,-2.4118627456271,-2.54394826620761,-0.132085520580511,0.0372381188274566
1.8864127043073,-1.40006185869722,-1.66496371813638,-0.264901859439163,-0.531162499970097
-1.41038699205244,1.0150017557335,0.991606491510465,-0.0233952642230326,0.218232098046895
-2.21448447896945,1.5469894680462,1.43261870500579,-0.114370763040414,3.23747648818079
1.00190546869859,-0.585314103833335,-0.791203976116321,-0.205889872282986,1.14506625549439
-0.284650510368624,0.132620145776199,0.0879213852743824,-0.0446987605018167,-0.606945346547553
-0.606289505135426,0.390542132586724,0.43680242897441,0.046260296387686,1.0147652905211
-1.41038699205244,0.939406114350426,0.815975703548592,-0.123430410801834,0.945347629435869
-0.84751875121053,0.775592919614902,0.716598456893704,-0.0589944627211981,1.53171533867204
-0.686699253827128,0.611357790246899,0.439689210134342,-0.171668580112557,-0.447660771129371
1.8864127043073,-1.18853471970553,-1.38457759617108,-0.19604287646555,0.230338687779088
0.278217730473283,-0.160434594641211,0.0202847135930723,0.180719308234283,0.292822657440814
0.197807981781583,-0.230755489662989,-0.139817647550355,0.0909378421126336,-0.124678278077324
-0.365060259060323,0.293778290466816,0.23978579645192,-0.0539924940148952,-0.482806928447099
2.93173943729941,-2.05537550606482,-2.35486458612748,-0.299489080062665,0.262025113170523
0.76067622262349,-0.312996366505952,-0.481440030771506,-0.168443664265554,-0.412188462755266
-1.41038699205244,0.97306234073248,0.80266968665102,-0.170392654081461,1.08199973168835
-2.29489422766115,1.06614794763456,1.10410301550739,0.037955067872828,-2.02755737426367
-0.686699253827128,0.216963607923298,0.252884426127972,0.0359208182046736,0.967829055507519
-0.686699253827128,0.51309203755276,0.272887169790622,-0.240204867762139,1.59842916734885
-0.84751875121053,0.630597900965595,0.57552909182447,-0.055068809141125,-0.349498644833156
2.93173943729941,-1.63398934637064,-1.6246460550533,0.00934329131733969,1.24769437970365
0.197807981781583,-0.086584546891663,-0.0260193948812345,0.0605651520104285,-1.74315703639733
-0.606289505135426,0.319673918874517,0.0697596643120594,-0.249914254562458,0.440323273891254
-0.123831012985222,0.135795600643463,-0.0144084543936016,-0.150204055037065,0.0552750389653654
-0.123831012985222,0.1160869588449,-0.140982517366917,-0.257069476211817,-0.975056797048736
-0.84751875121053,0.456567166917943,0.536919646206149,0.0803524792882064,-0.339424738476876
-1.00833824859393,0.17971081095213,0.331338361975711,0.151627551023581,1.78105985187424
-0.123831012985222,0.193447330421214,0.0989232216617904,-0.0945241087594232,-0.107056309921433
0.680266473931787,-0.275947880378393,-0.251879941317659,0.0240679390607332,-0.639309423723777
-0.686699253827128,0.508633886091113,0.38958091845098,-0.119052967640133,0.0346169904611509
-0.606289505135426,0.309212544854519,0.176747522801151,-0.132465022053368,0.354710286247462
1.7255932069239,-1.13263483556017,-1.21711104241033,-0.0844762068501563,0.39140911962507
-0.204240761676922,0.169597823101152,0.164284007770904,-0.00531381533024872,-0.759274380031292
0.197807981781583,0.0220436681677214,0.121055799010624,0.0990121308429028,-0.614645241253936
0.197807981781583,-0.0377762781899518,0.0968179819396212,0.134594260129573,0.129646112923645
0.278217730473283,-0.118368773491702,-0.296818471218143,-0.178449697726441,-0.648209388667573
-0.0434212642935202,0.0246119905336287,-0.164569403248644,-0.189181393782272,-0.461479871771429
-0.284650510368624,0.207629302357012,0.302065895218442,0.0944365928614303,-1.99543334137533
0.278217730473283,-0.173513553654728,-0.292991415520735,-0.119477861866007,0.36526538257891
-1.41038699205244,0.625192417592187,0.621686499587443,-0.0035059180047432,1.39576212141274
-0.84751875121053,0.394707142329385,0.603706576985642,0.208999434656257,1.16009671887104
-2.21448447896945,1.41702817220809,1.46007861401329,0.0430504418051965,1.46334376220948
0.76067622262349,-0.6144915040207,-0.808033911616021,-0.193542407595321,-0.331914564925306
-0.365060259060323,0.203824705617148,0.0418067716501695,-0.162017933966979,2.39523699722856
-0.84751875121053,0.642174760866311,0.65889448673244,0.0167197258661285,0.327545962262349
2.93173943729941,-1.94743104039067,-1.97088109121627,-0.0234500508255988,-0.513563085207246
0.841085971315191,-0.651379542185292,-0.845861398796624,-0.194481856611332,0.495989838990181
-0.204240761676922,-0.0149666188774834,-0.185882646636306,-0.170916027758822,0.557337461473214
-0.606289505135426,0.327465954121905,0.325376783461366,-0.00208917066053887,-0.354108993647889
0.278217730473283,-0.171655174427156,-0.269365724907397,-0.097710550480241,0.151946041043747
0.841085971315191,-0.768005001539163,-1.08624259987009,-0.31823759833093,0.0121664939764806
-1.41038699205244,0.991431040701922,0.605546264833103,-0.385884775868819,-2.27653590306108
-0.284650510368624,0.178301931622134,0.187801696844679,0.00949976522254492,0.504362973055831
1.7255932069239,-1.37768542225489,-1.42084930820992,-0.0431638859550312,1.42832766252528
-0.204240761676922,0.145346779333418,0.229091447649727,0.0837446683163086,-0.39759167145768
0.599856725240088,-0.531987250739468,-0.634662998701517,-0.102675747962049,0.210145013220852
-0.204240761676922,-0.0565345088535853,-0.00197317672765972,0.0545613321259256,-0.30439988960305
-0.284650510368624,0.250527312408193,0.227354722819666,-0.0231725895885269,0.715036296480193
-0.606289505135426,0.464164519828651,0.256805217010164,-0.207359302818487,0.418527123295141
-0.204240761676922,0.17112737442339,0.0817958723312215,-0.0893315020921682,-0.822883735176515
1.00190546869859,-0.792943728503215,-0.85478494169604,-0.0618412131928249,-0.331912244193482
0.680266473931787,-0.199570699960408,-0.0974539018441686,0.102116798116239,1.92739384897442
0.278217730473283,-0.0898700099668323,0.173851340985328,0.26372135095216,-0.73511263011241
0.278217730473283,-0.199963077682938,-0.270379450504947,-0.0704163728220088,-0.912471945827424
-1.00833824859393,0.47631684181118,0.358164948334829,-0.118151893476351,1.51775183596164
1.3235444634654,-0.981984138508697,-1.14105046415656,-0.159066325647862,-1.73957516805682
1.8864127043073,-0.880427237164998,-0.597198423289109,0.283228813875889,0.910884593731054
-0.123831012985222,0.100998810396174,-0.0270099130762279,-0.128008723472402,0.244665817969798
-0.686699253827128,0.284489924422884,0.186734373887942,-0.0977555505349418,0.327222676119593
-1.41038699205244,1.21565210883386,0.940661576215897,-0.274990532617959,1.59750563811596
1.2431347147737,-0.792149586080264,-0.958461451762879,-0.166311865682615,-0.861272276511332
0.278217730473283,-0.323346908027552,-0.313693138834273,0.00965376919327887,-0.21298904284648
0.278217730473283,-0.0673369459397558,-0.0741869244175922,-0.00684997847783643,-0.32550173488534
1.966822452999,-0.865160159199297,-0.858160387799695,0.00699977139960195,0.39220085405346
-0.284650510368624,0.337321680061729,0.198043060367517,-0.139278619694212,-0.743934698103172
0.278217730473283,-0.333607481142076,-0.386575200739568,-0.0529677195974927,-1.56370900998763
-0.284650510368624,0.292398763086678,0.383103373716833,0.0907046106301553,1.46953593940992
-0.606289505135426,0.529366726271948,0.289659957109224,-0.239706769162724,-1.31633610488082
0.680266473931787,-0.546726104702407,-0.396960129602678,0.14976597509973,-0.00143100050393102
-1.49079674074414,1.39317498373764,1.28326171727316,-0.109913266464473,0.993674699535943
-0.606289505135426,0.372881272534258,0.333724153267488,-0.0391571192667706,-1.35257221366039
-0.204240761676922,0.208489649207659,-0.130716751294764,-0.339206400502423,0.458900040157551
-0.204240761676922,-0.0337845738528626,-0.0536518085106465,-0.0198672346577839,0.634009708154139
1.3235444634654,-1.16623646570191,-1.32005953794765,-0.15382307224573,-2.60485579547328
-0.204240761676922,0.198828616760488,0.150828769739127,-0.047999847021361,-1.05696673005862
-1.41038699205244,1.45396299774154,1.0598308313991,-0.394132166342445,-0.388722681470526
-0.686699253827128,0.386760380750002,0.423819872613592,0.0370594918635895,-0.630485457018392
0.680266473931787,-0.315283700277497,-0.210530559166398,0.104753141111099,-1.67283905129682
0.278217730473283,-0.137376132910975,-0.275518998425751,-0.138142865514776,-0.740260435855095
-0.365060259060323,0.0642118832552326,0.126042213567697,0.0618303303124645,1.40926617442904
0.599856725240088,-0.412904436392995,-0.384344104073115,0.0285603323198793,2.08345535841379
-0.123831012985222,0.0777257195617547,-0.0399320423285118,-0.117657761890267,1.6891822053868
-0.123831012985222,0.170770891831802,0.0839565055383317,-0.0868143862934703,2.67408793763078
1.2431347147737,-0.785392971637971,-0.751836752571643,0.033556219066328,0.42048478434064
0.278217730473283,-0.221634509646798,-0.252820736688757,-0.0311862270419596,-1.78579801780137
0.197807981781583,-0.0733144335190821,-0.189852812618413,-0.11653837909933,0.312084371186279
-2.21448447896945,1.89434025922601,1.73353148130199,-0.160808777924016,1.51272229517618
-0.525879756443727,0.500843164277757,0.149268174339872,-0.351574989937885,0.0334284279176617
0.76067622262349,-0.511359779122571,-0.523053718290663,-0.0116939391680924,1.2155993097952
-0.606289505135426,0.438698717037913,0.589002273841343,0.15030355680343,-1.71170121082158
0.841085971315191,-0.838493821177723,-1.03644323106591,-0.197949409888188,-1.16669279877252
-1.41038699205244,0.545112046621348,0.708651829034367,0.163539782413019,0.553462769657291
1.966822452999,-1.56264670189348,-1.6172741898106,-0.0546274879171156,-1.10883303584614
-0.525879756443727,0.473099182470311,0.293623487921446,-0.179475694548865,-0.37574195348818
-0.123831012985222,0.20237398627164,0.0472831768969782,-0.155090809374662,-0.90465469958813
0.76067622262349,-0.549588123676774,-0.749551132105627,-0.199963008428852,0.708315151725707
0.439037227856687,-0.329145895180195,-0.253521730574417,0.0756241646057783,0.260066746505269
0.278217730473283,-0.16776878986947,-0.33219490649422,-0.16442611662475,-0.563928657088663
0.680266473931787,-0.501602218213872,-0.629023748640115,-0.127421530426243,-0.123809316927509
0.599856725240088,-0.150717909238871,-0.0101325703632641,0.140585338875607,0.572336271110838
1.966822452999,-1.09760242630634,-0.98918377603316,0.108418650273176,0.574625663620521
-1.32997724336074,0.60653253795388,0.571205948868994,-0.0353265890848861,0.913487923766797
1.7255932069239,-1.34226642673957,-1.52996374090055,-0.187697314160982,-1.74984862111545
1.8864127043073,-1.24340417237218,-1.36588489871113,-0.122480726338949,-0.437105805696205
-0.525879756443727,0.30111754542143,-0.254174583984168,-0.555292129405598,0.918930807270001
-0.204240761676922,0.00792457994993967,-0.0115991553231561,-0.0195237352730957,-0.759383393919194
-0.0434212642935202,0.0274172116821158,0.107929540566971,0.0805123288848548,1.42706524755335
2.93173943729941,-1.9676257412051,-2.20588247179917,-0.238256730594069,1.03146821416348
-0.525879756443727,0.304699300489088,0.336252704597339,0.0315534041082506,-0.113105438931449
-0.123831012985222,0.19936367958538,0.436057108410853,0.236693428825473,0.701101740632652
0.278217730473283,-0.181800883650136,-0.389357585996027,-0.207556702345891,0.888794971505475
-0.84751875121053,0.360111641513463,0.281731661328928,-0.0783799801845348,-1.28540404868097
1.966822452999,-0.420480826331396,-0.355976707242439,0.064504119088957,1.75846117630644
0.680266473931787,-0.60466733903651,-0.606085313461122,-0.00141797442461244,-0.808204741912998
-0.284650510368624,0.0668171332825892,0.298678590283667,0.231861457001077,2.04211406695271
-0.525879756443727,0.186063801926631,0.283820136486798,0.0977563345601664,0.297516692739742
-2.21448447896945,1.14051053064292,1.31668388874252,0.176173358099602,-0.15221344114334
-0.123831012985222,0.288427768988366,0.164013685574353,-0.124414083414013,0.115753608190028
-0.123831012985222,0.0903110093137716,0.237311976611117,0.147000967297345,-0.370697748766413
0.278217730473283,-0.243848373459348,-0.435094157201538,-0.19124578374219,0.102221419034426
0.278217730473283,-0.263187422340154,-0.540579891200715,-0.277392468860561,-1.52677283715551
0.76067622262349,-0.604636283197886,-0.973552570637141,-0.368916287439255,-0.494706560218186
1.8864127043073,-0.985855329225887,-0.904224849640878,0.0816304795850091,-0.0631128671128952
-0.204240761676922,0.268697489985302,-0.0321411813128763,-0.300838671298178,-0.661164732495435
-0.525879756443727,0.322393866401769,0.485319277770661,0.162925411368892,2.36566604585899
0.599856725240088,-0.07665791340331,0.358544350927656,0.435202264330966,0.353022397531708
-2.29489422766115,1.50034352927813,1.34732777863201,-0.153015750646123,0.260265831997289
-0.123831012985222,0.0558187432728662,-0.0475112908346674,-0.103330034107534,-0.807044345551911
1.3235444634654,-1.1508623825307,-1.36409806460557,-0.213235682074868,-3.98042429929877
-0.123831012985222,0.0888743094417048,0.0405911511082744,-0.0482831583334305,0.346115030605904
-0.686699253827128,0.147727626839831,0.192642194241988,0.0449145674021566,1.40252961604761
-0.284650510368624,0.175955113623376,0.333793585648958,0.157838472025582,0.543541109833806
0.278217730473283,-0.165992309187106,-0.162426048587074,0.0035662606000326,1.29814685169737
0.278217730473283,-0.276067720042411,-0.438848124820719,-0.162780404778309,-1.10795337887847
-0.204240761676922,0.00392116695518385,-0.154478249726926,-0.15839941668211,-0.987559924999049
1.00190546869859,-0.392841645361994,-0.409482955578028,-0.0166413102160347,0.326399430436465
1.8864127043073,-0.728152784905255,-0.623752161611535,0.104400623293721,0.486977794554282
-0.284650510368624,0.24591684872483,-0.0447778806587348,-0.290694729383564,-0.427941613043605
0.278217730473283,-0.228257268379337,-0.411873156690273,-0.183615888310936,-0.83987119418699
0.680266473931787,-0.413067798470373,-0.648198995067908,-0.235131196597536,-0.669968646339628
-0.84751875121053,0.764540631696384,0.575850522892633,-0.188690108803751,0.384186227953489
-0.123831012985222,0.0215412336067451,-0.0380451689838627,-0.0595864025906078,1.31881363901054
-0.686699253827128,0.325792104727618,0.591738677209403,0.265946572481785,0.802481134328108
-0.525879756443727,0.375686437753267,0.129423838831347,-0.24626259892192,-1.74002841898435
1.8864127043073,-0.899136394352188,-0.902530870945223,-0.0033944765930356,-1.21413336442476
0.599856725240088,-0.540271376564468,-0.78841877681112,-0.248147400246651,0.873269009540146
0.278217730473283,-0.250355728962796,-0.41041165232922,-0.160055923366424,2.278609701477
-0.284650510368624,0.317861417836168,-0.025845011496339,-0.343706429332507,-1.98532435232443
-0.204240761676922,0.19456943778029,0.101966328703776,-0.0926031090765135,0.833905135770236
2.93173943729941,-1.62823123784263,-1.62083580645777,0.00739543138485099,-0.823463724847524
-0.123831012985222,0.0461565818273986,0.201346544644215,0.155189962816816,-0.805985283890066
-0.686699253827128,0.613087272395633,0.56335012216123,-0.0497371502344032,2.96487247283914
0.680266473931787,-0.318719540095794,-0.424499078085562,-0.105779537989769,-0.717614041837135
-1.49079674074414,0.256361999328874,0.450827758237283,0.194465758908409,1.51809889579901
0.278217730473283,-0.131489346591379,-0.146240384361168,-0.0147510377697889,1.11386809070711
0.599856725240088,-0.473148439636257,-0.44158203028137,0.0315664093548862,-0.572777473987953
-0.84751875121053,0.43950176955914,0.379362649122883,-0.0601391204362568,-0.741701463035888
-0.284650510368624,0.0767027766575059,0.333351175620498,0.256648398962992,1.39768522456815
-0.284650510368624,0.116952464125969,0.0350884514362079,-0.0818640126897614,0.127342577935335
0.599856725240088,-0.0526045200815861,0.287273985765986,0.339878505847572,-0.0559895507774359
-0.84751875121053,0.442671248338611,0.502171420108244,0.0595001717696327,0.335781399674603
-0.123831012985222,0.210173397874216,-0.0216511760529962,-0.231824573927212,0.472679062698411
-1.41038699205244,0.952338304938851,0.822110219205553,-0.130228085733298,-0.429040191866756
1.966822452999,-1.39151608998708,-1.42509976406159,-0.0335836740745148,0.500624987913908
-1.41038699205244,0.744958829832743,0.630882288137244,-0.1140765416955,-2.17600225204664
-0.0434212642935202,0.0511678365839911,0.455962778923971,0.40479494233998,-0.597879181972615
-0.686699253827128,0.265190841060368,0.185936812409346,-0.0792540286510219,0.161691116896107
-0.0434212642935202,-0.179992958939444,-0.262439114448493,-0.0824461555090486,-0.607845546250614
-0.606289505135426,0.155412548246814,0.213823119919208,0.0584105716723944,0.470583436975443
0.76067622262349,-0.368327843682135,-0.291604035655589,0.0767238080265462,-1.30949993479993
0.278217730473283,-0.14949406813485,-0.237673303615267,-0.0881792354804175,-1.1491953532266
2.93173943729941,-2.68683268122307,-3.1166578119513,-0.429825130728232,-0.490768960236504
0.680266473931787,-0.139602852370255,-0.0541190687732279,0.0854837835970276,1.13681616653556
-0.284650510368624,0.157482815674261,-0.0577777212667933,-0.215260536941055,-0.557952633158474
-1.32997724336074,0.774508263491763,0.850579933102675,0.0760716696109125,1.3024253299926
0.278217730473283,-0.0959659637939721,-0.187066772488959,-0.0911008086949867,-0.457251790494938
0.680266473931787,-0.469611683890407,-0.626615679871335,-0.157003995980928,0.0913662775129091
-0.123831012985222,0.305959956262015,0.35406805807613,0.0481081018141155,0.435923578077483
2.93173943729941,-2.36686103549825,-2.41387334921318,-0.0470123137149296,-1.71000988536154
2.93173943729941,-2.5162117846655,-2.5932047881133,-0.0769930034477935,1.51408671479883
-1.00833824859393,0.470957764280216,0.391629993912849,-0.0793277703673667,-0.0454673889972581
-0.123831012985222,-0.176929249257288,-0.0844380013588557,0.0924912478984324,-1.88299424535787
-0.204240761676922,0.148362021850643,-0.268246142973687,-0.41660816482433,0.364392369209863
0.278217730473283,-0.145657572852196,0.0258054283101055,0.171463001162302,-0.323886492993366
0.197807981781583,-0.0831063580170793,-0.020199626130931,0.0629067318861483,-1.20746173668858
-1.32997724336074,0.769632947867696,0.633731150984899,-0.135901796882797,0.329371803855132
-0.284650510368624,0.108138125871196,-0.0137410062175303,-0.121879132088726,-0.312562924425712
-0.204240761676922,0.128395701836362,0.0688521025660885,-0.0595435992702737,-0.147795924143756
1.3235444634654,-0.723809020759951,-0.795055825482918,-0.0712468047229662,0.836399287588852
-2.29489422766115,1.07261032523235,0.907758443438114,-0.164851881794237,0.927841236488512
-0.365060259060323,0.148076423919201,0.120536485984836,-0.0275399379343653,-0.281249480004845
1.00190546869859,-0.748996522653929,-0.86685404545797,-0.117857522804041,0.77854112033997
0.197807981781583,0.0260127705821632,-0.119561654983242,-0.145574425565406,-0.512543222608529
-0.686699253827128,0.503967077786611,0.337770108799201,-0.166196968987411,-1.74777255522496
1.00190546869859,-0.482926604946141,-0.288711830035829,0.194214774910311,0.723047536627922
-0.365060259060323,0.308075477648465,0.321960506403779,0.0138850287553141,-1.65332120469914
1.00190546869859,-0.830545032498569,-0.950644055999612,-0.120099023501043,0.773080695115297
0.197807981781583,-0.112566326734904,-0.0662156127695215,0.0463507139653824,1.1286153933012
0.680266473931787,-0.491069102135278,-0.61529569018267,-0.124226588047392,0.179168380196908
1.966822452999,-1.03010315025295,-1.08556501289628,-0.0554618626433327,0.21989531655954
0.197807981781583,-0.227709731296531,-0.305820314400295,-0.0781105831037638,-0.367190808214038
-1.00833824859393,0.645705045714723,0.515861332249195,-0.129843713465527,-1.50394636961924
-0.525879756443727,0.355022611688554,0.230440187199587,-0.124582424488967,-1.5989131789319
-2.21448447896945,0.629709096443411,0.773542648857741,0.14383355241433,-0.291979609311412
-0.284650510368624,0.0181617540247839,0.286344784193462,0.268183030168679,-0.176428177280545
-1.00833824859393,0.573705464416415,0.666870268996671,0.0931648045802561,-0.277739967682831
0.599856725240088,-0.33233302459058,-0.110768670721453,0.221564353869128,-1.36320353693368
0.197807981781583,0.144271778839971,0.416578578905838,0.272306800065867,-0.738558260652811
-1.41038699205244,0.713364730565638,0.692722362897949,-0.0206423676676886,-0.358323373505858
-0.686699253827128,0.544760405556807,0.299662660727806,-0.245097744829001,-0.0841189953476779
0.599856725240088,-0.325873934346622,-0.544271716352661,-0.21839778200604,-0.882581844529205
2.93173943729941,-1.32792675396666,-1.34701127102451,-0.0190845170578444,0.220700336337479
0.76067622262349,-0.467236531057872,-0.494752873728028,-0.0275163426701552,0.0348664276742483
1.8864127043073,-1.70101027231573,-1.95193910296879,-0.250928830653052,-0.111812709685911
1.00190546869859,-0.792229420765854,-0.910598483638854,-0.118369062873,-1.2234704329022
1.3235444634654,-1.15372375813019,-1.48558544541296,-0.331861687282774,-1.90948438078778
2.93173943729941,-1.54679269882785,-1.50499760909519,0.0417950897326551,0.265593271517257
-0.284650510368624,0.448395112833299,0.0745915687860553,-0.373803544047243,0.105577083564974
-0.204240761676922,-0.0607789036354443,0.167584575297972,0.228363478933416,0.990513899848637
0.197807981781583,0.0115113920413194,-0.00101562651006905,-0.0125270185513884,0.459141050893122
1.966822452999,-1.24868990613439,-1.33808099340184,-0.0893910872674453,0.182622985996061
1.7255932069239,-0.71390386453201,-0.687208190451145,0.0266956740808656,1.74626748678363
0.278217730473283,-0.228906607625796,-0.287243395434117,-0.058336787808321,-0.560484593680376
-1.49079674074414,0.786537621768247,0.739164689321334,-0.0473729324469134,-0.546762313762362
-1.49079674074414,0.614165838267927,0.772407783680109,0.158241945412182,-2.00358427798296
0.197807981781583,0.0100484381564903,-0.125637154157018,-0.135685592313509,-0.0436938632251674
0.439037227856687,-0.34747505730567,-0.549312400716881,-0.201837343411211,0.991154316066168
-0.123831012985222,-0.0849133028096956,-0.138379820741821,-0.053466517932125,-0.840095995148954
0.76067622262349,-0.453948791878054,-0.326763213888311,0.127185577989742,1.0997479871161
0.278217730473283,-0.253543627818132,-0.526098235229763,-0.27255460741163,-0.73410470184982
-0.204240761676922,0.0199619972529477,0.121601584591207,0.101639587338259,0.549119532404174
-0.284650510368624,0.273877668658054,0.458677286081879,0.184799617423825,0.806438293089266
0.841085971315191,-0.307517813722013,-0.3920809053944,-0.0845630916723875,-1.74557680088461
0.841085971315191,-0.517627203779277,-0.6013948856669,-0.083767681887623,-0.95876768754407
-0.686699253827128,0.605644138422188,0.37596104959594,-0.229683088826248,0.309682987196203
0.197807981781583,-0.126592660620687,-0.270878903842808,-0.144286243222121,0.0611950585708189
-1.32997724336074,0.889736497125062,0.97187595184744,0.0821394547223783,0.704975031233929
-1.32997724336074,0.612570682862585,0.673043589024061,0.0604729061614763,-0.936446318057041
-0.284650510368624,0.32516616702172,0.343708286773598,0.0185421197518779,-1.78622697336427
-1.32997724336074,0.755977989605576,0.658490433356477,-0.0974875562490992,1.92791526303187
-0.204240761676922,0.264607666551745,0.211888772017206,-0.0527188945345394,-1.99625554829401
0.680266473931787,-0.524734105009828,-0.712563842936493,-0.187829737926665,-0.915403814161736
0.599856725240088,-0.140167503159187,-0.0379300450392216,0.102237458119965,0.791861979589255
1.2431347147737,-0.809217615409314,-0.995056196991048,-0.185838581581733,-0.798574165116455
-0.0434212642935202,-0.0341405085496235,-0.125204077842612,-0.0910635692929882,-0.902306186629266
-0.284650510368624,0.0476062747353965,0.256289452447018,0.208683177711622,2.54337812818486
-0.284650510368624,0.0845311726684761,0.129657329608596,0.0451261569401203,-0.893631175735819
0.841085971315191,-0.571970169535089,-0.685742203561301,-0.113772034026212,-0.539365928005738
-0.123831012985222,0.0385074542108115,0.116131806590943,0.0776243523801313,3.34875595555185
2.93173943729941,-2.27695824545787,-2.45769318228628,-0.180734936828408,-1.3205309292087
-1.32997724336074,0.900080200813754,0.744140810314525,-0.155939390499229,-0.114786478864659
0.841085971315191,-0.53066239639103,-0.681902328555564,-0.151239932164534,-1.11005578666173
0.278217730473283,-0.0133858776034831,0.25808371378358,0.271469591387063,-1.36040450945704
0.76067622262349,-0.211368600559101,-0.0904135894911569,0.120955011067944,-0.830291211922902
1.3235444634654,-0.622634027467766,-0.867938366573345,-0.245304339105578,0.925755941552257
0.278217730473283,-0.217528462059071,-0.395761875293544,-0.178233413234473,-0.0405277655354338
-0.123831012985222,0.217599114348978,0.0747837110651364,-0.142815403283841,-2.08100852404217
0.278217730473283,-0.0321526511479217,-0.264353295779288,-0.232200644631367,-0.00168241635720603
-0.0434212642935202,0.112508111849535,0.0208634462531079,-0.0916446655964275,0.571342129910105
1.3235444634654,-0.838486531479663,-0.748540493498787,0.0899460379808759,1.04542180905148
1.8864127043073,-1.34116764059035,-1.33987302087319,0.00129461971716194,-0.620638587140786
0.680266473931787,-0.618742245275793,-0.655444525776222,-0.0367022805004285,0.619201715003185
-0.0434212642935202,-0.0267791085136396,-0.26412645259718,-0.23734734408354,0.131399778056908
0.278217730473283,-0.183003268191341,-0.228426220351742,-0.0454229521604001,-1.92588701521506
-2.21448447896945,1.90950205114619,1.73221379693156,-0.17728825421463,1.7381791713515
-1.49079674074414,0.902760625594546,0.897625021675691,-0.00513560391885493,0.364472075548354
0.197807981781583,-0.130790405203439,-0.327924222712599,-0.197133817509159,-0.554547234703867
-0.123831012985222,0.115281779623944,0.0188399807973424,-0.0964417988266019,-1.2418518880936
0.841085971315191,-0.725978330950979,-0.814145087918908,-0.0881667569679286,-0.859817311331748
-0.686699253827128,0.590153118382419,0.590585797787024,0.000432679404605119,-1.09759707014758
0.197807981781583,-0.166930462926554,-0.0989499465476065,0.0679805163789478,0.0925195236984631
-0.84751875121053,0.23147768417792,0.324349403106685,0.0928717189287645,0.447650387218716
-0.686699253827128,0.233159988341392,0.308446536534427,0.0752865481930348,-1.31866618895155
-0.284650510368624,0.156751512911751,0.0220768859832175,-0.134674626928533,0.564204733180143
-0.365060259060323,0.411274415858048,0.185954907362064,-0.225319508495983,-0.19028019829757
2.93173943729941,-1.44060370800025,-1.49309394522183,-0.0524902372215803,-0.668731046834254
-0.284650510368624,0.146652578345183,0.0278441651999792,-0.118808413145204,0.0790905961910061
-0.123831012985222,0.0418108286267988,0.333606088057698,0.2917952594309,0.844386019141365
0.841085971315191,-0.500091062906643,-0.667119185123401,-0.167028122216759,2.2859293529342
-0.686699253827128,0.548734839236961,0.606780717816457,0.0580458785794962,1.34600087399712
1.3235444634654,-0.904088024795876,-1.09709933369389,-0.193011308898014,-0.249980240259831
-0.686699253827128,0.187003795104883,0.0685532456342295,-0.118450549470653,1.24573877286779
-0.606289505135426,0.308315376292896,0.252215132900983,-0.0561002433919135,-1.1212212859362
-1.49079674074414,0.745094004623728,1.05130662851998,0.306212623896252,3.11463400267147
-0.123831012985222,0.0537784868023975,0.0787685213370972,0.0249900345346997,0.191239687245387
0.599856725240088,-0.380260344888423,-0.468925284639138,-0.0886649397507154,2.5905648620859
0.278217730473283,-0.0291748097687644,0.150788985485565,0.179963795254329,-0.50086054699099
-0.84751875121053,0.789825951493243,0.58050857192076,-0.209317379572483,-0.198719415522356
-0.123831012985222,0.0187032234665968,-0.158566859380362,-0.177270082846959,0.0889673821327064
-1.49079674074414,0.713668476958874,0.762016942154991,0.0483484651961169,1.8501923566502
-0.686699253827128,0.461803046317269,0.644057073116212,0.182254026798943,-0.603247920104837
-1.41038699205244,1.24615187208869,1.01507209207732,-0.231079780011365,0.736019153294284
-0.123831012985222,0.158333688305137,-0.0549903035724871,-0.213323991877625,-0.123776033035147
-0.204240761676922,0.28153395318051,0.128573484615295,-0.152960468565215,-0.95846831634116
2.93173943729941,-1.94704102842152,-2.16534137925634,-0.218300350834828,0.908477640183925
1.7255932069239,-0.839067745888642,-0.800613810633766,0.0384539352548764,1.55521034225293
-0.123831012985222,-0.137562693227598,-0.132007647836622,0.00555504539097579,-0.243362748347068
-0.84751875121053,0.618313512077053,0.548527299420203,-0.0697862126568496,-0.661827881525184
-0.123831012985222,0.406779675738374,0.509468186384293,0.10268851064592,-0.843368842359848
-0.686699253827128,0.283204723804386,0.30980567322982,0.0266009494254335,2.13540527585848
-0.123831012985222,-0.0607675955833842,-0.0590637421282766,0.00170385345510757,-0.0164894717567825
-1.41038699205244,0.870765955283472,0.614232538177511,-0.256533417105961,0.997701772562697
-1.41038699205244,0.756995368136521,0.726814885996964,-0.0301804821395569,0.44891316488739
-0.123831012985222,0.190734470847088,-0.108277205407966,-0.299011676255054,-0.620519817494699
0.278217730473283,-0.176985055837526,-0.0353263653510962,0.14165869048643,1.16500724986143
-0.84751875121053,0.663753678857817,0.477068510668846,-0.186685168188971,-0.278026571451355
1.2431347147737,-0.690048833975402,-0.613706870055143,0.0763419639202587,1.01193735685973
0.278217730473283,-0.0818120235645945,-0.153791760826781,-0.0719797372621869,1.81963828551382
-0.123831012985222,0.205550289251131,0.00226132181152278,-0.203288967439608,-0.191730555770592
-0.525879756443727,-0.0169246355992193,-0.256689710620147,-0.239765075020927,-1.9483547425043
-1.32997724336074,0.695556043060104,0.770817707041483,0.0752616639813797,-0.126937782855792
-0.204240761676922,0.0669377804323026,-0.111338148752022,-0.178275929184325,-0.886666754040441
-0.525879756443727,0.331946809963347,0.271154680978217,-0.06079212898513,-0.597959772084674
-0.123831012985222,0.204566574518835,-0.14793036421988,-0.352496938738715,0.518379573204689
-0.123831012985222,0.0630783608987212,0.149927912929159,0.0868495520304374,1.2855328663557
0.197807981781583,-0.167125655843563,-0.168075729413104,-0.000950073569541243,-1.19956152284731
-1.49079674074414,0.519418671785635,0.562789000452735,0.0433703286670991,0.185182318778098
0.680266473931787,-0.376338147004926,-0.471673931276829,-0.0953357842719024,-1.73900418363659
1.8864127043073,-1.03589539007645,-1.06649351068925,-0.0305981206128014,0.409921243159878
0.278217730473283,-0.237321171173167,0.0325919846413293,0.269913155814496,-0.0215711137656823
0.278217730473283,0.0065159565005142,0.0801897622469968,0.0736738057464826,0.859852478221849
0.278217730473283,-0.323414004909548,-0.31771389679277,0.00570010811677785,1.39214518002435
-1.00833824859393,0.371890662872986,0.220173937282281,-0.151716725590705,1.4617367220322
1.7255932069239,-0.776091928120747,-0.802062989718045,-0.0259710615972975,2.38678973526864
0.439037227856687,-0.323620261730753,-0.420576086870257,-0.0969558251395039,-1.56932485294559
0.278217730473283,-0.162969385927425,-0.42568137570555,-0.262711989778125,-1.12948213859291
-0.84751875121053,0.279335041024282,0.350959465945232,0.0716244249209496,-0.617662346704901
1.7255932069239,-0.881643368122929,-0.718640993400703,0.163002374722226,0.597289584625178
0.76067622262349,-0.492797667310705,-0.605450299647094,-0.112652632336389,-1.25468470276847
0.197807981781583,-0.0701989354876613,-0.276387214120596,-0.206188278632935,1.10716449157984
-0.0434212642935202,0.106274863981059,0.0298349157732863,-0.0764399482077724,-0.429155405799372
-1.32997724336074,1.11644017086801,0.644538205271738,-0.471901965596276,-0.431812646007504
-0.84751875121053,0.425445105371049,0.548683176456641,0.123238071085592,-1.08962604351275
-0.84751875121053,0.496967752741557,0.383582205301674,-0.113385547439883,-0.0138885565929567
2.93173943729941,-1.87632907004611,-2.03185536643369,-0.155526296387577,-0.34400761156552
-0.204240761676922,0.110345040694375,0.0120200741939474,-0.0983249665004271,-0.953356096257494
1.8864127043073,-1.48600701849631,-1.70576720530391,-0.219760186807599,-0.774450359004217
-0.686699253827128,0.251688523098205,0.083557405416377,-0.168131117681828,0.124687102995796
1.966822452999,-1.25431598106687,-1.27484894622836,-0.0205329651614843,-1.37893331804294
0.680266473931787,-0.495359860658923,-0.505958374770847,-0.010598514111924,-1.19074049509186
-1.49079674074414,0.705735375766642,0.796522681072716,0.0907873053060742,-0.153352618343963
-0.606289505135426,0.527488177746171,0.285877063575777,-0.241611114170394,-1.47743035269761
1.966822452999,-1.47567401715502,-1.5650554973934,-0.0893814802383786,-2.01109774589887
-0.606289505135426,0.448359299380986,0.334597163993122,-0.113762135387864,0.56126443466385
0.278217730473283,-0.0163952809921182,0.0765903823812131,0.0929856633733313,1.33460291716202
0.680266473931787,-0.557927053008517,-0.472372198393079,0.0855548546154382,-0.673771476684419
-0.525879756443727,0.317323057774012,0.38345610268316,0.0661330449091486,0.580026821562863
-2.21448447896945,1.88837222768539,1.44146674671618,-0.446905480969211,-0.508514288256547
-0.606289505135426,0.488237983800261,0.58250532219823,0.094267338397968,1.82750977701689
-0.123831012985222,0.192767147496612,0.247071589570231,0.0543044420736188,1.67025391343879
1.3235444634654,-0.79575766191935,-0.624355476377595,0.171402185541755,-0.209812418085268
0.680266473931787,-0.479305094427462,-0.729821608947894,-0.250516514520432,0.940561381166209
0.278217730473283,-0.247356567377524,-0.536516265643534,-0.28915969826601,-0.545513954589612
0.278217730473283,-0.0514154020195565,-0.115070511840967,-0.0636551098214106,-0.129972739773204
-0.84751875121053,0.460449911089234,0.374119941742707,-0.0863299693465268,0.40279092810527
0.197807981781583,-0.159270965876942,-0.32225427272172,-0.162983306844779,-0.314873217129414
0.197807981781583,-0.199308461896885,-0.19867687707348,0.000631584823404197,-0.887354656368871
-0.525879756443727,0.315117722137263,0.0439206346739642,-0.271197087463299,-0.394229301197829
0.439037227856687,-0.243454787219759,-0.4804480904512,-0.236993303231441,2.51624181712146
1.966822452999,-1.0750915897718,-1.02821824050736,0.0468733492644382,0.985978636361502
-1.32997724336074,0.520394335932014,0.664573997856344,0.14417966192433,-0.641167675103663
0.278217730473283,-0.0724016887386361,-0.162832365769387,-0.0904306770307504,-1.2288612480128
-0.525879756443727,0.132156214871304,0.23942085610935,0.107264641238046,0.608518415742765
-0.365060259060323,0.0535624677657259,0.342458465187599,0.288895997421873,1.66015310483777
-0.123831012985222,0.229788749356269,-0.107992089274286,-0.337780838630555,-1.62018945613496
2.93173943729941,-1.41905994507426,-1.54816606221127,-0.129106117137014,-0.926106117342311
-1.49079674074414,1.13404774942004,1.04358120347318,-0.0904665459468592,-0.844710921210044
-0.686699253827128,0.439232051165871,0.477623084608842,0.0383910334429703,0.825443370160543
1.966822452999,-1.24010320239961,-1.3785891439424,-0.138485941542792,-0.0685213863218177
-2.29489422766115,1.28357445789846,1.05613209011517,-0.227442367783292,-1.58054956922031
0.278217730473283,-0.19866081929409,-0.375477681133336,-0.176816861839247,-0.931042103051222
-0.284650510368624,0.124205005790004,0.0599095513437644,-0.0642954544462397,-1.16163425672124
-0.204240761676922,0.00364588541105143,-0.338761802038817,-0.342407687449869,-1.06365500918742
1.8864127043073,-0.96631215592399,-0.978246566940201,-0.0119344110162102,-2.75515308010863
0.680266473931787,-0.368690877910561,-0.470809442899968,-0.102118564989406,-0.154662484002417
-0.525879756443727,0.268391405087823,0.340640162222528,0.0722487571347052,-0.260124285241515
-0.84751875121053,0.473245488602791,0.531046755928581,0.0578012673257908,-1.39007003459221
-0.284650510368624,0.226296964426228,0.178242762543494,-0.0480542018827343,2.35227334206981
0.278217730473283,-0.0777489753992416,-0.211037359789922,-0.13328838439068,1.04218412121894
-0.284650510368624,0.207714991675656,0.358218996728376,0.15050400505272,1.00985131995853
-0.686699253827128,0.47585497463485,0.453488381729833,-0.0223665929050171,2.22735405536148
-0.284650510368624,0.0698060406432424,0.148687852735286,0.0788818120920435,-0.107475505284479
0.439037227856687,-0.351788662927539,-0.255736011238366,0.0960526516891725,2.35005558160369
0.197807981781583,-0.154603453721823,-0.537676576083027,-0.383073122361204,-1.66479528223098
-0.606289505135426,0.295665973947501,0.384428049023357,0.0887620750758559,0.975315273518678
0.278217730473283,-0.366147876377991,-0.588513787075746,-0.222365910697754,-0.320669053929668
-1.00833824859393,0.825541781914228,0.572698277129704,-0.252843504784524,-0.636514568937175
0.278217730473283,-0.169688516960029,-0.183669180569259,-0.0139806636092298,1.68716858016214
0.197807981781583,-0.0425007288235345,0.153640416497934,0.196141145321468,-0.0232663672318614
1.00190546869859,-0.724694050601511,-0.819169234059455,-0.0944751834579438,0.0518324660201159
0.680266473931787,-0.241297936008002,-0.268776859235364,-0.0274789232273617,-0.595666461392495
-0.204240761676922,0.178584197152948,0.258634704195003,0.0800505070420552,-0.516788639682929
1.966822452999,-1.45696003300291,-1.73626022346923,-0.279300190466316,-0.878333087371838
0.278217730473283,-0.141944354771117,-0.262322609877465,-0.120378255106348,0.765845045615774
0.439037227856687,-0.555127391244084,-0.962894252550872,-0.407766861306788,-1.09775816580703
-0.84751875121053,0.582993306621149,0.480093125011897,-0.102900181609252,-0.244972734174169
-0.686699253827128,0.314568872417475,0.0546531174179785,-0.259915754999497,2.62810981707211
0.439037227856687,-0.0766542739722484,-0.0385291273413742,0.0381251466308742,-0.709890222895436
1.8864127043073,-1.19038317073438,-1.19785458189829,-0.00747141116391492,-1.44529208227691
-2.21448447896945,1.04062823436661,1.10971281516198,0.069084580795364,-0.575568199590251
-1.32997724336074,0.740058513380275,0.663127052710806,-0.0769314606694689,-1.10622705840369
-0.284650510368624,0.224150348935494,0.265030145940462,0.0408797970049681,0.180930158069353
-0.123831012985222,0.100692953299483,0.207976997139451,0.107284043839969,0.44020604748026
2.93173943729941,-1.71863555081518,-1.76613556238876,-0.0475000115735749,1.54647157335235
-1.49079674074414,0.881591970021154,0.903997240495915,0.0224052704747612,-0.248660944754908
-0.284650510368624,0.158962660567112,0.203868608073852,0.0449059475067399,-0.53399484615345
-0.525879756443727,0.148530078609194,0.127182749599379,-0.0213473290098147,-0.794915131565706
0.278217730473283,-0.222707832646683,-0.243284485778171,-0.0205766531314882,-1.36456039679601
-0.525879756443727,0.340929828308548,0.336604137517667,-0.00432569079088124,-1.24553083589722
-0.525879756443727,0.359374733614617,0.312543276102355,-0.046831457512262,1.79841117600476
-0.284650510368624,0.077364138336812,0.0135874193840112,-0.0637767189528008,0.737605993785601
1.3235444634654,-0.905753236717893,-1.17506588081753,-0.269312644099638,-0.955809846852668
-0.686699253827128,0.296114508841159,0.212846177888353,-0.0832683309528067,-1.02679797378397
-2.21448447896945,1.37571231317021,1.22364662004893,-0.152065693121282,0.339458521050711
0.76067622262349,-0.392411406551353,-0.228552814611473,0.16385859193988,-0.533425467918898
-0.204240761676922,0.308348096635734,0.40507132614579,0.0967232295100556,-0.388188297808916
-0.606289505135426,0.258052349655838,0.499141420556697,0.241089070900859,1.56031559451072
1.2431347147737,-0.696564527490429,-0.655005736262125,0.0415587912283046,-0.55323057511494
0.680266473931787,-0.130904470756612,-0.00858193238332994,0.122322538373282,0.222182543438719
0.680266473931787,-0.413559604478384,-0.766189789473614,-0.352630184995229,-1.22729230719386
-0.606289505135426,0.520050834215121,0.285667068981904,-0.234383765233217,-0.549760324542807
0.76067622262349,-0.145008603522407,-0.0720692463433473,0.0729393571790599,-0.280674339721913
-0.123831012985222,0.048550913434657,0.170012300181402,0.121461386746745,1.53319276801138
2.93173943729941,-1.52128927504513,-1.55722105846633,-0.0359317834211936,-1.16254653074947
-1.49079674074414,0.804250852832047,0.744201915792431,-0.060048937039616,-1.52475702078182
-1.00833824859393,0.643801830263303,0.295034101836922,-0.348767728426381,-0.481851771747572
0.599856725240088,-0.500839249811505,-0.594364927248407,-0.0935256774369023,-0.345882854179454
-0.123831012985222,0.12173985626998,0.00424478911332124,-0.117495067156659,-0.966584949398962
1.00190546869859,-0.925876780146264,-1.00802935952004,-0.0821525793737768,1.86379212490985
-0.204240761676922,0.136331275813696,-0.153647906369441,-0.289979182183136,-0.795696848605579
-0.84751875121053,0.448362961916998,0.475855705975428,0.0274927440584298,1.2630779900861
-0.284650510368624,0.243541958403802,0.0135679171544534,-0.229974041249348,-1.30379686394562
1.8864127043073,-1.92433477139925,-2.29914810428464,-0.37481333288539,-0.709908018457107
-0.606289505135426,0.38244487603671,0.32385572364406,-0.0585891523926501,0.892344636269591
-0.284650510368624,0.147133072846294,-0.0546923836488464,-0.20182545649514,-0.0940029728121661
-0.284650510368624,0.032527409904915,-0.194238028050083,-0.226765437954998,-1.00209863681528
0.197807981781583,-0.219320943184324,0.0409462553460402,0.260267198530364,0.982463338713561
-0.204240761676922,0.138972050980952,-0.0130271124997896,-0.151999163480742,0.316077784700908
-0.365060259060323,0.221172516877332,0.187297197452103,-0.0338753194252294,0.768330480942406
-0.525879756443727,0.151417285317965,-0.108465192582306,-0.259882477900271,-2.38948842789313
-0.525879756443727,0.314795423838323,0.484592589416726,0.169797165578403,-2.65889577163331
-0.0434212642935202,-0.0417189047002132,-0.061481510818235,-0.0197626061180218,-1.70067331871678
1.2431347147737,-0.509146942480469,-0.474829753372432,0.0343171891080363,-0.330979571940672
-0.123831012985222,0.0336179161896228,-0.23991759293244,-0.273535509122062,0.16498619103422
-2.29489422766115,1.26489073347632,1.43334645002978,0.168455716553461,0.447710700448055
-0.284650510368624,0.0350334010660565,-0.0272292496390273,-0.0622626507050838,0.311435925393521
-1.41038699205244,1.0211904998541,0.802958585951534,-0.218231913902563,0.0175459079675554
-0.123831012985222,0.0136566273055248,0.141058028057845,0.12740140075232,-1.0304899199935
-1.00833824859393,0.729226002226132,0.832582363967327,0.103356361741194,0.828468991272093
0.841085971315191,-0.472115481524158,-0.367346578187924,0.104768903336235,0.0326322467070971
0.278217730473283,-0.128828365267823,0.133327434057195,0.262155799325018,1.74914449139053
-1.49079674074414,1.24119052898009,0.952239791101738,-0.288950737878356,-2.44501273261688
0.76067622262349,-0.328640972713889,-0.474582774776765,-0.145941802062876,-1.4211278646831
0.841085971315191,-0.312075293609114,-0.232679024100561,0.0793962695085535,0.440119703990368
1.7255932069239,-0.40000897583404,-0.280826604300884,0.119182371533156,-0.333509876511516
-0.365060259060323,0.0507611175546201,-0.0497902210458902,-0.10055133860051,-1.01391250706896
1.3235444634654,-1.00931096838674,-1.2352095319753,-0.225898563588559,1.25917763995753
0.278217730473283,-0.32274688289663,-0.589733172825839,-0.266986289929209,-1.41869175896637
0.278217730473283,-0.250516916870252,-0.283879269140617,-0.033362352270365,0.099602210442388
0.680266473931787,-0.51708346543653,-0.568707224258453,-0.0516237588219232,-1.29985866702966
-0.525879756443727,0.366784683164472,0.421150298792202,0.0543656156277297,-0.583788312298424
-0.204240761676922,0.0104327883492437,-0.0946177800303266,-0.10505056837957,-5.4938877326166
1.2431347147737,-0.772073658828549,-1.02992099544196,-0.257847336613407,1.58460720448865
-0.365060259060323,0.329166084227323,0.1925469083901,-0.136619175837224,0.259777178077687
0.197807981781583,-0.12719442896436,-0.360807367754129,-0.233612938789768,0.0127680624271933
0.439037227856687,-0.292930476928869,-0.60706942699235,-0.314138950063481,0.0402284329565585
-0.204240761676922,0.35199054168546,0.167171820072956,-0.184818721612505,1.31730466003796
0.278217730473283,-0.20342265622249,-0.30647582426966,-0.10305316804717,-0.446886152545634
-1.00833824859393,0.82454580727883,0.679511933056493,-0.145033874222336,-0.419522521300521
2.93173943729941,-0.828938903414582,-0.721049886608707,0.107889016805875,-2.86737440331973
-0.84751875121053,0.659421759697744,0.761929476329597,0.102507716631853,-3.37836342051234
2.93173943729941,-2.24838487579927,-2.50201686362395,-0.253631987824678,-1.34695122712278
0.278217730473283,-0.0895526742387614,-0.0736268285914825,0.0159258456472789,0.220466237773897
0.278217730473283,-0.232821306203021,-0.321008313359836,-0.0881870071568152,-1.15936748034078
-0.123831012985222,0.262874459051213,-0.11403367867576,-0.376908137726974,0.499680238477868
-1.32997724336074,0.811491173893788,0.734486111599263,-0.0770050622945251,-0.885194549267524
-0.525879756443727,0.416085947535231,0.271580680169339,-0.144505267365891,-2.82884213116991
0.278217730473283,-0.272057860415801,-0.242419546933425,0.0296383134823754,1.78087067732297
0.278217730473283,-0.0263380458012844,0.0449912003901685,0.0713292461914528,-0.0757282648726859
-0.365060259060323,0.293386818403049,0.0488939456649387,-0.24449287273811,-0.146611417940425
-0.284650510368624,0.249999447369429,0.367637815658021,0.117638368288592,-0.860825188597172
0.841085971315191,-0.498216415344967,-0.470901019712529,0.0273153956324384,-0.167216652291344
1.3235444634654,-0.987549953515598,-1.20981455150856,-0.222264597992962,-0.906510694976742
-0.686699253827128,0.239410658691545,0.112948240157281,-0.126462418534264,-2.14112775778874
-0.84751875121053,0.525891150323861,0.601753317615215,0.0758621672913538,0.842106407718957
-0.686699253827128,0.682079172666357,0.545852310155413,-0.136226862510944,-1.07761456730595
-1.00833824859393,0.381352676791289,0.0335766204999661,-0.347776056291323,-2.43802236545776
-0.606289505135426,0.328740680546055,0.378684822245518,0.0499441416994633,0.737854002347816
-0.0434212642935202,-0.0816124513638642,-0.140201678265008,-0.0585892269011442,0.0208183149293211
-0.123831012985222,0.0760349179686831,-0.0656661269106315,-0.141701044879315,-1.36687301088011
0.680266473931787,-0.629306983106698,-0.978327380913309,-0.349020397806612,0.77098497529372
0.197807981781583,-0.108554230398643,-0.392493772342961,-0.283939541944319,0.409421752461133
-1.41038699205244,0.564113021174347,0.472108996410905,-0.0920040247634418,-1.78179226693086
-0.204240761676922,0.257676266828298,0.189414597007594,-0.068261669820704,-0.971213906926062
-1.00833824859393,0.735269870291876,0.597416817478471,-0.137853052813405,2.37948335186514
0.439037227856687,-0.0950561637792253,-0.417917708740981,-0.322861544961755,-1.33544722757127
0.278217730473283,-0.193834113167956,-0.212056111287945,-0.0182219981199891,1.47274582268996
-0.606289505135426,0.546715567208469,0.381010359269924,-0.165705207938545,-1.31504594530376
1.966822452999,-1.98414437244286,-2.49299319202076,-0.508848819577895,0.883563928246577
0.439037227856687,-0.335403900794959,-0.265954865295227,0.0694490354997312,1.79390767761519
1.8864127043073,-0.887779772892399,-0.807196895324767,0.0805828775676314,-1.06998770798599
-0.525879756443727,0.327054272058972,0.635491863258403,0.30843759119943,0.285497226065157
-0.123831012985222,-0.0620196858259052,-0.117486704822829,-0.0554670189969237,-1.39076743812244
0.278217730473283,-0.347464413968399,-0.54585825383799,-0.198393839869591,0.640081778663728
0.278217730473283,-0.104590022832979,-0.0946276879968957,0.00996233483608296,0.973703013390102
0.599856725240088,-0.357308965813168,-0.432098335054998,-0.0747893692418292,-0.302450319104481
1.7255932069239,-1.23709142917826,-1.24114738058027,-0.00405595140200976,0.401205200809143
-0.0434212642935202,-0.0557978013944264,-0.19211136500366,-0.136313563609233,0.318104370252331
1.966822452999,-1.41383927975012,-1.55299464332565,-0.139155363575528,0.504282156848159
-0.123831012985222,0.0571268051670478,0.0223657183313131,-0.0347610868357347,-0.358910841932231
0.841085971315191,-0.490658708616198,-0.573738685866898,-0.0830799772507005,-1.27195602380343
1.8864127043073,-1.13632572464045,-1.15067907107271,-0.014353346432268,-0.214618403826623
-0.686699253827128,0.436942268005707,0.670849310166391,0.233907042160684,-0.00247378782679331
1.8864127043073,-0.938396110118127,-0.91843278036632,0.0199633297518076,0.604109736644706
-0.123831012985222,0.21791017154978,0.0980325979455715,-0.119877573604209,2.05164511847085
0.278217730473283,-0.3656828799807,-0.633098611394823,-0.267415731414123,1.31971938320066
1.966822452999,-1.53340880685935,-1.82584891286781,-0.292440106008463,1.05264708768633
0.680266473931787,-0.255999188481773,0.00241183251632571,0.258411020998099,0.413795510189423
-0.686699253827128,0.35898085770256,0.611999111098894,0.253018253396334,1.0383227970218
0.680266473931787,-0.17575714970994,-0.314986425473312,-0.139229275763372,0.939808406142765
2.93173943729941,-1.4620000924086,-1.50855273865441,-0.0465526462458137,1.41499320012174
-0.606289505135426,0.365281794231709,0.364211027512885,-0.001070766718824,-0.134032890776762
-0.606289505135426,0.43232676906337,0.189987211949837,-0.242339557113533,-0.831630647645448
0.278217730473283,-0.0133464136083778,-0.0744392319213931,-0.0610928183130153,0.590158925734206
-0.525879756443727,0.17250682288625,0.105203102898669,-0.0673037199875811,-0.896209876234912
2.93173943729941,-2.07806533916349,-2.13724614591563,-0.059180806752142,-0.968045980135583
-0.525879756443727,0.248515615004663,0.362287066458649,0.113771451453986,-0.615558985538073
-0.365060259060323,0.216503324356827,0.0509923890761292,-0.165510935280698,1.15990026174827
1.00190546869859,-0.67921408761724,-0.7666138457148,-0.0873997580975593,-0.11459229125509
-0.123831012985222,0.050080975476716,0.0218673181933272,-0.0282136572833888,-0.52927728230198
0.680266473931787,-0.565962133279059,-0.538335785744034,0.0276263475350258,-0.206808137545252
-0.606289505135426,0.239211258190344,0.296770657695528,0.0575593995051847,-2.35489427462849
-0.525879756443727,0.420710288820711,0.62816633515258,0.207456046331868,0.877388262270128
0.278217730473283,-0.241632575268224,-0.424117335036364,-0.18248475976814,0.0614474060780268
-0.284650510368624,0.140024531729122,0.139515716284153,-0.000508815444968697,0.0111659123213655
-0.84751875121053,0.428190237765373,0.519720129792975,0.0915298920276027,1.22355004851725
0.278217730473283,-0.010846110230972,-0.133987408600696,-0.123141298369724,0.908286181039712
-0.284650510368624,0.108644089589822,0.151522349039938,0.0428782594501156,-0.832015140650168
-2.21448447896945,1.97838590887889,1.86444438257577,-0.113941526303123,0.103224263987032
1.7255932069239,-0.731252815460111,-0.706878912635933,0.0243739028241777,3.19668257371573
-0.365060259060323,0.266497874733662,0.156793695839611,-0.109704178894051,-1.48775405319047
0.599856725240088,-0.316868009683067,-0.40257560988447,-0.0857076002014028,0.522194421371596
-0.606289505135426,0.100471937243941,0.210079215963988,0.109607278720047,1.6316521681358
-1.41038699205244,0.92482924429954,0.831189157632509,-0.0936400866670317,-0.95702543024196
-0.365060259060323,0.0831629977454102,0.0703414385460343,-0.0128215591993759,0.576499712294374
-0.284650510368624,0.119145527340303,0.108961748842289,-0.0101837784980142,-1.15236060157013
0.680266473931787,-0.512361658548091,-0.829389461026921,-0.31702780247883,0.751329064106927
0.278217730473283,-0.0934773047554978,-0.0999969591961812,-0.00651965444068341,-0.326033206234743
-0.365060259060323,0.330690290933693,-0.0319249971629335,-0.362615288096627,-0.609662207650365
0.197807981781583,-0.0555554826548944,-0.0748546585389948,-0.0192991758841004,0.413004631145363
-0.84751875121053,0.736509922701937,0.19802010927486,-0.538489813427077,0.280339915817486
-0.123831012985222,0.1365796839335,-0.0467852975316777,-0.183364981465178,0.630885578625622
0.278217730473283,-0.179692069735964,-0.0354858826410231,0.144206187094941,-1.13714752484946
-0.123831012985222,0.256921613416446,-0.0333389613498716,-0.290260574766317,0.701569722715
-0.0434212642935202,-0.012781218565432,0.0295993978280215,0.0423806163934535,0.747601728238243
0.197807981781583,-0.20244694710233,-0.0304196341725086,0.172027312929822,-0.286613083239846
-0.123831012985222,-0.0225060185844139,-0.115903820117406,-0.0933978015329918,-1.5098115186221
-0.686699253827128,0.258660208104988,0.350225884634898,0.0915656765299098,1.00367307341923
-0.123831012985222,0.0489465254912888,0.00266169354918555,-0.0462848319421033,-0.255923525218617
-0.686699253827128,0.422051124181217,0.151467731723783,-0.270583392457435,0.141176637808648
1.966822452999,-1.3582935151443,-1.43010515847644,-0.0718116433321327,0.412044933591518
1.3235444634654,-1.15115436334844,-1.3157363457561,-0.16458198240766,0.251321058219676
0.197807981781583,-0.130799656138427,-0.27344924524049,-0.142649589102063,0.452225436920049
-1.49079674074414,1.35052789289374,1.00216811879303,-0.348359774100711,-1.80690697494143
0.599856725240088,-0.416628499899624,-0.509761011612074,-0.0931325117124501,1.0004431488773
0.680266473931787,-0.111000589330038,-0.190906626417957,-0.0799060370879187,-0.00653075610802609
-0.365060259060323,0.276245285065449,0.257874728544722,-0.0183705565207271,1.74593543933413
-0.365060259060323,0.217113713073653,0.289308373289392,0.0721946602157389,-0.709745991972194
-0.606289505135426,0.32697247837138,0.459815299334685,0.132842820963306,2.4801746069052
-0.365060259060323,0.356756280206318,0.511834749662866,0.155078469456548,-0.229245797415733
-0.284650510368624,0.195367451398022,0.0859938700066396,-0.109373581391383,-0.55921118545466
-1.41038699205244,0.81385383845997,0.838078861102775,0.0242250226428052,0.446439376751875
2.93173943729941,-1.98280309828002,-2.28722156486788,-0.30441846658786,0.430742447576874
0.278217730473283,0.00153340304800889,0.132820708269376,0.131287305221367,1.39403278819179
-0.284650510368624,0.276264311128645,0.179125425375359,-0.0971388857532856,1.24301490406118
-0.284650510368624,0.337017665437504,0.421744408477632,0.0847267430401278,1.3470470039055
-0.365060259060323,0.344840175404974,0.130182242410355,-0.214657932994619,-0.934974230584313
0.197807981781583,-0.294797273593059,-0.049952431490669,0.24484484210239,0.624036483211967
-0.284650510368624,0.250201468196807,0.215501980980681,-0.0346994872161265,-0.971328602751633
-1.41038699205244,0.577304681490547,0.655967066131113,0.0786623846405659,0.183834026897477
-0.284650510368624,0.163079117060702,-0.15161244596352,-0.314691563024222,-0.0772556512983563
-0.204240761676922,0.0682689551779813,0.15310171861063,0.0848327634326483,2.22189348386979
0.76067622262349,-0.609570443468239,-0.808306838648282,-0.198736395180043,-0.659526401363644
-0.525879756443727,0.4625365646387,0.334676987096302,-0.127859577542398,-0.765783109757309
-0.204240761676922,0.022248810268685,-0.0937637777250555,-0.11601258799374,0.514782241792868
-2.21448447896945,1.33323178984763,1.06765062263178,-0.265581167215846,0.0139622847104413
0.197807981781583,-0.200452075009528,-0.332673773034176,-0.132221698024648,-0.0438555150651277
-1.49079674074414,0.720528358943028,0.600665481982079,-0.119862876960949,0.438780272209837
-0.123831012985222,0.0223414433380517,0.0946474650053067,0.072306021667255,0.473302803329915
-0.123831012985222,0.0202799108586698,0.0682002374959526,0.0479203266372827,0.764215647663855
1.00190546869859,-0.711825061802086,-0.886398823267478,-0.174573761465392,0.248015789607673
1.3235444634654,-0.730356961268953,-0.738606700128995,-0.00824973886004143,-1.73054220109888
0.278217730473283,-0.367731641011393,-0.628524563528804,-0.260792922517411,-1.51120574386612
0.197807981781583,-0.167914367617996,-0.0782010602962044,0.0897133073217917,-1.66335822844693
2.93173943729941,-1.33786789124649,-1.20817072046892,0.129697170777573,-0.978433867493503
-0.123831012985222,0.0139041939953065,0.0231380067558633,0.00923381276055682,1.99999781394504
-0.284650510368624,0.106871958447349,-0.0619244384256286,-0.168796396872978,0.522897710211955
-0.686699253827128,0.330867392949675,0.359204650142422,0.0283372571927467,-2.27621970475539
-0.204240761676922,0.337569685729049,0.226123078044977,-0.111446607684072,-0.0701589747900937
-0.365060259060323,0.343742557556128,0.131044660996025,-0.212697896560103,-0.275229639033882
-0.204240761676922,0.275680013595529,0.13488766722228,-0.140792346373249,-2.00593616124763
0.278217730473283,-0.179244234677285,-0.336847952437641,-0.157603717760356,1.60493420972922
-0.123831012985222,0.17104496898744,0.0225233345530106,-0.148521634434429,1.18505083226005
-0.284650510368624,0.315930428968671,0.327398168752034,0.0114677397833634,2.08022702788761
2.93173943729941,-2.10492630300639,-2.1307681929063,-0.0258418898999109,0.877997520488715
0.278217730473283,-0.198084642920425,-0.0903872980429715,0.107697344877454,-0.568397336027869
0.278217730473283,-0.0905470677997616,-0.0600029502257377,0.0305441175740239,0.330896308072627
-0.204240761676922,-0.0884728439992549,-0.513300583055013,-0.424827739055758,-1.35082548281093
0.599856725240088,-0.565222244590637,-0.844228403358688,-0.27900615876805,-1.23475004887031
-0.204240761676922,0.183436176067064,0.300810016255251,0.117373840188187,-0.895206535390819
-0.84751875121053,0.57419578911836,0.391214169523371,-0.182981619594989,-0.804155151713538
-0.84751875121053,0.334809388164174,0.37124467448918,0.0364352863250068,0.297972114217583
1.966822452999,-1.57778749732731,-1.87582631037011,-0.298038813042799,-0.472308338729355
-0.284650510368624,0.0617311737270487,0.0243068036069113,-0.0374243701201374,2.19800602468785
0.599856725240088,-0.273438584821847,-0.377378511062428,-0.103939926240581,-1.38070147538426
0.439037227856687,-0.325552224034935,-0.528980416990383,-0.203428192955448,2.22840206864096
-0.686699253827128,0.582896247500359,0.37216739087171,-0.210728856628649,-0.505755248958245
-0.686699253827128,0.645999259615076,0.505281138095911,-0.140718121519164,-1.56454051180126
1.966822452999,-1.37163018848295,-1.42876197599742,-0.0571317875144741,0.0167580986749045
-0.525879756443727,0.165917811603209,0.0625085809440152,-0.103409230659194,-0.724257295577337
-0.525879756443727,0.273771329271947,0.224741042457938,-0.049030286814009,0.480868031380344
0.278217730473283,-0.296151398861115,-0.378999285516235,-0.0828478866551208,0.650227733132617
1.966822452999,-0.99815732321913,-1.04930428465908,-0.0511469614399487,-0.849999757384637
1.2431347147737,-0.383549475595737,-0.46814402699534,-0.0845945513996029,0.125673397541804
0.197807981781583,-0.0161191975918846,-0.122260519638851,-0.106141322046967,0.108075768630029
1.2431347147737,-1.030477822943,-1.1937706554809,-0.163292832537891,0.605608016214802
1.7255932069239,-0.679622564759353,-0.393839259124652,0.285783305634701,0.694106072513778
1.2431347147737,-0.891599475137711,-0.957541059770226,-0.0659415846325152,-0.0105843627408844
-0.84751875121053,0.829203372270061,0.575527224334328,-0.253676147935733,-0.0993364953398944
2.93173943729941,-1.86574760690439,-2.06097409069497,-0.19522648379058,-1.21537608142796
-0.204240761676922,0.0953494701108399,0.0109149641054295,-0.0844345060054104,0.973230459538152
-0.84751875121053,0.272475350032168,0.369340557447716,0.0968652074155485,0.687384614486763
1.2431347147737,-0.962568959841827,-1.06608960732306,-0.10352064748123,1.33627292220099
-0.84751875121053,0.439245409450607,0.157404191821888,-0.281841217628719,-1.79946714103513
-0.84751875121053,0.421825699537878,0.446346649256654,0.0245209497187762,-1.3295192383848
0.278217730473283,-0.167142433173314,-0.206864956265742,-0.0397225230924282,-1.76854189324841
1.3235444634654,-0.752131312132799,-0.783280991957101,-0.0311496798243021,2.2523193356191
-0.686699253827128,0.454710892232213,0.419247802372261,-0.035463089859952,-1.4208600061904
-0.284650510368624,0.273740494620432,0.0675824701671527,-0.206158024453279,-1.54547036141747
0.599856725240088,-0.231701535007322,-0.0586662484562505,0.173035286551071,-0.648613183102822
1.2431347147737,-0.770078559996559,-0.966100457526386,-0.196021897529827,2.37059918283613
0.197807981781583,-0.172501725764107,0.0881222297592345,0.260623955523342,0.0925774552320786
-0.123831012985222,2.99966653976164e-05,0.110986464077691,0.110956467412293,-0.272877578982948
-0.284650510368624,0.250250050571601,-0.0248252478425573,-0.275075298414158,-0.526806336444543
-2.29489422766115,2.02786931340243,1.90275317453197,-0.125116138870458,0.367874934118943
-0.284650510368624,0.209687399295355,-0.111210509009256,-0.320897908304612,1.0335211715333
-1.32997724336074,0.757451551307161,0.835135685006094,0.0776841336989326,0.104294544729821
-0.284650510368624,0.161943717737182,-0.00469735676867569,-0.166641074505858,-0.382714263247648
-0.204240761676922,0.0524873176197526,0.295190422334537,0.242703104714785,0.3804702348984
1.3235444634654,-0.527862371303474,-0.470976697369205,0.0568856739342687,3.20991491098182
-0.606289505135426,0.392959583684394,0.0826645966968105,-0.310294986987583,-0.664568350283354
-0.606289505135426,0.565215804584206,0.231524006161456,-0.33369179842275,-1.6625779431546
-0.686699253827128,0.5016763380068,0.237599639441268,-0.264076698565532,0.810152372592483
-0.123831012985222,0.113119467708315,-0.232832090413731,-0.345951558122046,0.899767245301002
-0.365060259060323,0.196119510679628,0.368581696885825,0.172462186206197,2.34371394453129
-0.606289505135426,0.259663067100742,0.182513531884983,-0.0771495352157591,0.153462671162932
0.278217730473283,-0.0565340291220504,0.150110551764859,0.206644580886909,-0.336559229623361
-0.284650510368624,0.183875806290737,0.241326174705966,0.0574503684152293,2.19174392984545
1.8864127043073,-0.886906334446667,-0.969185238091092,-0.0822789036444251,-1.32164164493952
-0.84751875121053,0.604964511384467,0.365665928811103,-0.239298582573364,0.259456655765871
0.278217730473283,0.0450820461159208,0.168053799835627,0.122971753719706,0.838815266516242
-0.365060259060323,0.361560494494489,0.471576957179536,0.110016462685047,0.416050765629809
0.439037227856687,-0.395319059476133,-0.412935646646819,-0.0176165871706863,-1.2108965862822
1.2431347147737,-0.80616888380392,-0.997261486137409,-0.19109260233349,-1.35287286003867
-0.606289505135426,0.427578731497508,0.448283446522991,0.0207047150254826,-0.837013206122422
0.278217730473283,-0.204972975405243,-0.0781760265435811,0.126796948861662,-0.985120019486778
-0.686699253827128,0.336739921779861,0.408634554224308,0.071894632444447,0.147796045083868
0.197807981781583,0.005910331473416,0.0886561685627705,0.0827458370893545,0.194744974422284
-0.686699253827128,0.354289581157213,0.185890187826975,-0.168399393330238,-0.902033748664517
-1.41038699205244,0.823185551645381,0.703367355937068,-0.119818195708312,-2.07383595411509
-1.32997724336074,1.13787680994857,1.00530259210556,-0.132574217843009,0.567402988512974
-0.686699253827128,0.293471670482955,0.42710784835861,0.133636177875656,0.0551061197012328
-1.00833824859393,0.397803223956377,0.438630503628784,0.0408272796724068,-1.81181491306392
-0.284650510368624,0.236561402615146,0.0855282970582337,-0.151033105556912,0.768502057783277
0.599856725240088,-0.565436929704875,-0.62133852024668,-0.0559015905418051,0.403549063647999
-0.686699253827128,0.240400175189788,0.209083935699893,-0.0313162394898948,0.149571351444589
1.3235444634654,-0.772178496514775,-0.800243537385996,-0.0280650408712213,-0.406224988072784
-0.284650510368624,0.175396225765261,-0.061686908809021,-0.237083134574282,-0.691805757996723
-2.21448447896945,1.17711134983642,1.25403384672734,0.0769224968909172,0.160242236361711
-0.123831012985222,-0.0438387017268639,-0.286460939214922,-0.242622237488058,-0.463839433515089
-0.525879756443727,0.359350141522147,0.0342229436450252,-0.325127197877122,-0.858760339512294
0.197807981781583,-0.173193301553481,-0.395136844509038,-0.221943542955557,1.83280602373197
0.76067622262349,-0.665315358240237,-0.801687116026127,-0.13637175778589,-0.190429221079016
0.841085971315191,-0.41957213419038,-0.511409495108831,-0.0918373609184514,-1.60902962003486
-1.00833824859393,0.990899708113462,0.738183135428917,-0.252716572684545,-1.09119505618768
0.841085971315191,-0.63981509733376,-0.592478628219892,0.0473364691138687,-0.320096895136747
0.599856725240088,-0.49195885173083,-0.616552518282515,-0.124593666551685,-0.824235301490679
-0.686699253827128,0.603674026977701,0.481938949974509,-0.121735077003192,-1.78626377320233
0.278217730473283,-0.339672760727934,-0.65511862807893,-0.315445867350996,-0.471327475187657
0.197807981781583,-0.0656555640241993,-0.21873810513591,-0.15308254111171,1.70813304583451
-0.686699253827128,0.466281284671194,0.221798562361062,-0.244482722310133,-2.25887783939346
0.278217730473283,-0.0960829480964311,-0.0746563110949378,0.0214266370014933,0.595678739572616
0.841085971315191,-0.248287566681789,-0.227668863376205,0.020618703305584,-1.46732519102485
1.7255932069239,-1.02252128819751,-0.968304347076323,0.0542169411211858,-1.13631774103979
0.599856725240088,-0.482473861160617,-0.540168777030821,-0.0576949158702041,-0.0863043898810436
1.3235444634654,-0.726056042336999,-0.648528459748307,0.0775275825886925,-1.82027030702407
1.2431347147737,-0.641040697277006,-0.734757112164956,-0.0937164148879497,0.274939954571213
-0.525879756443727,0.559724558109167,0.122689368940383,-0.437035189168785,-0.630211706957364
0.680266473931787,-0.242281066952295,-0.31763360731571,-0.0753525403634155,-2.83390133432775
1.00190546869859,-0.613743045614849,-0.426999174650252,0.186743870964597,0.298002138381753
1.8864127043073,-1.31083171673199,-1.47772527318356,-0.166893556451573,0.0491633292307887
-0.0434212642935202,0.142837518196218,0.0485476283278002,-0.0942898898684182,-0.25827850680572
-2.21448447896945,1.7063476878744,1.41170151295625,-0.294646174918146,0.453185798929728
-0.606289505135426,0.36971199190281,0.227066178322942,-0.142645813579868,-1.82385203042939
-0.365060259060323,0.480634988270286,0.301328778945563,-0.179306209324723,-1.25553972531122
-1.49079674074414,1.3653944144506,1.18890743956677,-0.17648697488383,-0.537350617612733
-0.365060259060323,0.325693980465864,0.190794542695464,-0.1348994377704,0.295368202750527
-0.204240761676922,-0.00771935016510324,0.0741418230339582,0.0818611731990615,-0.583583656105591
-0.606289505135426,0.438919690768789,0.227764981676241,-0.211154709092547,1.03244806211971
1.00190546869859,-0.806568930452643,-1.09647455471051,-0.289905624257864,0.265843895889807
0.680266473931787,-0.341728135793444,-0.231133632349779,0.110594503443665,1.27820784724741
1.8864127043073,-1.09134433695673,-1.35621467639786,-0.264870339441128,1.12315467451502
-0.284650510368624,0.176436559259837,0.163294768241289,-0.0131417910185475,-0.858461048235012
-2.29489422766115,1.59685922770431,1.59303233453519,-0.00382689316912388,-0.680241414879243
-0.123831012985222,0.0651117006366022,0.0465966233686851,-0.0185150772679172,0.804321490673467
-0.204240761676922,0.130307179385978,-0.0533234328088243,-0.183630612194803,-1.20261055224603
0.278217730473283,-0.0755878648123494,-0.0965505301296493,-0.0209626653172999,0.449759464834953
0.278217730473283,-0.315251233331015,-0.354233359046178,-0.0389821257151637,-0.741044844199055
-0.525879756443727,0.256631148989287,0.202775313822743,-0.053855835166544,0.653178571035952
-0.84751875121053,0.466868077119983,0.516768811821618,0.0499007347016353,2.01218121657855
-0.365060259060323,0.181919788384499,0.117020192535878,-0.0648995958486211,-0.968032575035043
-0.284650510368624,0.299115066373712,0.218205712424744,-0.0809093539489681,1.05225117113456
-0.686699253827128,0.428608037864235,0.491974014198733,0.0633659763344979,-0.881422178084285
0.278217730473283,-0.00481398907678129,-0.0527414300432947,-0.0479274409665134,0.706684218649266
-0.686699253827128,0.20994933534582,0.308325976344742,0.0983766409989225,2.19809008164531
-0.606289505135426,0.271250097766129,0.207159924329209,-0.0640901734369202,0.834443053150793
-0.84751875121053,0.338359928999891,0.163650562252086,-0.174709366747805,1.64299044424384
-0.606289505135426,0.17139155298459,0.146132948677564,-0.0252586043070261,-1.66648223903148
-1.41038699205244,0.76993141708693,0.847897554235741,0.0779661371488107,0.871940747947696
-0.284650510368624,0.0615894962696668,0.155026636781018,0.0934371405113514,0.113671847688187
-1.00833824859393,0.933224908359984,0.712405373018365,-0.220819535341619,0.107727096623356
0.278217730473283,-0.130617717463413,-0.222693439480312,-0.0920757220168988,0.571005476419702
1.7255932069239,-1.95405157084165,-2.44284366777819,-0.488792096936538,-0.662712909267495
-0.686699253827128,0.394103117546877,0.392729304826824,-0.00137381272005288,-0.976230916221248
0.599856725240088,-0.457956098097685,-0.472720881913785,-0.0147647838161004,-0.599479029685642
-1.49079674074414,0.701668080546332,0.62222356610384,-0.0794445144424925,-0.445735502334599
0.278217730473283,-0.240585904020899,-0.200368021236909,0.0402178827839903,1.51843611155684
-0.284650510368624,0.0793760852259076,0.225105644383699,0.145729559157791,0.95680408088362
-0.84751875121053,0.773117662874335,0.615645176054894,-0.157472486819441,-0.77964698336712
0.278217730473283,-0.240076899094849,-0.195509548216567,0.0445673508782822,-1.19203226762484
-1.49079674074414,0.55200855318788,0.434866918760514,-0.117141634427365,-2.73224709945303
-0.204240761676922,0.12238995262073,0.0508778148869058,-0.0715121377338243,-0.755120988693462
-0.284650510368624,0.30199138663979,0.166808661747646,-0.135182724892143,0.849983839829661
1.8864127043073,-1.52999419947899,-1.75753975545107,-0.227545555972083,0.684895558166236
-0.284650510368624,0.237816242755167,0.147903570664271,-0.0899126720908958,-2.64470382465574
0.278217730473283,-0.301751564864112,-0.461179459215835,-0.159427894351723,-0.171933159894854
-0.123831012985222,0.0731489346291799,0.097227850210414,0.0240789155812341,0.875324961175629
-0.525879756443727,0.616853556960679,0.343716138628912,-0.273137418331767,-0.563685294190557
2.93173943729941,-2.22058838159513,-2.3139915096947,-0.0934031280995615,2.09869817769812
0.76067622262349,-0.471105884393824,-0.668403363821316,-0.197297479427492,0.547188024559491
-2.29489422766115,1.50314021412292,1.35305053924175,-0.150089674881167,0.123375782816958
0.278217730473283,-0.0778405564458062,-0.131827895850869,-0.0539873394050627,1.17690645603438
-2.21448447896945,1.45310384116988,1.40200294687163,-0.0511008942982494,0.278667829762
0.599856725240088,-0.101922889551449,0.165877141015131,0.26780003056658,-0.806200774202141
0.439037227856687,-0.339771357942607,-0.532836497075442,-0.193065139132836,-0.0826091741067713
-1.49079674074414,0.70860994659236,0.786477644380353,0.0778676977879925,-1.45471672118934
0.278217730473283,-0.206478475648207,-0.433149649110924,-0.226671173462716,-0.312939744400342
0.680266473931787,-0.435524268642641,-0.482340501332166,-0.046816232689525,0.00512315098218274
-1.00833824859393,0.629241803368391,0.73599594781248,0.106754144444089,-0.830964947267177
1.966822452999,-1.20383417533069,-1.13204206960204,0.0717921057286508,-0.287401944669053
-2.29489422766115,1.53102615224452,1.46384706744468,-0.0671790847998384,-0.849750513330287
-0.284650510368624,0.254133451037614,0.012196413636267,-0.241937037401347,-1.12666609380888
1.3235444634654,-0.815357357992986,-0.875223016898895,-0.0598656589059089,1.8220768478186
1.2431347147737,-0.42054340736413,-0.174987978288501,0.245555429075629,-0.253363838972426
0.278217730473283,-0.432739748658442,-0.677733888973743,-0.244994140315301,-0.599894134002844
-2.21448447896945,1.30981432917322,1.30516386868126,-0.00465046049195528,-0.946333797536951
0.278217730473283,-0.195081835280396,-0.421169079221793,-0.226087243941397,-0.0123788187453351
0.680266473931787,-0.181236117176674,-0.0433953675001703,0.137840749676503,1.23504468571286
1.2431347147737,-0.49802127539886,-0.393959316631634,0.104061958767226,-0.406599274198233
0.439037227856687,-0.0827415473600387,0.066276927644203,0.149018475004242,-1.27434045853138
2.93173943729941,-0.904307132101254,-0.770742882278493,0.133564249822761,-0.649675388289135
1.00190546869859,-0.547079873379447,-0.63717520943205,-0.0900953360526038,-0.57695453173079
1.3235444634654,-1.04793549475871,-1.17922582144757,-0.131290326688859,0.761761324487646
-0.204240761676922,0.191782398909854,-0.131308514606255,-0.323090913516109,0.523307325219026
-0.686699253827128,0.44663147099475,0.413503947281904,-0.033127523712846,-0.233522261169967
-0.123831012985222,-0.0303726929985311,-0.144910536986841,-0.11453784398831,-1.62304582815747
-0.284650510368624,0.18286009315085,-0.127346588190096,-0.310206681340945,-0.201284150807662
0.197807981781583,-0.069900581806311,0.0640555636422515,0.133956145448563,0.393634618839976
-0.0434212642935202,-0.0904790590527063,-0.288013806510146,-0.19753474745744,0.882195575558387
0.197807981781583,-0.0654202095519986,-0.121365781967199,-0.0559455724152005,-1.71337436425368
0.841085971315191,-0.581146212442353,-0.848609802272686,-0.267463589830333,-0.338726080371963
0.197807981781583,-0.051341504512496,-0.00695097769803463,0.0443905268144614,-1.9114492078813
0.197807981781583,-0.166434253170579,-0.359739442516951,-0.193305189346372,-1.14306985493043
-0.204240761676922,0.121943060159589,0.00639593346987928,-0.11554712668971,-0.409985886036453
0.76067622262349,-0.554467351862719,-0.686166141360518,-0.131698789497799,-0.122907525588691
-0.365060259060323,0.137908235764127,0.0931264112141726,-0.044781824549954,0.135232227231722
-0.686699253827128,0.387701717882589,0.511319963433123,0.123618245550535,1.89595167106397
1.00190546869859,-0.516908418590392,-0.551889636215644,-0.0349812176252515,-0.415900624611175
-1.49079674074414,0.955881117511009,0.806367203635208,-0.149513913875801,-0.330774379815389
0.278217730473283,-0.21827460155971,-0.202563557735802,0.0157110438239081,-1.24976930275184
-0.284650510368624,0.159412112323204,0.205130162041762,0.0457180497185575,0.948008684713614
0.278217730473283,-0.0178813705324626,0.154686808773585,0.172568179306047,0.0124477142443694
-0.204240761676922,0.166826099336322,0.489394080865603,0.322567981529281,0.0481300912467559
-1.41038699205244,1.18711153529901,0.868300722456047,-0.318810812842961,-0.88485146788485
0.197807981781583,-0.175842050079438,-0.197566156689493,-0.0217241066100553,-0.380611532660766
-0.606289505135426,0.495162345211584,0.470511862422066,-0.024650482789518,0.682753325396039
-0.204240761676922,0.0587266425402458,-0.16032703980974,-0.219053682349986,0.595941330147374
-0.686699253827128,0.402718716468328,0.325678093463688,-0.0770406230046397,0.634586816522156
0.278217730473283,-0.0538836610137059,-0.33564465246251,-0.281760991448804,-0.189744182758846
0.680266473931787,-0.538555207425021,-0.682040009561365,-0.143484802136344,-0.777927056025736
1.2431347147737,-0.742860322774741,-0.888578928377282,-0.145718605602541,-0.394475757980087
1.00190546869859,-0.814590929242821,-1.2849146410082,-0.47032371176538,-0.255432284772103
-0.0434212642935202,0.107779525082635,0.0717959014009566,-0.0359836236816788,3.51759559633403
-0.365060259060323,0.299315954565836,0.174269468021734,-0.125046486544101,0.114120484830896
0.278217730473283,0.00404265905644571,0.277795128421018,0.273752469364572,-2.0369894600163
1.966822452999,-1.22194419756631,-1.35731481522334,-0.135370617657031,0.0958196474549283
-0.606289505135426,0.381629152348767,0.287018038604185,-0.0946111137445818,-1.7900134249317
1.8864127043073,-1.51791561391394,-1.63925263651992,-0.121337022605976,0.593090290503854
-0.284650510368624,0.066165265712279,-0.0245049136035886,-0.0906701793158676,0.313493417003953
0.278217730473283,-0.0444757073017712,-0.0045274362034444,0.0399482710983268,1.00586950423886
-0.686699253827128,0.457561417317038,0.387063689991631,-0.0704977273254071,-1.47085925821445
0.680266473931787,-0.470269352392448,-0.472051914814397,-0.00178256242194902,1.09137033302901
-0.686699253827128,0.40935572147086,0.317192614177595,-0.0921631072932655,-0.426313354946087
-0.284650510368624,0.0414965096899536,0.00130917429684399,-0.0401873353931096,0.626917498889142
1.2431347147737,-1.11295547356566,-1.39571921703712,-0.282763743471457,1.07125048189684
0.197807981781583,0.00545211538199275,-0.300231546871431,-0.305683662253424,-0.565826483188924
-0.525879756443727,0.268667505156504,0.346254749894101,0.0775872447375972,-1.16677871205018
0.841085971315191,-0.587821446420341,-0.738923384918874,-0.151101938498533,0.821439146357721
0.197807981781583,0.0505128646443363,0.0771686083291426,0.0266557436848062,-1.30671902997843
0.197807981781583,-0.100327929533148,-0.208185340316258,-0.107857410783111,0.274937317692567
1.3235444634654,-0.834862623668523,-0.94988586008317,-0.115023236414647,-0.545773313623697
-1.00833824859393,0.44082719026474,0.604069476782636,0.163242286517896,-0.556667689457817
-0.204240761676922,0.114416575868467,0.130413821459155,0.0159972455906874,-0.453475230749238
-0.204240761676922,0.160638625496886,0.0439351423025915,-0.116703483194295,1.48464469359689
0.197807981781583,-0.205223339195053,-0.352474485336053,-0.147251146141001,-0.87197309184905
-0.606289505135426,0.563206997686976,0.318823858717838,-0.244383138969137,0.240862019914643
1.00190546869859,-0.694988274161517,-0.679587721137318,0.0154005530241991,-0.782781223890065
-0.84751875121053,0.626712022836317,0.614280131861052,-0.0124318909752651,0.874042702568606
-0.204240761676922,0.00750882217635473,0.0331248689051789,0.0256160467288241,-1.85773777556992
-0.123831012985222,0.170292214419391,0.170711222376574,0.000419007957183387,0.356001718580577
-0.204240761676922,-0.0238636537858919,-0.0558305484826367,-0.0319668946967447,-0.154668148339095
-2.29489422766115,1.06688530391247,1.02302689100962,-0.0438584129028488,0.790867046985889
0.841085971315191,-0.374164158419143,-0.754381781219097,-0.380217622799955,-0.295818116253816
0.680266473931787,-0.352705122435809,-0.25259360375924,0.100111518676569,-0.121284243302867
-0.284650510368624,0.188846604865031,0.0386747465083058,-0.150171858356725,-0.323092905224092
-0.284650510368624,0.0988690352291243,0.0359812237309318,-0.0628878114981925,-1.67022407465756
-0.204240761676922,0.172908740429699,-0.0808824532261596,-0.253791193655858,-2.34689426101697
0.76067622262349,-0.427549134083855,-0.424010920830233,0.00353821325362252,-1.27447632890902
-1.32997724336074,1.40222323591184,1.12558726441554,-0.276635971496303,-1.00206707689851
-0.84751875121053,0.554703038938274,0.248393800012069,-0.306309238926206,0.581352738941883
1.3235444634654,-1.31402930079231,-1.48165307287321,-0.167623772080904,-0.466488087338731
-0.123831012985222,-0.00252205532210009,0.0707531821030691,0.0732752374251692,1.14933769977114
-0.606289505135426,0.188418869099284,0.192640868965265,0.00422199986598149,0.0432679000499914
-0.284650510368624,0.111110382565451,0.41771517305447,0.306604790489019,0.747558554670706
0.439037227856687,-0.381110160115143,-0.387423708031864,-0.00631354791672012,-0.340064771295485
1.2431347147737,-0.68033080896128,-0.692172662624904,-0.0118418536636233,-1.41046926090438
-1.32997724336074,0.968144868039158,0.716139245354487,-0.25200562268467,-1.12456375434906
0.278217730473283,-0.0664631721271747,-0.0389528446434236,0.0275103274837511,-2.41939430335575
-0.606289505135426,0.519381108531316,0.268117845830906,-0.25126326270041,-0.133635039082389
-0.84751875121053,0.940565162906824,0.463853524958677,-0.476711637948148,0.35908910330408
-0.686699253827128,0.628395257068425,0.55873658848893,-0.0696586685794957,-1.02838240968173
1.00190546869859,-0.616592470851197,-0.585485932832223,0.0311065380189732,0.0988710376049795
-0.284650510368624,0.0512551715052691,-0.117526886941635,-0.168782058446904,0.716794388863804
0.278217730473283,-0.0879233880924808,-0.316071825464371,-0.22814843737189,-0.431461962464796
0.680266473931787,-0.538493336500373,-0.702877597370097,-0.164384260869724,-0.820587138942869
1.7255932069239,-1.43249931258004,-1.68954550323737,-0.257046190657339,0.673753722135874
0.278217730473283,-0.322585500108359,-0.398705589609147,-0.076120089500788,-1.30479588411715
-0.284650510368624,0.165624277709041,0.334243535327629,0.168619257618588,2.38745981059351
-1.32997724336074,1.23199592009257,0.931506209264127,-0.300489710828446,-0.0831175567544244
-0.686699253827128,0.249333816538102,0.0301816027681097,-0.219152213769992,1.42591339967451
-0.123831012985222,0.0706291837374785,0.108607770913762,0.0379785871762836,-0.694965762445865
0.680266473931787,-0.188191128808264,0.00197774150206542,0.19016887031033,-2.22584801364623
-0.525879756443727,0.213448045723084,0.154040061891358,-0.0594079838317265,1.19286602300045
0.197807981781583,-0.253681585202445,-0.241848815510464,0.0118327696919809,-0.00385508336345208
0.278217730473283,-0.284675597155517,-0.510233104879103,-0.225557507723587,-2.2770453858666
-0.606289505135426,0.352414613800937,0.291479701101083,-0.0609349126998539,-0.378683470684631
0.599856725240088,-0.367429633915673,-0.181704981696566,0.185724652219107,0.775361906710175
0.278217730473283,-0.227756445946527,0.152289258582021,0.380045704528547,0.646923270864628
0.197807981781583,-0.0848947514963732,-0.188181034150156,-0.103286282653783,-1.90791556885008
-0.686699253827128,0.407286949263831,0.322650748433231,-0.0846362008306007,-0.722645950454896
-2.21448447896945,1.43915831127115,1.3911401329491,-0.0480181783220421,0.331672314386402
-0.365060259060323,0.379448939018777,0.238284925835899,-0.141164013182878,-1.39743489316811
-0.365060259060323,0.221306420284244,0.21573855884546,-0.00556786143878413,-0.436813282710827
-0.365060259060323,0.284098009597696,0.234536170939081,-0.0495618386586149,2.36036350322399
-0.525879756443727,0.366484364865647,0.112046385469209,-0.254437979396438,1.00934279570083
-0.284650510368624,0.25276645353418,0.042286165451449,-0.210480288082731,-0.219135051781527
-0.284650510368624,-0.0403351981375853,0.0786230812284003,0.118958279365986,0.680672311980361
-0.525879756443727,0.286755689352404,0.188739475099039,-0.0980162142533655,2.42637009569282
0.680266473931787,-0.33175905217162,-0.497168438642231,-0.165409386470611,0.692998144625257
0.680266473931787,-0.400534063221429,-0.454879174336584,-0.0543451111151551,0.426194409103621
-0.84751875121053,0.569458435666462,0.494491326857465,-0.0749671088089968,-0.616235424071347
0.680266473931787,-0.183246719991922,-0.116023979631996,0.0672227403599263,-0.202532420341901
-0.525879756443727,0.223579823559883,0.189290487909979,-0.0342893356499036,-0.305229299412694
-0.686699253827128,0.443668085340392,0.45775405263882,0.0140859672984278,-0.986475518457838
1.966822452999,-0.68082561809917,-0.531681896551496,0.149143721547673,1.74553562087209
-0.0434212642935202,0.060717859843874,-0.0957022002478355,-0.15642006009171,3.01876102831642
1.966822452999,-1.23375949243798,-1.30234207643988,-0.0685825840018952,0.695929170521016
-1.41038699205244,1.28275791998105,1.11762892832152,-0.165128991659537,1.09111164588833
-1.49079674074414,0.922964850782492,0.87476687365796,-0.0481979771245323,1.9831878004672
0.680266473931787,-0.669793691235442,-1.14916472990404,-0.479371038668596,0.567797450723198
0.197807981781583,-0.165653271180428,-0.304019373295085,-0.138366102114657,0.306397826728288
-0.525879756443727,0.0352914385980237,0.161258210743095,0.125966772145071,1.81234615426315
-0.84751875121053,0.556060134182379,0.419547158914796,-0.136512975267582,-0.382618315509112
0.278217730473283,-0.145506789906657,-0.265839474263816,-0.120332684357159,-0.0336681761908533
0.439037227856687,-0.30652851861775,-0.501006147213335,-0.194477628595585,-1.23423090426565
0.278217730473283,-0.136693375622664,-0.0847808055464674,0.0519125700761964,-0.142254736905507
-0.84751875121053,0.716905786120818,0.426677159215172,-0.290228626905646,-0.0353999685205666
-0.204240761676922,0.236726749781525,0.196116833703042,-0.0406099160784822,-1.00919227069259
0.680266473931787,-0.337508709049425,-0.290092233264103,0.0474164757853222,2.98773171038163
-0.204240761676922,0.0800076452242843,-0.167438005908048,-0.247445651132333,-0.806414855466502
-0.284650510368624,0.119692242247727,0.207733885071168,0.0880416428234417,0.411221657504406
0.278217730473283,-0.13089332132569,-0.191869977169058,-0.0609766558433681,1.38505776642145
-1.00833824859393,0.569968797460791,0.453166078296283,-0.116802719164508,0.0956001061414989
0.599856725240088,-0.326200885268081,-0.187726344852032,0.138474540416049,-0.599759139018039
-0.284650510368624,0.216473567126112,-0.0489171885457757,-0.265390755671887,0.0668651918884962
-0.84751875121053,0.710321836157872,0.439913683576254,-0.270408152581618,0.403303858322943
0.599856725240088,-0.325552861308383,-0.374491882613025,-0.0489390213046424,-0.446044208157594
-0.525879756443727,0.222888638082826,0.317789356111135,0.094900718028309,1.44712752582108
1.2431347147737,-1.10558466183718,-1.17400343628465,-0.0684187744474694,-0.675454744105535
-0.0434212642935202,0.0131575344084596,-0.208230135788866,-0.221387670197325,-0.482582588476665
0.599856725240088,-0.456674157625526,-0.488350180572844,-0.0316760229473185,-0.18345252581003
0.841085971315191,-0.524943830204439,-0.690544583406592,-0.165600753202153,-1.26784361229275
0.278217730473283,-0.131391362510082,0.00677913789075262,0.138170500400835,0.246031729078294
1.8864127043073,-1.3419814236858,-1.54996714522476,-0.20798572153896,-1.51271906355623
-0.204240761676922,0.26589001116868,0.253685205252535,-0.0122048059161451,0.815843107086871
-0.123831012985222,0.0801935263315762,0.0539147183969642,-0.026278807934612,-1.47588656336556
-1.00833824859393,0.613950048182068,0.703142344228864,0.0891922960467968,1.38707648260142
0.439037227856687,-0.258849450594763,-0.378055366709259,-0.119205916114496,-0.276108299949084
-2.29489422766115,1.77068403468957,1.74443697308331,-0.0262470616062649,-1.56651220157782
0.841085971315191,-0.33596174025377,-0.362696060049451,-0.0267343197956814,-1.51684898656423
1.7255932069239,-0.917997767569891,-0.933969620800451,-0.0159718532305598,-1.73065113524897
0.197807981781583,-0.0423945344016016,0.0393112687013666,0.0817058031029682,-0.968228038783603
-1.49079674074414,1.31846193453529,1.11346195633144,-0.204999978203843,0.204137442112856
0.278217730473283,0.0513583387399466,0.0195562925856515,-0.0318020461542951,0.712838418644534
0.278217730473283,-0.143868304610716,-0.414292834595463,-0.270424529984747,-1.24175486237475
-0.284650510368624,0.200290527770856,0.323226454773677,0.122935927002821,0.436331929599869
1.00190546869859,-0.644620145371076,-0.785669659072463,-0.141049513701387,0.559312090909877
0.599856725240088,-0.361356545562525,-0.273540477246112,0.0878160683164133,0.984112588983987
1.3235444634654,-0.496663162485931,-0.4580957297469,0.0385674327390305,-0.285776741583571
0.76067622262349,-0.371812565896762,-0.316122184963111,0.0556903809336513,2.4715778289796
0.197807981781583,0.0462604553762495,0.0904195306706791,0.0441590752944297,1.34721752014188
-0.686699253827128,0.483077837203773,0.388161274729672,-0.0949165624741006,-1.08020175289456
-1.41038699205244,0.72484336072089,0.78047860595334,0.0556352452324506,0.6111569611353
0.599856725240088,-0.350521305098569,-0.419825545495375,-0.069304240396806,-0.279500032777827
-0.204240761676922,0.0226445442824789,-0.265647339461474,-0.288291883743953,0.0778775561848144
-0.204240761676922,-0.0327560913642093,-0.0638412275523543,-0.031085136188145,1.30215082482388
-0.686699253827128,0.211161243583684,0.393302350658396,0.182141107074712,-0.282405630490139
-0.0434212642935202,0.0328102409648893,-0.0770303282791367,-0.109840569244026,2.18565798810014
1.7255932069239,-0.884856036969182,-0.82929069274942,0.055565344219762,-0.25891341514621
0.680266473931787,-0.624631083745954,-0.680599303418812,-0.0559682196728587,0.93453586992212
-0.123831012985222,0.0424295275957275,-0.233873777019711,-0.276303304615438,-1.35692366185953
1.8864127043073,-0.855202844770746,-0.642673219466975,0.212529625303772,0.916917154656437
0.278217730473283,-0.282857052759577,-0.297321147580197,-0.0144640948206198,-2.40420309222195
-0.123831012985222,-0.0418425203183834,-0.0285206657310268,0.0133218545873566,1.56382112266898
-0.123831012985222,0.0304503679321868,-0.1041197798946,-0.134570147826787,0.928484676550643
0.278217730473283,-0.0502155747114984,-0.171368950136382,-0.121153375424884,-0.62869136447821
1.7255932069239,-0.953710555228962,-0.926203385083249,0.0275071701457131,0.211770625418511
-1.32997724336074,1.3494745740319,1.3108363228027,-0.0386382512292054,-1.05370093246437
0.278217730473283,-0.273921582223859,-0.335171847129725,-0.0612502649058658,0.644537521259899
-0.525879756443727,0.241169409136921,0.081670556268112,-0.159498852868809,-0.0222380419484867
1.7255932069239,-0.689066433846159,-0.469460102654807,0.219606331191352,0.944315082711572
0.197807981781583,-0.0803785712615018,-0.15349029162383,-0.0731117203623287,1.72806020658928
-0.284650510368624,0.0828723082617863,0.0377579609758402,-0.0451143472859461,-1.41204996597796
0.278217730473283,-0.0549561809368684,-0.0977053146386454,-0.042749133701777,1.4977357853549
-0.365060259060323,0.130332946512298,0.289297240486638,0.15896429397434,-0.292090647581438
-0.365060259060323,0.140697562105827,-0.00121962471671638,-0.141917186822543,-1.32859498010227
-0.686699253827128,0.429653597172904,0.523214575987264,0.0935609788143596,-0.483340783788968
-2.29489422766115,2.03537876204329,1.79279822021975,-0.24258054182354,-0.172449527106073
-0.284650510368624,0.145524214884878,0.168986590053036,0.023462375168158,-1.19592803552625
0.278217730473283,-0.125686812363118,-0.145419661832706,-0.0197328494695877,0.987477413120046
-0.123831012985222,-0.0364944081329853,0.0109974691773386,0.0474918773103239,0.847442610443582
0.439037227856687,-0.323030467248773,-0.261723166782581,0.0613073004661917,-1.56463546760504
-0.284650510368624,-0.118749746080434,-0.129717384072509,-0.0109676379920753,-0.287568595127779
-0.686699253827128,0.520535871154317,0.319510836290855,-0.201025034863462,2.19298302300755
0.680266473931787,-0.489766898389404,-0.393702981654849,0.0960639167345557,-0.164906504712092
0.278217730473283,-0.134080138909061,-0.176854040761125,-0.0427739018520645,-0.937144543079808
-0.606289505135426,0.538936962296127,0.510912730549313,-0.0280242317468142,-0.506261852159346
0.278217730473283,-0.238239714682111,-0.271058284173175,-0.0328185694910638,0.186387382417167
0.278217730473283,-0.26519518843702,-0.597435967615735,-0.332240779178715,-0.0257569744753103
1.966822452999,-1.02803299934727,-0.967577525058888,0.0604554742883817,-3.38181033092373
0.76067622262349,-0.217422582058535,-0.102213128544037,0.115209453514498,1.7685182369932
-0.606289505135426,0.431646964967939,0.464815627683877,0.0331686627159379,0.289905981754264
-0.365060259060323,0.254512354463137,-0.0642390520518324,-0.318751406514969,1.30320222357632
1.8864127043073,-1.15789140179509,-1.11257310675072,0.0453182950443674,-0.217906751686537
-1.32997724336074,0.801339090112019,0.958010916124417,0.156671826012397,-0.488151766431974
-1.32997724336074,0.746623789044368,0.532561387185518,-0.21406240185885,-0.352077707177661
0.680266473931787,-0.486850927064498,-0.71869052616502,-0.231839599100522,-1.08171455701646
-0.606289505135426,0.286938518782669,0.345242592088336,0.0583040733056671,-1.60401950506632
1.00190546869859,-0.729016854919857,-0.973238694935151,-0.244221840015294,-1.00924350759086
0.680266473931787,-0.539058089944833,-0.60620005998376,-0.0671419700389271,0.597317875545265
-2.29489422766115,1.1774054018182,1.14248504653634,-0.0349203552818662,-0.29364114129069
-0.123831012985222,-0.0727752809204383,0.132359828282361,0.205135109202799,-0.966823840605767
-1.41038699205244,0.771939626427526,0.777131241774747,0.00519161534722101,-0.0977724120340545
-0.686699253827128,0.416878013352725,0.0713564798224966,-0.345521533530229,-0.837096782130144
-0.525879756443727,0.402354425236353,0.0707704853064655,-0.331583939929887,-0.0463883412280527
-0.123831012985222,0.201087315124753,0.0623007647574291,-0.138786550367324,1.28962427697928
0.680266473931787,-0.346609234670917,-0.459240153336122,-0.112630918665205,-1.25877435383701
-0.686699253827128,0.264400473933219,0.521486947200727,0.257086473267508,1.94463313453289
-1.49079674074414,0.960989861761653,0.880996771141213,-0.0799930906204391,0.159229942463213
-0.365060259060323,0.309372932830049,0.099682588705595,-0.209690344124454,-1.20800262992443
-2.29489422766115,1.32590617019491,1.34035488616271,0.0144487159677988,1.08276949447557
-0.204240761676922,0.256298681355117,0.0509515154011815,-0.205347165953935,1.5766132135702
1.7255932069239,-0.804177840399719,-0.826112708239557,-0.0219348678398387,1.18131953254231
0.599856725240088,-0.587065552193538,-0.894205392370379,-0.307139840176842,0.797420253049627
-2.21448447896945,1.05985332296975,1.06113676748984,0.00128344452009133,-0.511888650734132
-0.204240761676922,-0.0103035853278289,-0.214130807178712,-0.203827221850883,-0.638721890883727
-1.41038699205244,1.09837606737456,0.878906791906752,-0.21946927546781,-0.30087409012033
-0.686699253827128,0.379175789806496,0.357000183523316,-0.0221756062831809,0.528021412325385
1.3235444634654,-1.08472215646746,-1.34758703752026,-0.262864881052799,0.447023343468757
-0.204240761676922,0.0750668641303227,0.0449558281987403,-0.0301110359315824,-0.901547698050095
-0.686699253827128,0.135338109028032,0.369308524204552,0.23397041517652,-0.11586501098616
-1.41038699205244,0.91361529579946,0.890527313314865,-0.0230879824845952,-0.368262323765723
0.680266473931787,-0.471955086420305,-0.415972026846153,0.0559830595741521,0.667683262993534
1.8864127043073,-1.2525068192845,-1.25495213088173,-0.00244531159722872,-0.933512735785642
1.3235444634654,-1.14076518787735,-1.48968289885977,-0.348917710982415,-1.660132905816
1.00190546869859,-0.540714974757837,-0.626204555569773,-0.0854895808119355,0.914186773630736
0.278217730473283,-0.178377439869607,-0.447602135347641,-0.269224695478034,-1.57194093015914
-0.284650510368624,0.120498991762496,0.146340398901117,0.0258414071386203,-0.655256257055671
-0.284650510368624,0.130782708595568,0.0107749051656775,-0.120007803429891,-0.408023974041485
1.966822452999,-0.863912069282532,-0.655861213516247,0.208050855766284,0.0943684486933534
0.197807981781583,-0.380146622421949,-0.678761067058038,-0.298614444636089,-1.47277033385013
-0.84751875121053,0.541677938080969,0.517197341740232,-0.0244805963407372,1.33899963110049
-0.606289505135426,0.409598715222754,0.063427608015985,-0.346171107206769,-1.47436613175869
-0.204240761676922,0.0259746796461792,0.164609733494893,0.138635053848713,-2.06610268933183
-0.606289505135426,0.428246411928882,0.676277831812538,0.248031419883656,1.15093752180834
0.278217730473283,-0.0455410238876091,-0.134835592700323,-0.0892945688127137,0.937222373035293
-0.525879756443727,0.291607059897936,0.26754927840435,-0.024057781493586,-1.47488576130943
-2.29489422766115,1.86793800659542,1.75480717383916,-0.11313083275626,-1.69396825265318
-0.686699253827128,0.286657945562458,0.146151063546856,-0.140506882015603,0.608083516413638
-0.204240761676922,0.0266562113877617,-0.102362134662721,-0.129018346050483,-0.0148470980542127
0.599856725240088,-0.44196412112204,-0.556150755960865,-0.114186634838826,-0.91656329142749
0.278217730473283,-0.161914778620793,-0.0571436326698955,0.104771145950897,-0.753123152902694
-2.29489422766115,1.55816538482983,1.63643883925681,0.0782734544269799,0.261817733514033
0.76067622262349,-0.436046379791874,-0.531230374084652,-0.0951839942927774,-0.246840991834519
-0.284650510368624,0.122548737460003,-0.0418312255425573,-0.164379963002561,-0.28528452214378
1.2431347147737,-0.848350301916911,-0.635490618790165,0.212859683126746,-0.717990746254153
-0.284650510368624,0.185943675146604,0.135441832163337,-0.0505018429832666,-0.831534262512895
0.197807981781583,-0.14221827835025,-0.0329070234663212,0.109311254883928,0.721381169636367
-0.123831012985222,0.0365829844563402,-0.246060262330998,-0.282643246787339,-1.71629783951698
0.680266473931787,-0.256855578707539,-0.0778808344452977,0.178974744262241,0.660107894317393
1.3235444634654,-0.967987480546959,-1.09335190704174,-0.125364426494782,-0.20857828306244
-0.123831012985222,0.110369861242531,-0.603760403560679,-0.71413026480321,0.36226293894258
-2.29489422766115,1.26662482727236,1.20070811279774,-0.0659167144746189,-1.56542770545785
1.00190546869859,-0.446424601754374,-0.513954731915808,-0.0675301301614342,1.8758707637819
0.197807981781583,-0.183180181916036,-0.258401651437597,-0.0752214695215609,-0.205432911697876
2.93173943729941,-1.45836190008796,-1.44167493149656,0.0166869685913993,0.0913423718555526
0.680266473931787,-0.376828537535036,-0.379289693833261,-0.00246115629822546,-0.323120736281906
-1.32997724336074,0.83963146690897,0.619343144623128,-0.220288322285842,-0.128728531994083
0.278217730473283,-0.166099980506947,-0.091234105650063,0.0748658748568844,2.23937001509869
1.8864127043073,-1.82812416651216,-2.22482226896644,-0.396698102454277,-0.210319161579387
-0.284650510368624,0.357575548795356,0.274875812580027,-0.0826997362153292,-0.412361684442528
0.278217730473283,-0.225766201039588,0.13551685575735,0.361283056796937,3.09509235780435
-2.21448447896945,1.54738098017442,1.3452044444321,-0.202176535742312,1.04104716684943
1.00190546869859,-0.791104312057739,-0.68300865956256,0.108095652495179,-2.42155444161044
-0.365060259060323,0.159524404083239,0.312480119718441,0.152955715635202,-1.45710961596732
-0.284650510368624,0.186549031159955,0.11711351103421,-0.0694355201257445,-1.15961313390762
0.278217730473283,-0.33374886172029,-0.455793846156504,-0.122044984436214,-0.0673834627949794
-0.686699253827128,0.384397876283237,0.395631425650102,0.0112335493668645,0.346752998284995
-1.32997724336074,0.795545661214895,0.486002866862047,-0.309542794352849,-0.0197516843706346
0.278217730473283,-0.32998067044941,-0.577582358286137,-0.247601687836727,-1.31333163230471
-0.0434212642935202,0.0425987557550375,0.25224232473337,0.209643568978332,-1.71833225368172
-0.525879756443727,0.361236217623521,0.202910668654516,-0.158325548969005,1.41108859149848
-1.49079674074414,1.06324821518149,1.0939817897582,0.0307335745767041,-2.31824850074754
-0.284650510368624,0.249076800041559,0.29151161201078,0.0424348119692203,-0.913036075355345
-0.204240761676922,0.124713081252273,0.0502471569864145,-0.0744659242658586,-1.53338561175129
-2.29489422766115,0.975082537710037,1.13710044118145,0.162017903471411,0.71763202254944
0.278217730473283,-0.195464490328646,-0.457465672668312,-0.262001182339666,2.31590153220641
1.8864127043073,-1.46597949925538,-1.63447455152139,-0.168495052266011,-0.0164205403517204
-0.525879756443727,0.210855015287063,0.312432364407121,0.101577349120058,0.608207580314367
-0.284650510368624,0.0166747677305829,-0.249328173859156,-0.266002941589739,-0.817127688854026
-0.204240761676922,0.201058270928261,0.0682811381601847,-0.132777132768077,-0.497907976135966
-0.123831012985222,0.148065776895716,0.311200513190374,0.163134736294659,-2.01416036508026
-0.123831012985222,0.220280065018696,0.2814884160781,0.0612083510594038,-0.361475917832492
-0.123831012985222,0.0372853929913529,0.0973235830586818,0.0600381900673289,-1.50692339897793
0.841085971315191,-0.644359007422902,-0.918105893071683,-0.273746885648781,0.403016395258918
0.76067622262349,-0.586157593351917,-0.792137086443029,-0.205979493091112,-0.400928149635538
-0.284650510368624,0.290178741388631,-0.0855875722529586,-0.375766313641589,-1.20603899585437
-0.284650510368624,0.0380039928353413,0.0492133501198707,0.0112093572845294,-1.12227973426652
-1.49079674074414,0.869227436543222,0.99421480239283,0.124987365849608,1.84456722177942
-1.49079674074414,0.89778180640048,0.903408552436682,0.00562674603620184,-0.461366480065707
1.00190546869859,-0.913401849832404,-1.00548384554059,-0.0920819957081838,-0.901642562244279
1.966822452999,-1.12468411612289,-1.19223804337059,-0.0675539272476915,-1.38372698775773
-0.284650510368624,0.311282989047185,0.189920805871085,-0.1213621831761,-1.0458817935118
-2.29489422766115,1.15242934174706,1.23720155635942,0.0847722146123628,0.349824709332872
0.841085971315191,-0.276508154819955,-0.290102857307711,-0.0135947024877559,2.22353082168598
-2.21448447896945,1.52345400024749,1.63226483545711,0.108810835209627,-0.51620112240651
0.278217730473283,-0.032584753745538,-0.0322964656846514,0.000288288060886599,-1.27366249484431
-2.21448447896945,1.80125752259572,1.55893024542194,-0.242327277173783,-1.14812208760887
-1.00833824859393,0.946387662547303,0.701935348924631,-0.244452313622671,-0.892112172632661
0.76067622262349,-0.439454618115178,-0.149269576267403,0.290185041847775,-1.9749938318728
-0.686699253827128,0.568262139624667,0.383312007870345,-0.184950131754322,0.120349348533342
-0.0434212642935202,0.0153111515847279,0.0464463518861279,0.0311352003014,-0.432491162460325
-0.84751875121053,0.660523578717822,0.488885912847933,-0.171637665869889,0.257876900473693
0.197807981781583,-0.0879394405839928,-0.370335566169675,-0.282396125585682,-1.33395350565456
0.841085971315191,-0.460751961179863,-0.477759886083621,-0.017007924903758,0.525389275614959
0.197807981781583,-0.115882304207972,-0.175589409061612,-0.0597071048536398,-0.761824797235328
-1.00833824859393,0.7628318734803,0.534869527007309,-0.227962346472991,-0.188910828967089
-0.365060259060323,0.0954556197838697,0.204332832594387,0.108877212810517,0.366388589859183
-0.123831012985222,0.149388352192134,0.0416908986150098,-0.107697453577124,-0.0733470879177361
-2.29489422766115,1.40081848818003,1.39110248643328,-0.00971600174674903,-0.944067980395891
1.8864127043073,-1.19682890058182,-1.41798009420251,-0.221151193620683,-0.381528300723358
1.7255932069239,-0.957963243877006,-1.12017885662082,-0.162215612743815,0.38925665256409
0.599856725240088,-0.31666826719103,-0.385282124461826,-0.0686138572707966,-1.94454922970131
-0.606289505135426,0.469475914668984,0.512116859810555,0.0426409451415712,0.167633016812718
0.197807981781583,-0.0539704105978243,-0.301178657081577,-0.247208246483753,-0.997817736185292
-0.686699253827128,0.407069157620335,0.461800804857357,0.0547316472370221,-0.56633190515563
-0.525879756443727,0.241224647370843,0.358432078041844,0.117207430671001,1.68037383728105
-0.686699253827128,0.529045576938879,0.463411662455411,-0.0656339144834674,0.109279510004902
-1.49079674074414,0.704505437620108,0.577856112753229,-0.126649324866879,2.62943129431124
1.8864127043073,-1.23044847614548,-1.35354394962996,-0.123095473484481,1.25796639397466
-1.32997724336074,0.37340093743091,0.543555691145606,0.170154753714696,0.934073021689118
-0.525879756443727,0.310179493931452,0.100227370114807,-0.209952123816645,1.50946360572115
1.2431347147737,-1.16974055188828,-1.52738674993806,-0.357646198049772,0.336237390781461
1.3235444634654,-0.803722705624342,-0.828640173747952,-0.0249174681236103,-0.217800788011424
0.439037227856687,-0.304622506522173,-0.61200260712766,-0.307380100605487,-1.11600532303075
0.278217730473283,-0.245771201182476,-0.304225500198434,-0.0584542990159573,-0.327729136826861
1.3235444634654,-0.944360669278423,-0.877581012877089,0.0667796564013335,0.77295950473599
-2.29489422766115,1.73724454723207,1.46051764540822,-0.276726901823852,-2.5175220942977
-0.284650510368624,0.18064997129461,0.158994578910509,-0.021655392384101,0.552876196999516
0.197807981781583,-0.12804057824806,-0.137355608511843,-0.00931503026378264,1.28119784582795
-0.0434212642935202,0.0321067192745621,0.0352730714237528,0.00316635214919071,1.09484778636981
-0.525879756443727,0.301408219510267,0.212714288863448,-0.0886939306468189,1.22233721672735
0.197807981781583,-0.0946398654960169,-0.181301119830661,-0.0866612543346438,-0.269505326706382
1.7255932069239,-1.38269066620318,-1.93860857146906,-0.555917905265883,-0.99561973790598
0.278217730473283,-0.383483000881583,-0.482249732364681,-0.0987667314830982,0.207964145941751
-0.84751875121053,0.489647268980912,0.524911060356035,0.0352637913751222,0.652627512595386
0.197807981781583,-0.0686099973691908,-0.225467172970901,-0.15685717560171,-2.56454477299279
1.2431347147737,-1.17309053674803,-1.41058129382257,-0.237490757074545,0.606106993501894
0.197807981781583,-0.0171144306708329,0.0313022281545766,0.0484166588254095,1.66960807818053
1.966822452999,-1.10843372111699,-1.02082133382754,0.0876123872894423,-0.727265467454401
-0.525879756443727,0.362274092470101,0.0629222228419131,-0.299351869628187,-0.752631659587071
-0.284650510368624,0.221009371924551,0.147197414786727,-0.0738119571378241,0.175596465644836
0.599856725240088,-0.629597429437421,-0.966613875242301,-0.33701644580488,-1.34272549614254
-0.123831012985222,-0.105967102968219,0.156225560557042,0.262192663525261,0.258507495810174
-0.686699253827128,0.520632432995526,0.459277100525046,-0.0613553324704791,1.47821463692804
1.2431347147737,-0.522480274765744,-0.388124404393346,0.134355870372398,0.839683044170215
-0.123831012985222,0.129822021180284,0.0249105340236748,-0.104911487156609,0.5549271902425
-0.204240761676922,0.0298953135021809,0.397683035933854,0.367787722431673,-0.0254561458760952
-0.686699253827128,0.129146512627686,0.0645588158755719,-0.0645876967521136,0.440316924396964
-0.686699253827128,0.445622864834289,0.403707874516186,-0.041914990318103,0.50988579658471
-0.0434212642935202,0.0444571718132655,-0.0472546281420024,-0.0917117999552678,-1.06628198609348
-0.365060259060323,0.329820501053957,0.0455273166945803,-0.284293184359376,-1.37715209991853
0.197807981781583,-0.131748217147628,-0.514234790363215,-0.382486573215587,-1.45849223802062
1.8864127043073,-0.882009888593104,-1.00043341174904,-0.118423523155933,0.403760961132823
1.3235444634654,-0.759831909382704,-0.724160867753349,0.0356710416293546,0.225215786057758
-0.606289505135426,0.559462930155092,0.347023117744698,-0.212439812410394,0.827731994204806
-0.606289505135426,0.382517741631809,0.587706903167431,0.205189161535622,1.04147287841969
-0.606289505135426,0.253105736750464,0.302916222703063,0.0498104859525993,-1.07983772359231
0.680266473931787,-0.39105830454896,-0.331334686784628,0.0597236177643318,-0.42278312983994
1.2431347147737,-0.585444808439031,-0.59237640116341,-0.00693159272437882,-0.0793615599470648
0.599856725240088,-0.284355189862235,-0.613851096682895,-0.32949590682066,-1.60488692515164
0.278217730473283,-0.151561090568718,-0.409173092751763,-0.257612002183045,-2.15646386366269
2.93173943729941,-1.00562267357028,-0.751240415020312,0.254382258549971,1.06799053419471
1.2431347147737,-0.856737689617493,-0.839786214674117,0.0169514749433759,-1.47126458181493
0.76067622262349,-0.368531653559446,-0.344056364252873,0.0244752893065733,0.692392134567425
0.278217730473283,-0.197451842576751,-0.0191828087936341,0.178269033783117,-0.754973893973067
0.278217730473283,-0.322949980015382,-0.452579114717311,-0.129629134701929,1.38316495044394
-0.525879756443727,0.361459590097634,0.403342111644002,0.0418825215463684,-0.297459908237322
2.93173943729941,-1.2848669930886,-1.14667762396292,0.138189369125682,0.741973036265715
-0.365060259060323,0.214259330866216,-0.0575232224353232,-0.27178255330154,-0.451513446640579
-0.686699253827128,0.432180433729438,0.299033677032332,-0.133146756697106,-0.427342058710727
0.278217730473283,0.0175368000225139,0.142932286123794,0.12539548610128,0.844681765514295
-0.525879756443727,0.337523262606548,0.202746575853167,-0.134776686753381,0.563496217013802
-0.365060259060323,0.0404028347204759,-0.134015513139587,-0.174418347860063,1.32683536359543
-0.606289505135426,0.385365623104284,0.373875535086462,-0.0114900880178225,0.0344983146668388
-0.204240761676922,0.0817214260095948,0.148311063058484,0.0665896370488892,-0.958913117057103
-0.606289505135426,0.435355291816616,0.344941776421588,-0.090413515395028,-0.0640411235147188
0.278217730473283,-0.0458957387665549,-0.0703222318615036,-0.0244264930949486,-0.28561978993934
-0.84751875121053,0.252405423487025,0.384045178598366,0.131639755111341,1.53192522243979
0.76067622262349,-0.420531918791535,-0.484145696523134,-0.0636137777315993,-0.298930840048539
-0.123831012985222,0.0892604744164041,0.0221327537650625,-0.0671277206513417,-0.691897240540583
0.278217730473283,-0.381670360999765,-0.680807077744813,-0.299136716745049,0.808963204428443
0.197807981781583,-0.138457938446794,-0.216146771344863,-0.0776888328980686,0.128498882300926
-1.32997724336074,1.1895582918398,0.880305268677822,-0.309253023161975,-1.13040365943137
-2.21448447896945,1.58658811632769,1.46528234770927,-0.121305768618422,-1.08135144880377
-0.84751875121053,0.542879628827527,0.206409260855007,-0.33647036797252,0.144694528207038
0.197807981781583,-0.137761973967972,-0.425277966436822,-0.28751599246885,-0.708681082554782
-2.29489422766115,1.32590974518655,1.37267787603095,0.046768130844397,-0.361267483684027
-2.21448447896945,0.922398182805805,1.15641203884393,0.234013856038123,0.331413007053535
1.3235444634654,-0.865779807356333,-0.772215153531546,0.0935646538247866,-0.955162319715944
0.76067622262349,-0.278280863408814,-0.1774285137766,0.100852349632214,0.497778813156767
-0.123831012985222,0.0877043770689389,-0.0254015459686821,-0.113105923037621,0.94337739490478
0.278217730473283,-0.269338127366313,-0.630087524855432,-0.360749397489119,0.498992236111203
-0.123831012985222,0.0501638179395281,-0.0800711380509885,-0.130234955990517,0.814443620207786
1.3235444634654,-0.910685199461734,-1.14904681666226,-0.238361617200526,-0.920526272152433
-1.32997724336074,0.782529792327635,0.697886297737121,-0.0846434945905136,-0.108775760985403
-0.84751875121053,0.387538191384798,0.551991430479931,0.164453239095133,-0.49539898707873
-1.32997724336074,0.996795830298055,1.07564086304753,0.0788450327494785,-1.12744962122289
-0.525879756443727,0.364433342447118,0.248257183168978,-0.11617615927814,-1.6473769402954
-0.525879756443727,0.298010265837621,0.312056206332198,0.0140459404945764,1.19685629264028
-0.123831012985222,0.125988955850048,0.128138169712778,0.00214921386272918,1.10930280709509
2.93173943729941,-1.49210944827062,-1.53733566987397,-0.0452262216033528,-1.08546055614082
0.841085971315191,-0.540388164258814,-0.538349695770949,0.00203846848786438,-1.89293939283002
-0.123831012985222,0.0857432580384661,-0.0312544761635695,-0.116997734202036,0.42820973541311
0.278217730473283,-0.048219196226278,-0.206610394506417,-0.158391198280139,-1.79585355175398
0.278217730473283,-0.189294559268516,-0.154831380894024,0.0344631783744914,-1.25688628472087
-0.84751875121053,0.497411759535133,0.554620338218795,0.057208578683662,0.920607266492128
0.197807981781583,-0.124225064678442,-0.156315907703907,-0.0320908430254649,-0.617200106568954
-0.284650510368624,0.266243797183564,0.24900396146534,-0.0172398357182242,-0.309020396027963
-0.686699253827128,0.273457187284125,0.417983262166059,0.144526074881933,-2.2532106286247
-0.284650510368624,0.315338834716645,0.0457374124635306,-0.269601422253115,0.839912627417154
-0.123831012985222,0.0793854816198963,0.354777284749062,0.275391803129166,0.0836697709207663
-0.204240761676922,0.0256585143874845,-0.0763596907337454,-0.10201820512123,-0.0185933070496567
0.680266473931787,-0.42615350364777,-0.427270078444883,-0.00111657479711363,-0.0294955901489013
-0.686699253827128,0.311335832106776,0.359572630739242,0.0482367986324661,-0.202388657359374
-0.365060259060323,0.373827005417599,0.284846146631176,-0.0889808587864225,1.01460458291431
0.278217730473283,-0.200052890571646,-0.350556858575182,-0.150503968003536,-1.69343860194973
-0.686699253827128,0.312982017165416,0.524280258743131,0.211298241577715,1.82999092137026
-0.365060259060323,0.236869869074073,0.0476854321797742,-0.189184436894299,-0.756748247635435
-0.123831012985222,0.142606744781727,-0.227904197436312,-0.370510942218039,0.0559760583985743
0.278217730473283,-0.132392627779197,-0.356913044858578,-0.224520417079381,1.85795331200808
-0.123831012985222,0.165886608746287,-0.0307540996551435,-0.19664070840143,0.608699884940618
-0.84751875121053,0.492635899685604,0.55374930481237,0.0611134051267657,0.507285578677076
0.197807981781583,-0.210721276856848,-0.334126846442033,-0.123405569585185,0.622994913032125
-0.123831012985222,-0.0483787125786462,0.138561311160917,0.186940023739563,-1.03694000317927
0.680266473931787,-0.45660062597816,-0.53189918976139,-0.0752985637832307,1.17432108071961
-0.123831012985222,0.0380171070979381,0.205924056283585,0.167906949185647,-1.1172365014158
-1.41038699205244,0.915716955039947,0.996231764957805,0.0805148099178576,-0.726090204530936
0.197807981781583,0.150499304581958,0.254501673976124,0.104002369394166,0.190355048352977
0.278217730473283,-0.123737172284194,-0.360884619336851,-0.237147447052657,0.652703960575126
-0.686699253827128,0.119019924518524,0.71200263353613,0.592982709017607,2.19362347881063
0.278217730473283,-0.220334189476251,-0.343305931923854,-0.122971742447603,-0.493832276714148
1.00190546869859,-0.462621037054153,-0.492547882817046,-0.0299268457628927,-1.55888807226768
1.2431347147737,-0.995362361024971,-1.0986488739332,-0.103286512908231,2.62984295321663
0.76067622262349,-0.432945470034991,-0.215726497015628,0.217218973019364,-0.359913619944422
0.278217730473283,-0.124122663445678,-0.144529761440002,-0.0204070979943248,0.0212050004723373
1.3235444634654,-0.755858979738624,-0.792258542723167,-0.0363995629845428,-1.2106348370239
-0.686699253827128,0.196600777886778,0.120692144859233,-0.0759086330275455,-0.370881821878964
0.841085971315191,-0.586940048156217,-0.757249882848209,-0.170309834691992,-0.0374491930557478
1.966822452999,-1.0157407808132,-1.16635159961065,-0.150610818797446,-0.0929718981175304
-0.686699253827128,0.406718665259361,0.323724779247039,-0.082993886012322,0.024215706750478
0.278217730473283,-0.231746818484978,-0.253574296961068,-0.0218274784760898,-0.396635260967454
-0.686699253827128,0.608171053275862,0.366979510254436,-0.241191543021426,1.14654267197741
-1.49079674074414,1.09332430131703,0.712250534322348,-0.381073766994679,-1.54669395092847
0.599856725240088,-0.39869290106922,-0.635375318388447,-0.236682417319227,-0.523230477541818
0.680266473931787,-0.355075422266581,-0.417356419777758,-0.0622809975111768,-0.585449516846671
-0.204240761676922,0.220307435174559,0.0985699399686509,-0.121737495205908,-0.346178009874802
0.278217730473283,-0.301920336732679,-0.361578292309043,-0.0596579555763643,-0.24706081240971
1.3235444634654,-0.95294371075515,-0.933882772588947,0.0190609381662026,-2.11606831355637
0.197807981781583,-0.154306258686537,-0.253231339253745,-0.098925080567208,-0.608139860826645
1.7255932069239,-0.948219906842167,-0.972160404766627,-0.0239404979244597,1.24014420671438
2.93173943729941,-1.49963532347819,-1.64059190149013,-0.140956578011944,-0.583033079821765
1.7255932069239,-1.44163013286414,-1.54374300920648,-0.102112876342343,-0.0597950516663046
-0.606289505135426,0.415912323379316,0.0522666612846698,-0.363645662094646,1.09270223579126
1.8864127043073,-1.06865144071755,-1.12698776360524,-0.0583363228876934,-1.20334748695088
-0.525879756443727,0.175427757932473,0.120173933825234,-0.0552538241072389,0.126057233305257
0.841085971315191,-0.266377156856458,-0.16414287031304,0.102234286543419,-1.04451912000694
0.680266473931787,-0.42241781480863,-0.342801940810497,0.0796158739981333,0.612981623399961
1.2431347147737,-0.94577145086024,-1.15461781883104,-0.208846367970798,1.00389138504004
-0.686699253827128,0.391441972985588,0.175295117286466,-0.216146855699122,-1.65182626606324
0.278217730473283,-0.136746662396751,-0.23461753246883,-0.0978708700720797,-1.72029144325486
-2.29489422766115,0.779055135818452,0.771619634380504,-0.00743550143794824,0.643407385927332
-0.84751875121053,0.515720331042344,0.176205893580763,-0.339514437461581,0.0504744431300729
-0.365060259060323,0.160279400676369,-0.00414272670989774,-0.164422127386267,-0.23748797374622
2.93173943729941,-1.31960399446326,-1.45296353920958,-0.133359544746319,-1.18984682620464
-0.525879756443727,0.400741160433391,0.0877991050551237,-0.312942055378268,-1.54782420813485
0.278217730473283,-0.235989599958952,-0.487471155015199,-0.251481555056247,1.09490977097263
0.680266473931787,-0.603217663562752,-0.969675579079194,-0.366457915516442,-1.26440247650142
-0.0434212642935202,-0.129086173958708,-0.198112672428991,-0.0690264984702837,0.507472054376884
0.278217730473283,-0.189532866421708,-0.184089600648668,0.00544326577304,-0.0674300951882815
1.8864127043073,-0.929090804130945,-1.11426950369439,-0.185178699563447,-1.11428632758631
1.2431347147737,-1.00910059190241,-1.24667342599491,-0.237572834092508,0.117570455295649
1.966822452999,-0.696335216373406,-0.70021989963558,-0.00388468326217339,-0.711051062504807
-0.123831012985222,-0.0521954231175077,-0.116053594179646,-0.063858171062138,0.974422313857761
0.278217730473283,-0.0938436105115474,-0.227287595369643,-0.133443984858095,-0.105559066792066
-0.0434212642935202,-0.0934319284765492,-0.244449178587058,-0.151017250110509,-1.98797663965534
-1.00833824859393,0.682960698294639,0.4045081315232,-0.278452566771439,-0.395621060350472
0.680266473931787,-0.282212150056971,-0.431486222904819,-0.149274072847848,-0.673709086331899
-0.365060259060323,0.25666128525164,0.0996858730746244,-0.156975412177015,-0.0786408225853876
0.278217730473283,-0.216326148605837,-0.32527765423564,-0.108951505629803,-0.131461058889911
-0.606289505135426,0.277488462811475,0.168118135159237,-0.109370327652238,0.767625019937869
-0.84751875121053,0.744915462553859,0.533957209723256,-0.210958252830603,-0.140046144107211
-0.686699253827128,0.632895096758712,0.616451515288352,-0.0164435814703603,-0.588312254769102
-0.123831012985222,0.139542353191254,-0.0282758329771408,-0.167818186168394,0.843657665822817
-0.204240761676922,0.077248230398348,0.0271152155516291,-0.0501330148467189,-0.351120204803136
0.76067622262349,-0.27120387440662,-0.122430778883494,0.148773095523126,-0.0345908763202155
0.680266473931787,-0.294416186180154,-0.382652589145483,-0.0882364029653294,0.659062377195768
-1.49079674074414,1.33708386495902,1.14526548916279,-0.191818375796228,1.40965275513055
-0.123831012985222,0.0599469421779921,0.138665023821295,0.0787180816433024,-0.356563472224945
0.841085971315191,-0.787449382922785,-1.05382026148278,-0.266370878559995,0.451081872686846
-0.284650510368624,0.284937399993518,0.265999937074908,-0.0189374629186096,0.375138410824372
-0.204240761676922,0.0561755660330713,0.064756770429141,0.00858120439606972,-2.02814974156145
-0.284650510368624,0.163341614754521,0.056956367492925,-0.106385247261596,0.161272017286418
1.2431347147737,-0.591604902151429,-0.55189759009675,0.0397073120546796,2.76475315018035
-0.123831012985222,0.190630376574233,-0.00421689596817515,-0.194847272542408,0.339175740014301
-0.525879756443727,0.125963037752056,0.356983666727296,0.23102062897524,0.273185756471821
0.278217730473283,-0.13516626330103,-0.218186311677031,-0.083020048376001,-1.28197008440578
-0.686699253827128,0.271157444419393,0.441500369815361,0.170342925395968,-0.963370510539536
0.278217730473283,-0.0561853683416692,-0.0866935420665023,-0.0305081737248331,-0.578785889488505
-1.32997724336074,0.66141100276766,0.733647256102108,0.0722362533344474,-1.94683517573921
-2.29489422766115,0.800449756737042,0.997189903670276,0.196740146933234,1.52181111381492
-0.686699253827128,0.34329142188659,0.230281912689035,-0.113009509197554,0.524205522341591
0.278217730473283,-0.302993212071344,-0.575394169333763,-0.272400957262419,0.525549604538658
1.8864127043073,-1.01441260673685,-1.09040844764751,-0.0759958409106578,0.808717928866982
0.439037227856687,-0.197032183939969,-0.271573812499945,-0.0745416285599755,-0.902643203016796
0.197807981781583,-0.120267852936956,-0.298513683435554,-0.178245830498598,-1.25800115046993
-0.606289505135426,0.651623133255007,0.429627706402126,-0.221995426852881,0.135604561458001
-2.21448447896945,1.40391817183749,1.32863316647593,-0.0752850053615643,-0.198532567990256
1.00190546869859,-0.827995094548396,-1.08064345191561,-0.252648357367218,-0.418291861987718
1.3235444634654,-0.845915038904206,-0.914955470928092,-0.0690404320238864,-0.75575884414464
0.278217730473283,-0.200744808506074,-0.331889452951454,-0.13114464444538,-0.68146739407004
1.00190546869859,-0.539081505640197,-0.477149169460792,0.0619323361794045,-0.512060718562027
-1.41038699205244,0.984995827207929,0.90255594254815,-0.0824398846597786,0.0816833795743224
-0.284650510368624,0.24939463550902,-0.015156126204088,-0.264550761713108,-1.23093720303545
0.680266473931787,-0.33596722590345,-0.4877746621848,-0.15180743628135,-1.1009890923169
-0.123831012985222,0.0681834100454429,-0.13136057222974,-0.199543982275183,0.32636372149671
0.197807981781583,-0.03547053406608,0.221943671961173,0.257414206027253,0.422633113624099
0.197807981781583,-0.119494246020486,-0.113402699711609,0.00609154630887658,1.34910482300564
0.278217730473283,-0.359855169257191,-0.438624802007292,-0.0787696327501011,0.077056925153946
1.3235444634654,-0.59123345755895,-0.757103323976054,-0.165869866417104,-0.235010602049324
0.197807981781583,-0.0389811540655858,-0.113284384035041,-0.0743032299694552,0.851987433092755
-0.606289505135426,0.299701974757793,0.280870000887847,-0.0188319738699456,-0.0607109830132671
0.197807981781583,-0.0639995907858024,-0.0959741113279268,-0.0319745205421244,0.122787366584896
-0.686699253827128,0.468116515521162,0.626533891979789,0.158417376458627,1.29952342635136
0.599856725240088,-0.696478791243505,-0.992431951563001,-0.295953160319496,-0.670005155207694
2.93173943729941,-1.83676203790763,-1.78218095382853,0.0545810840791041,-0.248300570672235
0.278217730473283,0.0293159616426217,0.0489676992497738,0.0196517376071521,0.163188474479474
-0.525879756443727,0.162236772646609,0.0482058668513819,-0.114030905795227,0.228878123190203
-0.84751875121053,0.46756295134283,0.432433494438539,-0.0351294569042911,-1.07207176795116
-0.0434212642935202,-0.0804950470339863,-0.27964878877099,-0.199153741737004,0.351861791733762
-0.686699253827128,0.547886433751802,0.259649597725356,-0.288236836026446,1.1266879122993
-0.123831012985222,0.19833663043789,0.029946185856266,-0.168390444581624,-0.0850157199071361
-1.41038699205244,0.535309215333122,0.629755478034029,0.0944462627009072,-1.42000305392039
-0.365060259060323,0.232385217849631,0.129587467966602,-0.102797749883028,-0.688922331975891
0.197807981781583,-0.190466325467724,-0.340012676503362,-0.149546351035638,-0.113197094067789
-0.525879756443727,0.310774366028496,0.332648945866645,0.0218745798381487,-0.515284957246941
2.93173943729941,-1.34618275220092,-1.27506752090137,0.0711152312995553,-1.07158749896498
-0.123831012985222,0.20166857226005,0.142135909635052,-0.0595326626249975,0.640776887375656
-1.00833824859393,0.722752975332738,0.698289199172965,-0.0244637761597731,-0.280637756360037
-0.123831012985222,0.0348606203649959,0.216543075199031,0.181682454834036,2.61424452656694
0.680266473931787,-0.320415079502995,-0.232872133336352,0.0875429461666438,0.680170410290347
-0.606289505135426,0.42187548320831,0.429901438714421,0.00802595550611113,-0.926474215971025
-2.29489422766115,1.32564726235984,1.19619119022404,-0.129456072135796,0.326066258308447
0.278217730473283,-0.087020037467887,-0.0769916350352841,0.0100284024326029,-1.15060199456632
-0.0434212642935202,0.0307053758870344,-0.173288945801367,-0.203994321688401,-0.510631599868942
-0.284650510368624,0.25927721780156,-0.0270532071260798,-0.28633042492764,-0.796852641986706
-0.284650510368624,0.0455756859793252,0.326302593435713,0.280726907456388,-0.656893294795707
-0.123831012985222,0.027585517979687,0.113811014542354,0.0862254965626672,0.250617913467506
1.7255932069239,-1.54473608520147,-1.83352408296468,-0.288787997763211,-0.637044105508185
0.278217730473283,0.0446399237449167,0.0105259320099248,-0.0341139917349919,1.1829064672524
-0.123831012985222,-0.0860016050967451,-0.0427770557398066,0.0432245493569385,-1.47341096673569
-1.49079674074414,0.6161574556365,0.652051122673435,0.0358936670369345,0.762944149257948
0.278217730473283,-0.511454987178752,-0.734069142708756,-0.222614155530004,0.12078023047392
-1.32997724336074,0.76736551717417,0.938184368032263,0.170818850858093,1.53841678761295
-0.204240761676922,0.260501460238551,0.23865214749453,-0.0218493127440211,0.0777066339642812
-0.284650510368624,0.211161707057309,0.133545889162695,-0.077615817894614,1.07216276294456
-0.284650510368624,0.23796353050983,0.105867939544842,-0.132095590964988,-0.373438767418808
-0.284650510368624,0.202770123353436,0.0815700544798096,-0.121200068873626,1.38718474325608
-0.204240761676922,0.134805172254564,-0.0796426835670396,-0.214447855821603,-0.735900521515965
0.841085971315191,-0.66617178408065,-0.694693314297005,-0.0285215302163545,1.76615969854543
-0.204240761676922,0.0110076367110952,-0.00838507312543946,-0.0193927098365347,-0.0326169096792789
-0.525879756443727,0.500464656559462,0.426258194018339,-0.0742064625411235,0.99959170126977
-0.525879756443727,0.379674408425902,0.20187262893008,-0.177801779495823,2.47015052268802
-0.204240761676922,-0.0195198635159338,-0.0373327121314442,-0.0178128486155104,1.11705896282054
0.599856725240088,-0.410212762693006,-0.391924710776107,0.0182880519168994,0.153591364263621
-0.84751875121053,1.20025426196174,0.761134776040551,-0.439119485921189,-2.12285930879903
-0.84751875121053,0.490121275589374,0.347434058193798,-0.142687217395576,-0.934027192100046
-0.123831012985222,0.0942629488080561,0.0953293163429562,0.00106636753490004,-0.0731774450422294
-1.32997724336074,0.690083683235386,0.636146996754607,-0.0539366864807784,-1.39771197018819
0.278217730473283,-0.407729227002275,-0.315981104900547,0.0917481221017273,-0.476790410976892
1.00190546869859,-0.298972334674063,-0.251359449802153,0.0476128848719096,-2.34838872331813
1.966822452999,-1.7167057942273,-1.97083380238703,-0.254128008159731,0.165623413374171
-0.123831012985222,0.0892294164141288,0.260759945649441,0.171530529235312,-0.62723453586683
0.278217730473283,-0.310248561746746,-0.616468893998506,-0.30622033225176,0.028597328480457
-1.41038699205244,0.885516234945726,0.684068015416015,-0.201448219529711,-0.206750926929874
-0.284650510368624,0.277881564921142,0.298907062048195,0.0210254971270529,0.975940342502186
0.599856725240088,-0.426299510312763,-0.553532661997149,-0.127233151684386,0.15538443889276
-2.21448447896945,1.48647455367686,1.46555530698179,-0.0209192466950721,-0.301685892102506
-0.686699253827128,0.220048768688576,0.467028651544532,0.246979882855956,-0.313747283258684
-0.606289505135426,0.274127301661785,0.11526880909155,-0.158858492570235,-1.26824275554236
0.197807981781583,-0.128522930297795,0.0389315928872004,0.167454523184995,2.4814133407078
0.76067622262349,-0.666097595029773,-1.133407270454,-0.467309675424224,-0.701566003683355
0.439037227856687,-0.26055364622333,-0.240041927969654,0.0205117182536762,0.941335174193786
-0.365060259060323,0.151093710974242,0.368058479941518,0.216964768967276,0.515042498210277
0.278217730473283,0.0896020881394404,0.203256384717308,0.113654296577867,1.72436431961288
0.439037227856687,-0.328890111976072,-0.31322346182524,0.0156666501508325,-2.03509259928143
0.278217730473283,-0.241239079219216,-0.108545602343615,0.132693476875601,0.093898961956654
-0.686699253827128,0.35073580237619,0.36985908787161,0.01912328549542,-0.960123756028832
0.278217730473283,-0.136099435088615,-0.0832555971543044,0.0528438379343106,-1.0076323468919
0.197807981781583,-0.0391896547830134,-0.259861823847654,-0.22067216906464,-1.45993905591698
0.278217730473283,-0.22155419503069,-0.0740711161854331,0.147483078845257,0.293850876264286
0.278217730473283,-0.0890007544577452,-0.0718981282960039,0.0171026261617413,0.599488744155245
-0.686699253827128,0.55416211778632,0.38240386654286,-0.171758251243461,-1.25933180386997
0.439037227856687,-0.189597361741334,-0.338562940199424,-0.148965578458091,0.431519765273489
-0.686699253827128,0.0613982010967076,0.0584044147666407,-0.00299378633006689,-0.445287933809818
0.680266473931787,-0.437271056553676,-0.676331659576687,-0.239060603023011,2.0749190304151
-0.284650510368624,0.0647846664316288,-0.00996272260555475,-0.0747473890371835,-0.28135537134461
-0.284650510368624,0.136559381313486,0.167328719122539,0.0307693378090528,1.23416216063408
-0.284650510368624,0.253336336993785,-0.0845383452288258,-0.337874682222611,0.612224022139235
0.278217730473283,-0.226172040099865,-0.45212511297791,-0.225953072878045,-1.32180328031546
0.599856725240088,-0.487526820409787,-0.564088585578854,-0.0765617651690668,-1.08499763124311
-0.365060259060323,0.0952167457054161,0.0645929367769563,-0.0306238089284598,0.549949200846056
-0.204240761676922,0.217852308498416,0.248662925184764,0.030810616686348,0.486520389071931
-0.284650510368624,0.213795730723857,-0.0233302927551104,-0.237126023478967,-0.0652335459127154
1.2431347147737,-1.14573578324251,-1.34663294234233,-0.200897159099827,1.1001255960689
-0.123831012985222,0.166730687385295,0.0257030768910385,-0.141027610494257,-1.14938601293495
0.278217730473283,-0.1618292985205,-0.152958199146507,0.00887109937399247,1.2159483022293
0.439037227856687,-0.247948485908507,-0.291758597832136,-0.0438101119236297,-1.1602496936798
-2.21448447896945,1.56505533777551,1.38954059067383,-0.175514747101686,-0.743248595174915
-0.686699253827128,0.418284525969476,0.276249314067527,-0.142035211901949,-1.14659330684272
-2.29489422766115,1.1388437420506,1.0376806699551,-0.101163072095502,0.187857010169973
-0.0434212642935202,0.00596474190876209,-0.181315225312701,-0.187279967221463,0.803891015178391
0.439037227856687,-0.144244874044794,-0.167129023886936,-0.0228841498421414,0.940574528066851
0.680266473931787,-0.168323100298884,-0.146328989304366,0.0219941109945177,2.82539310363785
1.2431347147737,-0.662335605364201,-0.686669195984315,-0.0243335906201139,-2.05999566699203
0.278217730473283,-0.211495601923161,-0.397745091150726,-0.186249489227565,-2.26923145050596
-0.686699253827128,0.762526826618506,0.398238495680596,-0.364288330937909,-0.923075286508244
0.841085971315191,-0.632794459766352,-0.850773334647411,-0.21797887488106,-0.15470758736897
-1.00833824859393,0.499015391930156,0.505012394201967,0.00599700227181099,-0.180220624975607
0.680266473931787,-0.649124276364308,-0.792623911168076,-0.143499634803768,1.01475073971298
1.3235444634654,-0.915815429010776,-1.05080959417472,-0.134994165163941,1.07872617374394
0.197807981781583,-0.133421331428508,-0.211948222774303,-0.0785268913457951,1.06985853793785
0.278217730473283,-0.0437169901190863,-0.00241510745200038,0.0413018826670859,-0.520297108775031
-0.606289505135426,0.237113246261033,0.117478625962801,-0.119634620298232,-0.306506772200453
1.00190546869859,-0.845417342959425,-1.21010027914906,-0.364682936189631,0.840525488122403
-0.284650510368624,0.199278914629053,0.130296436122258,-0.0689824785067941,-0.998368793184736
0.278217730473283,0.00743230406310444,-0.167937672659046,-0.17536997672215,-1.34430405673429
-0.284650510368624,0.334226316815716,-0.0259164613302204,-0.360142778145937,-0.974658249828489
-2.21448447896945,1.52659354513907,1.38793492443513,-0.138658620703942,1.76370036416523
1.2431347147737,-0.564545742473974,-0.415733113569198,0.148812628904777,-0.643508443940664
-0.123831012985222,0.0973032268387742,0.0209366177977266,-0.0763666090410475,-1.48665261201106
-0.84751875121053,0.586551753942503,0.379128820691669,-0.207422933250834,1.37273710415748
0.197807981781583,-0.231363031014648,-0.114111208257897,0.117251822756751,-0.526487584274962
-0.686699253827128,0.351530959979871,0.127455656904111,-0.22407530307576,0.0523479932484986
-0.525879756443727,0.544823538118778,0.41165780825483,-0.133165729863948,0.893231785658919
0.680266473931787,-0.295569964895182,-0.433287580013469,-0.137717615118286,0.425786263388463
-0.686699253827128,0.783188838888363,0.32192469326819,-0.461264145620173,-1.54839608412448
-0.284650510368624,0.231054709011261,-0.07566875392409,-0.306723462935351,-1.71437628928054
0.680266473931787,-0.236867859114587,-0.383509671325798,-0.146641812211211,-0.111617969529673
1.00190546869859,-0.3360444976764,-0.272605701267775,0.0634387964086244,1.15221447337708
1.8864127043073,-1.58184785758032,-1.62185093422159,-0.0400030766412713,0.800881044926743
0.599856725240088,-0.376428890757881,-0.268351736464568,0.108077154293312,1.53247926352006
0.680266473931787,-0.45701799017922,-0.706142015193069,-0.249124025013849,-0.460492359252057
-0.284650510368624,0.179378553893458,0.00883059140740572,-0.170547962486052,-0.00610628495369225
0.599856725240088,-0.0960847422070191,0.106863737737407,0.202948479944426,-0.100053140218193
-0.525879756443727,0.213266194260233,0.441978511339039,0.228712317078806,2.53323285252505
-0.284650510368624,0.18271767523217,0.250507645006807,0.0677899697746365,-1.16675677570244
0.278217730473283,-0.280342792677629,-0.354136910640696,-0.0737941179630665,0.555724789793287
-0.284650510368624,0.257369911264095,0.22251362567273,-0.0348562855913644,0.0602866822947064
-0.525879756443727,0.304509329911348,0.249185184748248,-0.0553241451631002,0.615394845797243
1.8864127043073,-1.1046064913477,-1.25830479719204,-0.153698305844335,-0.493830224327139
1.3235444634654,-0.784999339350266,-0.976426761836632,-0.191427422486366,-0.906914205390274
-0.84751875121053,0.367617065122673,0.0345379501214703,-0.333079115001202,-0.595095967280739
-0.204240761676922,0.10386359328857,0.0505226095003785,-0.0533409837881914,0.359705713304698
0.278217730473283,-0.121370256481219,-0.0971232016180272,0.0242470548631914,-3.05189753800663
-2.21448447896945,1.24026195582175,1.26887813583726,0.0286161800155145,-2.44206058196091
2.93173943729941,-2.28540855025332,-2.58527318295758,-0.299864632704256,-0.663306983820647
0.278217730473283,-0.277680977212897,-0.400726080663136,-0.123045103450239,1.05586850812588
-0.686699253827128,0.45691822226571,0.608496916081376,0.151578693815666,1.75925330370839
-0.123831012985222,-0.000272842088777328,0.017156605894842,0.0174294479836194,0.527054065158256
-0.84751875121053,0.719997994136337,0.637705023234162,-0.0822929709021758,-1.7819582377119
0.197807981781583,-0.101468112234287,-0.14603876737329,-0.044570655139003,-1.34408879086779
0.278217730473283,-0.149616625266831,-0.382737200771933,-0.233120575505103,0.385220754956178
2.93173943729941,-1.58893685386896,-1.66174354051899,-0.0728066866500274,0.674193751376624
-2.29489422766115,0.892571065303156,1.07665250666296,0.184081441359805,1.91076623036425
-0.84751875121053,0.395567035435772,0.37738368018634,-0.0181833552494326,-0.0554362370243605
-1.32997724336074,0.73217710775417,0.818043386687148,0.0858662789329773,-0.954822028188472
2.93173943729941,-2.29390414050913,-2.55899295237956,-0.265088811870429,0.950440943706578
-0.204240761676922,0.269453655779196,0.184077812152115,-0.085375843627081,0.729497690109861
-0.123831012985222,0.116517078608647,-0.116555862157885,-0.233072940766532,-0.525032757241708
-2.21448447896945,0.763439648318738,0.849768024893765,0.086328376575027,0.228926842761371
-0.123831012985222,0.114772669327915,0.0780260353782989,-0.036746633949616,2.40158925959832
-0.686699253827128,0.281403738121415,0.318309593545294,0.0369058554238793,0.435050254981607
0.599856725240088,-0.619669285261464,-0.961683742515862,-0.342014457254399,-1.47873059091069
-0.204240761676922,0.195034434269258,0.0521849274942804,-0.142849506774977,-0.941022680963994
0.197807981781583,-0.304378605745195,-0.67658673907332,-0.372208133328125,0.942847212995261
1.3235444634654,-1.12444522603875,-1.32939413774013,-0.204948911701381,0.542358203579599
-1.41038699205244,0.673471362816146,0.733522152622884,0.0600507898067376,1.19810728708875
0.439037227856687,-0.0209695534253458,0.174303698393406,0.195273251818752,0.554684346006522
0.599856725240088,-0.399197670385578,-0.320530040808195,0.0786676295773833,-0.683184899039082
1.3235444634654,-0.58446671581099,-0.688567468360922,-0.104100752549932,-1.32752667346847
-0.204240761676922,0.133543490969429,0.261682507018073,0.128139016048643,0.504440199373067
0.278217730473283,-0.248057327658542,-0.585378044656153,-0.337320716997611,-1.81855155679135
0.439037227856687,-0.0885828402718834,-0.242251041025034,-0.153668200753151,-0.492936238178025
1.966822452999,-1.72736292891424,-2.14426206942142,-0.416899140507177,1.54382843631734
-0.365060259060323,0.368501326661691,0.58881717875745,0.220315852095759,1.84133727718575
-0.365060259060323,0.112030259258226,0.0674822645850072,-0.0445479946732185,2.09274582477686
-0.284650510368624,0.137732942730658,0.217600849928169,0.0798679071975108,0.996967699324414
0.278217730473283,-0.219452658409023,-0.441929257344001,-0.222476598934978,-2.38607761532244
-0.284650510368624,0.264616760847704,0.235217546481134,-0.02939921436657,0.015496024977951
2.93173943729941,-2.03343442084236,-2.08012445084459,-0.0466900300022295,0.419436124597495
-0.365060259060323,0.0453814116776024,0.0552499340656988,0.00986852238809645,0.66816281895442
-0.686699253827128,0.676146717641481,0.494789591148801,-0.18135712649268,0.773258823590436
0.278217730473283,-0.311779946728007,-0.456786953745099,-0.145007007017092,0.671197202949983
-1.41038699205244,0.996677113889663,0.885142515558068,-0.111534598331595,1.92762719486594
-2.21448447896945,1.27205290658839,1.19486085807551,-0.0771920485128721,-0.456736763624817
1.7255932069239,-1.39964296131185,-1.70843757621521,-0.308794614903362,0.2524802422261
1.00190546869859,-0.660430881880042,-0.843376059891153,-0.182945178011111,0.072806463561371
-0.365060259060323,0.0356588129017425,0.0408657727158129,0.00520695981407035,-1.16013039462603
0.599856725240088,-0.246957444551257,-0.0197235775938923,0.227233866957365,1.20361457565586
0.278217730473283,-0.424958248481193,-0.379991784152268,0.0449664643289252,0.144721503825737
-1.41038699205244,1.02950974916686,0.923629737540307,-0.105880011626558,-1.72554453058318
-0.365060259060323,0.18669480855244,0.0312094511727,-0.15548535737974,-2.48978202708866
2.93173943729941,-0.59255707131526,-0.488096499378984,0.104460571936276,-0.28205504240357
0.76067622262349,-0.628815754476204,-0.856634287704122,-0.227818533227918,-0.204393756537636
-0.284650510368624,0.355213304058272,0.31433961434769,-0.0408736897105827,-1.38928651528096
-1.00833824859393,1.08515277586613,0.939859611888696,-0.145293163977432,-1.19732920460245
-0.204240761676922,0.0848552141890912,-0.134116820114281,-0.218972034303372,0.161817129075273
-0.284650510368624,0.216191939626444,0.255783540567087,0.0395916009406436,3.29087603663931
-0.123831012985222,0.131610098570945,0.199769497536048,0.0681593989651033,-1.05674826970188
-0.365060259060323,0.342174257641543,0.357113012852071,0.0149387552105281,-1.33190955697803
-0.204240761676922,-0.00354138285976577,-0.265822681812372,-0.262281298952606,-1.87271441576302
1.8864127043073,-1.09856598464661,-1.15790679857374,-0.0593408139271321,-1.35073689342603
0.841085971315191,-0.402933378593791,-0.506027547589436,-0.103094168995645,-2.15342135212714
0.278217730473283,-0.353498308434018,-0.529846123405254,-0.176347814971237,0.497437955293188
0.841085971315191,-0.658561152201511,-0.927772203535713,-0.269211051334202,0.406344998496501
-0.365060259060323,0.252419735909695,-0.179732311348151,-0.432152047257846,-0.353133033433218
-0.686699253827128,0.530958332084844,0.296180820011583,-0.234777512073261,0.937222183447971
-0.0434212642935202,0.0827711164293964,0.166458985893034,0.0836878694636378,-0.654121921057519
0.197807981781583,-0.130970813936473,-0.1303777327296,0.000593081206873236,0.609883695905201
-0.525879756443727,0.175935586692562,0.19798694450016,0.0220513578075972,-0.261838537742763
0.278217730473283,-0.214218057337982,-0.339873733804767,-0.125655676466785,-0.6973175551152
0.76067622262349,-0.325485268441724,-0.193397680567611,0.132087587874113,1.1445396206031
-1.41038699205244,1.12470910773937,0.860617983422941,-0.264091124316426,-0.613390052742202
-0.123831012985222,0.0723405403334737,0.0301521529366924,-0.0421883873967813,0.776178885348428
1.00190546869859,-0.502399890356781,-0.665588271454959,-0.163188381098178,1.49638942152525
0.680266473931787,-0.298141152783764,-0.294338142830318,0.00380300995344685,0.390081434916313
-0.84751875121053,0.49375959018183,0.750370460016956,0.256610869835126,-1.05881913347101
-0.686699253827128,0.262730341274495,0.108505868196029,-0.154224473078466,0.675683457167331
-0.365060259060323,0.473742253834686,0.136147027040948,-0.337595226793738,-1.31291081393901
-1.41038699205244,0.783755033845353,0.606626551197712,-0.177128482647641,0.545147460093748
-0.606289505135426,0.253784905451102,0.102955833493644,-0.150829071957458,0.20566265295199
0.278217730473283,-0.225463404767514,-0.430202642587525,-0.204739237820012,0.0663670185049889
1.2431347147737,-0.859828244965989,-1.21561021786492,-0.355781972898933,0.0483200551961885
-0.84751875121053,0.605312960755171,0.314561065614094,-0.290751895141078,1.08181915860574
1.2431347147737,-0.645547235584056,-0.591343691922386,0.0542035436616707,0.897128864590471
-0.284650510368624,0.0327963478981173,-0.171004965667858,-0.203801313565976,0.306953423872855
-0.84751875121053,0.615998943531113,0.61046358268985,-0.00553536084126316,1.66681964482363
2.93173943729941,-2.53830938112615,-2.76083972351422,-0.222530342388061,-1.03931941740154
0.197807981781583,-0.219643444419345,-0.365006899823211,-0.145363455403866,-1.12411627757602
-0.284650510368624,0.236892239918029,0.150354073012254,-0.0865381669057747,0.922235620530326
-0.204240761676922,0.0161371589671004,-0.111355577399058,-0.127492736366158,-0.384186385189065
-0.123831012985222,0.106244905110774,0.122361438244192,0.016116533133417,-0.267938195627955
-0.525879756443727,0.248817508481135,0.246757430471132,-0.00206007801000307,0.835679557574592
2.93173943729941,-1.75181130584978,-1.64110611412376,0.110705191726017,-1.51368890407269
-0.686699253827128,0.530313525232145,0.530105863296585,-0.000207661935559433,1.93772085895552
-0.686699253827128,0.626519692636833,0.469186723194635,-0.157332969442199,1.02944060410328
-0.365060259060323,0.212149531206033,0.0894454468044662,-0.122704084401567,-1.45650697788101
-0.284650510368624,0.0735528733185461,0.13429126501296,0.0607383916944138,0.663348242350048
0.439037227856687,-0.317927961410598,-0.295733324884954,0.0221946365256442,-0.558742865323241
-0.365060259060323,0.0618254156842869,0.12217072164414,0.0603453059598531,1.83885412864153
0.439037227856687,-0.221214000571772,-0.228230944439525,-0.0070169438677529,0.363509417707442
-1.49079674074414,0.962914239930373,1.07691774408879,0.114003504158422,0.915099062253582
-0.284650510368624,0.131913912128891,0.0112047565598513,-0.12070915556904,-0.649057196488168
1.00190546869859,-0.568406943898334,-0.720270032356779,-0.151863088458445,3.37694034187638
1.7255932069239,-0.914409566857671,-0.942997478772268,-0.0285879119145971,-0.226915169249984
-0.284650510368624,0.287942191312057,0.246917298085188,-0.0410248932268689,-0.660800070289955
-0.525879756443727,0.347933265045519,0.430627258427929,0.0826939933824093,-1.77606094195762
0.599856725240088,-0.347209048430556,-0.322231517550977,0.0249775308795789,-0.285515908562109
0.278217730473283,-0.147335490070562,-0.158047779922374,-0.0107122898518124,-2.52416958808198
-0.606289505135426,0.49539922291927,0.599919720127498,0.104520497208228,0.361466026418703
1.8864127043073,-1.02558228526824,-1.21515766201251,-0.189575376744271,-0.666920063300948
-0.204240761676922,-0.0308665399795276,-0.074160217189677,-0.0432936772101494,-0.426706675709453
1.8864127043073,-0.677263557167529,-0.51724120584285,0.160022351324678,0.489099031582167
0.197807981781583,-0.134943153486203,-0.386439672965944,-0.25149651947974,-1.74058521054127
-0.204240761676922,0.0950591628190996,0.166739552996855,0.0716803901777555,0.978400818897747
-0.365060259060323,0.18671861638538,0.299670374380945,0.112951757995565,-0.328296252693625
0.278217730473283,-0.264402858262906,-0.564435416825708,-0.300032558562802,-1.24242228030285
-0.284650510368624,0.176299283618731,0.0356562388695354,-0.140643044749196,-1.63709136797779
-0.525879756443727,0.258869422007143,0.152624084653659,-0.106245337353484,-0.639939435952405
-0.686699253827128,0.356821277490725,0.196240911405581,-0.160580366085143,0.252235534847371
2.93173943729941,-1.69396348083165,-1.83723431738268,-0.143270836551028,-0.708999211377228
-1.41038699205244,0.687788105134826,0.615742861901308,-0.0720452432335182,-0.350018444097103
-0.123831012985222,0.221841975790602,0.110634548309007,-0.111207427481595,0.308384194744738
-0.204240761676922,0.0177636037699936,0.0378681865839636,0.02010458281397,-0.401543663017412
0.278217730473283,-0.065249735229385,-0.0536385109504255,0.0116112242789595,2.28302976444689
1.3235444634654,-0.46340531295395,-0.162725806924045,0.300679506029906,0.0400552798224903
0.278217730473283,-0.108158624556586,-0.266302217515366,-0.158143592958781,1.61949382171911
-0.204240761676922,0.185129147622949,0.153446479772266,-0.0316826678506829,-1.09016336447642
0.278217730473283,-0.231309584213391,-0.222082582917462,0.00922700129592979,1.5887445951258
-1.41038699205244,0.780262628995513,0.651038902610443,-0.129223726385069,0.681181729295846
-0.0434212642935202,-0.121290329330523,-0.112234565884577,0.00905576344594616,-1.42490982052908
-1.49079674074414,0.479120812960894,0.66392971942892,0.184808906468027,1.60956488908148
-0.525879756443727,0.250747648477686,0.257260732214276,0.00651308373659037,0.547749081654698
-0.686699253827128,0.363756251901415,0.323179461305938,-0.0405767905954769,-3.23577780791103
1.2431347147737,-0.829842353657894,-1.15471574777996,-0.324873394122064,0.34570357129133
-0.606289505135426,0.33399834378401,0.22930561628781,-0.1046927274962,-0.246492847790057
0.197807981781583,0.0426347826826041,-0.162162743863814,-0.204797526546418,1.86855935607378
-0.284650510368624,0.259403736571961,0.127351347808163,-0.132052388763799,-0.431017412323871
0.439037227856687,-0.309452302840818,-0.237309284298599,0.072143018542219,1.42079103783095
1.3235444634654,-0.839395954142218,-0.868373277565104,-0.0289773234228865,0.0940253070908739
-0.284650510368624,0.237044425429449,0.38399184605086,0.14694742062141,2.4832414397953
0.278217730473283,-0.123025475757778,-0.127572535463575,-0.00454705970579733,-0.0405573928142648
-0.606289505135426,0.453131734399787,0.509483062405517,0.0563513280057298,1.1710796561967
1.966822452999,-1.19415321532313,-1.36738881458166,-0.173235599258529,-0.858508367778622
-0.606289505135426,0.477415626732581,0.246118006276868,-0.231297620455714,-0.0220447358552607
1.3235444634654,-0.811996121321267,-0.730996321016341,0.080999800304926,-0.274871414432046
1.2431347147737,-0.874772772238626,-1.06485152872101,-0.190078756482388,0.451380253086513
-0.284650510368624,0.240329660258003,0.108354411886198,-0.131975248371804,-1.69210674002723
-0.0434212642935202,0.094923536543026,0.106064601258477,0.0111410647154511,-0.607908268604415
-0.284650510368624,0.360177857764398,0.178767550068542,-0.181410307695856,1.40742690381477
1.7255932069239,-1.27376085634008,-1.38387403710788,-0.1101131807678,-2.67172052565976
-0.0434212642935202,0.224924206041582,0.255827974259536,0.0309037682179532,-2.3423733010549
0.680266473931787,-0.430823746567336,-0.502241366771805,-0.0714176202044688,0.155704468528047
-0.284650510368624,0.289710924628707,0.235806483765467,-0.0539044408632398,-1.91550123886445
-0.365060259060323,0.136705467314962,0.06873049556659,-0.0679749717483718,-0.464235284727411
1.966822452999,-1.7097628409822,-1.97703929549735,-0.26727645451515,-0.679822155738951
-0.204240761676922,-0.0815053158520936,0.201827717988504,0.283333033840598,0.699558370621663
-0.686699253827128,0.554731285545048,0.262938121575562,-0.291793163969486,0.151532757602061
0.841085971315191,-0.71820390089717,-0.826398823971226,-0.108194923074056,-1.17777357073229
-0.686699253827128,0.369791838263824,0.339402132097132,-0.0303897061666914,-1.07759457860435
-0.365060259060323,0.285792145205016,0.094953836443615,-0.190838308761401,-1.61628548321369
1.966822452999,-0.91497318391385,-0.920191963533579,-0.00521877961972872,0.115290584746484
-0.606289505135426,0.279504205479648,0.101810530143165,-0.177693675336484,-0.499627745924895
1.00190546869859,-0.38766991427703,0.0167216610080169,0.404391575285047,-0.419499691948687
-0.284650510368624,-0.0226959370301699,0.144060938792424,0.166756875822594,-0.0877715390975743
-1.41038699205244,0.558868896516268,0.667496611263813,0.108627714747545,-0.362338738913265
1.2431347147737,-0.796855935264934,-0.920382816854422,-0.123526881589488,-0.754909915382755
0.278217730473283,-0.15691126359177,-0.15426948863907,0.00264177495270013,1.25857670270484
-0.204240761676922,0.098250317497177,0.506643119960148,0.408392802462971,0.421686091304727
0.439037227856687,-0.205464146788955,0.0393866722665069,0.244850819055462,0.461027823545566
2.93173943729941,-1.95321596732822,-2.10535147831864,-0.15213551099042,0.116511694166708
-0.365060259060323,0.328851328412811,0.423409484426703,0.0945581560138916,0.837592650398097
1.00190546869859,-0.546695549829349,-0.644259937625044,-0.0975643877956953,0.610130214561411
1.2431347147737,-0.899363006383507,-1.03423193128807,-0.13486892490456,-0.460377328303267
-1.32997724336074,1.16089019270162,1.00961608964915,-0.151274103052475,-0.529620749402281
1.7255932069239,-1.21610004958257,-1.28975918637071,-0.0736591367881392,-0.0364312036626849
-0.284650510368624,0.0869222833621158,0.137460793137997,0.0505385097758813,0.55548493164313
-0.686699253827128,0.40770599330689,0.428825282158925,0.0211192888520346,3.17261404991873
0.278217730473283,-0.139481790384271,-0.100340931786937,0.0391408585973335,-0.134293588780864
-0.204240761676922,0.181993419731728,0.1776610821738,-0.00433233755792806,1.55468597017232
-0.686699253827128,0.205439199376633,-0.101651688813475,-0.307090888190108,1.17106524926933
0.197807981781583,-0.107850847416565,-0.0405065817526755,0.0673442656638892,0.705081637211225
0.680266473931787,-0.549051391519706,-0.493840078973698,0.0552113125460082,0.418180525677038
-2.21448447896945,0.542729170133926,0.692664262337936,0.14993509220401,2.26731353410675
0.278217730473283,-0.117818677153876,0.1702309614464,0.288049638600276,2.70594218560011
0.278217730473283,-0.0720120622665164,-0.277716877977295,-0.205704815710779,-0.0118255306926634
-0.123831012985222,-0.154522386807344,-0.0113836992893082,0.143138687518036,1.1365397828914
-0.204240761676922,0.233187827210147,0.325573444664044,0.0923856174538973,-0.784974729142526
0.278217730473283,-0.227738872081756,-0.434146016757066,-0.20640714467531,-2.10310391554432
1.00190546869859,-0.607240553174057,-0.91780338545138,-0.310562832277322,-1.68898410937705
1.2431347147737,-0.691026807756311,-0.732665635571456,-0.0416388278151448,-0.636372769224934
-0.606289505135426,0.551906317824862,0.428586397308662,-0.1233199205162,-0.884487563424473
-0.204240761676922,0.187366333875369,0.182736223458124,-0.00463011041724484,1.85296505399129
0.197807981781583,-0.219124816612854,-0.455327529983267,-0.236202713370413,-1.16224034669002
-0.84751875121053,0.681964312258524,0.613243036126755,-0.0687212761317691,-0.878593516437096
1.7255932069239,-0.739095711387595,-0.651310939133479,0.0877847722541159,2.08761624965486
-1.49079674074414,0.996241999622753,1.07527007897302,0.0790280793502679,-0.460480279561201
0.76067622262349,-0.230309884621619,-0.131443778023651,0.0988661065979682,0.593357251159264
0.278217730473283,0.0305995760570836,0.127439457579708,0.0968398815226248,-0.300553102154197
0.841085971315191,-0.652003747481347,-0.447636934238063,0.204366813243284,-0.730191810452658
-0.686699253827128,0.242191934832746,0.378043940176536,0.13585200534379,0.511703407558968
0.680266473931787,-0.342696222206804,-0.365260225426794,-0.0225640032199905,-1.12669010318582
-0.123831012985222,0.173272494760301,0.0796249720590872,-0.093647522701214,-0.648144721401116
-0.525879756443727,0.268449918726355,0.427081624119814,0.158631705393459,1.14594548195302
2.93173943729941,-1.56136560530465,-1.42375019507781,0.137615410226843,-1.21573412898594
-0.606289505135426,0.0294891960683048,0.226239185462644,0.196749989394339,2.6346436705992
-1.32997724336074,0.869004811210401,0.842992212966502,-0.026012598243899,0.955972959912449
-0.284650510368624,-0.0127197967130616,-0.270228256268947,-0.257508459555885,0.174584434427709
-0.686699253827128,0.391820464579784,0.217708540197111,-0.174111924382673,-0.959246853455147
-0.606289505135426,0.618434854050812,0.20442330814845,-0.414011545902362,-2.2626922455532
-2.21448447896945,1.49691287214042,1.47920890411863,-0.0177039680217894,1.02984658383751
-0.365060259060323,0.194301299938935,0.128336221625208,-0.0659650783137271,1.18706400882164
0.599856725240088,-0.484766811079086,-0.803472015929272,-0.318705204850185,0.45609963926352
-0.606289505135426,0.256620201562028,0.445965690526043,0.189345488964015,0.0209397909830784
0.278217730473283,-0.307256489764745,-0.54131583668019,-0.234059346915445,-1.36367605319111
-0.123831012985222,0.0924208612960238,0.0398049276865729,-0.0526159336094509,1.87590254446852
1.00190546869859,-0.743877379697087,-0.815758650033366,-0.071881270336279,4.02993360176263
1.8864127043073,-0.700464536711932,-0.456801301021319,0.243663235690613,2.9116557831635
0.278217730473283,-0.246017830604706,-0.217146010641444,0.0288718199632627,1.10542676052441
0.278217730473283,-0.221792820285122,-0.401403104714974,-0.179610284429852,-0.329390211272707
-1.49079674074414,0.358373477738293,0.333005278112944,-0.0253681996253493,-1.77244130410537
2.93173943729941,-1.43665685033601,-1.41637906080352,0.0202777895324879,0.591797932343731
-1.41038699205244,0.658187396042725,0.549601848976179,-0.108585547066547,-0.81920807203241
0.278217730473283,-0.0697469576835515,-0.0655698719699178,0.0041770857136337,0.599422363004776
-0.284650510368624,0.232293068564713,0.165935676953252,-0.0663573916114611,-0.421126413278961
-0.686699253827128,0.51805057446091,0.269735101168329,-0.248315473292581,0.133784485203108
-0.0434212642935202,0.0481119878170467,-0.108179623401618,-0.156291611218665,0.536406942401695
-2.29489422766115,1.74774300502904,1.71960208353304,-0.0281409214959947,-1.18999162040362
0.278217730473283,-0.095580315655019,-0.00865607134459795,0.086924244310421,-0.558644393079706
-1.00833824859393,0.603594630108853,0.53214818790435,-0.0714464422045022,-1.45629543096914
0.599856725240088,-0.151390427809873,-0.249758022336081,-0.0983675945262084,1.25038177311438
1.00190546869859,-0.24976650164273,-0.0196723102763187,0.230094191366412,-0.404858421433984
0.278217730473283,-0.129692119987649,-0.202638692607038,-0.0729465726193887,-0.830123128840886
0.680266473931787,-0.798860538245585,-0.910345654539573,-0.111485116293988,2.18913983104164
0.278217730473283,-0.149674948869781,-0.441049558993555,-0.291374610123774,-0.461823830555355
-0.284650510368624,0.236022689852338,0.154194918827597,-0.0818277710247409,-1.09870588177181
-1.32997724336074,0.698414863179122,0.652803753952094,-0.0456111092270282,-0.339302728127309
-0.0434212642935202,0.0716450136500442,0.0326404430449035,-0.0390045706051407,0.979452637092789
0.278217730473283,-0.205975026037513,-0.316019342190692,-0.11004431615318,-0.99945581738049
-0.204240761676922,0.0540576297100244,0.00013701657896642,-0.053920613131058,-0.386551256813831
-1.41038699205244,1.04829432778055,0.804972023631142,-0.243322304149408,-2.23647000825353
-1.49079674074414,1.19713656260026,1.05501271235405,-0.142123850246207,-1.22612761907299
-0.284650510368624,0.0337963916957604,0.120650526906098,0.0868541352103379,1.27230736536643
0.680266473931787,-0.58004009181719,-0.891270187042421,-0.311230095225231,0.350442688824986
1.00190546869859,-0.968788834107589,-1.15854566976098,-0.189756835653387,-2.52525220110547
2.93173943729941,-2.38911101903477,-2.55238213617431,-0.16327111713954,0.155336401695024
0.278217730473283,-0.31266912268818,-0.523546948140422,-0.210877825452242,-0.084523098732175
-0.284650510368624,0.126941541264428,0.0943202458782751,-0.0326212953861532,0.577773050102261
1.2431347147737,-0.567610773929836,-0.427510247131705,0.140100526798131,-0.422272432222844
-0.606289505135426,0.245406169804011,0.242745081676444,-0.00266108812756702,1.60985153827187
0.841085971315191,-0.398749012819256,-0.460867137263638,-0.0621181244443827,-1.64891781069504
0.197807981781583,-0.184100246033134,-0.323959226662741,-0.139858980629607,-0.690716063259859
-0.525879756443727,0.193613883482129,0.178619437011252,-0.0149944464708768,0.25804020704369
-0.204240761676922,0.334478859485588,-0.0296368035824339,-0.364115663068022,-2.04084866846047
-0.204240761676922,0.382465243551143,0.230058782237074,-0.152406461314069,-1.31881206553021
-0.606289505135426,0.19880315484273,0.234209368114947,0.0354062132722175,0.218986352811372
1.00190546869859,-0.726637941463725,-0.748878333652357,-0.0222403921886319,0.60654971915476
-1.41038699205244,0.726833075138248,0.852201706400192,0.125368631261944,2.02217526743431
-0.123831012985222,0.057688837497808,0.0942081959818384,0.0365193584840304,-0.65260224197306
0.278217730473283,-0.213747612819814,-0.161687774582885,0.0520598382369292,-1.13904447959729
1.3235444634654,-0.947281038155775,-1.19859088654,-0.25130984838422,-2.24070386715784
0.599856725240088,-0.531697419946768,-0.771126944876026,-0.239429524929258,1.24269981544297
-0.365060259060323,0.323584712033749,-0.181548346538482,-0.50513305857223,0.49712500525724
-0.686699253827128,0.845132731491067,0.826758240393599,-0.0183744910974679,-2.73646496882205
-0.686699253827128,0.407393417521399,0.168382849447431,-0.239010568073968,-0.179482731723937
-1.00833824859393,0.469124841322146,0.524393568216914,0.0552687268947686,0.645233864737336
-0.123831012985222,-0.0224488524587396,-0.160485424440383,-0.138036571981643,0.300732225374806
1.966822452999,-1.19514658098495,-1.30406006762983,-0.108913486644879,0.764949722297181
0.599856725240088,-0.372569662699382,-0.404712072106864,-0.0321424094074818,0.534027315420929
1.2431347147737,-0.687945515537725,-0.563855940108311,0.124089575429415,0.763408316119233
-0.686699253827128,0.569115224055195,0.603810542362827,0.0346953183076315,0.0151710885506504
0.197807981781583,-0.322306723326743,-0.232165983226829,0.0901407400999136,0.65687503451419
-1.00833824859393,0.610583740518551,0.410251589516092,-0.20033215100246,-0.0142239457123905
-0.365060259060323,0.253672964278332,-0.0807575210708311,-0.334430485349163,-0.823734869893326
-0.204240761676922,0.106236949965651,0.204858825265965,0.0986218753003137,1.17613914412202
-0.284650510368624,0.100424626494704,0.221716153933492,0.121291527438788,1.64919189629249
-1.41038699205244,0.787594977756933,0.734603142577391,-0.052991835179542,-0.311258242488398
-1.32997724336074,1.10601594251033,0.591993149511853,-0.514022792998474,-0.078188685248016
-0.0434212642935202,-0.0202145744858884,0.0200737644590732,0.0402883389449616,1.85348988345413
-2.21448447896945,1.23011475735172,1.29934952485096,0.069234767499244,0.587204753489401
0.197807981781583,-0.121214518696839,-0.0663507100405723,0.054863808656267,-1.17582365512719
1.8864127043073,-1.59295447001971,-1.57210546642259,0.0208490035971229,0.847200422388538
0.599856725240088,-0.749096917140458,-1.20314281444558,-0.454045897305125,-2.0367147931592
1.3235444634654,-0.782954299347865,-0.749293806444699,0.0336604929031664,-2.11398923774667
-2.21448447896945,1.38768267032989,1.42488127710914,0.0371986067792534,-0.270915842743416
0.439037227856687,-0.311636686068666,-0.418325015671925,-0.106688329603259,-0.607728000410539
-0.686699253827128,0.489511986085474,0.306604644695866,-0.182907341389608,0.695350929163927
0.599856725240088,-0.57551221750779,-0.784824054557108,-0.209311837049318,-1.02712965776857
0.278217730473283,0.0277238080406615,-0.0398015349170258,-0.0675253429576873,-0.22082023469368
0.278217730473283,-0.143582436764253,-0.224881881767528,-0.0812994450032754,1.03367039273052
-0.686699253827128,0.379084959457512,0.315389165884021,-0.0636957935734916,-1.16128109338647
0.599856725240088,-0.232344515890136,-0.46426560844738,-0.231921092557244,1.6551666148423
0.76067622262349,-0.479730688782085,-0.645833553127342,-0.166102864345257,-0.224155738157845
-0.123831012985222,0.155537017024978,-0.0550698788761958,-0.210606895901174,1.60385655588602
-0.686699253827128,0.286535878880484,0.276122374690413,-0.0104135041900716,0.334306352815069
0.76067622262349,-0.582552018532185,-0.680440787451359,-0.0978887689191742,0.226290732120379
-0.284650510368624,0.377976755528603,0.130667255694668,-0.247309499833935,-2.22971085790845
0.599856725240088,-0.164353013428931,-0.263515021165964,-0.0991620077370335,0.585793316798675
-0.123831012985222,0.0771614715836122,0.231208041885508,0.154046570301896,0.888255851125631
-0.606289505135426,0.0749412176953674,0.185599547993086,0.110658330297719,1.21833741946309
-0.606289505135426,0.378159230152085,0.450382635874378,0.0722234057222926,0.506789392815
-1.41038699205244,0.163622031603771,0.3840654153247,0.220443383720928,-1.4118472815393
-0.525879756443727,0.163174273589108,0.24918818194265,0.086013908353542,1.00345953410845
-1.00833824859393,0.744072090733241,0.618982737177672,-0.125089353555569,0.79393084942132
-0.365060259060323,0.366166780907432,0.173846756948189,-0.192320023959244,-1.59787139211772
0.76067622262349,-0.225718687216677,-0.266422722978967,-0.0407040357622898,0.584467703228447
0.197807981781583,-0.245303865463947,-0.143575145445524,0.101728720018423,-0.466411308018069
-0.84751875121053,0.301167039382927,0.101206852096154,-0.199960187286773,0.240031487011639
-0.365060259060323,0.235518217875592,0.0419436486183509,-0.193574569257241,-2.06964461738904
-0.123831012985222,0.028518717076027,0.0341063027713981,0.00558758569537111,-2.39688783110006
-0.525879756443727,0.140783055442319,0.167775183657649,0.0269921282153301,0.0522026842035594
-0.606289505135426,0.348477944820026,0.288168465537338,-0.0603094792826875,0.827115767253648
-0.525879756443727,0.412399680987035,0.292010169517197,-0.120389511469837,0.845140018155082
-0.123831012985222,-0.0466808561319862,-0.164233778802604,-0.117552922670618,-0.106160707423892
0.599856725240088,-0.456241225509854,-0.508831791285641,-0.0525905657757866,0.481664761753583
-1.41038699205244,0.839046636061454,0.717562370032214,-0.12148426602924,-0.86996963991978
-1.00833824859393,0.782531824689867,0.573243260295144,-0.209288564394723,-0.524501545301845
0.76067622262349,-0.500785376543963,-0.529344786282542,-0.0285594097385783,-1.31457351415454
-0.686699253827128,0.1850104916573,0.222049338371878,0.0370388467145787,-0.189294637468311
1.2431347147737,-1.29027175453798,-1.59624913289722,-0.305977378359234,-1.0628553763431
-0.686699253827128,0.286824240295556,0.166027164194422,-0.120797076101134,-0.214608172190185
1.966822452999,-0.846453995737295,-0.869741340071051,-0.0232873443337569,2.46749364403968
2.93173943729941,-1.70678043186816,-1.98154709099184,-0.274766659123688,1.28541604814141
-0.365060259060323,0.14171166896482,0.196062602100196,0.054350933135376,-1.66627477860099
-0.284650510368624,0.124095974566298,0.0927828960506737,-0.0313130785156246,-1.48604912388631
0.197807981781583,-0.0884375119264966,-0.046657737035092,0.0417797748914047,-0.485152262887575
0.439037227856687,-0.465927147704453,-0.54433476896284,-0.0784076212583871,-1.92341429760898
1.00190546869859,-0.647935185366257,-0.730014119257811,-0.0820789338915537,2.79394904385061
0.278217730473283,-0.035205363647962,0.134193032047544,0.169398395695506,-0.156933631320017
-0.284650510368624,0.27502862471844,0.294853732280388,0.0198251075619484,0.600714021865662
-1.49079674074414,0.736083193339494,0.83516347672662,0.0990802833871263,0.197978070033901
0.278217730473283,-0.140256879941003,-0.0525383922300082,0.0877184877109948,1.18370496545444
-1.00833824859393,0.613431487881742,0.475967689697539,-0.137463798184204,-1.18585871429076
0.278217730473283,-0.038674975260502,0.173812925415785,0.212487900676287,-1.51259855773369
-0.686699253827128,0.612145880316562,0.555351847147156,-0.056794033169406,2.1613816184888
0.439037227856687,-0.268169599573643,-0.0529027754407427,0.2152668241329,1.37747699981159
2.93173943729941,-1.13949735492847,-1.06664294863841,0.0728544062900625,-0.365402395373314
0.680266473931787,-0.53697661130795,-0.624047279555362,-0.0870706682474122,-0.62863434482973
-2.29489422766115,1.31291843004297,1.29288751744467,-0.0200309125982963,-0.0162351398211755
-0.284650510368624,0.20992917460123,0.0726285865808103,-0.13730058802042,1.20307941988084
-0.525879756443727,0.435112809957026,0.177469299099742,-0.257643510857284,0.732005151439411
0.197807981781583,-0.101440047343631,-0.247982888764293,-0.146542841420662,-0.380376852698572
-0.284650510368624,0.231000063810775,0.0052628209416945,-0.225737242869081,-0.0941214802851864
2.93173943729941,-2.05701853511814,-2.10033705742705,-0.0433185223089141,0.461719369430359
-0.606289505135426,0.264183681043223,0.106013086050653,-0.15817059499257,0.75344860310619
-1.00833824859393,0.497296380771417,0.49477933810977,-0.00251704266164698,-0.31711776590911
-2.29489422766115,1.00936426117488,0.993633904589037,-0.0157303565858459,0.0403603383665478
1.3235444634654,-0.371687919614375,-0.383142929731584,-0.0114550101172092,-0.459284270841996
-0.84751875121053,0.620386594406327,0.539225792884879,-0.0811608015214478,-0.122282155879305
-2.29489422766115,2.1808748105539,1.88041595087935,-0.300458859674549,-0.242715102536236
0.278217730473283,0.126353113759811,0.0570226155896091,-0.0693304981702015,0.33699798314898
1.966822452999,-1.6340177231985,-1.88183050145956,-0.247812778261066,0.90451405627755
1.966822452999,-1.11787110638881,-1.18402839720296,-0.0661572908141461,0.00562411777836491
-0.686699253827128,0.265216312027021,0.275542629109084,0.0103263170820629,0.159987401318843
-0.204240761676922,0.320221556673117,0.155449271392146,-0.164772285280971,-0.350463956073762
1.2431347147737,-0.757531369055297,-0.865912616669579,-0.108381247614282,1.24799740874471
0.278217730473283,-0.0443741436785103,0.153473477134526,0.197847620813036,0.649997326468855
-0.123831012985222,-0.0642872802801836,-0.188790614407386,-0.124503334127203,1.32458827779746
-0.123831012985222,0.076073286988048,0.128957437419221,0.0528841504311728,-0.0724495011021997
-0.204240761676922,0.148010754229057,0.0873163833919658,-0.0606943708370916,0.908686790564219
0.599856725240088,-0.492653486048038,-0.458631184721967,0.0340223013260709,0.108864339201655
-0.525879756443727,0.410051759464663,0.19391511775499,-0.216136641709673,0.157028025095537
-0.686699253827128,0.444219830425492,0.294280681669895,-0.149939148755597,0.531364174587471
0.278217730473283,-0.306670615124718,-0.297606443692549,0.00906417143216831,1.30996474328708
0.599856725240088,-0.687813420318245,-0.91059942545576,-0.222786005137514,-1.12393109823085
0.599856725240088,-0.503153881243707,-0.671762779284736,-0.168608898041029,-0.486074190715146
-0.686699253827128,0.260998242026903,0.247209754358675,-0.0137884876682288,2.05469022497433
-0.284650510368624,0.193841718435346,-0.0837189056591142,-0.27756062409446,-0.790150226019049
0.841085971315191,-0.770620321889545,-0.930512735581958,-0.159892413692413,-1.76728895242376
-0.606289505135426,0.208359331129122,0.144364776868585,-0.0639945542605374,0.408093526613701
0.599856725240088,-0.204335977660022,-0.173783576080045,0.0305524015799773,0.505055873121943
0.278217730473283,-0.0928976426694451,-0.181884403667938,-0.0889867609984929,0.572617520865192
0.439037227856687,-0.341077018098371,-0.357132174885613,-0.0160551567872412,0.328251753786185
-0.606289505135426,0.420653088205434,0.340465146997025,-0.0801879412084088,-0.496851892024128
-0.525879756443727,0.321311158940758,0.462424446397805,0.141113287457047,-0.420170192483963
-0.686699253827128,0.332510704821996,0.329932147496612,-0.00257855732538376,-2.24766173095613
-0.84751875121053,0.322092676255284,0.609496180778485,0.287403504523201,-0.255373973192479
-0.284650510368624,0.200455635328014,0.15895550303997,-0.0415001322880442,0.347682252705615
-2.29489422766115,1.35865867809261,1.3495735061118,-0.00908517198080117,0.538683420005278
-0.284650510368624,0.21130476059276,-0.070057190681171,-0.281361951273931,1.49936724623078
0.278217730473283,-0.0724472515792767,-0.16160582308647,-0.0891585715071928,-2.6722804562251
-1.32997724336074,1.1028773669961,1.08122548800668,-0.0216518789894269,-0.406331129963482
-0.686699253827128,0.412367008238666,0.42124537633641,0.00887836809774384,-0.430309121953052
-1.49079674074414,0.833486084713309,0.658572401125461,-0.174913683587848,0.134611145074729
1.00190546869859,-0.784053483248237,-1.00883415397175,-0.224780670723515,-1.79894601658276
-0.204240761676922,0.126055586746419,-0.0627594984945493,-0.188815085240969,-0.868735911106967
0.197807981781583,0.00174255215764695,-0.166296136576249,-0.168038688733896,0.0514967786141581
0.278217730473283,-0.287501111129918,-0.656013339574783,-0.368512228444865,-0.739975132177183
-0.284650510368624,0.515299297304816,0.296172182509847,-0.219127114794968,0.702210352948437
-1.41038699205244,0.990910981899269,1.04626856655806,0.0553575846587906,-0.889861793665229
-0.365060259060323,0.308522776381633,0.22220146789964,-0.0863213084819926,-0.65247291988968
0.278217730473283,-0.147143512429486,0.00503456909534917,0.152178081524836,0.625078593902692
0.197807981781583,-0.0384149841272637,-0.0429244218899175,-0.00450943776265383,-1.91386833057133
-2.29489422766115,1.4842965045958,1.64778551631513,0.163489011719332,-0.951518192486613
-0.284650510368624,0.180134734246733,0.119158464552266,-0.0609762696944675,-0.252172655694668
-1.32997724336074,1.06681479994994,0.845632165058616,-0.221182634891323,0.0338651477851877
-0.84751875121053,0.780545489378811,0.687925566030639,-0.0926199233481723,-0.144565188121412
-0.606289505135426,0.121120070506764,0.188309712504453,0.067189641997689,-1.06321070701835
0.278217730473283,-0.172956302844618,-0.31478268341344,-0.141826380568823,-0.495646133588206
-0.204240761676922,0.0356645089443985,-0.0165270009709916,-0.0521915099153901,1.47740779042191
-0.606289505135426,0.634057973268867,0.464536854555558,-0.169521118713309,0.61335963343936
-0.204240761676922,0.146863782301791,0.062058477606926,-0.0848053046948647,0.801315605116675
0.599856725240088,-0.414238029125858,-0.637428721361734,-0.223190692235876,-1.36965254824978
-0.123831012985222,0.160599702638431,0.116690405693782,-0.0439092969446481,0.0755101732535757
0.841085971315191,-0.306225171277937,-0.230447544257273,0.0757776270206643,-0.779444733291419
-0.84751875121053,0.398822098692384,0.12342138011086,-0.275400718581524,-0.905965690083695
0.278217730473283,-0.182481196497902,-0.046871788887604,0.135609407610298,-0.986159981996555
-0.123831012985222,0.00176599713387019,0.093789774847748,0.0920237777138778,1.07828716436954
1.8864127043073,-1.79190443580106,-1.956923802049,-0.165019366247934,-0.0294585327383965
-0.686699253827128,0.424053851140489,0.468902897823993,0.0448490466835039,0.376376553984895
0.680266473931787,-0.420486333013013,-0.514258206901742,-0.0937718738887293,1.26374418257773
0.841085971315191,-0.491100021266018,-0.648076678719406,-0.156976657453388,1.43826613859561
0.197807981781583,-0.0703737990533041,-0.151202865432362,-0.0808290663790578,-0.711328489237648
0.197807981781583,-0.253342000460585,-0.484218612319131,-0.230876611858547,-1.910170713988
-0.606289505135426,0.59612076648508,0.428220423079044,-0.167900343406036,-1.74259073665673
-0.284650510368624,0.0828438711853053,0.315307661544821,0.232463790359516,-0.655997648625148
-0.686699253827128,0.431499627793631,0.339330585473598,-0.0921690423200336,-0.696457484153388
-0.0434212642935202,0.0124440974991041,-0.283688424653823,-0.296132522152927,0.797867462569231
-0.606289505135426,0.480941763462095,0.302347675352958,-0.178594088109137,0.125420830933499
-0.204240761676922,0.169108066437612,0.271956770692454,0.102848704254842,0.617355117139482
1.00190546869859,-0.696025598463164,-0.790468306891445,-0.0944427084282808,-0.447321845631397
-1.49079674074414,0.874478798257363,0.8970043634345,0.0225255651771372,0.692677937860559
0.680266473931787,-0.0323667594266198,0.181305617134643,0.213672376561263,-0.325280287220433
0.278217730473283,-0.165421252710248,-0.366772621060095,-0.201351368349847,0.642831703808975
0.197807981781583,0.0585458841445093,0.118440801922903,0.059894917778394,-0.368661519738397
0.841085971315191,-0.2885231792467,-0.331444863998877,-0.0429216847521771,0.941506804348488
0.76067622262349,-0.349543003285356,-0.234289074954222,0.115253928331134,1.54787362656606
1.3235444634654,-0.846911678512848,-0.943166698739011,-0.096255020226164,0.776585663892553
0.278217730473283,-0.0296340256791408,0.10634263938929,0.135976665068431,1.46809669513485
-0.84751875121053,0.592145189661945,0.418730006793007,-0.173415182868939,-1.0289397636758
-0.525879756443727,0.257236724236933,0.156116456506219,-0.101120267730714,-1.38564139446111
0.278217730473283,-0.268140840056858,-0.376937902138298,-0.10879706208144,0.580386991471858
0.439037227856687,-0.228698863279675,-0.0481217515489641,0.180577111730711,-1.15463053552636
1.3235444634654,-0.996945252012977,-1.12176048954096,-0.12481523752798,-2.53363320846008
-0.686699253827128,0.289022841863659,0.493230379836836,0.204207537973177,-1.02340543846957
-0.284650510368624,0.0454286432315661,0.0510452008118279,0.00561655758026182,-0.0867536657012535
-1.00833824859393,0.452207818955384,0.367775883597494,-0.0844319353578896,-0.163885881045685
-0.123831012985222,0.173636224441221,0.206443300182271,0.0328070757410501,-1.01646176565945
-0.686699253827128,0.670777407045358,0.566199095978658,-0.1045783110667,-2.24348202649925
0.197807981781583,-0.0459554173988809,-0.172472811626139,-0.126517394227258,0.686552041445979
-1.41038699205244,0.41981051117909,0.618654501446115,0.198843990267025,0.898204035473696
0.197807981781583,-0.0202489002396443,0.226337892582502,0.246586792822146,1.09860880818887
-0.686699253827128,0.223976793871852,0.399613960268362,0.17563716639651,1.21817346084265
-0.84751875121053,0.674577924569108,0.653896117715689,-0.020681806853419,-0.46110028429513
-0.84751875121053,0.656984581912605,0.477033269976545,-0.17995131193606,-1.78972784257243
0.278217730473283,-0.302555209752788,-0.532552320187865,-0.229997110435078,0.649485035383149
-0.606289505135426,0.50736956743977,0.257448606504519,-0.249920960935252,0.199880821639022
-1.49079674074414,0.82012203765254,0.777434746060711,-0.0426872915918293,-0.922654213069211
0.76067622262349,-0.492598384407572,-0.647289527698296,-0.154691143290724,-1.09460511960764
-0.606289505135426,0.196034668870994,0.141545439116852,-0.0544892297541424,-0.603464510033952
-0.365060259060323,0.253452357085651,0.25821601567139,0.00476365858573907,-1.06566924201158
1.7255932069239,-1.27380707677113,-1.48875689033577,-0.214949813564644,-0.331397578507647
2.93173943729941,-1.17772960807944,-0.986885049382647,0.190844558696789,0.205345417107352
0.599856725240088,-0.421767875443654,-0.525084680695301,-0.103316805251647,1.77491539400751
0.278217730473283,-0.24616516669017,-0.50224250915102,-0.25607734246085,-1.42441434110474
-2.29489422766115,1.38949838057522,1.44135951251879,0.0518611319435636,0.0131953990610991
0.278217730473283,-0.140868200777519,-0.012122727608781,0.128745473168738,-0.0718657568949493
-1.00833824859393,0.703813466549917,0.532584137232122,-0.171229329317795,-0.489814283559001
2.93173943729941,-2.15160922773173,-2.32809828328186,-0.17648905555013,0.336685045539068
-1.00833824859393,0.63821533157079,0.437670318478342,-0.200545013092447,0.525027972028687
-2.21448447896945,0.953398513332002,0.892848691536464,-0.0605498217955377,-0.082106539955322
-0.0434212642935202,-0.00067694526057999,-0.114001133393495,-0.113324188132915,-0.334685766238004
0.278217730473283,-0.048871478243487,0.0563458395837167,0.105217317827204,-0.835424671759638
2.93173943729941,-1.77853771833978,-1.86334731974826,-0.0848096014084736,0.800757100797307
1.8864127043073,-0.977986934519973,-1.0426499322232,-0.0646629977032311,-0.555179372807543
-0.0434212642935202,-0.041320981295231,0.0202931681532546,0.0616141494484857,0.0259717064505026
0.841085971315191,-0.247269025092478,-0.286087380479513,-0.0388183553870352,0.493897596889868
-0.123831012985222,0.122637670787766,0.0244145538306292,-0.0982231169571371,-0.573275063045808
-2.21448447896945,1.70667681791278,1.55200273262345,-0.15467408528933,0.928130853745391
0.197807981781583,-0.102830525990115,-0.0653982123337983,0.0374323136563169,0.137152270986489
-0.365060259060323,0.17062450907954,0.372428007722595,0.201803498643055,1.46711609101245
0.680266473931787,-0.518367818933145,-0.561698573471389,-0.0433307545382438,-0.119334906620221
-0.284650510368624,0.202577441669666,0.131210867842402,-0.0713665738272647,2.77286828654859
0.841085971315191,-0.496554906127439,-0.683229454360764,-0.186674548233325,0.973022196681765
-0.284650510368624,-0.033860859403769,0.0137030044657758,0.0475638638695448,0.870064031290481
2.93173943729941,-2.03320798776878,-2.0789647931958,-0.0457568054270254,0.996670066586379
0.278217730473283,-0.241227819513573,-0.133921853099941,0.107305966413632,2.17200774783145
0.76067622262349,-0.622995728153574,-0.75573069643222,-0.132734968278646,-1.65589747312798
-0.365060259060323,0.26770945129083,0.00421335303941306,-0.263496098251417,0.721458199678377
-0.525879756443727,0.367365532979777,0.336969552020684,-0.030395980959093,2.45218305866779
-0.606289505135426,0.34521388178991,0.219489625301669,-0.125724256488241,-1.83534724233413
1.00190546869859,-0.715061551851746,-1.00068741988933,-0.285625868037584,-0.35494376904573
-0.84751875121053,0.350551899658961,0.350919688077618,0.000367788418656423,-0.81841560738111
-0.525879756443727,0.286736687817371,0.381240132282488,0.0945034444651176,0.0767039066966013
-0.365060259060323,0.239893066002242,0.140499771790183,-0.0993932942120587,0.745032410562644
-0.686699253827128,0.360585745712638,0.185837948092849,-0.174747797619788,-0.185199755977733
0.680266473931787,-0.35111025600469,-0.414575255612083,-0.0634649996073927,1.5419231745942
-1.41038699205244,1.08562578697705,0.741318441561342,-0.344307345415704,-0.876638220414629
-0.284650510368624,0.258821185666908,0.123373257556297,-0.135447928110611,0.563775963643067
1.7255932069239,-1.19073591181643,-1.04053096073684,0.150204951079591,1.23912285591858
1.966822452999,-1.01601948377497,-1.07056916203641,-0.0545496782614403,0.0544782576767926
-0.284650510368624,0.259664452214944,0.0430275071653665,-0.216636945049578,-0.974504665490413
-0.204240761676922,0.334085623357702,0.34048816419361,0.0064025408359078,1.32236275422795
1.3235444634654,-0.515128028338917,-0.423907658622809,0.0912203697161076,0.939912875642888
0.439037227856687,-0.126351435769195,-0.00415907908434535,0.12219235668485,0.595508707205491
0.278217730473283,-0.219281395690372,-0.342629235825277,-0.123347840134906,1.40343830112099
1.966822452999,-1.31086556689444,-1.43120829877772,-0.120342731883278,1.97308209507357
0.197807981781583,0.053800723429718,0.0926576149390995,0.0388568915093815,-0.658905152829124
0.599856725240088,-0.668054564155206,-0.871383710803126,-0.20332914664792,-1.61531591524977
-0.204240761676922,0.206668875207817,0.296459040165268,0.0897901649574513,-0.783988544244619
-0.525879756443727,0.174152110363317,0.191376428369402,0.0172243180060852,1.39173625284888
1.00190546869859,-0.844677548600583,-0.763307501366265,0.0813700472343181,1.52944642845354
-0.686699253827128,0.188229883966612,0.339797324305716,0.151567440339104,-1.64149920291052
-0.686699253827128,0.638079042605789,0.373221182142932,-0.264857860462857,-0.022995522652492
0.599856725240088,-0.654715620589899,-0.942353965359161,-0.287638344769262,-0.773933166738557
-0.365060259060323,0.320080226060641,0.0989947650693943,-0.221085460991246,0.982955098937803
-0.84751875121053,0.552295942387179,0.316745274109807,-0.235550668277372,0.75932739700791
0.599856725240088,-0.163983502762083,-0.0838066101919248,0.0801768925701583,1.93865670548143
-0.123831012985222,0.1491020831079,0.0752385299669206,-0.0738635531409799,-1.79305055215953
1.00190546869859,-0.483663979741194,-0.589217326291231,-0.105553346550037,1.51753655924684
-2.21448447896945,1.00595515825866,0.910213469506608,-0.0957416887520512,-0.323710454362678
-0.686699253827128,0.395438646430527,0.486457511584002,0.0910188651534747,0.445527964844048
-0.204240761676922,0.118678913484391,0.0111548690709661,-0.107524044413424,0.0987000692149778
0.599856725240088,-0.244983792470896,-0.0873189847674889,0.157664807703407,-2.22698306409852
-0.0434212642935202,0.07548881384833,-0.0453785939242806,-0.120867407772611,0.10440351069178
0.278217730473283,-0.0559819740090739,-0.0174148063770248,0.038567167632049,-0.925106522042876
-0.686699253827128,0.390981261115814,0.30886441335074,-0.082116847765074,0.264996495148801
-0.123831012985222,0.105988391541533,-0.0602844469014568,-0.16627283844299,-1.56969136609437
-0.686699253827128,0.17342627398675,0.449510876095448,0.276084602108698,-1.25288186013859
0.278217730473283,-0.221741281436831,-0.295514614551501,-0.0737733331146701,-1.9047153702429
0.599856725240088,-0.357601584933829,-0.386033547597948,-0.0284319626641184,0.860639737287965
1.2431347147737,-0.598985704759483,-0.562984563316593,0.0360011414428891,-0.457293586722236
1.966822452999,-1.25171452195667,-1.32891731951772,-0.0772027975610499,-0.626807177057116
2.93173943729941,-1.96429847810377,-1.90526933758478,0.059029140518992,-0.18301337771124
-0.284650510368624,0.0855464716041256,0.0252011827752925,-0.0603452888288332,1.42290404078547
1.00190546869859,-0.836788785659202,-1.21971416990796,-0.382925384248761,1.41589089442774
-0.606289505135426,0.575936824815155,0.467046762140963,-0.108890062674192,-0.829234925444914
0.76067622262349,-0.224161740666875,-0.00251490956507006,0.221646831101805,0.42555860533787
-2.29489422766115,1.5434670924325,1.53298633835286,-0.0104807540796461,-0.960670151689824
0.599856725240088,-0.338962912538587,-0.159530029633367,0.179432882905221,1.7434374591462
-0.365060259060323,0.315808831853577,-0.000213196604332555,-0.316022028457909,-0.0574262962497506
-0.284650510368624,0.0922625908290841,-0.14357144013329,-0.235834030962375,0.915192900887916
0.197807981781583,-0.144605340968841,-0.172701121099151,-0.0280957801303103,-0.329126963009638
-0.284650510368624,0.113124301404804,0.246062232750817,0.132937931346013,-2.73627099031451
-0.204240761676922,0.119122867899472,0.191171997606361,0.0720491297068886,1.08411607531078
-0.284650510368624,0.16584290946982,0.0898152445498105,-0.0760276649200099,0.821876614399951
0.439037227856687,-0.178579452639718,-0.137228876591719,0.041350576047999,0.675040049993349
-0.284650510368624,0.265373537390174,0.0243772024741036,-0.24099633491607,-1.13192204635446
0.278217730473283,-0.0127542617454151,-0.0470769173817006,-0.0343226556362855,-0.152831684773251
-0.204240761676922,0.176397797053385,0.235388590077821,0.0589907930244351,0.0286862780114962
0.76067622262349,-0.16798409333835,0.0318868257418168,0.199870919080167,-0.101226300873257
-0.686699253827128,0.32147536610657,0.395838363878327,0.0743629977717564,0.966800095161775
-0.525879756443727,0.586935727443106,0.31080923932683,-0.276126488116275,-0.444917964146844
-0.123831012985222,0.103646557435177,0.176221342926171,0.0725747854909939,0.2855556712534
0.680266473931787,-0.442563887014975,-0.368733857602747,0.0738300294122279,-0.236526357245605
0.76067622262349,-0.284672433520501,-0.0980609633666482,0.186611470153853,0.244691008580001
0.278217730473283,-0.385277861185483,-0.583361534235677,-0.198083673050195,-1.12891517975963
-0.123831012985222,-0.053660908353839,-0.219358326183171,-0.165697417829332,0.803036992685607
-0.123831012985222,0.0814718985651582,0.0952209844023052,0.013749085837147,-0.298024153129207
-0.686699253827128,0.518760838875109,0.476518947383034,-0.042241891492075,-1.13852621112098
0.278217730473283,-0.282821207648624,-0.318613531849083,-0.0357923242004581,0.835444028264038
1.7255932069239,-0.953476252278326,-0.976079605126418,-0.0226033528480911,-1.54858491910064
0.278217730473283,-0.23307009344923,-0.174140341303309,0.0589297521459216,0.779051052649514
0.841085971315191,-0.369950005265879,-0.471493649170551,-0.101543643904673,0.984803588633696
1.7255932069239,-1.15332291633813,-1.20407336276004,-0.0507504464219117,-0.514470526073112
0.278217730473283,-0.121603663191265,-0.329769119982901,-0.208165456791636,-1.70474748437267
-0.123831012985222,-0.0272408542549282,0.0422112766153431,0.0694521308702713,0.377016292417851
-0.365060259060323,0.133008749329646,0.236032921551662,0.103024172222016,-1.15733251597062
0.680266473931787,-0.568218710219393,-0.509446936773453,0.0587717734459403,0.829633230940444
0.680266473931787,-0.678284870552441,-1.1598930090164,-0.481608138463961,0.347789781177672
0.197807981781583,-0.134443403073309,-0.383750791593381,-0.249307388520072,-1.03197727344271
-1.41038699205244,0.839413367617129,0.839474988360203,6.16207430740312e-05,0.430875486518151
-1.00833824859393,0.474131673649004,0.657022466853902,0.182890793204897,-1.39224319712225
1.3235444634654,-0.550228373533216,-0.44628448776502,0.103943885768197,-0.504450508326905
0.278217730473283,-0.28702952286929,-0.481836209316376,-0.194806686447086,-0.321521366835413
0.197807981781583,-0.0803364194342518,-0.179456449756402,-0.0991200303221498,-0.940456733191281
0.599856725240088,-0.555022575713089,-0.566282362929587,-0.0112597872164981,-1.14672393974827
0.278217730473283,-0.0736942989654294,0.227311346113198,0.301005645078627,2.93245715961337
0.278217730473283,-0.11160834933548,-0.018382124201143,0.0932262251343371,-1.20283059182197
-0.606289505135426,0.373195300293176,0.32234184564521,-0.0508534546479655,-0.107106971473639
-1.32997724336074,1.20632528818983,1.02757758843666,-0.178747699753164,0.452120488775293
-0.525879756443727,0.246569503172463,0.129376518127085,-0.117192985045378,1.22536917170812
-0.284650510368624,0.301204272456473,0.409270300483848,0.108066028027376,1.02764111645294
-0.365060259060323,0.19264692500538,0.369873971786246,0.177227046780866,0.247565611027696
1.00190546869859,-0.26691563815035,-0.105762727813292,0.161152910337058,-0.732197546663126
-0.525879756443727,0.464905496374181,0.176771430152139,-0.288134066222042,0.920750474892098
-1.49079674074414,0.486739796420193,0.499120961266794,0.012381164846601,2.42715842475164
0.278217730473283,-0.242535967563024,-0.380345972856316,-0.137810005293292,-0.561771388022395
0.197807981781583,-0.356505602572509,-0.581840538314486,-0.225334935741978,-0.138432844123596
-1.00833824859393,0.529364941442253,0.446638555732141,-0.0827263857101121,1.41311855542308
-0.525879756443727,0.164803031038454,0.292321871111553,0.127518840073099,-1.914477812177
0.197807981781583,0.150530994123277,0.063976100275347,-0.08655489384793,-0.619139968897685
-1.00833824859393,0.711976227564326,0.49247194612318,-0.219504281441147,-1.76346112168465
-0.204240761676922,0.126605779230672,-0.02584513462959,-0.152450913860262,-0.732148398451309
-1.49079674074414,0.650108298646699,0.673449854640735,0.0233415559940361,-1.30416406842972
-1.32997724336074,0.46311000107796,0.575229117352916,0.112119116274956,-0.718099830680418
-0.204240761676922,0.092087030586051,0.175762192551279,0.0836751619652282,0.951811271609696
0.278217730473283,-0.0909588447250771,-0.101678997090117,-0.0107201523650397,-1.89009011940283
-2.21448447896945,0.895271785297874,1.04541188365321,0.150140098355338,1.99551476410799
1.8864127043073,-0.983078658106463,-0.890680803711712,0.0923978543947511,-1.61121906797635
0.680266473931787,-0.364430673997023,-0.487516920624094,-0.123086246627071,3.40258546894255
0.76067622262349,-0.548030617943693,-0.570587756308445,-0.0225571383647516,1.88645610043501
-0.84751875121053,0.919640966482148,0.525478080740244,-0.394162885741904,2.2828985770755
-0.284650510368624,0.318068123033447,0.166629292436631,-0.151438830596816,0.0313283243511777
-0.123831012985222,-0.0359679858209422,0.0623269576720138,0.098294943492956,-0.178457386853227
-0.0434212642935202,0.0560065562958031,0.150171910347131,0.0941653540513277,-1.70573262643862
-0.204240761676922,0.00804789403762178,0.146131258313621,0.138083364276,0.825852014944487
0.680266473931787,-0.474517970568086,-0.399653347881766,0.0748646226863197,0.495544517454054
-0.204240761676922,0.131397137820452,0.0767646758353932,-0.0546324619850585,-2.38844520763853
0.197807981781583,-0.173393544464362,-0.191657705739419,-0.0182641612750565,0.0879807921357143
1.966822452999,-1.37939546375023,-1.56996459016564,-0.190569126415407,-0.408977021679125
0.197807981781583,-0.156059525847622,-0.340420388448041,-0.184360862600419,0.33704821385116
-0.123831012985222,-0.017909593144752,-0.331161270287997,-0.313251677143245,-0.0910423000196126
0.599856725240088,-0.226710159247473,-0.458822388829311,-0.232112229581838,0.392185981892297
0.76067622262349,-0.305054753003967,-0.343115771101465,-0.0380610180974975,-0.0512210501911357
-0.525879756443727,0.290244281971243,0.307134009691044,0.0168897277198009,-0.928379039415057
-0.525879756443727,0.388936756752746,0.43882283282726,0.0498860760745136,-1.04931211134906
0.278217730473283,-0.134723009223592,-0.0756120508437504,0.0591109583798418,-1.62881869509985
-0.525879756443727,0.37204179282223,-0.0970638234650649,-0.469105616287295,-0.144359380931291
-0.606289505135426,0.424739520787781,0.0950192709824337,-0.329720249805348,-0.956455588730038
0.439037227856687,-0.307155094116022,-0.521675980918611,-0.21452088680259,-0.512685161423212
-0.284650510368624,0.131999273867921,0.0516423803397745,-0.0803568935281468,1.33120787232556
0.278217730473283,-0.294321308972762,-0.446186933106892,-0.15186562413413,0.146348384827305
-0.365060259060323,0.226720448297888,0.188591644547032,-0.0381288037508567,1.14194528044812
-0.204240761676922,0.084358033382274,0.0608760855663298,-0.0234819478159442,1.10901846584301
0.278217730473283,-0.327724537078391,-0.347775796580558,-0.0200512595021674,-0.691251843597495
1.7255932069239,-0.863526423303871,-0.929763626158008,-0.0662372028541375,0.469827973275883
0.197807981781583,-0.248382318782801,-0.121008332085464,0.127373986697337,1.29855626823578
1.3235444634654,-0.934877311569139,-0.990105159572325,-0.0552278480031855,-0.784950933587996
-0.284650510368624,0.154411777592809,0.114769117783912,-0.0396426598088969,0.583685588981307
0.841085971315191,-0.424390308518612,-0.551814310256251,-0.12742400173764,-1.90779912089078
0.841085971315191,-0.546636403665209,-0.630233009303781,-0.0835966056385719,-0.335925325438772
0.680266473931787,-0.316058882437197,-0.136701248581613,0.179357633855584,-0.110573764660049
0.278217730473283,-0.386864534146699,-0.635672363190029,-0.24880782904333,-0.992468896561887
0.197807981781583,-0.169110913478637,0.00739282952881598,0.176503743007453,0.272705931310378
1.966822452999,-0.962585476758877,-0.929331468836762,0.0332540079221149,-1.75791765138065
-1.49079674074414,0.941951952638842,0.74802318647396,-0.193928766164882,0.226598641523896
-0.686699253827128,0.499777698709439,0.521448113247444,0.021670414538005,0.802167248293651
0.599856725240088,-0.502904290918409,-0.708229345048904,-0.205325054130495,-1.94916060689802
-0.0434212642935202,0.0388952559568298,0.308740782441633,0.269845526484803,-0.949775357152909
-0.525879756443727,0.422010563696229,0.192397995626707,-0.229612568069522,-0.909051154269426
-1.41038699205244,0.529381623497923,0.706269855770985,0.176888232273062,0.499452840016305
0.278217730473283,-0.265127217153416,-0.380062230835224,-0.114935013681807,-1.58558975864055
-1.32997724336074,0.824398691044397,0.812235761276288,-0.0121629297681092,0.372499164345017
-0.123831012985222,-0.0344356639392204,0.00111652077164402,0.0355521847108644,-1.1623894290443
-0.123831012985222,-0.0198123978809785,0.0971945067652776,0.117006904646256,-1.96154466560328
0.197807981781583,-0.091300505600633,-0.174931674737665,-0.0836311691370325,-0.16410878586149
-0.284650510368624,-0.0789343437151017,-0.145263457807027,-0.0663291140919255,-1.64101182089099
-0.365060259060323,0.205866543828406,0.445373041948425,0.239506498120018,1.13186582178645
-0.365060259060323,0.121064195745019,0.0434607021216609,-0.077603493623358,0.0761226371911103
1.2431347147737,-0.735895104155827,-0.754228076945599,-0.0183329727897724,1.04905796899319
0.278217730473283,-0.0929789798861861,-0.34496368223806,-0.251984702351874,0.622526420033293
0.439037227856687,-0.185726039768673,-0.343406476036447,-0.157680436267773,-0.711333092766992
-2.29489422766115,1.08455885979141,0.986938436258426,-0.0976204235329795,0.540339661725705
-0.525879756443727,0.388364573790592,0.421012223003145,0.0326476492125527,0.204500020769039
-0.284650510368624,0.169362321148218,0.146258116236067,-0.0231042049121511,1.33544659384082
0.680266473931787,-0.197265606002295,-0.394080164257903,-0.196814558255608,-1.38383201254561
1.00190546869859,-0.751017291834468,-0.89005794160087,-0.139040649766401,-0.768914825622195
-0.606289505135426,0.489646575421595,0.835763815898122,0.346117240476527,0.524846262020369
-0.204240761676922,0.0514142387783357,0.162912053490356,0.11149781471202,1.29082082913939
-0.0434212642935202,0.0580509164601612,0.0888574046497227,0.0308064881895615,0.573767803432133
0.197807981781583,-0.161905559908416,-0.182945805995426,-0.0210402460870097,-1.2119432897533
1.3235444634654,-1.06997605613475,-1.41077966738093,-0.340803611246177,0.634953026988625
0.841085971315191,-0.469804655933095,-0.601063778225286,-0.131259122292191,-1.86583816663448
-0.365060259060323,0.367454123459576,0.334010031083601,-0.0334440923759747,0.419323220696035
-1.32997724336074,0.986971571264384,0.878704614506868,-0.108266956757516,1.54842977603824
-0.84751875121053,0.694261288900718,0.437221053525119,-0.257040235375598,0.59467777086376
0.278217730473283,-0.106545519746935,0.098026819953177,0.204572339700112,-0.700273566549235
-1.49079674074414,0.438116008243632,0.635146889676089,0.197030881432457,0.381141738898773
-0.606289505135426,0.453085726842073,0.324620729526856,-0.128464997315217,-0.600775358605695
1.3235444634654,-0.774127139564826,-0.835529627523424,-0.0614024879585986,-2.1341694106948
-0.84751875121053,0.614967937935825,0.501488555685698,-0.113479382250127,1.21607855548251
-1.32997724336074,0.752472904056551,0.800043980698366,0.0475710766418151,-0.25156995681551
0.278217730473283,-0.0790448934642911,-0.0525490616191763,0.0264958318451148,-0.102862247724987
-0.123831012985222,0.143116363296349,0.103742744921918,-0.0393736183744311,0.638925577701665
-0.204240761676922,0.206493589353913,0.502878840063453,0.29638525070954,-0.881125883810783
0.76067622262349,-0.474665344941335,-0.596740295127765,-0.12207495018643,0.337527505538444
-0.365060259060323,0.246874370231463,0.0815741067693038,-0.165300263462159,1.17246559276728
0.197807981781583,-0.138829983448577,-0.192545480996976,-0.0537154975483984,0.0258283817387354
0.197807981781583,-0.273587782095927,-0.519346911819565,-0.245759129723638,-0.858580445300745
-0.525879756443727,0.354906450051888,0.231377876351996,-0.123528573699893,-1.31360819907844
0.680266473931787,-0.231392540677564,-0.153078400330191,0.0783141403473725,-2.15392027511246
1.8864127043073,-1.00976996802837,-1.18782967582726,-0.178059707798894,0.664257017608248
-0.84751875121053,0.314114340740724,0.484232038656343,0.170117697915619,1.30024810666518
-0.123831012985222,0.0584783582610597,-0.112386798049867,-0.170865156310926,0.673098048991549
0.197807981781583,-0.0986677904394406,-0.0829585491616372,0.0157092412778034,-0.778726220521069
-0.365060259060323,0.299318107853435,0.187162541538803,-0.112155566314632,-0.0366634364653533
-0.123831012985222,0.214594710143984,0.159969188375455,-0.0546255217685295,-0.184587332288004
-0.686699253827128,0.398329157922051,0.197713564510114,-0.200615593411937,0.614626068386905
-1.32997724336074,0.490808869044248,0.679379554884604,0.188570685840356,-0.56855407610614
0.278217730473283,-0.209776807441895,-0.397678979762957,-0.187902172321062,0.809165841981631
-0.686699253827128,0.263181057423264,0.367131609936965,0.103950552513702,1.13467927382927
-0.123831012985222,0.211462666863646,0.256347209613998,0.0448845427503519,-1.35250923865713
-0.123831012985222,0.0391967371246964,0.00857961103270706,-0.0306171260919894,0.590845119569196
-0.204240761676922,-0.0791514600610282,0.00151063714632881,0.080662097207357,-0.773310812806172
1.3235444634654,-0.421063077203863,-0.378075198974407,0.0429878782294556,2.26011555434391
-0.606289505135426,0.398156931128018,0.396279303157101,-0.0018776279709169,1.5905729365559
0.278217730473283,-0.218799999234139,-0.390986710876539,-0.1721867116424,-0.296199302906513
-0.0434212642935202,-0.0190748242558275,0.0279409139100019,0.0470157381658294,-0.523846140980566
-2.29489422766115,1.487639515535,1.42744978284432,-0.0601897326906771,1.28698957481644
-0.284650510368624,0.0519808534675897,-0.242939681460789,-0.294920534928378,1.68646450128907
0.76067622262349,-0.587267109823358,-0.667943456809412,-0.0806763469860542,-0.718875235580024
0.278217730473283,-0.0621440936380791,-0.148765743276665,-0.0866216496385861,0.536923902236692
-0.365060259060323,0.403104630018145,0.312824721971781,-0.0902799080463642,0.0120631340475251
-0.0434212642935202,-0.0131564462084132,-0.045674852162565,-0.0325184059541518,0.989919155404684
1.3235444634654,-0.862667238534094,-0.773118955737832,0.0895482827962617,0.730115151246263
-0.84751875121053,0.594170075760376,0.341071807036246,-0.25309826872413,0.972524968503693
-0.204240761676922,0.221253573770444,0.179117014626362,-0.0421365591440818,0.581620212177617
-0.0434212642935202,-0.14239555236109,-0.497710305778115,-0.355314753417025,1.20478302250619
-1.41038699205244,1.00681896531162,0.816717258947763,-0.19010170636386,0.605520462997925
-0.686699253827128,0.277602737467523,0.367408063626179,0.0898053261586561,-0.244240071426998
-0.284650510368624,0.0146446354882785,-0.059951136902369,-0.0745957723906475,-0.730733847477931
-1.00833824859393,0.612390061796747,0.709899103661466,0.0975090418647191,0.836791430951579
-1.41038699205244,1.18174153007641,0.932920855871059,-0.248820674205351,0.409281460797762
0.680266473931787,-0.547870487703266,-0.521873952251284,0.0259965354519817,-1.11734818024729
-0.204240761676922,0.106168771348785,0.110483257844913,0.00431448649612795,-0.452223493130658
1.3235444634654,-0.812161676167605,-0.916797775973336,-0.104636099805732,0.639338474544337
1.7255932069239,-0.6404634969823,-0.767703071156218,-0.127239574173918,0.0943712043477926
1.2431347147737,-0.700388846173408,-0.777089203449126,-0.0767003572757177,0.0786765922389201
1.8864127043073,-0.981351769571156,-1.00612670171894,-0.0247749321477796,-1.18116555822159
-0.123831012985222,0.118543071755605,0.0701690557665978,-0.0483740159890068,0.590656508422728
-0.606289505135426,0.150054715162599,0.201475316374797,0.0514206012121972,-0.592819441650909
0.76067622262349,-0.599689388915221,-0.681687734901019,-0.0819983459857984,1.29628816558151
-1.49079674074414,1.40185967205668,1.08343624414445,-0.318423427912229,-2.26794607311289
0.680266473931787,-0.472336172535959,-0.59072435572241,-0.118388183186451,1.40297118190666
-2.21448447896945,0.608034188479642,0.903622832321091,0.295588643841448,0.646650047923426
-1.00833824859393,0.831303636132285,0.659007905128356,-0.172295731003929,0.957026224587134
-1.41038699205244,0.844737654621465,0.572095105226356,-0.272642549395109,-1.5919307318573
-0.284650510368624,0.201068854413941,-0.148772965367582,-0.349841819781523,0.864262328168868
-0.606289505135426,0.36380704194534,0.472215113859917,0.108408071914577,2.66735402673065
-0.606289505135426,0.320545911334497,0.203925261120942,-0.116620650213556,-0.733229572821069
-0.204240761676922,0.159645611777699,0.0281233047425434,-0.131522307035155,0.322986288830622
0.197807981781583,-0.0564510828768522,0.000789362164931529,0.0572404450417837,1.96921463604311
-0.365060259060323,-0.0197131509338765,0.221861665004064,0.24157481593794,-0.329363915373648
0.197807981781583,-0.131577481450661,-0.110639948594253,0.0209375328564079,-1.47736228639069
-1.32997724336074,1.116240009571,1.00717343314469,-0.109066576426313,-1.12054956467124
-0.686699253827128,0.408187813262718,0.17379883695924,-0.234388976303478,-0.272958868401972
0.278217730473283,-0.227645414863934,-0.393511070927871,-0.165865656063937,-1.09835409456881
0.599856725240088,-0.312431407719114,-0.342287775840874,-0.02985636812176,-2.82601157993557
-2.21448447896945,1.26317065287053,1.23363458606103,-0.0295360668094982,0.542423912742751
0.599856725240088,-0.266662085479523,-0.313819670260605,-0.0471575847810823,-1.4661920315039
1.3235444634654,-1.02251167699388,-1.22494320711849,-0.202431530124613,0.93836474946328
-0.365060259060323,0.28647418566019,0.118710485283927,-0.167763700376263,-0.881841851961374
0.680266473931787,-0.462932996743527,-0.416331799561076,0.046601197182451,0.994721102406471
-1.00833824859393,0.816006299096884,0.737690707131718,-0.0783155919651661,2.29003014197493
0.278217730473283,-0.214209613278945,-0.150075391415702,0.0641342218632429,1.01375187340342
0.278217730473283,-0.0721645179799483,-0.0862982484188176,-0.0141337304388693,0.149077547727577
-0.284650510368624,0.216466241641612,0.108199108051476,-0.108267133590136,0.147303629522463
2.93173943729941,-1.49897252625595,-1.62795662200279,-0.12898409574684,-1.7521267972023
-0.606289505135426,0.508457558166921,0.281895208798951,-0.22656234936797,2.51275248192993
-2.29489422766115,1.76473197929919,1.42540510671246,-0.339326872586732,-1.68823231683694
-0.123831012985222,0.0400476347724117,-0.184599853224856,-0.224647487997268,-0.357206870814586
-0.686699253827128,0.326376684142938,0.137952198449761,-0.188424485693177,-0.373938029794515
-0.606289505135426,0.277490596198472,0.174208165306752,-0.10328243089172,0.249425605027046
-0.525879756443727,0.33843624033544,0.151687642110849,-0.186748598224591,1.21081408216025
-0.284650510368624,0.0954347877243144,0.350176211936376,0.254741424212062,-1.50079609682795
-2.29489422766115,1.84503393215393,1.60199837739248,-0.243035554761445,1.61068747421127
1.7255932069239,-1.19209826430159,-1.13569403464418,0.0564042296574194,0.0975912099899432
0.599856725240088,0.0357673480101728,0.0261638553218302,-0.0096034926883426,0.631934442841592
-0.365060259060323,0.127192478611993,0.176374930605808,0.0491824519938157,-0.0586253473077213
0.599856725240088,-0.406473955901762,-0.541386843790251,-0.134912887888489,-0.442077816910052
0.278217730473283,-0.389677922904233,-0.530878830505912,-0.141200907601679,0.70703079128473
-1.00833824859393,0.49507030072231,0.393970915395451,-0.101099385326859,-1.59124345715189
-0.284650510368624,0.0429188583805439,-0.067886604109717,-0.110805462490261,-0.40036199187933
1.7255932069239,-1.17122451442715,-1.24245870304786,-0.0712341886207093,-0.335651716414998
-0.84751875121053,0.431135214609688,0.564569556257958,0.13343434164827,-1.07381632329146
-0.606289505135426,0.0431092829843972,0.224177874876249,0.181068591891852,0.666282774914612
-0.123831012985222,-0.0357150346594935,-0.101979623126156,-0.0662645884666622,0.140378250702855
-0.525879756443727,0.270946334393614,0.185613924787724,-0.0853324096058896,-1.66073027394199
-0.204240761676922,0.223836147764748,0.245178993662578,0.0213428458978299,-0.375202706332505
0.680266473931787,-0.32158662295139,-0.147707357486979,0.173879265464411,0.308587216819978
0.197807981781583,-0.170232473243734,-0.136278954948096,0.0339535182956372,-0.652552715691998
-0.365060259060323,0.351670485662711,0.0552543051900855,-0.296416180472625,-0.381343279504605
0.278217730473283,-0.163097907109264,-0.398760933313964,-0.2356630262047,0.489291735721878
-0.284650510368624,0.242634274046964,0.106496863288775,-0.136137410758188,1.84414389062342
1.8864127043073,-1.35234292059293,-1.67803523763662,-0.325692317043692,0.732984575597938
-0.284650510368624,0.200018479322329,0.127371026191402,-0.0726474531309273,1.08120760245565
-0.123831012985222,-0.0463202244953589,0.0705910372392346,0.116911261734594,0.520368743600798
-1.49079674074414,0.829595388573076,0.77830734183305,-0.0512880467400253,2.10613277920289
1.2431347147737,-0.958027596392184,-1.02812407768597,-0.0700964812937814,0.336186954490135
0.197807981781583,0.0222191278472179,0.260636026117966,0.238416898270748,-1.50078852906544
-2.21448447896945,1.43964534667315,1.3124342966567,-0.127211050016445,0.890926504271646
-0.686699253827128,0.505447006747367,0.287501955811801,-0.217945050935566,0.0706198070168106
0.278217730473283,-0.395430315676451,-0.512210029087407,-0.116779713410955,-0.235254289359868
-1.00833824859393,0.664746647689294,0.311563521801809,-0.353183125887486,-0.948005509429688
-0.123831012985222,-0.0143162120107149,-0.112892421086694,-0.0985762090759788,1.6073413019005
2.93173943729941,-0.68665333153462,-0.407560010213036,0.279093321321584,1.33710040191459
-0.525879756443727,0.539221749800108,0.326230332198867,-0.212991417601241,0.279690984364173
-0.686699253827128,0.463634283373617,0.202437984090358,-0.261196299283259,-0.408948013910258
-0.606289505135426,0.425899655125478,0.224909103509876,-0.200990551615601,-0.548180959269528
0.278217730473283,-0.271320171717362,-0.604880508544268,-0.333560336826906,-1.48656217590523
-1.00833824859393,0.662002676715413,0.697814627533541,0.0358119508181286,1.0860351022697
-0.365060259060323,0.257187186950503,0.0996901124849685,-0.157497074465534,0.135726968735026
-0.284650510368624,-0.0140271485917716,0.105522354442771,0.119549503034543,0.148229672275936
1.2431347147737,-0.573025322451174,-0.633092027181478,-0.060066704730304,3.32814536420971
0.680266473931787,-0.571737725795772,-0.645393751968637,-0.0736560261728648,-1.71707178062997
-0.84751875121053,0.616439280032168,0.744171545816075,0.127732265783908,1.10568278097757
-0.123831012985222,0.147658943365603,0.147929805717658,0.00027086235205509,1.41482304513524
0.278217730473283,-0.0953253912575275,0.0489048634202427,0.14423025467777,-0.62689220030103
-0.0434212642935202,0.065329429912253,0.131006228623528,0.065676798711275,-0.045011629371071
1.3235444634654,-1.03571734150455,-0.97228963060989,0.0634277108946637,0.706325392173975
-0.365060259060323,0.301660633911861,0.129209154458347,-0.172451479453514,-0.230746854672744
0.278217730473283,-0.267755264782905,-0.470676235495115,-0.20292097071221,-2.09508127996717
-0.686699253827128,0.449488563191957,0.520147922988262,0.0706593597963054,-1.41007089724227
-0.204240761676922,0.0353680661626129,0.045578178205634,0.0102101120430211,-1.36274814201079
-0.686699253827128,0.300582832614202,0.31688289726783,0.0163000646536281,1.76257014208217
-0.606289505135426,0.342271111223245,0.123628862295751,-0.218642248927494,1.45763499034733
-1.32997724336074,0.615940328039927,0.653267873227932,0.0373275451880054,1.38895224029647
-0.606289505135426,0.243230139815013,0.1023140591388,-0.140916080676213,0.575029183457777
-0.84751875121053,0.493973632371719,0.415455862007952,-0.0785177703637661,0.628489609307097
-0.525879756443727,0.494255598442459,0.195249649464485,-0.299005948977975,-0.129177296784116
-2.29489422766115,1.21249371364667,1.30817339570276,0.0956796820560892,-3.78952085316529
2.93173943729941,-1.71206366522184,-1.73829299864249,-0.0262293334206447,-0.0463462220487569
-1.00833824859393,0.614532159101703,0.640529179150356,0.025997020048653,-3.2338488478892
-0.284650510368624,0.0141817580469817,-0.203298745033288,-0.21748050308027,0.100399869408121
-1.00833824859393,0.705477755234452,0.68774494817623,-0.0177328070582227,-0.0814696313289623
-0.84751875121053,0.722635889914517,0.59433920226822,-0.128296687646297,0.234877697939036
-2.21448447896945,0.94020938292476,1.14387900135587,0.203669618431113,-1.84356948674125
1.3235444634654,-0.705654055954724,-0.640769644967225,0.0648844109874983,-0.798246494268079
-0.284650510368624,0.187489635965715,0.181022817123914,-0.00646681884180031,0.363701246268019
-2.21448447896945,0.965215293905088,0.998147950588313,0.032932656683225,-0.361064174179997
-0.284650510368624,0.297374263429672,0.232126851752457,-0.0652474116772147,-1.33307043528833
0.599856725240088,-0.22670164618934,-0.153885307667121,0.0728163385222192,0.443427905017942
0.599856725240088,-0.446922234270403,-0.751266186477703,-0.3043439522073,-0.782494937278243
1.2431347147737,-0.863670979193038,-1.10864267485665,-0.244971695663617,-2.99138095522654
0.278217730473283,-0.0257362549387308,-0.100798024157049,-0.0750617692183182,0.786124360225855
-1.41038699205244,0.489377783557633,0.314951550834794,-0.174426232722838,1.60654269058423
-0.686699253827128,0.200989332042247,0.410799126525223,0.209809794482976,0.622156300542148
1.966822452999,-1.44358442477599,-1.78487475114825,-0.34129032637226,0.193639743671675
-1.32997724336074,1.1143833066629,0.789923445991518,-0.324459860671386,-1.30664568062955
0.278217730473283,-0.0619272520769113,-0.276474523366363,-0.214547271289451,-0.567510677410197
-0.284650510368624,0.116851866507438,-0.0141463019001453,-0.130998168407583,-2.31521305593209
-0.84751875121053,0.609977036270454,0.444428269567375,-0.16554876670308,0.914230585412442
-0.365060259060323,0.272403793173875,0.0955447945724291,-0.176858998601446,1.24065141855258
-0.365060259060323,0.396924717235618,0.127228207613108,-0.26969650962251,-0.536303949399413
-0.284650510368624,0.158454627918058,0.351018467047122,0.192563839129064,-0.397550891188933
-0.606289505135426,0.354798180898852,0.186308195547653,-0.168489985351199,-0.159709624602076
-0.686699253827128,0.136168279583389,0.296632013956551,0.160463734373162,1.70222159396621
-0.0434212642935202,0.0346651864332857,-0.0247380208444393,-0.059403207277725,-0.991257619731955
0.841085971315191,-0.0797266838899979,-0.0202611143813101,0.0594655695086878,-1.3518668575683
0.197807981781583,0.0695193007417681,0.152614269268164,0.0830949685263962,0.518157712935378
-1.49079674074414,1.07870438303349,0.895048470472897,-0.183655912560597,-0.554939429649595
0.599856725240088,-0.27778171652566,-0.334498840755616,-0.0567171242299555,-1.02118815575618
0.599856725240088,-0.396512337821292,-0.603799148297506,-0.207286810476215,1.13831238227461
-0.365060259060323,0.231702452599477,0.108032697464008,-0.123669755135469,-1.08367359039372
-0.204240761676922,0.0927999906350301,0.195978217269673,0.103178226634643,-0.179465370225984
0.197807981781583,-0.129819464000702,-0.127276275128998,0.00254318887170402,0.544863236676832
-1.32997724336074,1.16447713692554,0.855558866400954,-0.308918270524589,-0.0372989562732648
0.197807981781583,-0.0194941004643817,-0.0787438894295041,-0.0592497889651224,0.8017215483443
-0.204240761676922,0.305839278952726,0.110593835090717,-0.195245443862009,-1.38114147578126
-2.21448447896945,1.89991945644304,1.8418411181307,-0.0580783383123444,-0.646579262410966
0.841085971315191,-0.497736584747991,-0.492848129939775,0.00488845480821665,3.10988030769349
-0.284650510368624,-0.10671985627338,-0.282916476712326,-0.176196620438947,0.9186286815866
1.00190546869859,-0.586183240698108,-0.814840351634965,-0.228657110936857,-0.287631394920532
0.278217730473283,-0.157157356103555,-0.461179728771239,-0.304022372667684,0.488437056431725
-0.123831012985222,0.0295445447810941,-0.168491408251782,-0.198035953032876,0.964176406740388
-0.123831012985222,0.0152502869062153,0.0451337244620582,0.0298834375558429,0.368620801122092
-0.284650510368624,0.279370282405934,0.318862565293771,0.0394922828878367,-0.0151298886554435
0.278217730473283,-0.117354102922247,-0.152332944644487,-0.0349788417222405,2.04831078345917
0.278217730473283,-0.0254650029754866,0.0742622479648178,0.0997272509403044,-1.18171074719406
-0.525879756443727,0.351282932493305,0.329869797936655,-0.0214131345566503,-0.694442007332774
0.439037227856687,-0.157070823111627,-0.171706872530782,-0.0146360494191553,-1.91145030379054
0.197807981781583,-0.1896311138529,-0.126127338612904,0.0635037752399962,0.83758350283853
-0.204240761676922,0.138694225812774,0.124928966123662,-0.0137652596891123,-0.0355641126371807
0.599856725240088,-0.337134200138872,-0.528140982615776,-0.191006782476904,0.157319580253756
-0.123831012985222,0.0651542131145195,-0.068997776326005,-0.134151989440525,-0.947358786934483
-0.686699253827128,0.562328934009383,0.45543320934335,-0.106895724666033,-0.0360405941807665
0.439037227856687,-0.107041780151602,0.0489603659921166,0.156002146143719,-1.33896609915384
-0.204240761676922,-0.0115243851171902,0.0567898372107268,0.068314222327917,-1.14560425811224
-1.00833824859393,0.711182093577645,0.480415648499644,-0.230766445078,0.957725349504006
-2.21448447896945,2.00835623300012,1.50466932056786,-0.503686912432265,0.25629433794007
-0.525879756443727,0.270056357135949,0.254285766993147,-0.0157705901428021,0.129438754054283
-0.204240761676922,0.176984255178039,0.192168265266664,0.015184010088625,0.449476371621127
-0.284650510368624,0.129697711728357,0.231328072715754,0.101630360987398,0.909760696181048
0.197807981781583,-0.0104803206906976,0.103451223063041,0.113931543753739,0.252952389609034
-0.686699253827128,0.391825780920825,0.436172151530506,0.0443463706096811,1.51692989311307
-2.29489422766115,1.40677004369013,1.1419107095945,-0.264859334095624,-1.23154057644694
-0.123831012985222,0.00358681716165482,-0.0570410486309476,-0.0606278657926024,-0.589107639084852
0.197807981781583,-0.150584604473783,-0.287974388321309,-0.137389783847526,-0.924738127787291
-1.41038699205244,1.0748815209042,0.892267479926921,-0.182614040977282,-0.873450828178628
1.8864127043073,-0.727581091590801,-0.82453811680498,-0.0969570252141791,1.37876181382982
0.278217730473283,-0.0830469126473413,-0.284741561444417,-0.201694648797076,0.390638057485654
1.7255932069239,-0.844359787473332,-0.690615167452366,0.153744620020966,-0.303263394433252
0.841085971315191,-0.377393341001317,-0.53764326510839,-0.160249924107073,0.534829800512225
-1.49079674074414,0.651070150011919,0.808834893277645,0.157764743265726,2.56194073431098
-0.84751875121053,0.662678886776517,0.582763835852784,-0.0799150509237334,0.713450613466472
-0.525879756443727,0.177899735666494,0.436579764609603,0.258680028943108,-1.04322438060683
0.278217730473283,-0.14298733947007,-0.274627896848871,-0.131640557378801,0.0184135432109753
-0.204240761676922,0.231790849811578,0.360424464484566,0.128633614672988,-0.337420503969524
0.278217730473283,-0.170063622781963,-0.262280974855012,-0.0922173520730485,1.15894226372955
-0.284650510368624,0.0971185074395423,0.282855779763164,0.185737272323622,-0.327176741270202
1.7255932069239,-1.23953243952402,-1.31529690064248,-0.0757644611184594,-1.38640578306453
1.3235444634654,-0.834456083427629,-0.783920686318547,0.0505353971090816,-1.61666121329098
0.197807981781583,-0.2122060716857,-0.241800260098259,-0.0295941884125591,-0.67306197243035
-0.686699253827128,0.529229066804311,0.213548330776516,-0.315680736027795,-3.13169196389754
-0.284650510368624,0.0790250416154158,-0.0542661558043203,-0.133291197419736,1.39893143305834
0.197807981781583,-0.100811711572576,-0.0236738413903955,0.0771378701821802,-1.62727698103098
0.680266473931787,-0.586188065964727,-0.621746908690221,-0.0355588427254945,-0.931160006115386
-0.123831012985222,0.0205456561697951,-0.244643700624832,-0.265189356794627,-1.0594091675998
-0.0434212642935202,0.204614915792228,0.117237425742784,-0.087377490049444,-1.85961934830662
0.278217730473283,-0.215748801251582,-0.275626403593202,-0.05987760234162,-0.90049749970392
0.278217730473283,-0.0580189277400848,-0.138985828379138,-0.0809669006390537,0.670866395302973
-2.21448447896945,0.781631490501121,0.94006540894413,0.158433918443009,0.717867834505155
-0.204240761676922,-0.0613441281608815,0.0225038337428729,0.0838479619037544,-0.265170169656547
0.841085971315191,-0.477988128289165,-0.323647125852449,0.154341002436717,0.0644125971942381
-1.32997724336074,0.992975829603162,0.848177531222408,-0.144798298380754,0.755456940671662
1.3235444634654,-0.6781453287781,-0.813210336384468,-0.135065007606369,-0.739763984355816
-0.686699253827128,0.536897189484857,0.228585607388776,-0.308311582096081,-1.15572845213718
1.966822452999,-1.49330587509586,-1.7842493526683,-0.290943477572442,-1.62986167795591
1.3235444634654,-0.43388368210158,-0.298395561346866,0.135488120754714,-1.04591173631868
0.278217730473283,-0.1059022023648,-0.175893393657353,-0.0699911912925533,0.760221882465227
-2.21448447896945,1.88722753885829,1.39165032165636,-0.495577217201937,-1.15953130099324
-0.525879756443727,0.401190256465665,0.0239642725567851,-0.37722598390888,1.51615565377287
0.841085971315191,-0.382241102596441,-0.335785130435275,0.0464559721611664,-0.277780607023248
1.3235444634654,-0.73619983611474,-0.837021567243834,-0.100821731129094,0.109168974690209
-1.41038699205244,0.964150702278509,0.703137068635948,-0.26101363364256,2.20136412927891
1.8864127043073,-1.13545655982485,-0.987992459358951,0.147464100465899,-1.10458915459739
-1.49079674074414,0.929389315758822,0.758808428541877,-0.170580887216945,-1.04278291919843
-0.365060259060323,0.0449924402502276,0.0798359324379312,0.0348434921877036,0.370962229383995
-0.123831012985222,0.222632086946034,0.160780605582438,-0.0618514813635956,-0.469663446744298
-0.525879756443727,0.348920104070209,0.19846884954935,-0.150451254520858,-1.0432633404278
-0.84751875121053,0.525263633666544,0.591440352495037,0.0661767188284931,0.324838370769665
0.680266473931787,-0.336954377282577,-0.409027061771254,-0.0720726844886761,-0.516112386467897
-0.284650510368624,-0.0267138332513249,0.15192517306393,0.178639006315254,-1.05532518958739
-0.284650510368624,0.107827748123257,0.181449854563196,0.0736221064399394,-0.407808148278116
0.197807981781583,-0.0487118334780359,0.0955721260250941,0.14428395950313,-1.15982075261041
-1.41038699205244,0.619424893113271,0.770495196411209,0.151070303297937,0.094452273135952
0.680266473931787,-0.239289249127385,-0.0760020125646401,0.163287236562745,1.76123692443933
0.599856725240088,-0.365711036428579,-0.543982155218777,-0.178271118790198,-1.05772329018013
-0.204240761676922,0.0271563032170009,0.183004859271422,0.155848556054421,1.01588008838799
1.2431347147737,-0.81385258344092,-0.788781541594295,0.0250710418466243,-0.533608805138974
-1.41038699205244,0.472054405400951,0.662741437833426,0.190687032432475,0.512965177660219
-2.29489422766115,1.02115055444069,1.03913540245254,0.0179848480118447,-1.12593659941117
-0.284650510368624,0.241910611184462,0.0961726337485031,-0.145737977435959,-0.493585289022575
-0.84751875121053,0.531327528485529,0.28969248562026,-0.241635042865269,0.824930039523316
0.278217730473283,0.131082887506561,0.0790705479020529,-0.0520123396045077,0.65423259467875
-0.525879756443727,0.540074857987177,0.294079005204391,-0.245995852782786,-3.07233609920619
0.76067622262349,-0.565005516730275,-0.831852410587536,-0.266846893857262,0.559057170607644
0.680266473931787,-0.366956468674527,-0.0746192940004075,0.292337174674119,-1.66451470741119
-0.204240761676922,0.23188419392781,-0.125141612592063,-0.357025806519873,0.906235999854481
1.8864127043073,-0.709588807359229,-0.776498064496101,-0.066909257136872,-0.0252991458795891
0.278217730473283,-0.160652363481473,-0.334933739408841,-0.174281375927368,-1.725544892094
-0.0434212642935202,0.00987760310507319,0.102319314514529,0.0924417114094556,-0.504548118560705
2.93173943729941,-2.81368555622281,-3.05881226809118,-0.245126711868363,-0.819313809887436
-0.365060259060323,0.260457011295302,0.305445719386834,0.0449887080915314,1.05847948155578
-2.29489422766115,0.999527355067728,1.08585100796659,0.0863236528988616,1.2585491579142
-2.29489422766115,0.773863680350848,0.719613360294965,-0.0542503200558825,-0.521828671662711
0.841085971315191,-0.397621544826493,-0.456269298129877,-0.0586477533033843,-0.887459215781912
-0.606289505135426,0.28082104827079,0.0943144592107563,-0.186506589060034,-0.851770173843903
-1.49079674074414,0.996336097996918,0.82613423017258,-0.170201867824338,0.478751186347658
0.197807981781583,-0.159053679588137,-0.285106185847242,-0.126052506259105,-0.888086000141762
-1.49079674074414,0.953719649105415,0.967084334830957,0.0133646857255425,-2.19571151003771
-0.204240761676922,0.0173568970379109,-0.164417589023111,-0.181774486061022,0.124840690508904
-0.204240761676922,0.12936867667357,0.383647931871982,0.254279255198413,-0.334390568045172
2.93173943729941,-1.08971347100369,-0.940591231717458,0.149122239286227,-1.00113646194325
0.76067622262349,-0.397567804278693,-0.334624265941552,0.0629435383371404,-0.427045696895485
0.197807981781583,-0.191950761717312,-0.390052742968042,-0.19810198125073,0.967149337357224
-0.284650510368624,0.184790026691736,0.328319798674034,0.143529771982297,-2.73646865007147
-0.525879756443727,0.323782792485231,0.23442280606899,-0.0893599864162408,1.43328148307076
2.93173943729941,-2.1506538315078,-2.24866748382348,-0.0980136523156863,0.731214121281314
-0.0434212642935202,0.0777556178972721,0.0290306124961385,-0.0487250054011336,-0.499459808476329
-0.123831012985222,0.12278316771339,0.0875012946007729,-0.0352818731126171,1.24559593514771
0.278217730473283,-0.201690925799649,-0.376539766221189,-0.17484884042154,-1.18447269308936
-0.204240761676922,0.268428515965209,0.185330748235813,-0.0830977677293961,-0.55869210949013
-0.686699253827128,0.215644726232899,0.202809217230936,-0.0128355090019629,0.0415246199935125
-1.00833824859393,0.494934037146653,0.453372461037131,-0.0415615761095214,0.663138190949362
-0.686699253827128,0.403425205684122,0.48970089743777,0.086275691753648,1.39192396084426
-1.32997724336074,1.11212698999688,0.877909187761837,-0.234217802235039,1.87661492315733
-1.41038699205244,0.984619368643738,0.894447211866158,-0.09017215677758,0.693539751453418
0.278217730473283,-0.36474755314353,-0.551109041563228,-0.186361488419699,-0.533697767740182
1.3235444634654,-0.383203137784008,-0.120669837386412,0.262533300397597,-0.367909269622455
-0.204240761676922,0.215548498034841,0.0182398780501176,-0.197308619984723,-0.785644968199461
-0.84751875121053,0.425075181410511,0.42262182120286,-0.0024533602076518,1.43814359717902
2.93173943729941,-1.43254103883104,-1.36317205359677,0.0693689852342674,-2.4706360721283
-0.123831012985222,-0.0208379336876903,-0.293793737422578,-0.272955803734888,0.832004931958489
0.680266473931787,-0.452483464124541,-0.583172979827392,-0.130689515702852,0.236907457712557
1.8864127043073,-1.19390828279327,-1.41169370565385,-0.21778542286058,-1.12180075073633
-0.123831012985222,-0.0545142992422058,-0.0322566737127818,0.022257625529424,0.345064200489056
-0.84751875121053,0.757532231878463,0.674822492710455,-0.0827097391680072,2.30362562265694
0.278217730473283,-0.277125720305342,-0.522340865403767,-0.245215145098426,0.188024666187518
-0.284650510368624,0.0333775947054233,0.0193222159377204,-0.0140553787677029,-1.30279419396328
0.680266473931787,-0.498259907164145,-0.614532552800829,-0.116272645636685,-0.802813972636688
-0.84751875121053,0.356393866837628,0.32091417370493,-0.0354796931326987,-1.08663983800836
-0.686699253827128,0.351622866687407,0.158593245814643,-0.193029620872763,-1.1810284015195
0.841085971315191,-0.620516098428048,-0.648254082254531,-0.0277379838264826,-0.264422311821049
0.278217730473283,-0.246080994971401,-0.327462610010738,-0.0813816150393371,-0.444406439394145
-1.00833824859393,0.430649642204785,0.402591136063309,-0.0280585061414766,-1.60006107299002
-1.32997724336074,0.928791473240374,0.774485410425692,-0.154306062814682,-0.0589386599966979
0.197807981781583,-0.196331419727811,-0.467574444813435,-0.271243025085625,1.53967467701571
-0.84751875121053,0.563824079715269,0.545139697871034,-0.0186843818442348,-0.698899706716796
0.680266473931787,-0.573444347536479,-0.822651822320754,-0.249207474784275,-0.208598769716753
0.197807981781583,-0.0503097094891339,-0.23146665816364,-0.181156948674506,-0.527070160888317
0.278217730473283,-0.358530372294973,-0.549308481637113,-0.19077810934214,-0.753565058569818
-0.606289505135426,0.725941642622205,0.474258998394532,-0.251682644227673,-1.28586311007536
-0.84751875121053,0.749182030259848,0.606704390608127,-0.142477639651721,0.16734766972386
-0.284650510368624,0.208842699978302,0.349400139224071,0.140557439245769,0.0917901135958459
0.841085971315191,-0.404527308186358,-0.151193018755555,0.253334289430803,1.71065361149927
-0.686699253827128,0.247685607690726,0.0850992508923197,-0.162586356798406,-1.10595216026702
-0.525879756443727,0.226865673933223,0.101647028722607,-0.125218645210616,0.805442819032539
-0.686699253827128,0.418497047309844,0.383013855490897,-0.0354831918189474,-1.00932637824043
-1.41038699205244,1.00389967974768,1.02224589204714,0.0183462122994622,0.201633244082257
0.278217730473283,-0.233331987341152,-0.373676308955139,-0.140344321613987,-0.684903094536885
-0.123831012985222,0.157390231900858,-0.160503445665921,-0.317893677566779,0.00492052531157994
0.197807981781583,-0.12537652146023,-0.396199793712865,-0.270823272252634,-0.853635668941019
-0.84751875121053,0.492459979887878,0.363912904396391,-0.128547075491487,-1.29360473404269
0.197807981781583,-0.0436864941977146,-0.395468810374489,-0.351782316176774,-1.93329160414554
-0.284650510368624,0.257900523849161,0.363869026354846,0.105968502505684,-1.90447499021673
1.3235444634654,-0.820705498932316,-0.97875672666853,-0.158051227736214,0.0276960294803734
-0.284650510368624,0.230392134585587,0.00234508425924407,-0.228047050326343,-1.16838375741952
-0.204240761676922,0.0732405434579778,-0.00909037920543188,-0.0823309226634097,0.0467220389053706
-0.204240761676922,0.159419542977112,0.197415879628266,0.037996336651155,0.246050074284774
-0.123831012985222,0.0196374315501098,-0.01212428662864,-0.0317617181787498,-1.55134186752474
0.278217730473283,-0.156998619524357,-0.573967269378449,-0.416968649854092,-0.735676057792974
0.841085971315191,-0.842125858534281,-1.11117584581329,-0.269049987279012,-1.71488454875796
1.2431347147737,-0.805470685812088,-1.02728118666332,-0.221810500851235,1.13274857359975
0.197807981781583,-0.258138807402509,-0.46042102494238,-0.202282217539871,0.92779285996279
0.197807981781583,-0.0576142031843284,-0.212081759225521,-0.154467556041192,-0.143749736570671
0.439037227856687,-0.421216793359118,-0.655648470475615,-0.234431677116497,-1.17896265768638
-1.49079674074414,0.661158951208771,0.758875564256373,0.0977166130476022,1.3649139922338
-0.606289505135426,0.422580341712652,0.261797849303076,-0.160782492409576,0.74235987676112
0.278217730473283,-0.151274127191828,-0.159846339547561,-0.00857221235573272,-1.43680831988927
-0.284650510368624,0.11989282309404,-0.265613194027959,-0.385506017121999,0.958327874429598
0.278217730473283,-0.153531697270578,-0.268149689411316,-0.114617992140738,-2.64224415581757
1.7255932069239,-0.882736254721079,-0.865314458047856,0.0174217966732237,-0.355643733417182
1.8864127043073,-0.961123580904985,-0.957048872125298,0.00407470877968685,-0.576349737179797
1.8864127043073,-1.46454982140462,-1.52957071299329,-0.0650208915886656,-1.4532963025992
-0.123831012985222,0.124914681481684,0.0215357460517638,-0.103378935429921,0.0509000241487173
0.197807981781583,-0.144933096558878,-0.00984177208100516,0.135091324477873,-0.432572265201836
0.599856725240088,-0.234993139840414,-0.274527915416682,-0.0395347755762683,1.04294116946642
-2.21448447896945,1.06609923033216,1.05298777726366,-0.0131114530685006,0.12421012913387
0.197807981781583,-0.195517655648881,-0.246342320254579,-0.0508246646056981,-0.48538212661478
0.599856725240088,-0.679436522620529,-0.877527636095772,-0.198091113475243,1.0213373776552
1.7255932069239,-0.963644570783576,-0.852056764783753,0.111587805999823,-0.269190683796019
0.278217730473283,-0.263449196711066,-0.145898680027126,0.11755051668394,-0.10068801244144
1.00190546869859,-0.370148693727075,-0.273016802691571,0.097131891035504,-0.215326036503857
0.599856725240088,-0.328665169449745,-0.29089343762828,0.0377717318214651,1.79977579039634
0.278217730473283,-0.161671054005483,-0.265224907041391,-0.103553853035909,1.15878619646404
-0.204240761676922,0.187335154111526,0.064982128771013,-0.122353025340513,-1.32204933438339
-0.0434212642935202,0.0668637875119088,0.105545898019035,0.0386821105071264,-1.55720702189695
-0.686699253827128,0.334065766602446,0.356555150996144,0.0224893843936977,-0.595949584105344
-1.41038699205244,0.621627828412246,0.630314684503998,0.00868685609175135,-0.703349849804455
-0.606289505135426,0.530165997768018,0.459625703052792,-0.0705402947152261,1.10196036230755
-0.204240761676922,0.143169972871249,0.100022740763103,-0.043147232108146,1.60059744179241
-1.00833824859393,0.543105760452017,0.608614117812302,0.0655083573602852,-0.304025216528301
-0.284650510368624,0.299089866618366,0.0342881144875338,-0.264801752130833,-0.356941557360225
-0.525879756443727,0.237462450224584,0.220254131092392,-0.0172083191321914,-0.152257224820591
0.278217730473283,-0.292104849895562,-0.56727609940596,-0.275171249510399,-1.16646072921753
-0.123831012985222,-0.0426866910972171,-0.432301143100347,-0.389614452003129,-0.185136320702005
0.76067622262349,-0.331369922503212,-0.43051858894187,-0.0991486664386571,0.645831565592935
-0.284650510368624,0.23808930604471,0.0913151398019629,-0.146774166242747,-0.164752641150417
-0.84751875121053,0.651449503565905,0.588608604548514,-0.062840899017391,-0.387278284475233
-0.365060259060323,0.0890784704003573,0.10291082906176,0.0138323586614026,-0.137884763660557
0.278217730473283,-0.0869087700487019,0.00673276647121623,0.0936415365199181,-1.13701594763262
-0.365060259060323,0.363217895074028,0.378662382416601,0.0154444873425734,-0.521927092470078
0.76067622262349,-0.430769024941491,-0.413987052404257,0.0167819725372342,1.0926213823329
-0.606289505135426,0.283720107794835,0.27851255168752,-0.00520755610731488,-0.875987132662214
0.278217730473283,-0.101537787726833,-0.0763800667843144,0.0251577209425183,1.26377008639287
-0.686699253827128,0.3143896693622,0.336505321824049,0.0221156524618488,0.0647159777838173
-0.606289505135426,0.505037822662483,0.0459942281283865,-0.459043594534096,-0.754116769859919
0.197807981781583,-0.181234675972256,-0.048424442351287,0.132810233620969,-1.39247575095711
1.00190546869859,-0.478938671261196,-0.5959344547068,-0.116995783445604,1.33496024564071
0.197807981781583,-0.184461836261421,-0.10958510448285,0.0748767317785713,1.30550173006923
-0.525879756443727,0.275707647389544,0.168770926821592,-0.106936720567952,1.2096680396543
0.76067622262349,-0.404535472146233,-0.438771201696727,-0.0342357295504939,-1.21047908355075
-2.29489422766115,0.810615552224102,0.992903947346858,0.182288395122756,0.637834899569747
0.278217730473283,-0.121770768442321,-0.0631354680334973,0.0586353004088234,-0.350986776079733
0.278217730473283,-0.144770059345788,0.0827070211177044,0.227477080463493,0.612208108300806
-0.204240761676922,0.195763042929038,0.115258770805493,-0.0805042721235451,0.206098149284646
2.93173943729941,-2.14486686030398,-2.33808044760985,-0.193213587305879,-2.15315518113238
-0.686699253827128,0.547076753570323,0.542607738779102,-0.00446901479122064,-0.39173981288894
1.966822452999,-1.1245162044671,-1.08346432716027,0.0410518773068311,-0.262828791531803
-2.21448447896945,1.46757831839995,1.36158444197154,-0.105993876428412,-2.18397904552944
1.3235444634654,-0.874588153291101,-0.920085221395028,-0.0454970681039274,-0.517843300660818
1.3235444634654,-0.640949509517329,-0.600342151943889,0.0406073575734397,-0.310399539646917
1.7255932069239,-0.914471054797088,-0.746302018335593,0.168169036461495,0.693211193542169
-1.41038699205244,1.1370332130726,1.08711919033311,-0.0499140227394927,-0.48670789505334
-1.41038699205244,0.359006364900007,0.507008928134201,0.148002563234193,-0.78566881208329
1.2431347147737,-0.542556501669438,-0.489511215291492,0.0530452863779457,0.473946192837688
0.197807981781583,0.0357814964215621,-0.133281738047409,-0.169063234468971,-0.395518372394456
-0.525879756443727,0.344141816904571,0.379161000670326,0.0350191837657551,-1.47964607794832
-0.686699253827128,0.465041000992621,0.447831035699093,-0.0172099652935276,0.209173954890567
0.197807981781583,-0.0790396599489199,-0.0506115078703788,0.0284281520785411,-0.642757128000235
-0.84751875121053,0.265975299267441,0.290098996987726,0.0241236977202845,1.20549533300285
-0.284650510368624,-0.1085343403214,-0.136930000015661,-0.0283956596942611,1.84734842204907
0.197807981781583,-0.254783892243339,-0.308862544499352,-0.0540786522560123,1.84083321873431
-0.84751875121053,0.508401362497705,0.496616743466769,-0.0117846190309356,1.0130797599416
0.439037227856687,-0.149421446112144,-0.0836297887044122,0.0657916574077316,-1.893382781214
-0.284650510368624,0.0185778504957135,0.0297902646442422,0.0112124141485287,-0.569635116217257
-1.00833824859393,0.660538607031097,0.534778110738371,-0.125760496292726,1.23870728856395
-0.284650510368624,-0.0260456649085319,-0.213972376266687,-0.187926711358156,1.47279038161867
-0.84751875121053,0.59834875309735,0.527731252467058,-0.070617500630292,0.54969568599329
0.599856725240088,-0.257765329103283,-0.328930716240062,-0.0711653871367791,1.20061482284975
-0.284650510368624,0.28840647732725,0.209392611369684,-0.0790138659575663,0.0926768997837362
2.93173943729941,-1.74100965847753,-1.6452223704265,0.0957872880510315,1.33778633870916
1.2431347147737,-0.441363513462221,-0.231707035177391,0.20965647828483,0.48530103530981
-0.284650510368624,0.193306054250161,0.501059890527573,0.307753836277412,0.126997343662412
-1.49079674074414,1.04950076709237,1.06832109563018,0.0188203285378084,0.661733689722487
0.439037227856687,-0.469738129188037,-0.63891294057973,-0.169174811391693,1.10026470801956
-0.365060259060323,0.0693719617421392,0.00294439006748412,-0.066427571674655,1.74182533998819
-0.606289505135426,0.375234832708022,0.290303607302953,-0.0849312254050681,-0.514179344298309
0.278217730473283,-0.159251325409556,-0.268517364942562,-0.109266039533007,0.948289954845207
-0.284650510368624,0.197174010289263,-0.0141574506203354,-0.211331460909599,-0.868361523454311
0.599856725240088,-0.43408806980424,-0.615431025058,-0.18134295525376,-0.248157310178589
-0.686699253827128,0.38354942805716,-0.088449796279407,-0.471999224336566,-1.15258000325525
-0.686699253827128,0.498885358132737,0.256082530752668,-0.242802827380069,-1.82444925918272
-0.123831012985222,0.0275772862349049,-0.0710981014708422,-0.0986753877057471,0.221803029548938
1.00190546869859,-0.60903411425544,-0.653410612268919,-0.0443764980134781,0.370432655800142
-1.49079674074414,0.931047205906622,0.85943027565851,-0.0716169302481121,0.610701267147011
-0.686699253827128,0.571751877514199,0.511647847244284,-0.0601040302699146,1.17583955278048
-0.284650510368624,0.176104679476572,0.0760077599970608,-0.100096919479511,0.0103602261211589
1.3235444634654,-0.734031266593812,-0.905773442548498,-0.171742175954686,1.55775481647612
0.599856725240088,-0.233715212642347,-0.194256223814037,0.0394589888283101,-1.19786066672691
1.00190546869859,-0.421185540113657,-0.27591817838971,0.145267361723947,0.116909433194132
-0.84751875121053,0.391598162911252,0.483173879352857,0.0915757164416048,2.02533847151949
-1.00833824859393,0.516469999368623,0.752228611413359,0.235758612044736,2.20605495946647
-0.284650510368624,0.0325512948194818,-0.0233400239844219,-0.0558913188039037,-0.700503836118601
0.680266473931787,-0.606405062706,-0.800774411679327,-0.194369348973327,-0.0803575900944329
-0.686699253827128,0.623821233452849,0.342992526837266,-0.280828706615583,0.804402952231327
-0.686699253827128,0.652971930752694,0.691452790974951,0.0384808602222575,0.52546750649759
-0.686699253827128,0.530868848267793,0.486717606848488,-0.0441512414193048,-0.4299463330298
-0.284650510368624,0.123391003873006,0.198199865787455,0.0748088619144493,0.713481881517031
1.2431347147737,-0.830222824101727,-0.762930284995342,0.0672925391063849,1.16569928086162
-0.525879756443727,0.191858699017092,0.643133764354919,0.451275065337827,-1.06095289140915
0.278217730473283,-0.252774142715836,-0.42557850525078,-0.172804362534944,-0.110863891927351
0.599856725240088,-0.468565469513393,-0.707869724412508,-0.239304254899115,0.556648526425232
2.93173943729941,-1.79202866047907,-2.01901824723491,-0.226989586755846,-2.20395458450967
-1.41038699205244,0.909425577752675,1.07874185507775,0.169316277325072,-0.334969093199163
0.197807981781583,-0.165334750284436,-0.329930935604256,-0.164596185319819,-0.687717339053813
-0.686699253827128,0.338422709274989,0.319700323790122,-0.0187223854848668,-1.82922600843779
-1.32997724336074,0.80246679391133,0.845297250298798,0.0428304563874673,3.60270181361672
-0.123831012985222,0.160362642046752,-0.011333166981014,-0.171695809027766,-0.241014583271798
-1.32997724336074,0.868540499513783,0.764161680992738,-0.104378818521046,-0.686246491104786
-2.21448447896945,1.25331096457073,1.25343676657336,0.000125802002621356,0.884657921254131
0.599856725240088,-0.302844565338215,-0.300508848394594,0.00233571694362089,-0.224101071690696
0.599856725240088,-0.639879262817965,-0.795495541169582,-0.155616278351617,1.08136302474786
-0.123831012985222,-0.256863609181301,-0.110136067665371,0.14672754151593,-0.933996828781468
-0.84751875121053,0.527434366764796,0.472628357072033,-0.0548060096927628,1.15437889886077
0.278217730473283,-0.283747766160971,-0.474204709026956,-0.190456942865985,-1.30481358411836
0.680266473931787,-0.604199556061862,-0.785040467863116,-0.180840911801254,1.26754472643455
-0.204240761676922,0.143907729375481,0.000557319564370357,-0.14335040981111,0.143221725812364
-0.284650510368624,0.0656618805189823,0.0799019788775093,0.014240098358527,-2.02283055772008
0.599856725240088,-0.360403116558432,-0.536711754093681,-0.176308637535249,0.311101186978234
0.278217730473283,-0.277452694029643,-0.192227036946772,0.0852256570828713,1.65589338213486
1.966822452999,-1.37958925397529,-1.54206215976818,-0.162472905792881,0.817816186670199
-0.84751875121053,0.34627391583433,0.4668644698395,0.12059055400517,1.55883335268842
-0.123831012985222,-0.0222887507602304,0.0184731748781097,0.04076192563834,0.618058609363335
-0.123831012985222,0.0864393880521417,-0.277774896569963,-0.364214284622105,0.09728930552021
1.7255932069239,-0.965996285818496,-0.884183777870735,0.0818125079477612,-0.735913355240546
-0.686699253827128,0.480226828700149,0.435820116990778,-0.0444067117093713,0.304997161490849
-1.49079674074414,1.38039278041909,1.17360955888374,-0.20678322153535,-0.77316843881081
-0.123831012985222,0.0001331472341604,-0.0917093711472333,-0.0918425183813937,0.4415947080555
2.93173943729941,-2.46895547953472,-2.67656832506566,-0.207612845530939,-0.56628737475008
-1.00833824859393,0.452482011364908,0.525223785025867,0.0727417736609584,0.0591223453974649
1.00190546869859,-0.56547945473511,-0.475144464451147,0.090334990283963,0.0241400329869241
0.278217730473283,-0.252055911289018,-0.122531599782492,0.129524311506526,-0.50817619263977
-0.606289505135426,0.319728183889834,0.428385699227303,0.108657515337469,-1.03974864253386
-2.21448447896945,1.77351982742917,1.54104566082584,-0.232474166603335,-0.362114544913984
-0.284650510368624,0.238771470733337,0.125209143418807,-0.11356232731453,0.808532301010752
-1.49079674074414,0.535093134145355,0.754519978410805,0.219426844265449,-0.446439670669357
2.93173943729941,-2.09401000329392,-2.26196955313678,-0.167959549842863,-0.264782162434043
-0.284650510368624,0.107119873556115,-0.0753609626382663,-0.182480836194382,-0.487002223287907
0.278217730473283,-0.11570400577055,-0.184402877928187,-0.0686988721576371,-0.00118916374462996
0.197807981781583,-0.128709587219838,-0.285902256248178,-0.15719266902834,-0.360223695312325
-0.84751875121053,0.562538161476609,0.440692086592462,-0.121846074884146,-0.286814103981607
0.197807981781583,-0.188480464119769,-0.440230476834076,-0.251750012714307,2.94312587316662
2.93173943729941,-1.82785886706582,-1.9692642468209,-0.141405379755085,-1.7456350634347
1.2431347147737,-0.927768151578083,-0.900688975761715,0.0270791758163688,0.709821806393724
-0.84751875121053,0.285559948937666,0.260719476946699,-0.024840471990967,-0.65966026786271
0.278217730473283,-0.47859213243028,-0.571452795660683,-0.0928606632304028,-0.491526041710864
-0.123831012985222,0.0944276087167173,0.207339366997205,0.112911758280488,-0.0521464459167065
-0.123831012985222,0.0367515788679154,0.156505494985856,0.119753916117941,-0.505325001282115
-0.686699253827128,0.511273012584013,0.310351260945999,-0.200921751638015,-0.705973788250449
1.3235444634654,-0.714109653149336,-0.656915016329717,0.0571946368196198,0.971657674508761
1.8864127043073,-0.852509113374736,-0.71640997428014,0.136099139094596,-0.467029038545544
-0.204240761676922,0.227034929918556,-0.00793078864311908,-0.234965718561675,1.23289706872658
-0.365060259060323,0.151830435369089,0.170684844367217,0.0188544089981284,-2.23674285399865
-0.525879756443727,0.24454151482975,0.215915468263039,-0.0286260465667107,0.713192483130332
-0.204240761676922,0.156334861437286,0.0173085534919391,-0.139026307945347,-1.20638407636051
0.278217730473283,-0.0390370879469118,-0.0790591861810954,-0.0400220982341836,1.36299411713793
1.7255932069239,-1.02152688039049,-1.19797428453628,-0.176447404145788,-2.75034348066446
0.841085971315191,-0.537998970384681,-0.561256436521724,-0.0232574661370429,1.30991919682735
-0.365060259060323,0.151198898572682,-0.0498362977018893,-0.201035196274571,-0.334494898719567
2.93173943729941,-1.75054907339293,-1.8901440191795,-0.13959494578657,0.81173261977266
-0.84751875121053,0.831681939869881,0.628517321918507,-0.203164617951375,-1.33974259721145
-0.686699253827128,0.3681320333945,0.540047897088684,0.171915863694184,0.707978152292247
0.278217730473283,-0.246143268126656,-0.24808782737643,-0.00194455924977407,0.832837624931666
-0.123831012985222,0.0761343351419933,0.149305154259788,0.0731708191177948,0.0894850317810959
-0.204240761676922,0.173003406822035,-0.0768884753563872,-0.249891882178422,1.90917427043875
-0.204240761676922,0.0533277993767779,-0.0414109385472843,-0.0947387379240622,2.49306067847647
-0.123831012985222,0.138373115403495,-0.0626512104842473,-0.201024325887743,0.264052099814325
-0.686699253827128,0.109663748176847,0.130115008216265,0.020451260039418,-1.39347718353363
-0.525879756443727,0.554189398930468,0.478365830367348,-0.0758235685631202,1.81520833405773
0.680266473931787,-0.529821280765694,-0.544410997374325,-0.0145897166086302,-1.93470062299904
-0.0434212642935202,0.302875645392842,0.313193016249877,0.0103173708570352,-0.80005696898791
-1.32997724336074,0.543022703194089,0.500086060651938,-0.0429366425421512,0.235502041463548
0.680266473931787,-0.395821457016309,-0.877043030286751,-0.481221573270442,1.05114380660957
-0.84751875121053,0.727974435785238,0.375203473626642,-0.352770962158597,-0.185731459807001
-0.284650510368624,0.0748597588690759,-0.0545813196545868,-0.129441078523663,-0.329945324332328
0.599856725240088,-0.322937801285361,-0.449708461854967,-0.126770660569606,1.01480740920915
0.439037227856687,-0.123037581471412,-0.0810499445236041,0.041987636947808,-1.50870104734832
0.197807981781583,-0.156361275269395,-0.223834409182631,-0.0674731339132361,-3.00186952653363
-0.204240761676922,0.242924171496014,0.0896126728298917,-0.153311498666122,1.05572353176084
-0.123831012985222,-0.116203510162259,0.251729593268347,0.367933103430606,0.0435098942309419
0.680266473931787,-0.658593672975271,-0.974829113434879,-0.316235440459608,0.921887211042079
-0.365060259060323,0.250328953565686,0.0642708774022763,-0.18605807616341,-0.0647940776072093
-0.686699253827128,0.63035067415162,0.515147021522384,-0.115203652629236,0.587321674736354
-0.123831012985222,0.178317536660925,0.0677990350965621,-0.110518501564362,0.111690822290197
-1.32997724336074,0.819751332608939,0.761390290536283,-0.0583610420726559,-0.621599569732489
1.3235444634654,-1.08996300834142,-1.38213955089739,-0.29217654255597,-2.06815225598471
1.7255932069239,-0.348479101401841,-0.280667484219404,0.0678116171824366,-1.32315657421824
-0.123831012985222,0.0192555560882832,-0.331051616911652,-0.350307172999935,-2.3822455788076
0.278217730473283,-0.128728845309786,-0.117878252163542,0.0108505931462441,-0.908514174905041
1.8864127043073,-0.536508930203831,-0.276160627917266,0.260348302286565,0.636981160081668
-0.0434212642935202,-0.051643720948442,-0.339531838946082,-0.28788811799764,1.32335700726201
-0.204240761676922,0.107746390423639,-0.113812785471627,-0.221559175895266,-0.952412727603036
-0.606289505135426,0.489964552555908,0.443814908286354,-0.0461496442695548,2.80126505334638
-0.204240761676922,-0.0127244932908371,0.100149419581572,0.112873912872409,2.75398920419092
-2.21448447896945,1.34855445710988,1.3176658199516,-0.0308886371582742,-1.3813895316244
0.278217730473283,-0.202668648892235,-0.412184321553767,-0.209515672661532,-0.367215604585874
-1.32997724336074,1.26711100827816,1.00478871275611,-0.262322295522049,-0.949239828798564
-0.606289505135426,0.406783045054872,0.204070689526724,-0.202712355528148,0.365228734580599
-0.204240761676922,0.101036875184539,0.316710542588624,0.215673667404085,-1.00488177752534
0.680266473931787,-0.537626565181488,-0.768411844071805,-0.230785278890317,-0.0516659523475622
-0.84751875121053,0.682728803361446,0.621331044062199,-0.0613977592992472,-2.97183070394446
0.278217730473283,-0.182986461663936,-0.227911424376065,-0.044924962712129,-0.0150345713610849
-0.365060259060323,0.270612731696402,0.182814764993945,-0.0877979667024573,1.59205005850732
0.680266473931787,-0.332808929206786,-0.415738412134369,-0.0829294829275837,1.19750528286048
-0.525879756443727,0.188681501871997,0.223923720089591,0.0352422182175943,0.944644047538261
0.197807981781583,-0.161520716299212,-0.225358746179085,-0.0638380298798727,0.780064055260533
-0.123831012985222,-0.0645019111323396,-0.0751840421425748,-0.0106821310102352,1.01925165932681
-0.284650510368624,0.273527994817444,0.191622254057737,-0.0819057407597069,1.57618098049827
1.00190546869859,-0.699887895208006,-0.727050830142716,-0.0271629349347098,0.0810502348962061
-0.365060259060323,0.113204010543963,0.0262657378507204,-0.0869382726932423,-0.191255936515012
-0.686699253827128,0.519795674928243,0.510968428180799,-0.00882724674744373,-0.998749813818483
-2.21448447896945,1.37682416377945,1.28185352085571,-0.0949706429237382,0.285467081417552
0.841085971315191,-0.431254649575725,-0.304118048511682,0.127136601064042,-1.18715803362449
-0.204240761676922,0.159816150775403,0.243498009149369,0.0836818583739665,0.45187108857184
-0.284650510368624,0.0896889669834758,0.0762904228700888,-0.013398544113387,2.08732767393283
-2.29489422766115,1.38843352181255,1.27902315158199,-0.10941037023056,0.419975198964041
-0.84751875121053,0.709992766066172,0.644747606779371,-0.065245159286801,-0.226751679081661
-0.606289505135426,0.56694843840715,0.489259620423794,-0.0776888179833564,0.198039821437475
1.2431347147737,-0.823514995428779,-0.825728177488733,-0.00221318205995424,0.554420532653605
-0.365060259060323,0.28976872538151,0.0245685268348712,-0.265200198546638,1.46043296665773
1.966822452999,-1.5696587473973,-1.69957058627728,-0.129911838879986,-0.68456125722191
-0.686699253827128,0.567359080371288,0.463217970666387,-0.104141109704901,0.108887976859675
-2.29489422766115,1.06442288811916,1.0811289909872,0.0167061028680429,-0.248462831778997
0.278217730473283,-0.156729768437982,-0.165317924258941,-0.00858815582095954,-1.31981393307905
-0.525879756443727,0.394649492997973,0.0475206711037109,-0.347128821894262,-0.861612086845411
1.7255932069239,-1.18810033956515,-1.34767903049046,-0.159578690925307,0.681984957901895
1.966822452999,-1.64393957929406,-1.92247099043171,-0.278531411137648,1.85944665706216
0.439037227856687,-0.226813390728087,-0.335132485559664,-0.108319094831576,-0.841565416583885
0.841085971315191,-0.187797087619842,-0.352444394915318,-0.164647307295476,0.714522171869684
0.599856725240088,-0.592871593040048,-0.560623183488228,0.0322484095518196,0.370926392415567
0.278217730473283,-0.0498637922675459,-0.130318109515365,-0.0804543172478189,-1.64277655830067
0.197807981781583,-0.0260347602103858,0.0436479830011566,0.0696827432115425,-0.0501171023022404
-0.123831012985222,0.0221713514030613,0.0304253307937216,0.00825397939066039,1.08410561089051
-0.0434212642935202,-0.00937012741986615,0.109548513947521,0.118918641367387,-0.77984872009911
-0.606289505135426,0.354959680860803,0.296836768002326,-0.0581229128584775,-1.55291117361275
-0.204240761676922,0.079394341863484,0.0929683673195159,0.0135740254560319,1.96328296267127
-0.0434212642935202,0.0530648762116876,-0.139591367474085,-0.192656243685773,0.102600763018893
-0.284650510368624,0.0270999563836183,-0.0904550990027662,-0.117555055386385,-1.9815042110195
0.278217730473283,-0.202759681223985,-0.225386760788365,-0.0226270795643804,-1.38756637359637
1.00190546869859,-0.948855061082773,-1.18349869905268,-0.234643637969906,-0.636447087537328
0.197807981781583,0.0499444119250443,0.134334048148814,0.0843896362237702,-1.44510953140102
-0.204240761676922,0.13580139078987,-0.0690385103534902,-0.20483990114336,-2.33286363077289
0.841085971315191,-0.590792913936657,-0.6044586742398,-0.0136657603031426,-0.472198869181098
-0.365060259060323,0.188629986399645,-0.181785951154932,-0.370415937554577,-0.183120105050685
1.7255932069239,-1.28182967726486,-1.35376198717823,-0.0719323099133737,-0.235058645820947
-0.284650510368624,0.134742053030733,0.0958865900401794,-0.0388554629905535,-1.82245176124515
-0.84751875121053,0.53864948603922,0.349901798572643,-0.188747687466576,0.000282947834380876
-0.284650510368624,0.232636255952852,0.162012224588026,-0.0706240313648256,-0.312813349427132
-1.41038699205244,0.69616042941153,0.715416075021051,0.0192556456095214,-0.702490905282264
0.278217730473283,-0.0265341431876289,-0.125439739600812,-0.0989055964131832,-1.00247982669072
-0.123831012985222,0.0460955475758842,-0.0416562257316069,-0.0877517733074911,-0.349172995188245
1.8864127043073,-1.20978861993468,-1.23308945176317,-0.0233008318284929,-0.897549532623191
0.841085971315191,-0.351393065633233,-0.319782819160833,0.0316102464723997,-0.70999000819512
0.76067622262349,-0.639697996103835,-0.84414124072838,-0.204443244624545,-0.832300189605383
0.599856725240088,-0.367632579447069,-0.397864626391405,-0.0302320469443358,-0.99978734811393
-0.0434212642935202,-0.0165746161727039,-0.126791354153386,-0.110216737980682,-0.00834051988452145
0.278217730473283,-0.0275492083551785,-0.0806036689845732,-0.0530544606293946,-0.589960718593482
0.680266473931787,-0.516095408361248,-0.596130345748565,-0.080034937387317,-0.691689007457024
-0.123831012985222,0.0942510685093101,-0.0770752210512807,-0.171326289560591,-1.45116217960091
-0.0434212642935202,0.238795346070488,0.155611671396209,-0.0831836746742791,0.931209031622112
-1.49079674074414,1.14166863552547,0.804620209569807,-0.337048425955663,-0.406387333165324
-1.49079674074414,0.597057966089475,0.767402768291421,0.170344802201945,0.48870912133362
1.7255932069239,-1.0790543482499,-1.04873348074381,0.030320867506094,0.0555508240512117
-0.284650510368624,0.164831712740507,0.269138472742295,0.104306760001788,0.285062378950376
-0.606289505135426,0.311860158449549,0.382741084523923,0.0708809260743735,-0.188028515242137
-0.284650510368624,0.111403176493173,0.00374784014623133,-0.107655336346942,-0.353096563833214
0.278217730473283,-0.272241688496854,-0.481414309891648,-0.209172621394794,1.37834640610216
0.599856725240088,-0.451974581577087,-0.711023873117139,-0.259049291540052,-0.513914035962412
0.278217730473283,-0.300161834616122,-0.483686430359863,-0.183524595743741,0.00194955794766383
1.966822452999,-1.18637700559345,-1.11748700433798,0.0688900012554725,0.717319978984331
-1.32997724336074,0.541764077343064,0.603252785105584,0.0614887077625206,-1.16599301781882
0.278217730473283,-0.303514077367312,-0.554159951083729,-0.250645873716417,-1.00654931057996
-0.204240761676922,0.204946928001492,0.133929193430272,-0.07101773457122,-2.20027029209566
-0.284650510368624,0.186327075233412,0.202679916526409,0.0163528412929969,0.940403529151437
2.93173943729941,-1.67448313061082,-1.55078205536809,0.123701075242726,0.441133376052618
-0.84751875121053,0.584396466585651,0.600973297936192,0.0165768313505411,0.286719936560585
-0.284650510368624,0.256046829495542,0.344620570230797,0.0885737407352549,-0.389375417336416
-0.606289505135426,0.391506008123612,0.19254158695644,-0.198964421167171,0.388197202940329
0.197807981781583,0.109912488781914,0.122640920764944,0.01272843198303,1.54810050819877
-0.284650510368624,0.0250706218966668,0.179783462594113,0.154712840697446,-0.618047480207185
-0.686699253827128,0.574543100013968,0.471459496604219,-0.103083603409749,-0.580489984558033
-0.123831012985222,-0.00357831666072393,0.183604915132341,0.187183231793065,1.43505542209965
0.278217730473283,-0.0453398723810965,-0.108968745830525,-0.0636288734494286,-1.35331779848234
0.439037227856687,-0.276151008031285,-0.619853771492219,-0.343702763460933,0.256207401862252
0.599856725240088,-0.610097901756649,-0.907505548753221,-0.297407646996572,-2.01916437632438
1.2431347147737,-1.03159323262142,-1.07636299895735,-0.0447697663359292,0.859923185303529
0.197807981781583,-0.0480389284948295,-0.184558758613955,-0.136519830119125,-0.0623108150156946
0.680266473931787,-0.31352809874165,-0.0969114390089929,0.216616659732657,-0.628583922750009
-0.686699253827128,0.372076413008006,0.260526082397728,-0.111550330610278,0.102426295801313
0.197807981781583,-0.129349172955526,-0.299243921883734,-0.169894748928208,-0.0538717573678156
-0.284650510368624,0.079644675131664,-0.0371037749792784,-0.116748450110942,-2.25762953452119
2.93173943729941,-1.76289689620449,-1.70837533503231,0.0545215611721779,-1.39034445779058
0.197807981781583,-0.0311678951965071,-0.112576258415626,-0.0814083632191193,-0.302842288662214
0.76067622262349,-0.290995291747811,-0.323020786688928,-0.0320254949411171,-0.263195756341547
1.3235444634654,-0.768470953759688,-0.778508302198874,-0.0100373484391859,-0.40911038205814
0.278217730473283,-0.196809389802923,-0.400444776038639,-0.203635386235716,1.53375567487567
-0.84751875121053,0.591484873539655,0.57332244053361,-0.018162433006045,0.490088007040628
0.197807981781583,-0.0879065431946441,-0.0664895852831072,0.0214169579115369,-1.50760934634596
-0.365060259060323,0.254781646520627,0.00378389637306181,-0.250997750147565,0.115616011667345
0.197807981781583,-0.102664339020189,-0.148911095767497,-0.0462467567473075,0.00193594357660021
1.2431347147737,-1.0822845175624,-1.31319943440061,-0.230914916838213,0.579167249890638
0.278217730473283,-0.0253384905215755,0.176155811404117,0.201494301925692,1.13982401292255
-0.525879756443727,0.265075148923883,0.316721538515974,0.0516463895920914,-0.680475868756403
2.93173943729941,-2.19146686274066,-2.415098917822,-0.223632055081337,0.0885271104277154
1.7255932069239,-1.29530934602423,-1.4302152819223,-0.134905935898076,-0.112371187278371
-0.606289505135426,0.281775268301668,0.0815263618866345,-0.200248906415033,-0.582185357108511
-0.606289505135426,0.325516738907954,0.0602278557558085,-0.265288883152146,0.425968376105235
-0.0434212642935202,0.00723152698046916,-0.193583084553254,-0.200814611533723,-1.75708930323877
0.278217730473283,-0.025088927303953,0.221212708251723,0.246301635555676,-0.0431805210446785
-0.606289505135426,0.59653151925276,0.396674305385865,-0.199857213866896,-0.01421178854112
-2.29489422766115,1.71035217358921,1.65592659349115,-0.0544255800980562,0.0129023794978373
-2.29489422766115,1.62814356460989,1.55264343485503,-0.0755001297548645,0.204401635122076
1.2431347147737,-0.765607910049267,-0.643682250367259,0.121925659682008,1.30268751901926
1.2431347147737,-0.833293024183072,-0.970017499840936,-0.136724475657864,0.196404701842169
0.439037227856687,-0.304651448924748,-0.383512265364683,-0.0788608164399354,0.239876967117076
0.599856725240088,-0.244345726318563,-0.193904042873894,0.050441683444669,2.3216108274236
-0.606289505135426,0.24842265611063,0.0660007859378038,-0.182421870172826,-0.0876731110316995
0.278217730473283,-0.0645132209483386,-0.0399244700983819,0.0245887508499567,-1.74994856707654
-0.123831012985222,0.116559860195489,0.298576761354238,0.182016901158749,1.64362273732082
-0.525879756443727,0.441885847946041,0.320185047427932,-0.121700800518109,-0.548751600523636
0.841085971315191,-0.367794280096438,-0.309919846511354,0.0578744335850835,0.0526964714153806
0.197807981781583,0.0731083496886557,0.208425459815412,0.135317110126756,0.403227074527505
1.966822452999,-1.38535332888481,-1.78848602533563,-0.403132696450816,-0.280221933972833
-0.686699253827128,0.665718840555003,0.397008145594726,-0.268710694960277,-0.846759741648051
0.680266473931787,-0.45065308138109,-0.529864258651902,-0.0792111772708117,1.16457866056699
0.197807981781583,-0.103777070192732,-0.309709004624676,-0.205931934431944,-2.26112217238601
-0.84751875121053,0.651159132033558,0.514236264449536,-0.136922867584022,0.171537182838873
-0.284650510368624,0.158531232436011,0.0203166007385555,-0.138214631697456,0.0490151621681758
-2.29489422766115,1.43694355974357,1.46805460770675,0.03111104796318,-0.630295275722967
1.8864127043073,-0.673794633711218,-0.451225387730749,0.222569245980469,-0.38084451496899
-2.21448447896945,1.43719785738575,1.32177413625247,-0.11542372113328,-0.966347929689117
-0.606289505135426,0.221498169282552,0.197217387902194,-0.0242807813803576,-0.50185534091625
0.841085971315191,-0.39910374809552,-0.360557733365539,0.0385460147299818,-1.37468656479378
0.680266473931787,-0.38428144944648,-0.265189647926914,0.119091801519566,0.441819448171892
0.599856725240088,-0.518550351702217,-0.769519090403334,-0.250968738701117,0.37755823358946
-0.284650510368624,0.158799127746043,-0.0455989401998473,-0.204398067945891,-2.54077096185457
-0.284650510368624,0.144126462266451,0.236011564691313,0.0918851024248617,-1.62268550438228
-1.41038699205244,0.81717434671375,0.91424513774123,0.0970707910274802,0.696897187126384
-1.32997724336074,0.959177196767518,0.865409006358949,-0.0937681904085685,-0.00017253585477861
-0.606289505135426,0.356035227535821,0.31928679045188,-0.0367484370839408,0.997111678051253
0.599856725240088,-0.318038289927888,-0.423587183352772,-0.105548893424884,0.753447335816093
-0.123831012985222,0.0335242407066217,0.156967160164277,0.123442919457655,0.627398631923898
-0.204240761676922,0.346510267386811,0.207074701382356,-0.139435566004456,-0.534471878479173
-0.0434212642935202,-0.00354739403488606,0.33043112323824,0.333978517273126,0.744114144240978
-0.204240761676922,0.00631182843218109,0.215616786262905,0.209304957830724,0.131522769329193
0.278217730473283,-0.129005135413007,-0.163980370564448,-0.0349752351514414,0.746259744202525
2.93173943729941,-2.21014775644115,-2.33062135827687,-0.120473601835722,-1.41560083811971
0.197807981781583,-0.0830500761270927,-0.260105562077286,-0.177055485950193,1.39717704565467
1.8864127043073,-0.742698972832181,-0.36344640713924,0.379252565692941,0.559060688622719
0.439037227856687,-0.329123635803107,-0.508422180503883,-0.179298544700776,-0.70616634938288
1.3235444634654,-1.22902793242274,-1.42085382589493,-0.191825893472181,-1.48751580397969
-0.686699253827128,0.58086126189338,0.329734564142929,-0.251126697750451,0.593725864152406
1.3235444634654,-0.81378190531648,-0.779346321013104,0.0344355843033762,-0.670840870747826
-0.686699253827128,0.479921522023571,0.493642698439555,0.0137211764159842,-1.05529310247956
-0.123831012985222,0.156529333834843,0.0250620718490597,-0.131467261985783,-0.156927630042112
0.278217730473283,-0.169893963771191,-0.231439060476767,-0.0615450967055767,0.421269083215373
-0.284650510368624,-0.0532988746099686,0.0453501496870386,0.0986490242970072,1.79030262997732
-0.123831012985222,0.0510101991915763,-0.171035417248148,-0.222045616439724,0.841985556542495
-0.365060259060323,0.421766359761923,0.230790889111007,-0.190975470650915,-0.462245939228074
-1.41038699205244,0.569905733359572,0.649962741186512,0.0800570078269403,-1.52302932942688
1.3235444634654,-1.07116095240021,-1.35422449286106,-0.28306354046085,0.809382638282148
0.197807981781583,-0.0618405907051794,-0.0445718767173299,0.0172687139878495,0.0984704069250299
-1.00833824859393,0.580821309697532,0.579336382414038,-0.0014849272834937,-1.7698375767381
0.278217730473283,-0.232123034500938,-0.359612457386275,-0.127489422885336,-0.478284723147518
-1.49079674074414,0.705773092610048,0.844188958477389,0.138415865867341,-0.202647047847942
-0.0434212642935202,-0.116983487588984,-0.051655492134204,0.0653279954547799,-2.5037510214257
-0.123831012985222,-0.0359488093284169,-0.247420436141593,-0.211471626813176,-0.00114805126317298
1.8864127043073,-1.04496426163019,-1.10343274850486,-0.0584684868746781,-0.00719704613700911
-0.284650510368624,-0.0150505360315973,0.250333080794182,0.26538361682578,1.2171156550539
0.599856725240088,-0.233441564804708,-0.193118434088749,0.0403231307159593,-1.18743494288502
1.00190546869859,-0.920695748065846,-1.02931575397789,-0.10862000591204,0.218490116216538
0.439037227856687,-0.218877222506963,-0.420959102865096,-0.202081880358133,-0.166097742670645
1.3235444634654,-0.917741345088055,-1.29300035276811,-0.375259007680058,-0.181729537411992
-0.686699253827128,0.391623333643331,0.250311435893997,-0.141311897749334,-0.0339454489770531
0.278217730473283,-0.291195771053768,-0.561052518336011,-0.269856747282243,1.39477867724647
0.680266473931787,-0.283581353200199,-0.229193861729277,0.0543874914709217,-0.64574328367356
-0.686699253827128,0.350946161479607,0.347161721042386,-0.0037844404372202,2.30913266970134
0.841085971315191,-0.588606490722389,-0.62578493391058,-0.0371784431881914,1.11749416754265
-0.204240761676922,0.289266482019363,0.0698324546558076,-0.219434027363556,0.642697345548789
-0.204240761676922,0.196848384020266,0.138683016075703,-0.058165367944563,-1.43890829586518
-1.49079674074414,0.686365172584861,0.68938511466338,0.00301994207851952,-0.928967286670608
-0.284650510368624,0.1462707510666,-0.0538555743925057,-0.200126325459106,1.56112332312411
0.599856725240088,-0.439718956159222,-0.707872463150425,-0.268153506991203,-0.0719283866955526
-0.123831012985222,0.276710939362728,0.0375095259840318,-0.239201413378696,-0.602154934407129
1.3235444634654,-0.65407893633802,-0.651435056802111,0.00264387953590894,0.546335431689042
0.439037227856687,-0.320073170989594,-0.374402189513764,-0.0543290185241697,0.430251112116549
0.197807981781583,-0.273436064684238,-0.473634581278294,-0.200198516594056,0.924767788368627
-0.365060259060323,0.175019666097034,0.124883355377696,-0.050136310719338,-0.462049993883662
-1.49079674074414,1.33495849253928,1.27391203732647,-0.0610464552128152,0.249945969981719
-0.686699253827128,0.401454754846407,0.348041777536239,-0.0534129773101681,2.33568090846463
0.841085971315191,-0.69304568209451,-0.933954849818308,-0.240909167723798,-0.0956492151417174
0.278217730473283,-0.110480344478119,-0.152960476414352,-0.0424801319362326,-2.25964569075512
-2.21448447896945,0.881663450485626,1.07605849456846,0.194395044082829,-0.870673841344232
0.76067622262349,-0.443913953740981,-0.368480506211888,0.0754334475290934,-0.82195679092696
-0.606289505135426,0.404485367111569,0.404482884424309,-2.48268726005252e-06,1.2989520413621
0.278217730473283,0.0121506744283507,-0.0393555013006091,-0.0515061757289598,-0.87370339616125
-0.525879756443727,0.137204446566504,0.337138855904872,0.199934409338368,-0.885736539393156
-0.84751875121053,0.346902829057299,0.365994493727137,0.0190916646698385,0.903226125738004
0.278217730473283,-0.281828742469189,-0.331339580844065,-0.0495108383748764,0.315411568983699
-0.284650510368624,0.188218923218757,0.243761828454837,0.0555429052360795,0.14475783625833
1.8864127043073,-1.29626524609169,-1.24219775830931,0.0540674877823868,2.02833595399288
0.278217730473283,-0.245922460800845,-0.41201290078396,-0.166090439983115,-0.949624850530367
0.278217730473283,-0.217235833865632,-0.279144414909526,-0.0619085810438947,1.41712009941636
-0.284650510368624,0.34909477914485,0.0837589380137971,-0.265335841131053,0.207597486083437
0.278217730473283,-0.149567404214143,-0.00190022019561237,0.14766718401853,0.28231670398476
-0.284650510368624,0.283577245114335,0.193318357627112,-0.0902588874872228,0.101696952058886
-0.606289505135426,0.330557886285979,0.224088112820245,-0.106469773465734,0.910693051312612
-1.00833824859393,0.604417589903072,0.535458198502817,-0.0689593914002553,0.28931200624298
-0.686699253827128,0.273445874067748,0.347704748637426,0.0742588745696772,1.1495599605034
0.278217730473283,-0.298109329371039,-0.535498800231565,-0.237389470860526,-2.82601042522011
-0.0434212642935202,0.124804832809933,0.224457133198676,0.0996523003887432,2.11315235464245
1.2431347147737,-0.877706237209726,-1.06637230173581,-0.188666064526082,0.156295180445093
0.197807981781583,-0.143157166087537,0.0608891976768849,0.204046363764422,-1.20145257363317
-1.00833824859393,0.637610189175675,0.470948080450522,-0.166662108725153,-0.281522516962304
0.197807981781583,-0.229627464624127,-0.59270080421467,-0.363073339590544,0.883666996325337
-0.84751875121053,0.400117505664845,0.409486461847412,0.00936895618256661,-0.207739143570021
-1.41038699205244,0.932311334581274,0.831321185373896,-0.100990149207378,-0.982186800549606
-1.49079674074414,0.878807797224979,0.766139050623681,-0.112668746601298,-0.570037992446032
-0.84751875121053,0.373060369535777,0.379966486895519,0.00690611735974167,-0.748982329395932
-0.284650510368624,0.126019606560189,0.203845268600631,0.0778256620404425,-0.824417968516525
0.278217730473283,-0.245907073316726,-0.153529887275326,0.0923771860414005,-1.28862989975045
-0.525879756443727,0.211888683631728,0.233507227404607,0.0216185437728787,1.28035275989361
0.278217730473283,-0.154444405457325,-0.186075072773647,-0.0316306673163219,1.82300553301043
1.966822452999,-1.04642963127596,-1.10456535494419,-0.0581357236682352,-0.573624132573702
0.278217730473283,-0.238290134163822,-0.498104480513272,-0.25981434634945,-0.659319949904583
-0.284650510368624,0.265210026913337,0.156995387957532,-0.108214638955804,1.04844990819523
-2.21448447896945,1.43622057994211,1.41425701544421,-0.0219635644979024,-0.346752534490858
1.7255932069239,-0.707867938741723,-0.583392360937132,0.124475577804591,-1.22595318892834
1.8864127043073,-1.7251653686806,-1.9346495215471,-0.2094841528665,0.325987876167111
-0.284650510368624,0.0829996949934775,0.211262707224675,0.128263012231198,-1.44698789777943
-0.365060259060323,0.212577463402627,0.126857486785594,-0.085719976617033,0.334461025881109
0.278217730473283,-0.237954801170947,-0.27016012575936,-0.0322053245884131,0.649315534830969
1.3235444634654,-0.970872576941858,-1.1953954277498,-0.224522850807941,-2.21365018109979
0.197807981781583,-0.0998403855168282,-0.32512543663386,-0.225285051117032,-0.49028517696939
-1.00833824859393,0.641378640265547,0.491391285222099,-0.149987355043449,-0.244092096064512
1.966822452999,-1.49274923777494,-1.41951840721889,0.0732308305560496,1.14749504500843
-0.123831012985222,0.210484473727938,0.086778354066717,-0.123706119661221,0.0521674363864414
0.841085971315191,-0.404070015407009,-0.312622581144874,0.0914474342621353,-0.0946193676811909
0.278217730473283,-0.231221630423201,-0.353737203347242,-0.122515572924041,-1.23230122192402
0.76067622262349,-0.536686599327648,-0.679007761840899,-0.142321162513251,-0.798091682150659
-2.21448447896945,1.35683510933117,1.24129972335634,-0.115535385974836,-0.770026493006245
1.2431347147737,-0.642497053108854,-0.478402379170784,0.16409467393807,-0.409764455864842
-0.123831012985222,-0.0957349666907022,-0.173385398032002,-0.0776504313412994,0.50694125282659
0.278217730473283,-0.223934720395779,-0.241079081903756,-0.0171443615079775,-0.675474060514914
0.197807981781583,-0.24079843686057,-0.53101852428848,-0.29022008742791,-0.804242528553019
0.278217730473283,0.0629486570316093,0.313799721525362,0.250851064493753,-1.64585030165939
-1.00833824859393,0.714657556769429,0.631644421994937,-0.0830131347744926,0.0925285579498434
-0.84751875121053,0.619851617944901,0.342582376692595,-0.277269241252306,-0.131425870091927
-0.284650510368624,0.0136141354060548,0.0444926708135862,0.0308785354075314,0.0731891124623701
-0.0434212642935202,0.0467853668623669,0.137321109824592,0.0905357429622253,-0.259036699378079
-0.686699253827128,0.483459480990315,0.170772177919561,-0.312687303070754,-1.08514761615731
-1.00833824859393,0.676907854156862,0.747715243486755,0.0708073893298932,0.147015701339743
1.2431347147737,-0.716694911141902,-0.74617763111907,-0.0294827199771682,0.265688818954995
0.680266473931787,-0.250994369422626,-0.163779081472885,0.0872152879497416,-0.0882944183994396
0.278217730473283,-0.269377670328431,-0.375263965043662,-0.105886294715231,-0.507843537617933
0.680266473931787,-0.550161478804311,-0.64712865853515,-0.0969671797308391,-1.14536913360964
-0.0434212642935202,-0.00915383798188163,-0.00677872434328124,0.00237511363860039,-1.50239845273347
-0.284650510368624,0.160071439785173,-0.0335061630555652,-0.193577602840738,-0.216776779619796
-0.84751875121053,0.256927970161027,0.257100211742265,0.000172241581238908,-1.9022019288735
0.841085971315191,-0.702339612225553,-1.03087714696342,-0.328537534737862,-1.14518276756613
-0.284650510368624,0.328941692348939,0.336758856036039,0.00781716368710039,-1.14757766171607
-0.204240761676922,0.0892634938769914,-0.0474442593692072,-0.136707753246199,0.252921012094542
0.439037227856687,-0.238797833328511,-0.288265963440776,-0.0494681301122642,-2.32895406304095
0.680266473931787,-0.415407208056533,-0.690355824721893,-0.27494861666536,1.47685323132719
1.00190546869859,-0.577098736263037,-0.583030210928316,-0.00593147466527899,-0.635753139978091
-0.204240761676922,0.12975883625176,0.06724508432995,-0.0625137519218098,-1.76799556747355
-0.284650510368624,0.0103617045361017,0.0209539488107484,0.0105922442746468,-1.54307623034373
1.3235444634654,-0.399644430017331,-0.299220312821845,0.100424117195486,-0.482242092165179
1.3235444634654,-0.376482261942419,-0.218992240864057,0.157490021078363,0.857671117912242
1.00190546869859,-0.740777800949559,-0.917684743204739,-0.17690694225518,0.231357794238939
-0.123831012985222,0.029589909982025,-0.0310347046150106,-0.0606246145970356,-2.42297261381283
-0.284650510368624,0.0128591896545998,-0.128724136423723,-0.141583326078323,0.633057660320104
-1.32997724336074,0.762533084557798,0.950426749674605,0.187893665116807,1.82826503906554
-0.123831012985222,-0.0392362791616177,0.140358182447766,0.179594461609383,1.13820681916039
-0.686699253827128,0.521798493637669,0.480561577385564,-0.0412369162521051,0.110269793491773
-1.49079674074414,0.67214848923545,0.97009312784619,0.29794463861074,-2.16248269060663
-0.686699253827128,0.0571059368330804,0.262818246081958,0.205712309248877,0.888380443585656
0.599856725240088,-0.48644357881861,-0.682847917068172,-0.196404338249561,1.44448745461701
-0.0434212642935202,0.239689631045124,0.547736238509303,0.308046607464179,0.426821046604212
0.197807981781583,-0.123237581418938,-0.267478279703646,-0.144240698284708,0.171418661921535
0.197807981781583,0.127847793763568,-0.008957196999133,-0.136804990762701,2.06392546505909
0.278217730473283,-0.22739119547246,-0.341009451063451,-0.11361825559099,-1.07669765695135
1.7255932069239,-0.965932337758438,-0.739139281703211,0.226793056055227,1.33866875020962
0.841085971315191,-0.428849374149051,-0.489314766549316,-0.0604653924002643,-0.316069321269341
0.599856725240088,-0.154572978086076,-0.238146937555074,-0.0835739594689979,-0.523253276431628
-1.00833824859393,0.439993960106313,0.433944587491973,-0.00604937261434024,-0.912274195414056
1.7255932069239,-0.880958202990294,-0.711338108000775,0.169620094989519,3.40032563623125
0.680266473931787,-0.424031480424834,-0.384926946132019,0.0391045342928151,0.779888908726132
0.841085971315191,-0.645856085251732,-0.735937075645531,-0.0900809903937989,1.72953550084122
1.7255932069239,-1.46728824981721,-1.66775594206582,-0.200467692248606,0.702705013545851
-0.365060259060323,0.251251610909442,0.181722666967898,-0.0695289439415442,-0.266045083358548
1.00190546869859,-0.796207366182125,-0.838032341780146,-0.041824975598021,0.840237317743583
0.76067622262349,-0.580334618487296,-0.60868615866821,-0.0283515401809146,2.21365020731991
-0.123831012985222,0.130591382851775,0.00597270599784949,-0.124618676853925,-1.9017996718847
0.680266473931787,-0.14441622772499,-0.00714921511288791,0.137267012612103,0.0995501294606433
-0.284650510368624,0.359259212055287,0.0766860956760395,-0.282573116379248,-0.803206879825248
0.278217730473283,-0.204594091850751,-0.0419412498686183,0.162652841982133,0.191343611173084
-0.686699253827128,0.552755189864336,0.128275203437146,-0.42447998642719,1.79245479145725
0.197807981781583,-0.16403886779481,-0.29035876451786,-0.12631989672305,-0.507924563648232
0.599856725240088,-0.590809030240509,-0.798548811176232,-0.207739780935722,-0.474129514395896
-0.204240761676922,0.117110290185331,-0.0445520201669018,-0.161662310352233,-0.304175230038918
-0.525879756443727,0.277290042919643,0.313059572853147,0.0357695299335048,0.934633161192828
-0.84751875121053,0.476525200638534,0.25600408201664,-0.220521118621894,-0.384369108845264
-0.204240761676922,0.13387660100113,-0.0209844030358159,-0.154861004036945,0.0933324225088376
0.278217730473283,-0.101509239526261,-0.227218694419544,-0.125709454893283,-2.03707692045718
1.7255932069239,-0.659078452559068,-0.474970167990371,0.184108284568697,0.386525602555444
-0.284650510368624,0.0598623969254666,-0.16808534414339,-0.227947741068857,-1.42073652227259
0.76067622262349,-0.399419874895195,-0.35088920338499,0.048530671510205,-0.156893340868548
-0.365060259060323,0.236627474393917,-0.0223149020883276,-0.258942376482245,-1.08599769607394
-0.204240761676922,0.0336379126366637,0.15633152650818,0.122693613871516,-2.81077948118516
-0.204240761676922,0.0513845802640705,0.0586564428252849,0.00727186256121441,1.18801275377018
-0.525879756443727,0.18551230293429,0.288863032770715,0.103350729836425,-0.385538859552149
-0.84751875121053,0.493122156523828,0.534715820419179,0.0415936638953509,-0.568203304288692
-0.365060259060323,0.28136257348591,-0.0245419492948531,-0.305904522780763,-0.281011486014929
-1.41038699205244,0.635291846153975,0.698321520333942,0.063029674179967,-1.31718464198785
1.966822452999,-1.27816891332671,-1.3974804045542,-0.119311491227488,-0.595654335531321
-0.284650510368624,0.218378711739376,0.21771073688447,-0.000667974854906328,-1.24830138446189
0.197807981781583,-0.291001971940633,-0.680594587773357,-0.389592615832724,1.56618298367626
0.680266473931787,-0.463222452634557,-0.700138360537996,-0.236915907903439,-0.715080499479936
0.680266473931787,-0.358925520318281,-0.326978924539953,0.0319465957783285,-0.108980981544226
-0.686699253827128,0.270211769374015,0.343291379854975,0.0730796104809604,-1.48535618429868
-1.41038699205244,0.688169231069957,0.77360080603662,0.0854315749666632,1.73925779741848
-0.686699253827128,0.317224028993736,0.211472562637748,-0.105751466355988,-0.439064024547506
-0.204240761676922,0.0500819552276908,-0.10676319503214,-0.156845150259831,-0.054330567862132
-0.0434212642935202,0.0452391761637781,0.163387829832788,0.11814865366901,-1.20411077557706
0.278217730473283,0.0330201127063609,0.0258967127124258,-0.00712339999393508,1.96488404694111
1.3235444634654,-0.956375056863455,-1.27275068154913,-0.316375624685675,-0.299872210323929
-0.84751875121053,0.386693824096386,0.562331199979578,0.175637375883192,-0.461886979737127
-2.29489422766115,1.22865030167874,1.33078097016292,0.10213066848418,0.0906513975445149
-1.00833824859393,0.954959937131898,0.593905413050133,-0.361054524081765,-1.26397739006544
0.278217730473283,-0.208113272260025,-0.185092976037237,0.0230202962227883,0.654216507013653
0.278217730473283,-0.0775566321642681,-0.00519734333283822,0.0723592888314298,0.882823120635929
0.197807981781583,-0.123589856544904,-0.233705912341101,-0.110116055796196,-0.282593147161629
-0.84751875121053,0.788549077122925,0.687261632871456,-0.101287444251469,0.395944720916639
-2.29489422766115,1.97631019206014,1.71168559410017,-0.264624597959968,0.0761139296043574
-0.606289505135426,0.48901981533554,0.582918913005312,0.0938990976697717,0.341853634137324
1.00190546869859,-0.730171484079598,-0.720459154450655,0.00971232962894286,-1.19564010451973
1.00190546869859,-0.162757540009161,-0.274869211357537,-0.112111671348377,-0.578684571596104
2.93173943729941,-1.95880948090018,-1.99652663422746,-0.0377171533272815,2.44198770855969
-0.525879756443727,0.0588028449266859,0.0641797365739102,0.0053768916472243,-0.617403505335899
-0.284650510368624,0.358667799526565,0.220134438484874,-0.138533361041691,0.820530587772738
0.439037227856687,-0.254390312489334,-0.513808178505081,-0.259417866015746,0.107083893577395
-0.84751875121053,0.543216091370075,0.410109987316986,-0.133106104053089,0.229287739539992
0.841085971315191,-0.740092761117067,-0.763292940446023,-0.0232001793289561,1.88720334724277
-0.204240761676922,0.134158119839705,0.189173545087371,0.0550154252476661,-0.160516947925838
-0.204240761676922,0.178935440648563,0.0616922787789535,-0.117243161869609,2.38276922153242
0.599856725240088,-0.583820629095082,-0.933658851389751,-0.349838222294668,1.56845904497761
-0.204240761676922,0.120939595579707,-0.266611409784571,-0.387551005364278,0.131952788227148
0.841085971315191,-0.635134353193668,-0.878020235594611,-0.242885882400943,0.784098229019246
-0.0434212642935202,-0.0922455784705574,-0.0961157096526833,-0.00387013118212587,0.591540656301618
1.7255932069239,-1.05125699440325,-0.979611629389177,0.0716453650140707,-0.571807699640827
0.599856725240088,-0.316037471155713,-0.128542563526579,0.187494907629134,-1.86609437993387
0.680266473931787,-0.541434713197886,-0.673511033500272,-0.132076320302386,0.77271066461631
0.76067622262349,-0.393564106171831,-0.45849759998407,-0.0649334938122398,0.99249780313755
-0.365060259060323,0.424312906567134,0.292344183550146,-0.131968723016988,-0.473521671449289
-1.32997724336074,0.819835048432558,0.777701264412683,-0.042133784019875,0.0921520943390108
-0.686699253827128,0.428444236113265,0.298603094747336,-0.129841141365928,-1.10530696727282
0.680266473931787,-0.734678853774956,-1.13725660957855,-0.402577755803589,-0.531075442683627
-0.123831012985222,0.0480091281872148,0.205476635414057,0.157467507226842,-0.381075864804954
-0.686699253827128,0.495000784912561,0.315040931186162,-0.179959853726399,-0.175992636918509
-1.32997724336074,0.994285110657114,0.842535606564534,-0.15174950409258,-0.526021446187032
0.439037227856687,-0.29963957302563,-0.337311142502369,-0.0376715694767392,0.730166100102715
-2.21448447896945,1.22417979115266,1.1726868334859,-0.0514929576667538,1.17790573398057
-0.284650510368624,0.0969245683492767,0.108954621490694,0.0120300531414177,0.76632459919925
0.599856725240088,-0.216952943570508,-0.359337746820494,-0.142384803249986,-0.247469422736723
0.278217730473283,-0.277023604522731,-0.476479452888072,-0.199455848365341,1.32413328402915
-0.0434212642935202,0.0906523090205956,0.167957717508051,0.0773054084874552,-0.696684384703321
-0.365060259060323,0.225615782863381,0.355586074302072,0.129970291438691,0.975492081176361
1.8864127043073,-1.32170103392199,-1.4349861506617,-0.113285116739708,0.680851130644217
0.599856725240088,-0.331996022295772,-0.420193932058436,-0.0881979097626641,-0.579320532931549
1.2431347147737,-0.82135899103195,-0.900511997962745,-0.079153006930794,1.23916122706063
2.93173943729941,-1.51117078881549,-1.60917477791156,-0.0980039890960727,-1.92758520144578
-1.32997724336074,0.853136889515513,0.880320935718063,0.0271840462025498,0.130668921762506
1.00190546869859,-0.548911605894298,-0.524432132682379,0.0244794732119192,-0.884425467939697
0.680266473931787,-0.342603450923881,-0.645556290922594,-0.302952839998713,0.0250975677456665
1.7255932069239,-1.17420122990631,-1.15090451839387,0.0232967115124412,0.754999322953634
-0.606289505135426,0.565807647250784,0.591417921963245,0.0256102747124614,0.819250655633201
-1.00833824859393,0.454428978001204,0.449812007413546,-0.00461697058765764,-1.06744770725961
-0.84751875121053,0.483310711038247,0.316026359408104,-0.167284351630143,0.936374877836027
0.278217730473283,-0.0950760723794812,-0.27955896100767,-0.184482888628188,0.898069397842423
-0.123831012985222,0.0566920136285232,-0.303743017803413,-0.360435031431937,-1.1705884987362
-0.686699253827128,0.294680824960416,0.364351228874075,0.0696704039136585,-0.686966703309841
1.00190546869859,-0.638382020044589,-0.714123179365887,-0.0757411593212985,-0.218653952944795
0.439037227856687,-0.252204423515395,-0.504754128490682,-0.252549704975287,-1.26108929331877
0.278217730473283,-0.151444468174399,-0.256567383668627,-0.105122915494227,-2.87459343416352
-0.123831012985222,-0.0468615219988295,-0.143704430117501,-0.0968429081186715,-0.575027135257616
0.439037227856687,-0.353694328332663,-0.450390691116323,-0.0966963627836602,0.0659532004547396
-0.284650510368624,0.380662396442525,-0.138810569995153,-0.519472966437678,0.635767562555006
-1.49079674074414,1.03889254761714,1.1696989535039,0.130806405886768,0.84610388170615
-0.123831012985222,0.105460469557223,0.0674671012837057,-0.0379933682735177,-0.771530643747961
-0.204240761676922,0.131463020923966,-0.0723325831945468,-0.203795604118512,1.23140341014158
0.841085971315191,-0.53388936399464,-0.663570963680043,-0.129681599685404,-0.476381885152301
-0.123831012985222,0.0395891911487287,-0.201145589284125,-0.240734780432854,1.79839708587892
-0.123831012985222,0.0872865302967093,0.269388661294545,0.182102130997835,-0.506690299019443
-0.284650510368624,0.24616001958024,-0.00615980050628034,-0.25231982008652,-1.06933156394787
0.278217730473283,-0.232717072751607,-0.397619750585875,-0.164902677834268,-0.611111920038736
-0.686699253827128,0.414660480406873,0.271721234910648,-0.142939245496225,-0.872585885867193
-0.606289505135426,0.368713374598029,0.182949629053371,-0.185763745544659,-1.04908235594119
-0.123831012985222,0.122333375136331,0.243779496189859,0.121446121053528,1.58920191649455
-2.21448447896945,1.61360309200565,1.54952251455687,-0.0640805774487729,0.0139382997484963
0.76067622262349,-0.479882033612643,-0.376207174471741,0.103674859140902,-1.07285702138035
1.8864127043073,-1.42877107268882,-1.63298369625928,-0.204212623570458,2.00925555566222
-2.29489422766115,1.51400924820307,1.52413435396486,0.0101251057617922,0.775977192757088
1.2431347147737,-1.17308342743001,-1.37897594581166,-0.205892518381649,-1.19229554660663
-0.284650510368624,0.15770942659291,0.254500575091145,0.0967911484982341,-1.02239139431646
-0.123831012985222,0.0423046116773537,0.372108325228909,0.329803713551556,0.925650282855945
-0.284650510368624,-0.00580865603637951,0.285733816691172,0.291542472727551,-1.86390860083445
0.76067622262349,-0.308947544504339,-0.395558815847672,-0.0866112713433333,-0.758719108025093
0.439037227856687,-0.212204482155216,-0.547248836260435,-0.335044354105219,-0.0667572223333115
0.197807981781583,-0.0815265122868268,-0.0224118155958823,0.0591146966909445,0.956379242137865
1.3235444634654,-0.855334095601696,-1.04296120860805,-0.187627113006351,1.69791115022422
0.680266473931787,-0.506761645451874,-0.463099490368371,0.0436621550835031,1.1835993827479
-1.49079674074414,0.924204640718672,0.876842746109641,-0.047361894609031,0.185529425081669
1.7255932069239,-0.793396572511009,-0.874129335352685,-0.0807327628416754,1.4705274079826
0.197807981781583,-0.185629166517136,-0.2787220117468,-0.0930928452296637,-1.05134112047739
-0.204240761676922,0.357123250315454,0.471536453139872,0.114413202824417,-0.95707404147727
-1.00833824859393,0.77964696095505,0.428640936175139,-0.351006024779911,-0.217069436153619
0.599856725240088,-0.34005268815361,-0.393205993225659,-0.053153305072049,-2.79298990480125
-1.00833824859393,0.553807698471675,0.624820706363231,0.0710130078915565,0.918611836838569
0.278217730473283,-0.16519393562929,-0.164265109265604,0.000928826363685797,1.08800818447416
-0.284650510368624,0.115512880846779,0.00955150097416302,-0.105961379872616,-0.456083598627505
-0.525879756443727,0.354663703781863,0.386368797632867,0.0317050938510038,0.774155367921523
-0.284650510368624,-0.0658700701732581,0.163018486341337,0.228888556514595,0.952726049490927
0.76067622262349,-0.476588038403987,-0.495318281468092,-0.0187302430641051,1.46732835592239
-0.606289505135426,0.475726255814543,0.331260749729929,-0.144465506084614,2.35871899473323
-0.525879756443727,0.308922745376594,0.0254376493358104,-0.283485096040784,-0.445580895191888
-0.525879756443727,0.600896061703046,0.482869979731649,-0.118026081971397,0.734737259058125
-1.00833824859393,0.3900909458442,0.562342859454511,0.172251913610311,-0.665259435105259
-0.204240761676922,0.0251643220104458,0.0366764533617526,0.0115121313513067,0.54068171631192
-0.686699253827128,0.407666915495263,0.277402029295497,-0.130264886199766,0.438176655837861
1.00190546869859,-0.365322505114591,-0.154911497489831,0.21041100762476,0.100639722932824
1.8864127043073,-1.33319137541821,-1.49512571406659,-0.161934338648381,0.238913865941174
-0.84751875121053,0.336530188224948,0.432812211027948,0.0962820228029991,-0.375293004845449
0.680266473931787,-0.715644505341517,-0.759385103366907,-0.0437405980253903,-0.289921822621303
-0.123831012985222,0.0931256779913051,0.0372325906855998,-0.0558930873057052,-0.434680381993
0.197807981781583,-0.246742608056589,-0.380690964392854,-0.133948356336265,-0.495788891275009
0.841085971315191,-0.701573351498312,-0.724773158971449,-0.0231998074731368,-2.32166133755718
-0.686699253827128,0.639980713455599,0.652092126490615,0.0121114130350163,-0.693176628301388
-0.84751875121053,0.23816285550856,0.201643218357307,-0.0365196371512529,-1.4444846572507
0.197807981781583,-0.21440982337702,-0.636580641040509,-0.422170817663488,-1.05799119109943
-0.284650510368624,0.222947281296385,0.168952605468554,-0.0539946758278313,-1.28438878448058
0.278217730473283,0.0743288137677339,0.0619707128473632,-0.0123581009203707,1.41972106639456
-0.365060259060323,0.197613247904085,0.0473800963625379,-0.150233151541548,-1.77799461644554
-0.365060259060323,0.171427919425513,0.295972683596393,0.12454476417088,0.341315975107095
0.197807981781583,-0.17812745421829,-0.426706849418389,-0.248579395200099,0.209833581752894
-0.0434212642935202,-0.0160157743253209,-0.180405674004376,-0.164389899679055,-0.0978761899500578
1.8864127043073,-1.07424600239379,-1.15486038443141,-0.0806143820376246,0.787865175531727
-0.204240761676922,0.0392384543614588,-0.114443462973211,-0.15368191733467,0.999008340173684
0.680266473931787,-0.531019997027119,-0.943869870596494,-0.412849873569375,-1.72204943871819
-0.84751875121053,0.409400433225034,0.39100049070725,-0.0183999425177839,-0.540480420088855
0.197807981781583,-0.0192511992494638,0.0573329158875612,0.076584115137025,1.23165924958699
2.93173943729941,-1.74070594769127,-1.86386671827348,-0.123160770582211,0.611397886196957
1.2431347147737,-0.67192600884666,-0.66274256996826,0.00918343887839967,0.831731526309489
-2.21448447896945,1.03045888114756,1.0934516219583,0.062992740810742,-0.231439279352264
0.278217730473283,-0.146490998714536,-0.0720888067156525,0.0744021919988832,1.16827306624873
0.197807981781583,-0.103180540595642,-0.160960528822525,-0.057779988226883,1.38392779182808
-1.49079674074414,1.03560279836695,0.907609473556515,-0.127993324810436,-1.33967623804406
-0.204240761676922,0.221956786388,0.0053879439164099,-0.21656884247159,-0.471069473513782
2.93173943729941,-2.12785490916963,-2.55250646126901,-0.424651552099379,-1.19718016245053
-0.606289505135426,0.459899216819186,0.333141180035631,-0.126758036783555,0.169710630174687
-0.686699253827128,0.45272673038621,0.367752246481208,-0.084974483905002,-0.298351218475025
-0.525879756443727,0.283001928911461,0.125240265307599,-0.157761663603862,1.50191616313566
1.3235444634654,-0.853503233547053,-0.98182738978592,-0.128324156238868,0.815665356304434
0.197807981781583,-0.0633768815615713,-0.0269752888838817,0.0364015926776896,0.215806938967246
-0.606289505135426,0.257305822139978,0.297101519421855,0.0397956972818777,-0.233630992384374
-1.00833824859393,0.521065268102538,0.644986191602476,0.123920923499938,1.95876987094851
-0.525879756443727,0.385076043044333,0.262735082515328,-0.122340960529005,1.46107898580486
-0.0434212642935202,-0.00405481135374171,-0.163901409647759,-0.159846598294017,0.490925756621916
0.197807981781583,-0.0665261846958356,-0.386961084170422,-0.320434899474586,-1.99595732861537
-0.284650510368624,0.159136320200563,0.209600291123214,0.0504639709226505,-0.651198050970438
-0.606289505135426,0.250091049624317,0.565182055940669,0.315091006316352,0.180080975391278
-0.686699253827128,0.423680749652656,0.518999292687444,0.0953185430347883,-0.498737114511829
0.76067622262349,-0.185473105810317,-0.0111259169335,0.174347188876817,1.19991640300206
-0.284650510368624,0.289805467208132,0.0485704010162834,-0.241235066191849,-0.0936878113685714
1.2431347147737,-0.323082458863841,-0.229323857501802,0.0937586013620386,-0.58243610068819
1.966822452999,-0.879681628461015,-1.13596995649837,-0.256288328037352,-0.147077442287197
0.439037227856687,-0.384377711687992,-0.132911026395651,0.25146668529234,0.519943393774014
-0.84751875121053,0.412565454203478,0.370892026566826,-0.0416734276366525,0.840632858985322
-0.284650510368624,0.301916130468027,0.706274961767206,0.404358831299178,1.07227230229904
2.93173943729941,-1.66672915824263,-1.60368039312366,0.0630487651189666,-0.742894497608255
-0.204240761676922,0.136259909300521,-0.192115280599022,-0.328375189899543,0.652079239204505
-0.686699253827128,0.415442215738153,0.301420265899941,-0.114021949838212,-0.270061577060462
-0.606289505135426,0.379334689327928,0.330534942942156,-0.0487997463857719,-3.03705202498863
-1.41038699205244,0.878430448619335,0.652977957666417,-0.225452490952917,-1.47183463897776
-0.123831012985222,0.0691381481520702,0.178855377626453,0.109717229474383,0.347863565101673
-0.365060259060323,0.360362164207265,0.452070051054074,0.0917078868468091,1.34140713566486
0.680266473931787,-0.413928975931649,-0.264569823715946,0.149359152215703,0.577263065654237
0.680266473931787,-0.427819975050016,-0.427527362464103,0.000292612585913565,-0.473991073039372
-0.123831012985222,0.0962940369130557,0.188109453833212,0.091815416920156,-0.747003562922914
-1.49079674074414,0.878917307858769,0.698884440427984,-0.180032867430785,0.865098891272408
-1.41038699205244,0.55088867177605,0.664793959137446,0.113905287361396,-0.180556400897384
-0.284650510368624,0.217891883053142,0.223675773335295,0.00578389028215293,1.15002496857297
-0.606289505135426,0.343262177388586,0.173179596856685,-0.170082580531901,0.406098575793024
-0.606289505135426,0.232887433275608,0.193241652973382,-0.0396457803022256,0.410696213221003
-0.525879756443727,0.361002837587959,0.498021110795176,0.137018273207217,0.0454929473623458
0.278217730473283,-0.0746622825575574,-0.0582843595424947,0.0163779230150627,1.04099709882798
-0.525879756443727,0.138912565197064,0.0427044917584004,-0.0962080734386638,-0.195939611613127
-2.21448447896945,1.48864764357973,1.28881416850899,-0.199833475070741,-0.0689120021094574
-0.686699253827128,0.654202199891094,0.67738718426629,0.0231849843751963,1.24205347390512
-0.606289505135426,0.21678227973122,0.242130807286887,0.0253485275556672,-0.844559230841085
0.278217730473283,-0.16107100062454,-0.220731780736838,-0.059660780112298,0.0102438183018118
-0.284650510368624,0.209840659261131,0.152901596130038,-0.0569390631310932,1.91954590111404
0.76067622262349,-0.677892142129556,-0.988423342763882,-0.310531200634326,0.267611698757314
2.93173943729941,-1.88680528681065,-1.91024925373326,-0.0234439669226054,0.29594504575927
-0.686699253827128,0.801154384521179,0.392395889100115,-0.408758495421065,-1.68666072408844
0.278217730473283,-0.179826964167239,-0.427004661286063,-0.247177697118824,-0.98626476604779
0.197807981781583,-0.0221965265010895,-0.123772936466596,-0.101576409965507,-0.799627156332938
1.966822452999,-1.31165528871998,-1.44907478086944,-0.137419492149459,0.0319018272299527
-2.29489422766115,1.10483425478269,1.15692441121884,0.0520901564361544,-0.671464848736173
-0.204240761676922,0.19338512696581,0.189196510741456,-0.00418861622435415,0.104528431366437
0.197807981781583,-0.199989814574411,0.0609238927763882,0.260913707350799,0.826700044129785
2.93173943729941,-2.03420037517491,-2.10172240359777,-0.0675220284228604,-0.879422663787984
0.680266473931787,-0.426734503185147,-0.538804352540651,-0.112069849355504,-0.540575074686261
-0.204240761676922,-0.0575634361699603,-0.0300566780448819,0.0275067581250784,0.607244624362947
-0.204240761676922,0.146578329042386,0.019919600483681,-0.126658728558705,-0.0990400905842228
0.76067622262349,-0.727327594647739,-0.878085009228547,-0.150757414580808,-2.53090062552058
-2.29489422766115,1.74467584539145,1.57213387988487,-0.17254196550658,-0.368447789191826
0.76067622262349,-0.446371215711101,-0.575030902609284,-0.128659686898183,0.691388734492116
-0.525879756443727,0.190513026476829,0.0554366535252518,-0.135076372951577,0.116411720107972
-0.284650510368624,0.150714358327234,0.212672098004588,0.0619577396773542,0.253098060405492
-0.84751875121053,0.391603643275954,0.40647783099552,0.0148741877195663,0.158799940566569
0.197807981781583,-0.180634750030878,-0.45358683053584,-0.272952080504962,0.318983532945708
-0.606289505135426,0.56891923747268,0.311475545288101,-0.257443692184579,-0.28802860117372
-0.525879756443727,0.182800266567981,0.112664200754141,-0.0701360658138396,0.37036720027995
-0.284650510368624,0.266292475026265,-0.0975023772945296,-0.363794852320795,-0.474756653997017
1.00190546869859,-0.877961069951473,-1.06065899440579,-0.182697924454315,-3.77587552438785
-1.00833824859393,0.934490048796309,0.841628390890912,-0.0928616579053965,0.87012181456345
0.278217730473283,-0.356215920743751,-0.0614807655402639,0.294735155203487,0.555310745779462
0.278217730473283,-0.332715112640718,-0.130887784233527,0.201827328407191,2.05422435955594
-0.204240761676922,0.0453233479142721,0.0564848158969544,0.0111614679826823,0.19366858398529
0.197807981781583,-0.0420654333095327,0.249832069342759,0.291897502652292,-1.35429711241177
-1.32997724336074,0.696168393518077,0.920283821592862,0.224115428074784,0.799845540384782
-1.32997724336074,1.3247389588205,1.08027215616139,-0.244466802659104,-2.76406668607626
-0.284650510368624,0.275031183380972,0.399006340869244,0.123975157488272,-1.49254157930932
-0.284650510368624,0.0606658544856215,0.148717382956819,0.0880515284711977,0.0419058666752982
0.278217730473283,-0.374093435536717,-0.538114801384555,-0.164021365847838,-0.212572403058515
-0.365060259060323,0.106181685994823,0.210719763575465,0.104538077580642,-2.83382734593846
0.197807981781583,-0.0348127579825357,-0.137399075146137,-0.102586317163601,-0.67262375623469
-0.284650510368624,0.172915811513408,0.129312632826573,-0.0436031786868357,-0.165176444142163
-1.41038699205244,0.630142801939796,0.500375485716566,-0.12976731622323,-1.44205594659985
-0.284650510368624,0.233111339066646,-0.134834589606409,-0.367945928673055,-0.774005981267135
1.8864127043073,-1.4361908687526,-1.55464615491381,-0.118455286161209,-1.56346459061844
0.599856725240088,-0.0170131092209278,0.25256327072867,0.269576379949598,1.28951136811335
1.3235444634654,-0.948228486324006,-1.15315233712033,-0.204923850796324,2.02853167458673
0.197807981781583,0.00714028813413749,0.148382971386693,0.141242683252556,0.754336044493062
2.93173943729941,-1.45660856740652,-1.44564510249881,0.0109634649077086,0.46749429108913
-0.606289505135426,0.15935814589256,0.365537181588671,0.206179035696111,0.389248754521567
-0.365060259060323,0.11201799261071,0.0508415909589479,-0.0611764016517623,0.0846197452041407
0.278217730473283,-0.148331065637204,-0.217624236009691,-0.069293170372487,-1.25715289389871
1.8864127043073,-1.35439910603976,-1.62551022560697,-0.271111119567216,-0.313418509311208
-2.21448447896945,0.810346632877568,0.829268026583587,0.018921393706019,-1.61747819892502
-0.686699253827128,0.49439221226811,0.609393558112082,0.115001345843972,-0.823676372909879
0.841085971315191,-0.737977640358147,-0.737502354709764,0.000475285648382728,0.266887657769199
2.93173943729941,-1.54236436115021,-1.58901959867291,-0.0466552375226972,-0.823610204576211
-0.525879756443727,0.450546943619383,0.319979362292745,-0.130567581326638,0.0133762132292554
0.278217730473283,-0.103707280969658,-0.141982759395012,-0.0382754784253544,1.65873000899715
1.00190546869859,-0.582687294039192,-0.601284519001741,-0.018597224962549,-0.976235768498196
0.680266473931787,-0.406256795723596,-0.251120562508409,0.155136233215187,-0.208958800827129
-0.123831012985222,0.0959193379519061,0.116617454984168,0.0206981170322619,0.79451015011031
1.2431347147737,-0.474711522707683,-0.322083851544965,0.152627671162718,-0.620343076540531
0.197807981781583,-0.159655223731265,-0.102261328711702,0.0573938950195628,-0.859358591215446
1.3235444634654,-0.675460845259359,-0.71865210829421,-0.0431912630348508,-0.423496471868249
0.278217730473283,-0.257871523259915,-0.319660653786855,-0.0617891305269403,-0.662544597719121
-0.84751875121053,0.7664501577192,0.658871562398034,-0.107578595321166,-0.632279156033547
2.93173943729941,-2.30874236256739,-2.39825804308967,-0.0895156805222843,-1.42244612361597
-0.0434212642935202,-0.0782552555089992,-0.142923300689281,-0.0646680451802823,0.725611442248173
0.278217730473283,-0.1121199162629,-0.076909096957941,0.0352108193049587,1.2416380297437
-0.123831012985222,-0.105017875044156,-0.014068122941395,0.0909497521027606,0.823804475645837
0.278217730473283,-0.134003717777698,-0.322755211125541,-0.188751493347844,-2.58467001310426
-0.284650510368624,0.247997341526866,0.0609054440666084,-0.187091897460258,1.67039439380273
-0.284650510368624,0.225397201872724,0.0126606657964251,-0.212736536076299,-0.586372824668588
-1.49079674074414,1.2176925870959,0.877201191648206,-0.340491395447692,-0.0829149946596023
-0.0434212642935202,0.325933752463941,0.211342591238433,-0.114591161225508,2.40138243777038
-0.84751875121053,0.338276061374954,0.0561271705754648,-0.282148890799489,0.528116055142032
-0.606289505135426,0.593792686720707,0.275429111502285,-0.318363575218422,0.451508526941761
0.197807981781583,-0.125516559650954,-0.339440822547344,-0.21392426289639,0.555690163976088
0.197807981781583,0.011958204075084,-0.184343408876866,-0.19630161295195,-0.596692866025101
0.278217730473283,-0.343023585028428,-0.724913584000195,-0.381889998971767,-0.106283040900441
-0.525879756443727,0.283052157280418,0.144299883430921,-0.138752273849497,-0.125328799983022
1.966822452999,-1.77797046421022,-1.96514319407578,-0.187172729865555,1.00645010531927
0.278217730473283,-0.258973081492292,-0.338325933143456,-0.0793528516511632,-0.411443836118649
0.439037227856687,-0.206572088666763,-0.203178965958348,0.00339312270841555,-0.229670275009051
0.680266473931787,-0.484221837600314,-0.6887938573685,-0.204572019768186,0.173686211406492
-0.204240761676922,0.178885806192264,0.196289420576239,0.0174036143839745,2.65251865834076
1.00190546869859,-0.382943668767141,-0.402785108946773,-0.0198414401796321,-1.40114357787239
-0.525879756443727,0.162368187419093,0.162039758368607,-0.000328429050486079,-0.381694926022902
0.841085971315191,-0.622245068658667,-0.696531362869012,-0.0742862942103449,-0.41132987153911
-0.284650510368624,0.0497213301926014,-0.0670828416739564,-0.116804171866558,0.637836510961867
-0.284650510368624,0.18015112079815,0.0324318113408243,-0.147719309457326,-1.26156959761101
0.197807981781583,-0.241641277102476,-0.407773069370689,-0.166131792268212,0.635245841859415
0.278217730473283,-0.234981046592037,-0.39388210978944,-0.158901063197403,0.953410132761106
-0.525879756443727,0.290293777112622,0.281429216576412,-0.00886456053620993,0.96257507649987
-0.365060259060323,0.213688191679185,0.149229979373986,-0.0644582123051989,2.75098669059426
-0.0434212642935202,0.205915074691552,0.137066727140654,-0.0688483475508979,-1.0691524500679
0.278217730473283,-0.0680716810579597,0.0108203962682334,0.0788920773261931,0.079294248245047
-0.84751875121053,0.659884880939189,0.330861574184335,-0.329023306754854,1.2829739758419
0.841085971315191,-0.380481343968379,-0.587503442813336,-0.207022098844957,-0.747745387443631
-0.284650510368624,0.263486904605729,0.215701391398591,-0.0477855132071386,0.104249097034933
1.966822452999,-0.655913724847852,-0.543999259610628,0.111914465237224,0.559824999465325
0.76067622262349,-0.569714190697453,-0.766247902121005,-0.196533711423552,0.614627655338322
-0.204240761676922,-0.0515935887588668,-0.121359835004792,-0.0697662462459253,-0.0157241057538963
1.2431347147737,-0.522567899575348,-0.489246224471728,0.0333216751036199,0.807694906181072
-0.606289505135426,0.601148683850752,0.352453361080579,-0.248695322770173,0.895535154856518
0.278217730473283,-0.154644003246258,-0.483023297005465,-0.328379293759207,-1.42339206141524
-0.84751875121053,0.622748667699163,0.38569388956736,-0.237054778131803,0.362011365439868
-0.204240761676922,0.115905651177247,-0.225680449320537,-0.341586100497784,-0.905552102250027
-0.284650510368624,0.18678438758661,0.365652694314018,0.178868306727409,0.138908358928472
0.278217730473283,-0.306445168678883,-0.0917791010953594,0.214666067583523,-0.398389099839733
-0.365060259060323,0.156704448815098,0.198823126308982,0.0421186774938841,-0.131788105445365
-0.284650510368624,0.30825169010666,0.173428972123854,-0.134822717982805,1.57667768957094
-0.84751875121053,0.514562905295037,0.246730251142215,-0.267832654152822,-0.530625705205021
-1.32997724336074,0.889123178767309,0.857430132458268,-0.0316930463090411,1.70954130801009
-2.21448447896945,1.67517091070858,1.67880019257843,0.00362928186985689,-0.504026493489126
-0.686699253827128,0.196729807189567,0.0442367864845187,-0.152493020705048,0.576079356635075
0.278217730473283,-0.205158817352167,-0.100712246885159,0.104446570467008,-0.297390571352609
-0.606289505135426,0.336159570719446,0.527647169653141,0.191487598933694,-0.451049295112635
-0.365060259060323,0.186511779182969,0.057243435694215,-0.129268343488754,0.173370277623675
0.278217730473283,-0.218683205115844,-0.250209663699116,-0.0315264585832721,-0.710346348078477
2.93173943729941,-1.66750908481345,-1.6596461938465,0.00786289096695336,1.19806876077998
0.278217730473283,-0.120332751618397,-0.210135416709904,-0.0898026650915069,0.490457490504856
-0.204240761676922,-0.0675831457071223,-0.109276693932316,-0.0416935482251941,-2.10358674804632
-1.41038699205244,0.825317121797343,0.931816353072312,0.106499231274969,-0.902911921035664
-0.84751875121053,0.482270799722171,0.427886780279248,-0.0543840194429227,-1.4893317153901
-0.686699253827128,0.322334601214232,0.121839203729968,-0.200495397484264,-0.844107407631604
0.278217730473283,-0.0742983171657875,0.0771767107772575,0.151475027943045,-0.417628451242386
0.278217730473283,-0.0612720696393758,-0.260743474348861,-0.199471404709485,-0.257177204160293
0.76067622262349,-0.464407873722473,-0.543427516650035,-0.0790196429275616,0.279377984227399
1.00190546869859,-0.433014439585172,-0.451787158071454,-0.0187727184862813,-0.653336563086173
0.680266473931787,-0.316627643765779,-0.38249718375968,-0.0658695399939013,0.0310520298502918
-0.204240761676922,0.224719987337961,0.021226864761943,-0.203493122576018,-0.301977552657335
0.278217730473283,-0.309345979809861,-0.460880818393039,-0.151534838583178,-0.468846513618004
-1.00833824859393,0.503873661401834,0.42548741205829,-0.0783862493435444,0.107225055170051
-0.84751875121053,0.661007710925383,0.555242588038048,-0.105765122887335,-0.551559135643784
0.680266473931787,-0.387050773851927,-0.384959366345373,0.00209140750655351,1.14589277445323
-0.686699253827128,0.618223495748006,0.362774555437203,-0.255448940310802,-1.5186206121717
1.3235444634654,-0.765755782566165,-0.875899923391047,-0.110144140824882,-1.25078853940314
-2.21448447896945,0.682828148431684,0.781260433053505,0.0984322846218215,-1.0237583201924
-0.0434212642935202,-0.141392728539291,-0.0276666293772973,0.113726099161994,-0.818079920301226
0.278217730473283,-0.0895245915660487,-0.0828148784353466,0.00670971313070211,2.35116291412519
-1.00833824859393,0.766531199965037,0.562253196286575,-0.204278003678462,0.119446365548341
-0.686699253827128,0.514308908473608,0.434157706541508,-0.0801512019320997,0.223085824147816
-0.123831012985222,0.116064653368939,-0.167136968258105,-0.283201621627044,0.151139273865125
-1.41038699205244,0.89431311017335,0.67574337025544,-0.218569739917911,-0.261428594446514
-0.606289505135426,0.332851836689238,0.169479096560277,-0.16337274012896,-1.04982201041086
-0.204240761676922,0.210414479972999,0.0626310052027107,-0.147783474770289,-1.05857701094258
2.93173943729941,-2.36707934649769,-2.34694416699913,0.0201351794985638,1.35704278030766
-1.41038699205244,0.654579792046859,0.714152191639444,0.0595723995925853,2.0865945374376
0.278217730473283,-0.280989334990048,-0.51713361933964,-0.236144284349592,0.093371231030319
-0.686699253827128,0.667625377354161,0.366112777611833,-0.301512599742328,2.04632647785311
0.278217730473283,-0.0691950152365073,-0.234020986870134,-0.164825971633627,-0.237864567849397
0.197807981781583,-0.0820804869245192,-0.310280773403078,-0.228200286478559,0.534136915783581
0.680266473931787,-0.35698386477007,-0.459594022472684,-0.102610157702614,0.150629646012693
0.197807981781583,-0.13677087069803,-0.144457771041187,-0.00768690034315733,-0.70192674164642
-2.21448447896945,1.41657430006624,1.41600171489416,-0.000572585172076145,-2.26539218360831
0.599856725240088,-0.351142476238702,-0.534764550981756,-0.183622074743054,0.634102194107756
-0.204240761676922,0.066758706172255,0.00336531972363281,-0.0633933864486222,-0.144733095802115
0.439037227856687,-0.229983333814512,-0.369648110237039,-0.139664776422527,0.180875112024738
1.3235444634654,-0.786825923562682,-1.03833880366217,-0.251512880099486,-0.354553459193057
-0.525879756443727,0.274222621813387,0.101969362721408,-0.172253259091979,-1.48675246109182
-1.32997724336074,0.723019494065242,0.524913189129667,-0.198106304935574,-0.781646142455301
-2.21448447896945,1.52757432468762,1.27009616960803,-0.257478155079587,-0.585534615694175
-0.204240761676922,0.142938165275927,-0.0473622844757027,-0.19030044975163,-0.208157850855264
0.278217730473283,-0.16772491547512,-0.309811885059976,-0.142086969584856,1.14488068661848
-0.123831012985222,-0.0769533824476975,-0.332374996559217,-0.25542161411152,0.806544033010008
0.599856725240088,-0.41294670403345,-0.364328823800411,0.0486178802330395,-1.379749600462
-0.686699253827128,0.579117380095707,0.793257353572223,0.214139973476516,0.483661722184563
-0.204240761676922,0.0840657163079362,-0.011803964028282,-0.0958696803362182,-0.91567684876737
0.76067622262349,-0.491885549993091,-0.636328427087316,-0.144442877094225,-0.104503493154504
2.93173943729941,-0.965665884465245,-0.77455298215138,0.191112902313865,-0.147421151962827
-0.84751875121053,0.579480280752577,0.660878383580625,0.0813981028280478,0.373678379826326
0.680266473931787,-0.270097191326068,-0.029463794153836,0.240633397172232,-1.34854946440838
1.00190546869859,-0.942425860909441,-1.10079658251133,-0.158370721601884,-2.02676154534017
2.93173943729941,-1.81160360068531,-1.91406722389774,-0.102463623212431,-0.304119270929212
0.197807981781583,-0.160473569812254,-0.425336772659028,-0.264863202846774,-0.471054476469482
-2.29489422766115,0.717757089669336,0.712764031856022,-0.00499305781331483,0.833591848630807
-0.84751875121053,0.59521095652477,0.512566478885237,-0.0826444776395332,0.86897809436278
1.966822452999,-1.28219550027941,-1.37939584306433,-0.0972003427849242,-1.21077264533636
-1.00833824859393,0.728201893338864,0.742283814036881,0.0140819206980163,1.56598792336585
-0.365060259060323,0.293996681703869,0.341875610561036,0.0478789288571673,0.23130286804911
0.197807981781583,-0.0646335198354606,-0.0342856301267435,0.0303478897087171,1.85627190952372
-0.84751875121053,0.421146309650986,0.450988049025571,0.0298417393745848,-0.407388211676933
0.278217730473283,-0.109643640569006,-0.201943855426326,-0.0923002148573199,-0.39089928391032
1.966822452999,-1.25422119630651,-1.368084507911,-0.113863311604485,1.33226173489019
-0.123831012985222,0.112967533906419,-0.033189793211195,-0.146157327117614,0.263192789256026
-1.41038699205244,0.725216419525026,0.658230204931367,-0.0669862145936594,1.34124806411721
0.278217730473283,-0.186865663870598,-0.163138697152523,0.0237269667180753,-1.46583363365444
1.2431347147737,-0.776843253473047,-0.781095159663412,-0.00425190619036475,-0.766310349690585
-0.204240761676922,0.233835084259927,0.133194392055825,-0.100640692204103,0.411650670115843
-1.32997724336074,0.64943186781524,0.704287239864225,0.0548553720489847,2.66215697661787
-0.123831012985222,0.219773636472041,-0.0530264915932925,-0.272800128065333,-0.486799726498298
-0.204240761676922,-0.00439312588781587,-0.137173675544368,-0.132780549656552,1.4081859368372
-0.84751875121053,0.446864388966224,0.489622101731149,0.0427577127649251,2.1148923232589
-0.284650510368624,0.253070838907121,0.239620765647657,-0.0134500732594639,-2.53289202619748
0.278217730473283,-0.192228531564753,-0.463095889784874,-0.270867358220121,-0.650518556367609
-0.525879756443727,0.400193594669665,0.268163785296866,-0.132029809372799,-1.30792403376474
0.278217730473283,-0.189712990804138,-0.482412632984257,-0.292699642180119,0.0352903513627507
1.8864127043073,-0.970650406074871,-1.0531367197029,-0.0824863136280298,0.886357173390769
0.680266473931787,-0.502063934618412,-0.508437188562094,-0.00637325394368182,1.90245409723538
0.439037227856687,-0.225245856532577,-0.406118645364817,-0.180872788832239,-0.325733284525959
-0.204240761676922,0.131616813869467,-0.169100671872585,-0.300717485742052,0.696447045626732
1.2431347147737,-0.541071152674058,-0.596607973283235,-0.0555368206091778,-1.87824093937214
0.599856725240088,-0.309033573415377,-0.299330024980135,0.00970354843524107,-0.212934644452708
-0.284650510368624,0.313937195467524,0.200719632615129,-0.113217562852395,0.741153834457209
0.599856725240088,-0.555948422899698,-0.733950311936927,-0.178001889037229,-0.652021015193994
1.7255932069239,-0.826772719256248,-0.763243140249391,0.0635295790068571,0.207561978461057
-0.525879756443727,0.579566696087804,0.539898572729853,-0.039668123357951,0.513018715745709
-0.84751875121053,0.376953290367789,0.680021969918121,0.303068679550332,-0.0257310536098337
-0.686699253827128,0.237711517617082,0.20695621840778,-0.0307552992093013,-1.24090776890497
-0.84751875121053,0.561648824664084,0.36158942857687,-0.200059396087214,-0.359577953092465
-0.204240761676922,0.0993942277954896,-0.173843258184354,-0.273237485979843,-0.694763470551255
-0.686699253827128,0.563853197601937,0.429158842521312,-0.134694355080625,-1.07456313604093
0.76067622262349,-0.634354888792496,-0.650205177986046,-0.0158502891935502,2.43748639401395
-0.84751875121053,0.382811263169767,0.464954736237346,0.0821434730675791,0.55502024692451
-0.686699253827128,0.265896347231579,0.369739250434885,0.103842903203306,-0.063827824218945
-0.123831012985222,0.138910133180612,0.0757684499816175,-0.0631416831989947,-0.777529393713559
0.278217730473283,-0.154623202196328,-0.266515703281447,-0.111892501085118,-3.16851797780329
0.439037227856687,-0.184728909764813,-0.185148444193412,-0.000419534428598933,0.973240653314876
1.8864127043073,-1.40223659549726,-1.39973859876727,0.00249799672998474,1.74420640130348
-0.284650510368624,0.28210933250325,0.298587858230162,0.0164785257269121,1.14239342313899
0.599856725240088,-0.48091742235106,-0.55256469106472,-0.0716472687136608,-1.53869675626851
0.197807981781583,-0.0800126405317934,-0.11204066011771,-0.0320280195859168,1.90862933801967
-1.41038699205244,0.598775986338737,0.739300298832438,0.140524312493701,-0.926548171240736
0.197807981781583,0.0320095832885146,0.152662279979281,0.120652696690766,-0.220013319087673
-0.123831012985222,0.13985681387196,-0.0170172810925883,-0.156874094964548,-0.818523245884916
1.966822452999,-1.22333082998775,-1.24371630290697,-0.0203854729192139,-1.08163103071699
0.76067622262349,-0.272025704954111,-0.0992681835389889,0.172757521415122,0.687818123015081
2.93173943729941,-2.13081239737283,-2.22672987021526,-0.095917472842431,1.36071790152502
1.966822452999,-1.36012632036721,-1.54084452530004,-0.180718204932835,0.181350223062494
-0.525879756443727,0.178533990859473,0.0264668824617745,-0.152067108397698,0.923291966329997
0.680266473931787,-0.624469547152753,-0.775957886503735,-0.151488339350982,1.05851103169701
-0.204240761676922,0.110328392227019,0.0759250856263613,-0.0344033066006574,0.931567723678166
0.680266473931787,-0.0924703614518242,0.153360082090998,0.245830443542823,-1.22087135928438
-2.21448447896945,1.87727293895315,1.7102322094565,-0.167040729496648,0.171497377938354
1.966822452999,-0.878179849439939,-0.826966461039074,0.0512133884008648,0.61715646347902
-1.00833824859393,0.508563803532195,0.486697650492494,-0.0218661530397009,2.13051599195907
-0.204240761676922,0.165623592438498,0.096966664565479,-0.0686569278730188,-0.848464312680331
0.599856725240088,-0.431979308805239,-0.508870923500593,-0.0768916146953534,0.573960072134766
0.76067622262349,-0.605018397153876,-0.681801922892971,-0.0767835257390951,1.75440555565065
1.3235444634654,-1.34273200700845,-1.64971540818671,-0.306983401178264,-0.395337008502928
1.3235444634654,-1.14971033261987,-1.34471466441047,-0.195004331790605,-2.13019553292301
0.197807981781583,-0.184543099691526,0.0591074842261864,0.243650583917712,-2.71527996394632
0.680266473931787,-0.269189821578323,-0.087279365868035,0.181910455710288,0.657146851571922
1.3235444634654,-0.825961325374302,-0.965147478378862,-0.13918615300456,-0.447096217132123
0.278217730473283,-0.213066210917525,-0.00533254387260418,0.207733667044921,-1.70243529569412
-1.41038699205244,0.857729670065034,0.730051278543246,-0.127678391521788,1.29871223138184
1.00190546869859,-0.475495313428167,-0.356279080689252,0.119216232738915,1.25451348445725
-0.606289505135426,0.305841594113717,0.362645263570762,0.056803669457045,0.516254160885583
0.278217730473283,-0.169602329012991,-0.399716634235402,-0.230114305222411,-0.724973659051932
1.966822452999,-0.711548612333076,-0.639804645873872,0.0717439664592047,-0.296493422836263
-0.365060259060323,0.138700156573063,-0.0116395718971102,-0.150339728470173,0.542468296889069
-2.29489422766115,1.79670743593882,1.5177203362002,-0.278987099738623,-0.183045060320197
-0.284650510368624,0.159247375994718,-0.134147975439013,-0.293395351433731,-1.70391279301024
-0.284650510368624,0.203928946931228,-0.282596240506642,-0.48652518743787,2.22275329687913
1.966822452999,-1.78372010364545,-1.74730616447277,0.0364139391726783,-0.871272870773761
0.599856725240088,-0.178010997225993,-0.0702351421651178,0.107775855060875,-0.514144580515767
2.93173943729941,-1.72967450035822,-1.71456613126175,0.0151083690964664,2.56788817067577
-1.41038699205244,1.02769648126612,0.802760191867563,-0.224936289398553,1.10859674183051
-0.123831012985222,0.0751811406103707,-0.0424302549332027,-0.117611395543573,1.03547392593454
0.76067622262349,-0.381083067854668,-0.273358393493673,0.107724674360995,0.689052580619512
-0.204240761676922,0.122265682158975,-0.00847415823293521,-0.13073984039191,2.58829815033915
-0.123831012985222,0.0113059912907687,-0.201123211955954,-0.212429203246722,0.589672932502201
-2.29489422766115,1.27985920776669,1.24874115415639,-0.0311180536103046,0.616778499451582
-0.204240761676922,0.164425905844667,0.062984198950329,-0.101441706894338,0.962150065898939
-0.84751875121053,0.611144099688887,0.417354303608152,-0.193789796080736,-0.693858234938296
-0.204240761676922,0.203361693926589,0.096607467754276,-0.106754226172313,-0.321154306520163
1.7255932069239,-1.32902911357287,-1.77819485546078,-0.449165741887917,-3.42796854297932
-0.204240761676922,0.16323671357226,-0.0536498055494466,-0.216886519121707,0.944363503680125
-0.525879756443727,0.381945217779044,0.184072084091755,-0.197873133687289,0.309064820333423
-0.284650510368624,0.386401376725202,0.0175634231166481,-0.368837953608554,-0.974420362028123
0.278217730473283,-0.124569206726998,-0.133324452972386,-0.00875524624538887,0.276123544684207
0.439037227856687,-0.235465109677323,-0.449011323111851,-0.213546213434528,0.562190460941841
-2.21448447896945,1.13999759616532,1.10909799105302,-0.0308996051123012,-0.798121183980952
0.197807981781583,0.0196261816708945,0.108545864778239,0.0889196831073444,-0.886323814972248
-0.284650510368624,0.350325355305149,0.270791842587644,-0.0795335127175049,-0.287174529715596
1.966822452999,-1.49215021050177,-1.62252649597719,-0.130376285475418,0.526020405135409
-0.365060259060323,0.344090876970175,0.261445312517601,-0.0826455644525743,0.733521776468795
-0.123831012985222,-0.0189268694107463,0.187719622574901,0.206646491985647,-0.783458297009992
-1.49079674074414,0.869083889437894,0.742051107757877,-0.127032781680017,1.3613438180521
0.278217730473283,-0.31565000133008,-0.558931787501018,-0.243281786170939,-0.904633913124961
-0.84751875121053,0.773128641077082,0.478421274413899,-0.294707366663183,0.180572745248483
-0.123831012985222,0.0832909681617283,0.0154311727161032,-0.0678597954456251,-1.36602541652861
1.966822452999,-0.775896079190664,-0.624491739895322,0.151404339295341,-1.08524033979699
0.439037227856687,-0.278792705749599,-0.608582676122933,-0.329789970373334,0.108657289634076
0.841085971315191,-0.572704250893084,-0.569176028504815,0.00352822238826933,-1.04856142767782
0.841085971315191,-0.591905029787387,-0.61691657270246,-0.0250115429150725,-1.48592637507066
-0.686699253827128,0.457702146770583,0.49818323473044,0.0404810879598577,1.34344346446661
1.3235444634654,-0.844400290020605,-0.838980052550961,0.00542023746964382,0.736800678381301
-0.0434212642935202,0.114645876839404,-0.092462251444966,-0.20710812828437,0.292200661532491
-0.123831012985222,0.0373970773276418,-0.0481498478702541,-0.0855469251978959,-1.12614090700103
0.680266473931787,-0.184215244395479,-0.0347165191661876,0.149498725229291,0.169170034392427
0.680266473931787,-0.306010784219213,-0.320709835771754,-0.0146990515525408,-0.591758664789229
1.7255932069239,-1.15478745533294,-1.18776821105505,-0.0329807557221053,0.593832867549171
0.680266473931787,-0.0802943852004746,0.262978381504717,0.343272766705192,-0.685876427199309
0.197807981781583,-0.215442270804213,-0.158879089424557,0.0565631813796562,0.0546280896165525
-0.686699253827128,0.517342165765377,0.474104765270107,-0.0432374004952704,1.02798032013069
-0.123831012985222,-0.0519415430634679,-0.0965576339223637,-0.0446160908588958,0.182321778347301
-0.123831012985222,-0.0711733393390715,0.117332481157482,0.188505820496553,1.92840958534269
-0.606289505135426,0.289096089241832,0.211885555179167,-0.0772105340626646,1.00145663006801
1.7255932069239,-1.09891359545148,-1.29172418869861,-0.192810593247132,-2.56121497386163
-0.204240761676922,0.159456183105576,-0.21402417839318,-0.373480361498757,-1.57291642707767
-0.284650510368624,0.253863080413174,0.088655255729848,-0.165207824683326,-0.615819879476611
-0.204240761676922,0.174670265587738,0.0515806304419013,-0.123089635145836,-0.128461094728574
-0.84751875121053,0.568761170024323,0.64224198171285,0.0734808116885269,1.67660938393493
-0.84751875121053,0.458281101860247,0.463705484094845,0.00542438223459829,-1.4029491948284
-0.284650510368624,0.212728052091101,0.238932389700611,0.0262043376095102,0.355212373817563
-0.123831012985222,0.071999653726708,-0.117087590535441,-0.189087244262149,0.246118345165177
-0.123831012985222,0.0109577057973844,0.301339135053301,0.290381429255916,0.392067051306351
-0.365060259060323,0.179902533121652,-0.0268044214802389,-0.206706954601891,-2.62797841591712
0.599856725240088,-0.471534143145087,-0.224277599331187,0.247256543813901,1.04281093627122
0.76067622262349,-0.447891210657431,-0.441742638299249,0.00614857235818245,-0.855508037220455
1.966822452999,-1.29567358595464,-1.32357143275823,-0.0278978468035911,-0.0872247731230362
0.841085971315191,-0.655193190929612,-0.751763541573062,-0.0965703506434505,-0.89538594366693
0.197807981781583,-0.193301258446823,-0.503101192351771,-0.309799933904948,-2.01094814152863
-0.123831012985222,0.0124782040273102,0.173084850531452,0.160606646504142,0.773748855033795
-1.41038699205244,1.14861146142302,1.0777816904196,-0.0708297710034167,-1.99304301087263
-0.204240761676922,0.256200184719503,0.00907793486135924,-0.247122249858144,1.20340290812637
-1.41038699205244,0.646233996521243,0.421294706917249,-0.224939289603994,1.82229492552749
-0.525879756443727,0.330390630010839,-0.151600726542608,-0.481991356553447,-0.701518236737097
-1.00833824859393,0.542253188335706,0.663572354918679,0.121319166582973,0.49688387029106
0.599856725240088,-0.368374829210327,-0.274216181737666,0.0941586474726607,0.661239340446288
-0.284650510368624,0.207803116079066,0.0866886780788611,-0.121114438000205,-1.65971945154911
-0.284650510368624,0.216955041510674,0.100079008581983,-0.116876032928691,0.398426430902118
0.197807981781583,-0.0747374353587474,-0.209603885688271,-0.134866450329523,0.530104147459386
0.599856725240088,-0.370013412628433,-0.329932047783876,0.040081364844557,-1.52648559427393
0.680266473931787,-0.442159556057782,-0.467092918616131,-0.024933362558349,1.32623036554103
-0.204240761676922,0.20005902389473,0.0482089583367579,-0.151850065557972,-0.932816631853347
1.00190546869859,-0.678741494419101,-0.711664941550769,-0.0329234471316674,1.16013590824146
1.00190546869859,-0.510714937587309,-0.613041723550351,-0.102326785963043,0.00343191684721161
2.93173943729941,-2.01146464490772,-2.07196397992094,-0.0604993350132137,0.567341598360725
0.278217730473283,-0.124400936419258,-0.191365355731927,-0.0669644193126696,-0.618000297788831
0.439037227856687,-0.457130697500083,-0.757533940940877,-0.300403243440793,-0.0086887378235212
1.3235444634654,-0.7626637114875,-0.893223234356356,-0.130559522868857,-0.0367319834232828
-0.606289505135426,0.386189188978975,0.232884288924091,-0.153304900054884,-0.502541017662878
0.278217730473283,-0.205662744129097,-0.356566654267521,-0.150903910138424,-0.43344909917792
-0.123831012985222,-0.0530676265975972,-0.188230704902303,-0.135163078304706,0.487296792826387
0.278217730473283,0.0194256096663203,-0.0238629965184726,-0.0432886061847929,0.81318854253857
-0.606289505135426,0.512789999893951,0.327610147216166,-0.185179852677784,0.136387459209622
-1.49079674074414,0.914270075199986,0.795709361945319,-0.118560713254667,1.11030936201619
-0.686699253827128,0.273324716465965,0.174777322666085,-0.0985473937998803,2.58321508255311
-0.284650510368624,0.245416417192008,0.138756921506822,-0.106659495685186,0.154654599715432
1.966822452999,-1.05350283319162,-0.996550852400235,0.0569519807913829,-0.71476653338611
0.841085971315191,-0.550396463476241,-0.547276084776688,0.00312037869955362,2.10270237491942
