"x","df_1","df_2","df_3","df_5","df_10","df_30"
0.001,12.6093563554908,0.499750062489585,0.0126093563554908,4.20311878516359e-06,1.30143245439996e-15,3.49884388993381e-58
0.019333,2.84159599986971,0.495190035216315,0.054936575465481,0.000354029604491382,1.80151414373955e-10,3.53291442966409e-40
0.037666,2.01723384825384,0.490671616439559,0.0759811301283292,0.000953968415804549,2.57192156698865e-09,3.97425449350737e-36
0.055999,1.63930552136792,0.486194426497776,0.091799469891082,0.00171355950481023,1.24508740043781e-08,1.01509219408094e-33
0.074332,1.40987681254034,0.48175808919369,0.104798963229749,0.00259663884493123,3.83002019690412e-08,5.30227415661835e-32
0.092665,1.25121012957209,0.477362231762682,0.115943386656798,0.00358129797485072,9.16599785319755e-08,1.15037645665928e-30
0.110998,1.13279045140066,0.473006484841466,0.125737474524571,0.00465220273242611,1.86980572371895e-07,1.42708865554653e-29
0.129331,1.03986001331181,0.468690482437053,0.13448613538163,0.00579774212501386,3.41480141355439e-07,1.20197308103876e-28
0.147664,0.964290573522344,0.464413861896001,0.142391003248603,0.00700867503456726,5.75006116402822e-07,7.61941596898146e-28
0.165997,0.901185417583054,0.46017626387394,0.149594075762534,0.00827738926478447,9.099005897281e-07,3.8859684677768e-27
0.18433,0.84739384139207,0.455977332305382,0.1562001067838,0.0095974552278193,1.3708695231215e-06,1.66901133153182e-26
0.202663,0.800783509097569,0.451816714373796,0.162289188304241,0.0109633379231008,1.98485569349355e-06,6.23701146250164e-26
0.220996,0.759852309176791,0.447694060481969,0.167924320918834,0.0123702010752596,2.78091529442725e-06,2.07747030340116e-25
0.239329,0.723507055616304,0.443609024222626,0.173156220113594,0.0138137683345222,3.79009811398609e-06,6.28212606831268e-25
0.257662,0.69093037644798,0.439561262349328,0.178026502656339,0.0152902215758126,5.04533121050192e-06,1.74942911370808e-24
0.275995,0.661497041056266,0.435550434747625,0.182569875846324,0.0167961242947354,6.58130600951898e-06,4.53760994465162e-24
0.294328,0.634719385997128,0.431576204406483,0.186815687441763,0.0183283625511197,8.43436874649812e-06,1.10629592006812e-23
0.312661,0.610210583847688,0.427638237389963,0.190789051356402,0.0198840985287147,1.06424141812895e-05,2.55434888862226e-23
0.330994,0.587659242941812,0.423736202809163,0.194511683458282,0.0214607333848635,1.32447825117628e-05,5.62016385131576e-23
0.349327,0.56681142357986,0.419869772794416,0.198002534164882,0.0230558770840719,1.62821594153419e-05,1.18450385229647e-22
0.36766,0.547457638580294,0.416038622467738,0.201278275400431,0.0246673235779075,1.97964791485255e-05,2.40189887334003e-22
0.385993,0.529423282561958,0.412242429915534,0.204353681105938,0.0262930301437081,2.38308306357892e-05,4.70366519333211e-22
0.404326,0.51256146915664,0.408480876161545,0.207241928578227,0.0279311000047735,2.84293664805544e-05,8.92455989201497e-22
0.422659,0.496747590845319,0.404753645140049,0.209954839999092,0.0295797675730587,3.36372148321778e-05,1.645220732446e-21
0.440992,0.481875131843221,0.401060423669301,0.212503078141806,0.0312373858119704,3.95003940441661e-05,2.95400666888784e-21
0.459325,0.467852406296151,0.397400901425221,0.21489630652198,0.0329024153310694,4.60657300600441e-05,5.17704247822855e-21
0.477658,0.454599989193949,0.393774770915315,0.217143321638403,0.0345734149090521,5.33807764645123e-05,8.87275272632841e-21
0.495991,0.442048672400838,0.39018172745284,0.219252163072764,0.0362490332048744,6.14937371387165e-05,1.48960726187525e-20
0.514324,0.430137823344173,0.386621469131204,0.221230205853669,0.0379280014651608,7.04533914596174e-05,2.45342474082707e-20
0.532657,0.418814055736671,0.383093696798596,0.223084238486528,0.0396091270731728,8.03090219845926e-05,3.96957176180066e-20
0.55099,0.408030144471947,0.37959811403285,0.224820529302598,0.0412912878134796,9.11103445635355e-05,6.31695510793861e-20
0.569323,0.397744133323936,0.376134427116537,0.226444883216383,0.0429734267491336,0.000102907440821815,9.89776190966577e-20
0.587656,0.387918596169912,0.372702345012289,0.227962690550826,0.0446545476261121,0.00011575069295856,1.52847478798594e-19
0.605989,0.378520021418103,0.369301579338342,0.229378969259135,0.0463337107341247,0.000129690720805788,2.32840887316527e-19
0.624322,0.36951829603217,0.365931844344303,0.230698401615396,0.0480100291644424,0.000144778321094972,3.50181225911979e-19
0.642655,0.360886270619857,0.362592856887142,0.231925366245204,0.0496826654147706,0.000161064408878643,5.20333064575368e-19
0.660988,0.35259939092533,0.359284336407402,0.233063966208952,0.0513508282988409,0.000178599961055674,7.64398883116486e-19
0.679321,0.344635384044279,0.356006004905621,0.234118053724344,0.0530137701246916,0.000197435961949874,1.11091183996913e-18
0.697654,0.336973989991841,0.352757586918978,0.235091252013768,0.0546707841108044,0.000217623350892495,1.59811972607272e-18
0.715987,0.329596731059099,0.349538809498141,0.235986974680811,0.0563212020135967,0.000239212971760242,2.27687416534705e-18
0.73432,0.322486712814903,0.346349402184338,0.236808442954239,0.0579643919433857,0.000262255524421308,3.21426105952853e-18
0.752653,0.31562845173535,0.343189096986628,0.237558701083967,0.0595997563489836,0.000286801518042894,4.49813358573718e-18
0.770986,0.30900772534055,0.340057628359387,0.23824063012941,0.061226730153651,0.00031290122621459,6.24273813161474e-18
0.789319,0.302611441437785,0.33695473317999,0.238856960344231,0.062844779027316,0.000340604643842898,8.59565681709172e-18
0.807652,0.296427523650459,0.333880150726706,0.239410282331341,0.064453397781824,0.000369961445773043,1.17463281570631e-17
0.825985,0.290444810882657,0.330833622656789,0.239903057116911,0.0660521088775707,0.00040102094709513,1.59364504511092e-17
0.844318,0.284652968752512,0.327814892984773,0.240337625271184,0.0676404610312384,0.00043383206509251,2.14726211638328e-17
0.862651,0.279042411341548,0.324823708060957,0.240716215186197,0.0692180279155295,0.000468443282791086,2.87416204355225e-17
0.880984,0.273604231865418,0.321859816550101,0.241040950605723,0.0707844069428108,0.000504902614069125,3.82288085258616e-17
0.899317,0.268330141084931,0.3189229694103,0.241313857490077,0.0723392181254678,0.000543257570287912,5.0540176067199e-17
0.91765,0.263212412453337,0.31601291987206,0.241536870287805,0.0738821030065348,0.000583555128404431,6.64286631489372e-17
0.935983,0.258243833143441,0.313129423417565,0.241711837677097,0.0754127236548409,0.000625841700527996,8.68254491684008e-17
0.954316,0.25341766022155,0.31027223776013,0.241840527831989,0.0769307617195041,0.000670163104883553,1.12877010801394e-16
0.972649,0.248727581338897,0.307441122823843,0.241924633261697,0.0784359175391189,0.000716564538145118,1.45988851140965e-16
0.990982,0.24416767939849,0.304635840723392,0.241965775265675,0.079927909301443,0.000765090549103548,1.87876919837729e-16
1.009315,0.239732400729172,0.301856155744077,0.241965508041964,0.0814064722497916,0.00081578501363361,2.40627872800484e-16
1.027648,0.23541652636129,0.299101834322004,0.241925322482127,0.0828713579327043,0.000868691110925969,3.06769461572034e-16
1.045981,0.231215146051659,0.29637264502446,0.241846649682261,0.0843223334937669,0.000923851300950482,3.89352497811802e-16
1.064314,0.227123634750966,0.293668358530467,0.241730864196339,0.0857591809987542,0.000981307303117833,4.92046008363261e-16
1.082647,0.22313763124571,0.290988747611513,0.241579287055274,0.0871816967975103,0.00104110007610724,6.19247382169113e-16
1.10098,0.219253018740186,0.288333587112457,0.24139318857257,0.0885896909182094,0.00110326979882863,7.76209512869075e-16
1.119313,0.215465907172771,0.285702653932614,0.241173790955276,0.0899829864918409,0.00116785585248835,9.69187161361628e-16
1.137646,0.211772617085607,0.283095727007006,0.240922270736973,0.0913614192049448,0.00123489680372807,1.20560500205925e-15
1.155979,0.208169664888264,0.280512587287789,0.240639761047871,0.0927248367787855,0.00130443038880725,1.49425007618226e-15
1.174312,0.204653749374568,0.277953017725845,0.240327353735547,0.0940730984732993,0.00137649349880011,1.84549165642387e-15
1.192645,0.20122173936801,0.275416803252547,0.23998610134856,0.0954060746142843,0.0014511221657786,2.27153183092081e-15
1.210978,0.197870662385239,0.272903730761687,0.239617018993951,0.0967236461424191,0.00152835154995366,2.7866904419597e-15
1.229311,0.194597694219482,0.270413589091567,0.239221086078646,0.0980257041828086,0.00160821592774734,3.40772836755658e-15
1.247644,0.191400149356521,0.26794616900726,0.238799247943767,0.0993121496338511,0.00169074868076929,4.15421351331796e-15
1.265977,0.188275472145312,0.265501263183028,0.238352417400106,0.100582892774311,0.0017759822856713,5.04893428921548e-15
1.28431,0.185221228653663,0.263078666184898,0.237881476172186,0.101837852887567,0.00186394830485461,6.11836578250522e-15
1.302643,0.182235099146683,0.260678174453407,0.237387276257733,0.103076957902067,0.00195467737800466,7.39319430545426e-15
1.320976,0.179314871132207,0.25829958628649,0.236870641208738,0.104300144047118,0.00204819921442909,8.90890649628893e-15
1.339309,0.176458432923077,0.255942701822538,0.236332367339773,0.105507355523155,0.00214454258617489,1.07064496853736e-14
1.357642,0.173663767671244,0.253607323023602,0.235773224868724,0.106698544185741,0.00224373532190131,1.28329708076153e-14
1.375975,0.170928947833122,0.251293253658753,0.23519395899468,0.107873669242568,0.00234580430148567,1.53426417480485e-14
1.394308,0.168252130029607,0.249000299287593,0.234595290917321,0.109032696962783,0.00245077545133952,1.82975796520947e-14
1.412641,0.165631550267739,0.246728267243921,0.233977918801769,0.110175600398017,0.00255867374041343,2.17688714167429e-14
1.430974,0.163065519494123,0.244476966619536,0.233342518692583,0.111302359114533,0.0026695231768687,2.58377123055263e-14
1.449307,0.160552419453052,0.242246208248206,0.232689745380244,0.112412958935935,0.00278334680539526,3.05966694003501e-14
1.46764,0.158090698824812,0.240035804689765,0.232020233223247,0.113507391695922,0.00290016670515509,3.61510814186675e-14
1.485973,0.155678869621884,0.237845570214368,0.23133459692864,0.114585655000614,0.00302000398833118,4.2620607286926e-14
1.504306,0.153315503822805,0.235675320786883,0.230633432293668,0.115647751999986,0.00314287879926238,5.01409367723571e-14
1.522639,0.15099923022525,0.233524874051426,0.229917316910945,0.116693691167988,0.00326881031414496,5.88656774368167e-14
1.540972,0.148728731501553,0.231394049316044,0.229186810839412,0.117723486090943,0.00339781674128224,6.8968433190284e-14
1.559305,0.146502741441333,0.229282667537527,0.228442457243177,0.118737155263858,0.00352991532186377,8.06450907895658e-14
1.577638,0.14432004236724,0.227190551306364,0.227684783000167,0.119734721894273,0.00366512233125634,9.41163317515422e-14
1.595971,0.142179462711026,0.225117524831839,0.22691429928238,0.120716213713333,0.00380345308078928,1.09630388331736e-13
1.614304,0.140079874738228,0.22306341392726,0.226131502109421,0.121681662793749,0.00394492192001683,1.27466063459889e-13
1.632637,0.138020192410721,0.221028045995318,0.225336872876862,0.122631105374354,0.00408954223944104,1.47936035826426e-13
1.65097,0.135999369377316,0.219011250013593,0.224530878860867,0.123564581690975,0.00423732647367872,1.71390472679006e-13
1.669303,0.13401639708335,0.217012856520174,0.223713973700428,0.124482135813348,0.00438828610505665,1.98220974318579e-13
1.687636,0.132070302990968,0.215032697599427,0.222886597858465,0.125383815487823,0.00454243166761925,2.28864875781385e-13
1.705969,0.130160148902447,0.213070606867886,0.222049179062959,0.126269671985619,0.00469977275153379,2.63809932758881e-13
1.724302,0.128285029379537,0.211126419460266,0.221202132729195,0.127139759956405,0.00486031800787794,3.03599420443576e-13
1.742635,0.126444070252321,0.209199972015616,0.220345862364153,0.127994137286985,0.00502407515379547,3.4883767569688e-13
1.760968,0.124636427211616,0.207291102663592,0.219480759953984,0.128832864964883,0.00519105097800566,4.00196114717234e-13
1.779301,0.122861284479394,0.205399651010853,0.21860720633547,0.129656006946636,0.00536125134665278,4.58419760244726e-13
1.797634,0.121117853552111,0.203525458127587,0.217725571552295,0.130463630030613,0.00553468120948199,5.24334314273843e-13
1.815967,0.119405372012221,0.201668366534155,0.216836215196918,0.131255803734167,0.00571134460632863,5.98853814260779e-13
1.8343,0.117723102403518,0.199828220187859,0.215939486738774,0.132032600174978,0.00589124467390788,6.82988912907541e-13
1.852633,0.116070331166237,0.19800486446983,0.215035725839499,0.132794093956403,0.00607438365289232,7.7785582378358e-13
1.870966,0.114446367628173,0.196198146172038,0.214125262655813,0.133540362056698,0.00626076289526515,8.84685977308683e-13
1.889299,0.112850543048338,0.194407913484417,0.213208418130682,0.13427148372196,0.00645038287193704,1.00483643396992e-12
1.907632,0.111282209709905,0.19263401598211,0.212285504273325,0.134987540362644,0.00664324318061511,1.13980110408215e-12
1.925965,0.10974074005945,0.190876304612826,0.211356824428598,0.135688615453542,0.00683934255391241,1.29122282592786e-12
1.944298,0.10822552588969,0.189134631684324,0.210422673536272,0.136374794437075,0.0070386788676871,1.46090635672889e-12
1.962631,0.106735977563114,0.187408850851994,0.209483338380672,0.137046164629799,0.0072412491496003,1.65083233361234e-12
1.980964,0.105271523274093,0.185698817106565,0.208539097831139,0.137702815131988,0.00744704958788224,1.86317226453599e-12
1.999297,0.103831608347196,0.184004386761922,0.207590223073725,0.13834483674021,0.00765607554029621,2.10030461203772e-12
2.01763,0.102415694569632,0.182325417443027,0.206636977834527,0.138972321862759,0.00786832154329055,2.3648320356686e-12
2.035963,0.101023259555824,0.180661768073963,0.205679618595053,0.13958536443788,0.00808378132132873,2.65959986206349e-12
2.054296,0.0996537961423028,0.179013298866075,0.204718394799948,0.140184059854651,0.00830244779638811,2.98771585479586e-12
2.072629,0.0983068118112057,0.177379871306224,0.203753549057447,0.140768504876463,0.00852431309761801,3.35257135945796e-12
2.090962,0.0969818281407601,0.175761348145155,0.20278531733286,0.141338797566984,0.00874936857114828,3.75786390280333e-12
2.109295,0.0956783802812749,0.174157593385954,0.201813929135392,0.141895037218545,0.00897760479003923,4.20762132828784e-12
2.127628,0.0943960164552218,0.17256847227263,0.200839607698591,0.142437324282846,0.00920901156436475,4.70622755394941e-12
2.145961,0.0931342974801005,0.170993851278789,0.199862570154694,0.142965760303912,0.00944357795141994,5.25845004227496e-12
2.164294,0.0918927963128509,0.169433598096411,0.198883027703125,0.143480447853236,0.00968129226604549,5.86946907551898e-12
2.182627,0.090671097614661,0.16788758162474,0.197901185773395,0.143981490467009,0.00992214209106049,6.5449089338605e-12
2.20096,0.0894687973350849,0.166355671959259,0.196917244182629,0.144468992585399,0.0101661142877964,7.29087107781601e-12
2.219293,0.0882855023144543,0.164837740380785,0.195931397287952,0.14494305949379,0.0104131950067244,8.11396944046633e-12
2.237626,0.0871208299036275,0.163333659344645,0.194943834133934,0.145403797265926,0.0106633696981692,9.02136793930438e-12
2.255959,0.0859744076001789,0.161843302469962,0.193954738595292,0.145851312708899,0.0109166231231016,1.00208203218714e-11
2.274292,0.0848458727001836,0.160366544529037,0.192964289515046,0.146285713309918,0.0111729393640037,1.11207124638207e-11
2.292625,0.0837348719648025,0.158903261436826,0.191972660838305,0.146707107184807,0.0114323018358,1.23301072426298e-11
2.310958,0.0826410613009219,0.157453330240512,0.190980021741856,0.147115603028172,0.0116946932968463,1.36587921148785e-11
2.329291,0.0815641054551412,0.156016629109177,0.189986536759711,0.147511310065188,0.0119600958599733,1.51173295298159e-11
2.347624,0.080503677720447,0.15459303732356,0.188992365904787,0.147894338004953,0.0122284910035753,1.67171103168618e-11
2.365957,0.0794594596549471,0.153182435265921,0.18799766478684,0.148264796995359,0.0124998595827405,1.84704101897193e-11
2.38429,0.0784311408120752,0.151784704409983,0.187002584726823,0.148622797579439,0.0127741818404159,2.03904495149235e-11
2.402623,0.0774184184817092,0.150399727310978,0.18600727286778,0.148968450653134,0.0130514374186014,2.24914564979109e-11
2.420956,0.0764209974416787,0.149027387595773,0.185011872282417,0.14930186742445,0.0133316053695681,2.47887339450656e-11
2.439289,0.0754385897191641,0.147667569953099,0.18401652207747,0.149623159373943,0.0136146641670952,2.72987297656884e-11
2.457622,0.0744709143615199,0.146320160123855,0.183021357494987,0.149932438216515,0.01390059171772,3.00391113834315e-11
2.475955,0.0735176972160776,0.144985044891513,0.182026510010634,0.150229815864459,0.0141893653719964,3.30288442324546e-11
2.494288,0.0725786707185112,0.143662112072599,0.181032107429134,0.150515404391733,0.014480961935758,3.62882745193843e-11
2.512621,0.0716535736893659,0.142351250507274,0.180038273976948,0.150789315999411,0.0147753576813788,3.9839216438095e-11
2.530954,0.0707421511383778,0.141052350049986,0.179045130392282,0.151051662982289,0.0150725283590292,4.37050440303779e-11
2.549287,0.0698441540762271,0.139765301560222,0.178052794012523,0.151302557696601,0.0153724492079223,4.79107878917257e-11
2.56762,0.0689593393333885,0.138489996893332,0.177061378859195,0.151542112528815,0.0156750949675455,5.24832369277284e-11
2.585953,0.0680874693857615,0.137226328891446,0.176070995720518,0.151770439865487,0.015980439888874,5.74510453729584e-11
2.604286,0.0672283121867755,0.135974191374467,0.175081752231649,0.151987652064117,0.0162884577455623,6.28448452907077e-11
2.622619,0.0663816410056851,0.134733479131152,0.174093752952689,0.152193861425009,0.0165991218451093,6.86973647785409e-11
2.640952,0.0655472342717823,0.133504087910269,0.173107099444532,0.152389180164079,0.0169124050399942,7.50435521113241e-11
2.659285,0.0647248754242679,0.132285914411838,0.172121890342624,0.152573720386595,0.017228279738778,8.19207060602053e-11
2.677618,0.0639143527675365,0.131078856278454,0.171138221428706,0.152747594061829,0.0175467179171695,8.93686126329288e-11
2.695951,0.0631154593316421,0.129882812086681,0.1701561857006,0.152910912998573,0.0178676911290497,9.74296884878853e-11
2.714284,0.0623279927377237,0.128697681338535,0.16917587344012,0.153063788821514,0.018191170517454,1.06149131281418e-10
2.732617,0.0615517550681789,0.127523364453037,0.168197372279142,0.153206332948437,0.018517126825507,1.15575077215115e-10
2.75095,0.060786552741388,0.126359762757845,0.167220767263921,0.153338656568228,0.0188455304073081,1.25758766057147e-10
2.769283,0.0600321963907948,0.125206778480966,0.166246140917689,0.153460870619654,0.0191763512387648,1.36754713919114e-10
2.787616,0.059288500748167,0.124064314742538,0.165273573301602,0.153573085770906,0.0195095589283703,1.48620894077366e-10
2.805949,0.0585552845308601,0.122932275546691,0.164303142074083,0.153675412399877,0.0198451227279237,1.61418926135385e-10
2.824282,0.0578323703329235,0.121810565773478,0.16333492254861,0.153767960575144,0.0201830115431892,1.75214273831493e-10
2.842615,0.0571195845198904,0.120699091170889,0.162368987750008,0.153850840037663,0.0205231939444928,1.90076451803926e-10
2.860948,0.0564167571271042,0.119597758346925,0.161405408469275,0.153924160183118,0.0208656381772527,2.06079241633202e-10
2.879281,0.0557237217614383,0.118506474761752,0.160444253316996,0.153988030044938,0.0212103121724435,2.23300917489658e-10
2.897614,0.0550403155062739,0.117425148719929,0.159485588775396,0.154042558277944,0.0215571835569888,2.41824481722055e-10
2.915947,0.0543663788296079,0.116353689362699,0.158529479249059,0.154087853142618,0.0219062196640834,2.61737910731282e-10
2.93428,0.0537017554951658,0.115292006660357,0.157575987114355,0.15412402248997,0.0222573875434398,2.83134411481382e-10
2.952613,0.0530462924764038,0.114240011404685,0.156625172767632,0.154151173746986,0.0226106539714606,3.06112689008386e-10
2.970946,0.0523998398732871,0.113197615201453,0.155677094672183,0.154169413902648,0.0229659854613314,3.30777225295778e-10
2.989279,0.0517622508317366,0.112164730462997,0.154731809404043,0.154178849494502,0.023323348273035,3.57238569893857e-10
3.007612,0.051133381465643,0.111141270400857,0.153789371696645,0.154179586595764,0.0236827084232842,3.85613642668683e-10
3.025945,0.0505130907813497,0.110127149018482,0.152849834484371,0.154171730802937,0.0240440316953718,4.16026049074897e-10
3.044278,0.0499012406045103,0.109122281104009,0.151913248945017,0.154155387223947,0.0244072836489356,4.48606408355269e-10
3.062611,0.0492976955092332,0.108126582223099,0.150979664541228,0.154130660466758,0.0247724296296382,4.834926950785e-10
3.080944,0.0487023227494257,0.107139968711844,0.150049129060906,0.154097654628475,0.0251394347787591,5.20830594435512e-10
3.099277,0.0481149921922574,0.106162357669737,0.149121688656643,0.154056473284898,0.0255082640426985,5.60773871723256e-10
3.11761,0.0475355762536638,0.105193666952707,0.148197387884185,0.154007219480538,0.0258788821823909,6.0348475645383e-10
3.135943,0.046963949835816,0.104233815166216,0.147276269739978,0.153949995719066,0.0262512537826278,6.49134341535608e-10
3.154276,0.0463999902664831,0.10328272165842,0.146358375697801,0.153884903954186,0.0266253432612885,6.97902997981959e-10
3.172609,0.0458435772402214,0.102340306513389,0.145443745744522,0.153812045580927,0.0270011148784772,7.4998080561206e-10
3.190942,0.0452945927613218,0.101406490544401,0.144532418414998,0.15373152142733,0.0273785327455668,8.05568000217321e-10
3.209275,0.0447529210884542,0.100481195287277,0.143624430826149,0.15364343174653,0.027757560834146,8.64875437675877e-10
3.227608,0.0442184486809482,0.099564342993796,0.142719818710218,0.153547876209216,0.0281381629848724,9.28125075506711e-10
3.245941,0.0436910641466512,0.0986558566251598,0.141818616447245,0.153444953896462,0.0285203029162272,9.9555047236393e-10
3.264274,0.0431706581913099,0.0977556598455187,0.14092085709678,0.153334763292911,0.0289039442331732,1.06739730598089e-09
3.282607,0.0426571235694209,0.0968636770155589,0.140026572428846,0.153217402280312,0.0292890504357143,1.14392391008283e-09
3.30094,0.0421503550364994,0.095979833186146,0.139135792954182,0.153092968131393,0.029675584927356,1.22540183079592e-09
3.319273,0.0416502493027181,0.0951040540920276,0.138248547953781,0.152961557504063,0.0300635110234665,1.31211640308955e-09
3.337606,0.0411567049878667,0.0942362661455935,0.137364865507734,0.152823266435935,0.0304527919595381,1.40436734779793e-09
3.355939,0.0406696225775906,0.0933763964306918,0.136484772523417,0.152678190339154,0.0308433908993473,1.50246938977622e-09
3.374272,0.0401889043808618,0.0925243726965027,0.135608294763019,0.152526423995534,0.0312352709430147,1.60675289775517e-09
3.392605,0.0397144544886424,0.0916801233514673,0.134735456870441,0.15236806155198,0.031628395134963,1.71756454646785e-09
3.410938,0.0392461787337001,0.0908435774572721,0.133866282397569,0.1522031965162,0.0320227264717739,1.83526800163073e-09
3.429271,0.0387839846515376,0.0900146647228886,0.133000793829963,0.15203192175269,0.0324182279099418,1.96024462837048e-09
3.447604,0.0383277814423982,0.0891933154986668,0.132139012611938,0.151854329478989,0.0328148623735267,2.0928942236971e-09
3.465937,0.037877479934313,0.088379460770483,0.131280959171093,0.151670511262193,0.0332125927617033,2.23363577363266e-09
3.48427,0.0374329925471542,0.087573032153941,0.130426652942273,0.151480558015724,0.0336113819562082,2.38290823561431e-09
3.502603,0.0369942332576636,0.0867739618886256,0.129576112390992,0.151284559996342,0.0340111928286835,2.54117134679864e-09
3.520936,0.0365611175654229,0.0859821828324098,0.12872935503633,0.151082606801398,0.0344119882479185,2.70890645890394e-09
3.539269,0.0361335624597358,0.0851976284558123,0.127886397473307,0.150874787366318,0.0348137310869871,2.88661740023515e-09
3.557602,0.0357114863873937,0.084420232836408,0.127047255394765,0.150661189962309,0.0352163842302829,3.0748313655456e-09
3.575935,0.0352948092212951,0.0836499306532886,0.126211943612752,0.150441902194289,0.0356199105804515,3.27409983439809e-09
3.594268,0.0348834522298931,0.0828866571815738,0.125380476079433,0.150217010999024,0.0360242730652188,3.48499951869655e-09
3.612601,0.0344773380474438,0.082130348286973,0.124552865907534,0.149986602643474,0.0364294346441169,3.70813334006818e-09
3.630934,0.0340763906450313,0.0813809404203966,0.123729125390326,0.149750762723333,0.0368353583151077,3.94413143778461e-09
3.649267,0.0336805353023439,0.0806383706126158,0.122909266021179,0.14950957616177,0.0372420071211022,4.19365220791885e-09
3.6676,0.0332896985801797,0.0799025764689718,0.122093298512667,0.149263127208353,0.0376493441563791,4.45738337444336e-09
3.685933,0.0329038082936575,0.0791734961641331,0.121281232815266,0.149011499438157,0.0380573325728996,4.7360430929828e-09
3.704266,0.0325227934861123,0.0784510684369007,0.120473078135627,0.148754775751049,0.0384659355865205,5.03038108794327e-09
3.722599,0.0321465844036544,0.0777352325850606,0.11966884295446,0.148493038371143,0.0388751164831056,5.34117982374793e-09
3.740932,0.0317751124703713,0.0770259284602827,0.118868535044011,0.148226368846421,0.0392848386245353,5.66925571091689e-09
3.759265,0.0314083102641535,0.0763230964630678,0.118072161485173,0.14795484804852,0.0396950654546146,6.01546034773715e-09
3.777598,0.0310461114931253,0.075626677537739,0.117279728684207,0.147678556172668,0.0401057605048802,6.3806817982763e-09
3.795931,0.0306884509726623,0.0749366131674798,0.116491242389109,0.147397572737778,0.0405168874003074,6.76584590750123e-09
3.814264,0.0303352646029786,0.0742528453694171,0.115706707705616,0.147111976586684,0.0409284098649159,7.17191765427069e-09
3.832597,0.0299864893472659,0.0735753166897494,0.114926129112863,0.146821845886524,0.0413402917272763,7.59990254297802e-09
3.85093,0.0296420632103693,0.0729039701989189,0.114149510478707,0.146527258129256,0.0417524969259165,8.05084803462773e-09
3.869263,0.0293019252179828,0.0722387494868281,0.113376855074708,0.14622829013231,0.0421649895146297,8.52584501813664e-09
3.887596,0.0289660153963512,0.0715795986581002,0.112608165590793,0.145925018039368,0.0425777336676834,9.02602932265747e-09
3.905929,0.0286342747524614,0.070926462327382,0.111843444149607,0.145617517321276,0.0429906936849301,9.55258327172949e-09
3.924262,0.0283066452547107,0.0702792856146904,0.111082692320542,0.145305862777064,0.0434038339968208,1.0106737280068e-08
3.942595,0.0279830698140377,0.0696380141408012,0.110325911133476,0.144990128535096,0.0438171191693208,1.06897714938104e-08
3.960928,0.0276634922655022,0.0690025940226796,0.109573101092211,0.144670388054323,0.0442305139087294,1.13030174750431e-08
3.979261,0.0273478573503026,0.0683729718689529,0.108824262187623,0.14434671412566,0.0446439830664035,1.19478599314415e-08
3.997594,0.0270361106982164,0.0677490947754238,0.108079393910526,0.144019178873452,0.0450574916433849,1.26257384918573e-08
4.015927,0.0267281988104543,0.0671309103206261,0.107338495264271,0.143687853757053,0.0454710047949338,1.33381495286985e-08
4.03426,0.0264240690429134,0.0665183665614187,0.106601564777064,0.143352809572506,0.0458844878349673,1.40866480279493e-08
4.052593,0.0261236695898219,0.0659114120286221,0.105868600514025,0.143014116454311,0.0462979062404042,1.48728495076844e-08
4.070926,0.0258269494677605,0.0653099957226932,0.105139600088992,0.142671843877294,0.0467112256554165,1.56984319859369e-08
4.089259,0.0255338585000535,0.06471406710944,0.10441456067607,0.142326060658556,0.0471244118955891,1.65651379987849e-08
4.107592,0.0252443473015172,0.0641235761157757,0.103693479020934,0.141976834959518,0.0475374309519871,1.74747766695262e-08
4.125925,0.0249583672635568,0.0635384731255112,0.10297635145189,0.141624234288047,0.0479502489951316,1.84292258298157e-08
4.144258,0.0246758705396019,0.062958708975186,0.102263173890709,0.141268325500655,0.0483628323788861,1.94304341936447e-08
4.162591,0.0243968100308721,0.0623842349499372,0.101553941863218,0.140909174804785,0.0487751476442516,2.04804235850451e-08
4.180924,0.0241211393724626,0.0618150027794065,0.100848650509674,0.140546847761169,0.0491871615230737,2.15812912204068e-08
4.199257,0.0238488129197421,0.061250964633684,0.100147294594918,0.140181409286257,0.0495988409416608,2.2735212046299e-08
4.21759,0.0235797857350546,0.0606920731192892,0.099449868518309,0.139812923654712,0.0500101530243142,2.39444411336913e-08
4.235923,0.0233140135747165,0.0601382812751891,0.0987563663234537,0.139441454501981,0.050421065096772,2.52113161294737e-08
4.254256,0.0230514528763015,0.059589542568852,0.0980667817077229,0.139067064826923,0.0508315446895658,2.65382597661764e-08
4.272589,0.022792060746206,0.0590458108923376,0.0973811080315716,0.138689816994502,0.0512415595412925,2.79277824307949e-08
4.290922,0.0225357949474869,0.0585070405584229,0.0966993383276604,0.138309772738534,0.0516510776018006,2.93824847936299e-08
4.309255,0.0222826138879651,0.0579731862967633,0.0960214653097832,0.137926993164503,0.0520600670352931,3.0905060498049e-08
4.327588,0.0220324766085882,0.0574442032500886,0.0953474813816069,0.137541538752422,0.0524684962233465,3.24982989120862e-08
4.345921,0.0217853427720443,0.0569200469704341,0.0946773786452255,0.137153469359746,0.0528763337678476,3.41650879427923e-08
4.364254,0.0215411726516226,0.0564006734154055,0.0940111489095347,0.136762844224344,0.0532835484938481,3.59084169142528e-08
4.382587,0.0212999271203123,0.0558860389444785,0.0933487836984282,0.136369721967514,0.0536901094523387,3.77313795101915e-08
4.40092,0.0210615676401346,0.055376100315332,0.0926902742588212,0.135974160597044,0.0540959859229422,3.96371767820794e-08
4.419253,0.0208260562517025,0.0548708146802141,0.0920356115685051,0.135576217510317,0.0545011474165279,4.16291202236693e-08
4.437586,0.0205933555640015,0.0543701395823425,0.0913847863438354,0.135175949497465,0.0549055636777464,4.37106349128759e-08
4.455919,0.0203634287443863,0.0538740329523366,0.0907377890472572,0.134773412744555,0.0553092046874877,4.5885262721925e-08
4.474252,0.0201362395087877,0.0533824531046826,0.0900946098946725,0.134368662836819,0.0557120406652607,4.81566655966918e-08
4.492585,0.0199117521121251,0.0528953587342312,0.0894552388626516,0.133961754761922,0.0561140420714977,5.05286289061498e-08
4.510918,0.0196899313389184,0.0524127089127267,0.0888196656954911,0.133552742913258,0.0565151796097825,5.30050648628541e-08
4.529251,0.0194707424940954,0.0519344630853678,0.0881878799121242,0.133141681093289,0.0569154242290045,5.55900160153748e-08
4.547584,0.0192541513939895,0.0514605810674004,0.0875598708128842,0.132728622516913,0.0573147471254377,5.82876588136058e-08
4.565917,0.0190401243575223,0.0509910230407407,0.086935627486125,0.132313619814855,0.0577131197447482,6.11023072478634e-08
4.58425,0.0188286281975681,0.0505257495506297,0.0863151388147016,0.131896725037099,0.0581105137839282,6.40384165626908e-08
4.602583,0.0186196302124945,0.0500647215023179,0.0856983934823138,0.131477989656336,0.0585069011931588,6.71005870462885e-08
4.620916,0.0184130981778753,0.0496079001577803,0.0850853799797149,0.131057464571448,0.0589022541776021,7.02935678964769e-08
4.639249,0.0182090003383716,0.0491552471324616,0.08447608661079,0.130635200111007,0.059296545199124,7.36222611641069e-08
4.657582,0.018007305399777,0.0487067243920507,0.0838705014985042,0.130211246036802,0.059689746977947,7.7091725774822e-08
4.675915,0.0178079825212233,0.0482622942492851,0.083268612590726,0.129785651547388,0.0600818324942352,8.07071816300795e-08
4.694248,0.0176110013075419,0.0478219193607839,0.0826704076659257,0.129358465281652,0.0604727749896123,8.44740137883292e-08
4.712581,0.017416331801778,0.0473855627239104,0.0820758743387547,0.128929735322401,0.0608625479686122,8.83977767272492e-08
4.730914,0.0172239444778544,0.0469531876736626,0.081485000065504,0.128499509199965,0.0612511252000642,9.24841986879316e-08
4.749247,0.0170338102333799,0.0465247578795926,0.0808977721494487,0.128067833895818,0.0616384807184134,9.67391861019056e-08
4.76758,0.0168459003826003,0.046100237342754,0.0803141777460774,0.127634755846215,0.0620245888249766,1.01168828101886e-07
4.785913,0.016660186649488,0.0456795903926767,0.0797342038682108,0.12720032094584,0.0624094240891349,1.05779401117122e-07
4.804246,0.016476641160967,0.0452627816843702,0.0791578373910112,0.126764574551472,0.0627929613494637,1.10577373554224e-07
4.822579,0.0162952364402708,0.0448497761953532,0.0785850650568846,0.126327561485655,0.0631751757148015,1.15569410564337e-07
4.840912,0.0161159454004284,0.0444405392227112,0.0780158734802785,0.125889326040387,0.0635560425652564,1.20762378897521e-07
4.859245,0.015938741337878,0.0440350363801806,0.0774502491523769,0.125449911980814,0.0639355375531544,1.26163351845195e-07
4.877578,0.0157635979262033,0.043633233595259,0.076888178445695,0.125009362548932,0.064313636603927,1.31779614271494e-07
4.895911,0.0155904892099907,0.0432350971063427,0.0763296476185747,0.124567720467301,0.06469031591694,1.37618667734393e-07
4.914244,0.0154193895988039,0.0428405934598894,0.0757746428195846,0.124125027942762,0.0650655519662663,1.43688235697406e-07
4.932577,0.0152502738612746,0.0424496895076078,0.0752231500918242,0.12368132667016,0.0654393215013997,1.49996268832726e-07
4.95091,0.0150831171193046,0.0420623524036718,0.0746751553771366,0.123236657836073,0.065811601547914,1.56550950416587e-07
4.969243,0.0149178948423793,0.0416785496019611,0.0741306445202295,0.122791062122546,0.0661823694080663,1.63360701817696e-07
4.987576,0.0147545828419873,0.0412982488533259,0.0735896032727077,0.122344579710826,0.0665516026613458,1.70434188079506e-07
5.005909,0.0145931572661464,0.0409214182028777,0.0730520172970179,0.121897250285099,0.0669192791649682,1.77780323597149e-07
5.024242,0.014433594594032,0.0405480259873042,0.0725178721703085,0.121449113036232,0.0672853770543187,1.85408277889803e-07
5.042575,0.0142758716307057,0.0401780408322083,0.0719871533882056,0.12100020666551,0.0676498747433408,1.93327481469265e-07
5.060908,0.0141199655019428,0.0398114316494726,0.0714598463685065,0.120550569388382,0.0680127509248754,2.0154763180551e-07
5.079241,0.013965853649156,0.0394481676346466,0.070935936454793,0.120100238938193,0.0683739845709479,2.10078699389968e-07
5.097574,0.0138135138244125,0.0390882182643586,0.0704154089199658,0.119649252569929,0.0687335549330066,2.18930933897294e-07
5.115907,0.0136629240855437,0.038731553293751,0.0698982489697018,0.119197647063947,0.0690914415421112,2.28114870446332e-07
5.13424,0.013514062791345,0.0383781427539389,0.0693844417458354,0.118745458729713,0.0694476242090729,2.37641335961026e-07
5.152573,0.0133669085968632,0.0380279569494918,0.0688739723296654,0.118292723409527,0.0698020830245475,2.47521455631967e-07
5.170906,0.0132214404487704,0.0376809664559387,0.0683668257451897,0.117839476482252,0.070154798359081,2.57766659479282e-07
5.189239,0.0130776375808222,0.0373371421172958,0.067862986962268,0.117385752867031,0.07050575086311,2.68388689017557e-07
5.207572,0.0129354795093981,0.0369964550436161,0.0673624408997151,0.116931587027004,0.0708549214669153,2.79399604023461e-07
5.225905,0.0127949460291232,0.0366588766085625,0.0668651724283253,0.116477012973016,0.0712022913805326,2.90811789406733e-07
5.244238,0.0126560172085687,0.036324378447002,0.0663711663738297,0.11602206426732,0.0715478420936176,3.02637962185187e-07
5.262571,0.012518673386029,0.0359929324526229,0.0658804075197879,0.115566774027273,0.0718915553752699,3.14891178564355e-07
5.280904,0.012382895165376,0.0356645107755724,0.0653928806104148,0.115111174929021,0.0722334132738126,3.27584841122408e-07
5.299237,0.0122486634119863,0.0353390858201171,0.064908570353344,0.114655299211181,0.0725733981165311,3.40732706100942e-07
5.31757,0.0121159592487414,0.0350166302423241,0.0644274614223298,0.114199178678513,0.0729114925093712,3.5434889080223e-07
5.335903,0.0119847640520991,0.0346971169477634,0.0639495384598877,0.113742844705577,0.0732476793365966,3.68447881093519e-07
5.354236,0.0118550594482342,0.034380519089231,0.0634747860798757,0.11328632824039,0.0735819417604064,3.83044539018925e-07
5.372569,0.0117268273092475,0.0340668100644935,0.0630031888700168,0.112829659808066,0.0739142632205145,3.98154110519484e-07
5.390902,0.0116000497494416,0.0337559635140529,0.0625347313943645,0.112372869514447,0.0742446274336904,4.1379223326187e-07
5.409235,0.0114747091216617,0.033447953318931,0.062069398195712,0.111915987049727,0.0745730183932631,4.2997494457632e-07
5.427568,0.0113507880137009,0.0331427535984756,0.0616071737979464,0.111459041692057,0.074899420368587,4.46718689504231e-07
5.445901,0.0112282692447675,0.0328403387081854,0.0611480427083485,0.111002062311146,0.0752238179044731,4.64040328955945e-07
5.464234,0.0111071358620148,0.0325406832375553,0.0606919894198406,0.110545077371845,0.075546195820584,4.81957147979153e-07
5.482567,0.01098737113713,0.0322437620079413,0.0602389984131813,0.11008811493772,0.0758665392107944,5.00486864138388e-07
5.5009,0.0108689585629824,0.0319495500704448,0.0597890541591099,0.109631202674616,0.0761848334425174,5.19647636006017e-07
5.519233,0.0107518818503298,0.0316580227038165,0.0593421411204412,0.109174367854199,0.0765010641559973,5.39458071765158e-07
5.537566,0.0106361249245808,0.0313691554123788,0.058898243754111,0.108717637357493,0.0768152172635702,5.59937237924902e-07
5.555899,0.0105216719226131,0.0310829239239678,0.0584573465131739,0.108261037678399,0.0771272789488914,5.81104668148217e-07
5.574232,0.0104085071896458,0.0307993041878938,0.0580194338487537,0.107804594927202,0.0774372356661328,6.02980372192887e-07
5.592565,0.0102966152761654,0.0305182723729203,0.0575844902119482,0.107348334834061,0.077745074139148,6.25584844965828e-07
5.610898,0.0101859809349035,0.030239804865262,0.0571525000556882,0.106892282752487,0.0780507813606082,6.48939075691082e-07
5.629231,0.0100765891178659,0.0299638782665998,0.0567234478365533,0.106436463662803,0.0783543445911081,6.73064557191805e-07
5.647564,0.009968424973412,0.0296904693921157,0.0562973180165426,0.105980902175592,0.0786557513582432,6.97983295286496e-07
5.665897,0.00986147384338342,0.0294195552685441,0.0558740950648046,0.10552562253513,0.0789549894556578,7.23717818299751e-07
5.68423,0.00975572126028043,0.0291511131322415,0.0554537634593239,0.105070648622798,0.0792520469420671,7.50291186687764e-07
5.702563,0.00965115294448613,0.0288851204272742,0.0550363076885677,0.104616003960481,0.0795469121402501,7.7772700277878e-07
5.720896,0.0095477548015367,0.0286215548035225,0.0546217122530921,0.104161711713955,0.0798395736360174,8.06049420628709e-07
5.739229,0.00944551291943725,0.0283603941148028,0.0542099616671089,0.103707794696253,0.0801300202771527,8.3528315599206e-07
5.757562,0.0093444135660222,0.0281016164170074,0.0538010404600139,0.103254275371013,0.0804182411723287,8.65453496408343e-07
5.775895,0.00924444318635935,0.0278451999662597,0.053394933177877,0.102801175855811,0.0807042256899986,8.96586311404085e-07
5.794228,0.00914558840019691,0.0275911232170878,0.0529916243848962,0.102348517925483,0.0809879634572633,9.28708062810534e-07
5.812561,0.00904783599945253,0.027339364820614,0.0525910986648138,0.101896323015416,0.0812694443587145,9.6184581519716e-07
5.830894,0.00895117294574355,0.0270899036227608,0.0521933406222984,0.101444612224839,0.0815486585352562,9.96027246421001e-07
5.849227,0.00885558636795783,0.0268427186624735,0.0517983348842909,0.100993406320079,0.0818255963829016,1.03128065829189e-06
5.86756,0.00876106355986417,0.0265977891699592,0.0514060661013166,0.100542725737814,0.08210024855155,1.0676349873536e-06
5.885893,0.00866759197776175,0.026355094564941,0.051016518948764,0.100092590588299,0.0823726059437411,1.10511981578082e-06
5.904226,0.00857515923816772,0.0261146144549296,0.05062967812813,0.0996430206585789,0.0826426597133889,1.14376538239206e-06
5.922559,0.00848375311554237,0.0258763286335088,0.0502455283682335,0.0991940354156788,0.0829104012644956,1.18360259377829e-06
5.940892,0.00839336154005098,0.0256402170786386,0.0498640544263966,0.0987456540097813,0.083175822249845,1.22466303554734e-06
5.959225,0.0083039725953619,0.0254062599509722,0.0494852410895955,0.0982978952773817,0.0834389145696771,1.26697898368387e-06
5.977558,0.00821557451647997,0.0251744375921894,0.049109073175581,0.0978507777444265,0.0836996703703438,1.31058341602486e-06
5.995891,0.00812815568761469,0.0249447305233443,0.0487355355339677,0.0974043196294324,0.0839580820429468,1.35551002385037e-06
6.014224,0.00804170464008264,0.0247171194432293,0.0483646130472964,0.0969585388465877,0.084214142221957,1.40179322358949e-06
6.032557,0.00795621005024328,0.0244915852267525,0.0479962906320655,0.0965134530088337,0.0844678437838174,1.44946816864122e-06
6.05089,0.00787166073746767,0.0242681089233315,0.0476305532397357,0.0960690794309282,0.0847191798455288,1.49857076131005e-06
6.069223,0.00778804566213946,0.0240466717553004,0.047267385857707,0.0956254351324901,0.0849681437632196,1.54913766485599e-06
6.087556,0.00770535392368759,0.0238272551163323,0.0469067735102679,0.0951825368410242,0.0852147291306995,1.60120631565877e-06
6.105889,0.00762357475865006,0.0236098405698761,0.046548701259519,0.0947404009949279,0.0854589297779983,1.6548149354959e-06
6.124222,0.00754269753876825,0.0233944098476069,0.0461931542062704,0.094299043746478,0.0857007397698898,1.71000254393431e-06
6.142555,0.00746271176911126,0.0231809448478915,0.0458401174909132,0.0938584809647988,0.085940153404401,1.76680897083507e-06
6.160888,0.00738360708622959,0.0229694276342668,0.0454895762942668,0.093418728238811,0.0861771652113079,1.82527486897098e-06
6.179221,0.00730537325633787,0.0227598404339334,0.0451415158384014,0.0929798008801608,0.0864117699506175,1.88544172675648e-06
6.197554,0.00722800017352589,0.0225521656362615,0.0447959213874361,0.0925417139261301,0.0866439626110374,1.94735188108951e-06
6.215887,0.00715147785799751,0.022346385791312,0.0444527782483146,0.0921044821425272,0.086873738408432,2.01104853030485e-06
6.23422,0.007075796454337,0.0221424836083692,0.0441120717715568,0.0916681200265583,0.0871010927842674,2.07657574723843e-06
6.252553,0.00700094622980219,0.0219404419544891,0.0437737873519884,0.091232641809679,0.0873260214040443,2.14397849240207e-06
6.270886,0.00692691757264415,0.0217402438530589,0.0434379104294482,0.0907980614604269,0.0875485201557197,2.21330262726818e-06
6.289219,0.00685370099045273,0.0215418724823708,0.0431044264894741,0.0903643926872347,0.0877685851481177,2.28459492766374e-06
6.307552,0.00678128710852757,0.021345311174209,0.0427733210639673,0.0899316489412231,0.08798621270933,2.35790309727308e-06
6.325885,0.00670966666827423,0.0211505434124484,0.042444579731836,0.0894998434189751,0.0882013993851067,2.4332757812487e-06
6.344218,0.00663883052562484,0.0209575528316673,0.0421181881196186,0.0890689890652901,0.0884141419372371,2.51076257992956e-06
6.362551,0.00656876964948293,0.0207663232157723,0.0417941319020873,0.0886390985759191,0.0886244373419212,2.59041406266619e-06
6.380884,0.00649947512019202,0.0205768384966354,0.0414723968028313,0.0882101844002792,0.088832282788133,2.67228178175178e-06
6.399217,0.00643093812802753,0.0203890827527444,0.0411529685948219,0.0877822587441503,0.089037675675975,2.75641828645864e-06
6.41755,0.00636314997171159,0.0202030402078645,0.0408358331009577,0.0873553335723504,0.089240613615025,2.84287713717915e-06
6.435883,0.00629610205695036,0.020018695229713,0.0405209761945919,0.0869294206113929,0.0894410944226746,2.93171291967055e-06
6.454216,0.00622978589499357,0.019836032328646,0.0402083838000418,0.0865045313521235,0.0896391161224612,3.02298125940256e-06
6.472549,0.00616419310121563,0.0196550361563564,0.0398980418930801,0.086080677052338,0.0898346769423929,3.11673883600719e-06
6.490882,0.00609931539371833,0.0194756915045847,0.0395899365014092,0.08565786873938,0.0900277753132665,3.21304339782964e-06
6.509215,0.00603514459195437,0.0192979833038408,0.0392840537051183,0.0852361172127205,0.0902184098669799,3.31195377657959e-06
6.527548,0.00597167261537165,0.0191218966221378,0.038980379637124,0.0848154330465165,0.0904065794348379,3.41352990208177e-06
6.545881,0.00590889148207775,0.0189474166637378,0.0386789004835946,0.0843958265921509,0.0905922830458538,3.51783281712497e-06
6.564214,0.00584679330752446,0.018774528767908,0.0383796024843584,0.0839773079807534,0.0907755199250442,3.62492469240847e-06
6.582547,0.00578537030321187,0.0186032184076892,0.0380824719332964,0.0835598871257014,0.0909562894917207,3.73486884158477e-06
6.60088,0.00572461477541168,0.0184334711886752,0.0377874951787194,0.0831435737251019,0.0911345913577757,3.84772973639777e-06
6.619213,0.00566451912390958,0.0182652728478033,0.0374946586237309,0.082728377264254,0.091310425325965,3.96357302191512e-06
6.637546,0.00560507584076616,0.0180986092521556,0.0372039487265741,0.0823143070180924,0.0914837913881864,4.08246553185373e-06
6.655879,0.00554627750909617,0.0179334663977716,0.0369153520009655,0.0819013720536114,0.0916546897237543,4.20447530399738e-06
6.674212,0.00548811680186575,0.0177698304084718,0.036628855016414,0.0814895812322702,0.091823120697672,4.32967159570509e-06
6.692545,0.00543058648070746,0.0176076875346914,0.0363444443985263,0.0810789432123784,0.0919890848589003,4.45812489950921e-06
6.710878,0.00537367939475261,0.017447024152325,0.0360621068292986,0.0806694664514633,0.092152582938624,4.589906958802e-06
6.729211,0.00531738847948077,0.017287826761582,0.0357818290473952,0.0802611592086172,0.0923136158485158,4.72509078360931e-06
6.747544,0.00526170675558609,0.0171300819858522,0.0355035978484144,0.0798540295468272,0.0924721846789989,4.86375066645032e-06
6.765877,0.00520662732786023,0.0169737765705818,0.035227400085141,0.0794480853352845,0.0926282906975067,5.00596219828181e-06
6.78421,0.00515214338409144,0.0168188973821598,0.034953222667787,0.0790433342516758,0.0927819353467426,5.15180228452581e-06
6.802543,0.00509824819397983,0.0166654314068142,0.0346810525642202,0.078639783784456,0.0929331202429371,5.3013491611792e-06
6.820876,0.00504493510806825,0.0165133657495188,0.0344108768001801,0.0782374412351018,0.0930818471741055,5.45468241100373e-06
6.839209,0.00499219755668869,0.0163626876329096,0.0341426824594833,0.0778363137203468,0.0932281180983038,5.61188297979543e-06
6.857542,0.00494002904892399,0.0162133843962109,0.0338764566842163,0.0774364081743981,0.0933719351418853,5.77303319273148e-06
6.875875,0.00488842317158442,0.0160654434941719,0.033612186674918,0.077037731351134,0.0935133005977562,5.93821677079352e-06
6.894208,0.00483737358819909,0.0159188524960125,0.0333498596907509,0.0766402898262841,0.0936522169236323,6.10751884726561e-06
6.912541,0.00478687403802184,0.0157735990843784,0.0330894630496615,0.0762440899995901,0.0937886867402954,6.2810259843054e-06
6.930874,0.00473691833505136,0.0156296710543065,0.0328309841285308,0.0758491380969489,0.0939227128298505,6.45882618958702e-06
6.949207,0.00468750036706542,0.0154870563121996,0.0325744103633136,0.0754554401725372,0.0940542981339848,6.64100893301404e-06
6.96754,0.00463861409466882,0.0153457428748096,0.0323197292491688,0.0750630021109179,0.094183445752227,6.82766516350092e-06
6.985873,0.00459025355035499,0.0152057188682309,0.0320669283405791,0.0746718296291287,0.0943101589402074,7.01888732582138e-06
7.004206,0.00454241283758094,0.015066972526903,0.0318159952514614,0.0742819282787526,0.0944344411079218,7.21476937752184e-06
7.022539,0.00449508612985535,0.0149294921926215,0.0315669176552682,0.0738933034479699,0.0945562958179949,7.41540680589858e-06
7.040872,0.00444826766983961,0.0147932663135585,0.031319683285079,0.0735059603635936,0.0946757267839477,7.62089664503649e-06
7.059205,0.00440195176846164,0.0146582834432923,0.0310742799336833,0.0731199040930855,0.0947927378684654,7.83133749290803e-06
7.077538,0.00435613280404213,0.0145245322398452,0.0308306954536547,0.0727351395465562,0.0949073330816697,8.0468295285305e-06
7.095871,0.00431080522143323,0.0143920014647309,0.0305889177574166,0.0723516714787458,0.0950195165793923,8.26747452917975e-06
7.114204,0.0042659635311693,0.0142606799820098,0.0303489348172988,0.0719695044909888,0.0951292926614522,8.49337588765869e-06
7.132537,0.0042216023086297,0.0141305567573534,0.0301107346655867,0.07158864303316,0.0952366657699359,8.72463862961856e-06
7.15087,0.00417771619321317,0.0140016208571176,0.0298743053945622,0.0712090914056044,0.0953416404874808,8.96136943093135e-06
7.169203,0.00413429988752396,0.0138738614474231,0.0296396351565364,0.0708308537610488,0.0954442215355625,9.20367663511111e-06
7.187536,0.00409134815656925,0.013747267793246,0.0294067121638752,0.0704539341064969,0.0955444137727856,9.45167027078274e-06
7.205869,0.0040488558269678,0.013621829257515,0.0291755246890166,0.0700783363051065,0.0956422221931779,9.70546206919571e-06
7.224202,0.0040068177861696,0.0134975353002183,0.028946061064482,0.069704064078051,0.09573765192449,9.96516548178137e-06
7.242535,0.00396522898168648,0.0133743754775176,0.0287183096828787,0.0693311210063626,0.0958307082264979,1.02308956977514e-05
7.260868,0.0039240844203333,0.0132523394408703,0.0284922589968966,0.0689595105327596,0.0959213964893106,1.05027696617354e-05
7.279201,0.00388337916747974,0.0131314169361608,0.0282678975192977,0.0685892359634564,0.0960097222316824,1.07809060914562e-05
7.297534,0.00384310834631241,0.0130115978028379,0.0280452138228986,0.0682203004699575,0.0960956910993296,1.10654254954397e-05
7.315867,0.0038032671371072,0.0128928719730617,0.027824196540547,0.0678527070908341,0.0961793088632527,1.13564501907585e-05
7.3342,0.00376385077651163,0.0127752294708576,0.0276048343650916,0.0674864587334849,0.0962605814180634,1.16541043208059e-05
7.352533,0.00372485455683713,0.0126586604112777,0.0273871160493453,0.0671215581758804,0.0963395147803165,1.19585138730992e-05
7.370866,0.00368627382536103,0.0125431549995707,0.0271710304060435,0.0667580080682908,0.0964161150868482,1.22698066971094e-05
7.389199,0.00364810398363815,0.0124287035303583,0.026956566307795,0.0663958109349976,0.096490388593119,1.2588112522116e-05
7.407532,0.00361034048682184,0.0123152963868205,0.0267437126870284,0.0660349691759895,0.096562341671563,1.29135629750829e-05
7.425865,0.00357297884299427,0.0122029240398866,0.0265324585359317,0.065675485068642,0.0966319808099426,1.32462915985563e-05
7.444198,0.00353601461250593,0.0120915770474354,0.0263227929063874,0.0653173607693811,0.0966993126097093,1.35864338685783e-05
7.462531,0.00349944340732411,0.0119812460535012,0.0261147049099018,0.0649605983153315,0.0967643437843713,1.39341272126182e-05
7.480864,0.00346326089039028,0.011871921787488,0.0259081837175286,0.0646051996259485,0.0968270811578664,1.42895110275154e-05
7.499197,0.00342746277498616,0.0117635950633904,0.0257032185597879,0.0642511665046353,0.0968875316629418,1.46527266974344e-05
7.51753,0.00339204482410851,0.0116562567790217,0.0254997987265804,0.0638985006403434,0.0969457023395405,1.5023917611828e-05
7.535863,0.00335700284985223,0.0115498979152493,0.025297913567096,0.0635472036091589,0.0970016003331944,1.54032291834074e-05
7.554196,0.003322332712802,0.0114445095352366,0.0250975524897181,0.0631972768758727,0.0970552328934238,1.57908088661152e-05
7.572529,0.003288030321432,0.0113400827836923,0.0248987049619232,0.0628487217955357,0.0971066073721444,1.61868061731012e-05
7.590862,0.0032540916315138,0.011236608886126,0.0247013605101761,0.0625015396149988,0.0971557312220803,1.65913726946968e-05
7.609195,0.0032205126455322,0.0111340791481115,0.0245055087198204,0.062155731474438,0.0972026119951861,1.7004662116386e-05
7.627528,0.00318728941210901,0.0110324849545556,0.024311139234965,0.0618112984088647,0.0972472573410735,1.74268302367714e-05
7.645861,0.0031544180254344,0.0109318177689747,0.0241182417583659,0.0614682413496204,0.097289675005448,1.78580349855312e-05
7.664194,0.00312189462470611,0.0108320691327772,0.0239268060513048,0.061126561125858,0.0973298728285507,1.82984364413663e-05
7.682527,0.00308971539357595,0.010733230664553,0.0237368219334629,0.0607862584660069,0.0973678587436098,1.87481968499343e-05
7.70086,0.00305787655960388,0.0106352940593692,0.0235482792827911,0.060447333999225,0.0974036407752979,1.9207480641767e-05
7.719193,0.00302637439371925,0.0105382510880719,0.0233611680353769,0.0601097882568351,0.0974372270381981,1.9676454450171e-05
7.737526,0.00299520520968934,0.0104420935965955,0.0231754781853067,0.0597736216737478,0.0974686257352779,2.01552871291068e-05
7.755859,0.00296436536359484,0.0103468135052769,0.0229911997845253,0.0594388345898696,0.0974978451563705,2.06441497710447e-05
7.774192,0.00293385125331248,0.0102524028081767,0.0228083229426918,0.0591054272514971,0.0975248936766648,2.11432157247953e-05
7.792525,0.00290365931800436,0.0101588535724068,0.0226268378270319,0.0587733998126973,0.0975497797552028,2.16526606133113e-05
7.810858,0.00287378603761417,0.0100661579374637,0.0224467346621869,0.0584427523366734,0.0975725119333858,2.21726623514582e-05
7.829191,0.00284422793237002,0.00997430811456785,0.02226800373006,0.0581134847971174,0.0975930988334887,2.27034011637516e-05
7.847524,0.00281498156229386,0.00988329638600929,0.0220906353696586,0.0577855970795482,0.0976115491571822,2.32450596020578e-05
7.865857,0.0027860435267174,0.0097931151044993,0.0219146199769347,0.0574590889826373,0.0976278716840642,2.37978225632562e-05
7.88419,0.00275741046380434,0.00970375669252767,0.0217399480046215,0.057133960219519,0.097642075270199,2.43618773068593e-05
7.902523,0.00272907905007901,0.00961521364172611,0.0215666099620675,0.0568102104190892,0.0976541688466653,2.4937413472589e-05
7.920856,0.00270104599996109,0.00952747851223725,0.0213945964150678,0.0564878391272894,0.0976641614181134,2.55246230979057e-05
7.939189,0.00267330806530651,0.0094405439320896,0.0212238979856927,0.0561668458083779,0.0976720620613299,2.61237006354875e-05
7.957522,0.00264586203495433,0.00935440259657806,0.0210545053521139,0.055847229846188,0.097677879923812,2.67348429706579e-05
7.975855,0.00261870473427961,0.00926904726765015,0.0208864092484277,0.0555289905453727,0.0976816242223509,2.73582494387571e-05
7.994188,0.00259183302475202,0.00918447077329785,0.0207196004644763,0.055212127132637,0.0976833042416231,2.79941218424569e-05
8.012521,0.00256524380350037,0.00910066600695496,0.0205540698456666,0.0548966387579568,0.0976829293327912,2.86426644690134e-05
8.030854,0.00253893400288265,0.00901762592689994,0.0203898082927862,0.054582524495785,0.0976805089121141,2.93040841074583e-05
8.049187,0.00251290059006181,0.00893534355566429,0.0202268067618179,0.0542697833462455,0.0976760524595653,2.99785900657224e-05
8.06752,0.00248714056658696,0.00885381197944619,0.0200650562637516,0.0539584142363138,0.0976695695174608,3.06663941876908e-05
8.085853,0.00246165096798006,0.00877302434752965,0.0199045478643945,0.0536484160209858,0.0976610696890965,3.1367710870187e-05
8.104186,0.00243642886332798,0.00869297387170879,0.0197452726841785,0.0533397874844339,0.0976505626373939,3.20827570798816e-05
8.122519,0.00241147135487979,0.00861365382571752,0.0195872218979668,0.0530325273411505,0.097638058083556,3.28117523701248e-05
8.140852,0.00238677557764932,0.00853505754466433,0.0194303867348576,0.0527266342370798,0.0976235658057313,3.35549188976974e-05
8.159185,0.00236233869902283,0.00845717842447231,0.0192747584779866,0.0524221067507371,0.0976070956376885,3.43124814394807e-05
8.177518,0.00233815791837173,0.00838000992132419,0.0191203284643274,0.0521189433943165,0.0975886574674994,3.5084667409039e-05
8.195851,0.00231423046667031,0.00830354555111251,0.0189670880844903,0.0518171426147861,0.0975682612362316,3.58717068731149e-05
8.214184,0.00229055360611839,0.00822777888889483,0.01881502878252,0.0515167027949717,0.0975459169366508,3.66738325680324e-05
8.232517,0.00226712462976882,0.00815270356835383,0.0186641420556905,0.051217622254629,0.0975216346119322,3.74912799160059e-05
8.25085,0.00224394086115974,0.00807831328126237,0.0185144194542999,0.0509198992515033,0.0974954243543814,3.8324287041353e-05
8.269183,0.00222099965395161,0.00800460177695347,0.0183658525814626,0.0506235319823788,0.0974672963041652,3.91730947866059e-05
8.287516,0.00219829839156882,0.00793156286179508,0.0182184330929009,0.0503285185841152,0.0974372606480513,4.00379467285214e-05
8.305849,0.00217583448684595,0.00785919039866969,0.0180721526967349,0.0500348571346743,0.0974053276181584,4.09190891939845e-05
8.324182,0.00215360538167846,0.00778747830645859,0.017927003153271,0.0497425456541339,0.0973715074907146,4.1816771275804e-05
8.342515,0.00213160854667799,0.00771642055953097,0.0177829762747893,0.0494515821056913,0.0973358105848268,4.27312448483962e-05
8.360848,0.00210984148083186,0.00764601118723757,0.0176400639253301,0.0491619643966562,0.0972982472612589,4.36627645833552e-05
8.379181,0.00208830171116708,0.007576244273409,0.0174982580204787,0.048873690379431,0.0972588279212194,4.46115879649054e-05
8.397514,0.00206698679241851,0.00750711395585868,0.0173575505271495,0.0485867578524818,0.0972175630051598,4.55779753052344e-05
8.415847,0.00204589430670127,0.00743861442589019,0.017217933463369,0.0483011645612978,0.0971744629915808,4.65621897597029e-05
8.43418,0.00202502186318737,0.00737073992780925,0.0170793988980576,0.0480169081993399,0.0971295383958505,4.75644973419293e-05
8.452513,0.00200436709778632,0.00730348475844009,0.0169419389508111,0.0477339864089791,0.0970827997690302,4.85851669387455e-05
8.470846,0.00198392767282987,0.00723684326664619,0.0168055457916802,0.0474523967824238,0.0970342576967109,4.96244703250208e-05
8.489179,0.00196370127676072,0.00717080985285553,0.0166702116409503,0.0471721368626369,0.0969839227978595,5.06826821783528e-05
8.507512,0.00194368562382511,0.00710537896858998,0.0165359287689196,0.0468932041442429,0.0969318057236744,5.17600800936197e-05
8.525845,0.00192387845376934,0.00704054511599919,0.0164026894956771,0.0466155960744237,0.0968779171564514,5.28569445973933e-05
8.544178,0.00190427753154012,0.00697630284739855,0.0162704861908794,0.0463393100538053,0.0968222678084578,5.39735591622093e-05
8.562511,0.00188488064698862,0.00691264676481148,0.0161393112735272,0.0460643434373336,0.0967648684208186,5.51102102206917e-05
8.580844,0.00186568561457832,0.00684957151951589,0.0160091572117406,0.0457906935351405,0.0967057297624104,5.62671871795277e-05
8.599177,0.00184669027309644,0.00678707181159468,0.0158800165225347,0.0455183576134,0.0966448626287656,5.74447824332931e-05
8.61751,0.00182789248536913,0.00672514238949049,0.0157518817715933,0.0452473328951744,0.0965822778409869,5.86432913781211e-05
8.635843,0.00180929013798004,0.00666377804956439,0.0156247455730439,0.0449776165612508,0.0965179862446711,5.98630124252158e-05
8.654176,0.00179088114099255,0.00660297363565866,0.0154986005892304,0.0447092057509678,0.0964519987088418,6.11042470142047e-05
8.672509,0.00177266342767544,0.00654272403866354,0.0153734395304861,0.0444420975630323,0.0963843261248936,6.23672996263288e-05
8.690842,0.00175463495423195,0.00648302419608792,0.0152492551549071,0.0441762890563277,0.0963149794055445,6.36524777974669e-05
8.709175,0.00173679369953222,0.00642386909163399,0.0151260402681236,0.0439117772507117,0.0962439694837983,6.49600921309909e-05
8.727508,0.00171913766484915,0.00636525375477572,0.0150037877230722,0.0436485591278049,0.0961713073119172,6.62904563104513e-05
8.745841,0.00170166487359739,0.00630717326034124,0.0148824904197678,0.0433866316317709,0.0960970038604037,6.76438871120868e-05
8.764174,0.00168437337107573,0.00624962272809894,0.0147621413050743,0.043125991670086,0.096021070116992,6.90207044171582e-05
8.782507,0.0016672612242126,0.0061925973223475,0.0146427333724757,0.0428666361143005,0.0959435170856492,7.04212312241023e-05
8.80084,0.00165032652131473,0.00613609225150947,0.0145242596618475,0.0426085618007913,0.0958643557855866,7.1845793660503e-05
8.819173,0.00163356737181895,0.00608010276772873,0.0144067132592267,0.0423517655315046,0.0957835972502797,7.32947209948775e-05
8.837506,0.00161698190604708,0.00602462416647152,0.0142900872965825,0.0420962440746905,0.0957012525264987,7.47683456482751e-05
8.855839,0.00160056827496375,0.00596965178613114,0.0141743749515867,0.0418419941656283,0.0956173326733478,7.6267003205683e-05
8.874172,0.00158432464993737,0.00591518100763624,0.014059569447384,0.0415890125073435,0.095531848761315,7.77910324272421e-05
8.892505,0.00156824922250388,0.00586120725406275,0.0139456640523618,0.0413372957713159,0.0954448118713299,7.93407752592629e-05
8.910838,0.00155234020413354,0.00580772599024926,0.0138326520799209,0.0410868405981795,0.0953562330938336,8.09165768450453e-05
8.929171,0.00153659582600055,0.00575473272241596,0.0137205268882452,0.0408376435984131,0.095266123527855,8.25187855354951e-05
8.947504,0.00152101433875545,0.00570222299778708,0.0136092818800718,0.0405897013530232,0.095174494280099,8.41477528995365e-05
8.965837,0.0015055940123004,0.00565019240421668,0.0134989105024614,0.040343010414219,0.0950813564640432,8.5803833734318e-05
8.98417,0.00149033313556716,0.00559863656981799,0.0133894062465684,0.0400975673060775,0.0949867211990441,8.74873860752083e-05
9.002503,0.00147523001629783,0.005547551162596,0.0132807626474112,0.0398533685252025,0.0948905996094526,8.91987712055794e-05
9.020836,0.00146028298082823,0.0054969318900835,0.0131729732836426,0.0396104105413738,0.0947930028237391,9.09383536663753e-05
9.039169,0.00144549037387399,0.0054467744989804,0.0130660317773202,0.0393686897981892,0.0946939419736282,9.27065012654632e-05
9.057502,0.00143085055831921,0.00539707477479634,0.0129599317936773,0.0391282027136987,0.0945934281932423,9.45035850867633e-05
9.075835,0.00141636191500769,0.00534782854149655,0.0128546670408938,0.0388889456810302,0.0944914726182545,9.63299794991572e-05
9.094168,0.00140202284253677,0.00529903166115098,0.012750231269867,0.0386509150690078,0.0943880863850515,9.81860621651706e-05
9.112501,0.00138783175705362,0.0052506800335866,0.0126466182739829,0.0384141072227625,0.0942832806299046,0.000100072214049426
9.130834,0.00137378709205404,0.0052027695960429,0.0125438218888881,0.0381785184643347,0.0941770664881507,0.000101988819426868
9.149167,0.00135988729818368,0.00515529632283048,0.0124418359922613,0.0379441450932698,0.0940694550933827,0.000103936265890754
9.1675,0.00134613084304174,0.0051082562249928,0.0123406545035851,0.0377109833872056,0.0939604575766484,0.000105914944360409
9.185833,0.00133251621098696,0.00506164534997104,0.012240271383919,0.037479029602453,0.093850085065659,0.000107925249088741
9.204166,0.00131904190294606,0.00501545978127195,0.0121406806356714,0.0372482799745685,0.0937383486840063,0.00010996757766952
9.222499,0.00130570643622442,0.00496969563813877,0.0120418763023732,0.0370187307189203,0.0936252595503894,0.000112042331044411
9.240832,0.00129250834431908,0.00492434907522516,0.0119438524684508,0.0367903780312462,0.0935108287778503,0.000114149913509761
9.259165,0.00127944617673405,0.0048794162822721,0.0118466032589997,0.0365632180882054,0.0933950674730182,0.00011629073272314
9.277498,0.00126651849879777,0.00483489348378768,0.0117501228395593,0.036337247047922,0.0932779867353629,0.00011846519970963
9.295831,0.00125372389148283,0.00479077693872995,0.0116544054158868,0.0361124610505227,0.093159597656458,0.000120673728867865
9.314164,0.00124106095122785,0.0047470629401925,0.0115594452337322,0.0358888562186666,0.093039911319251,0.000122916737975809
9.332497,0.00122852828976147,0.00470374781509302,0.0114652365786141,0.0356664286580687,0.0929189387973445,0.000125194648196284
9.35083,0.00121612453392856,0.00466082792386469,0.0113717737755952,0.0354451744580163,0.0927966911542845,0.000127507884082236
9.369163,0.00120384832551838,0.0046182996601503,0.0112790511890588,0.0352250896918785,0.0926731794428586,0.000129856873581734
9.387496,0.00119169832109493,0.00457615945049928,0.0111870632224854,0.0350061704176095,0.0925484147044022,0.000132242048042714
9.405829,0.00117967319182925,0.00453440375406744,0.0110958043182302,0.0347884126782449,0.0924224079681137,0.000134663842217451
9.424162,0.00116777162333381,0.00449302906231941,0.0110052689573008,0.0345718125023913,0.0922951702503784,0.000137122694266759
9.442495,0.00115599231549878,0.00445203189873387,0.0109154516591357,0.0343563659047101,0.0921667125541009,0.00013961904576393
9.460828,0.00114433398233038,0.00441140881851141,0.0108263469813828,0.0341420688863939,0.0920370458680465,0.000142153341698391
9.479161,0.00113279535179107,0.0043711564082851,0.0107379495196792,0.0339289174356374,0.0919061811661899,0.000144726030479087
9.497494,0.00112137516564171,0.00433127128583367,0.0106502539074312,0.0337169075281013,0.0917741294070743,0.000147337563937593
9.515827,0.00111007217928555,0.00429175009979731,0.0105632548155943,0.0335060351273707,0.0916409015331771,0.000149988397330941
9.53416,0.00109888516161415,0.0042525895293961,0.0104769469524552,0.0332962961854066,0.0915065084702852,0.000152678989344164
9.552493,0.00108781289485507,0.00421378628415093,0.0103913250634128,0.0330876866429917,0.0913709611268784,0.000155409802092563
9.570826,0.00107685417442142,0.00417533710360709,0.010306383930761,0.03288020243017,0.0912342703935206,0.000158181301123683
9.589159,0.00106600780876318,0.00413723875706023,0.0102221183734717,0.0326738394666805,0.0910964471422599,0.000160993955419003
9.607492,0.00105527261922029,0.00409948804328495,0.010138523246978,0.0324685936623849,0.0909575022260369,0.000163848237395335
9.625825,0.00104464743987749,0.00406208179026579,0.0100555934429587,0.0322644609176895,0.090817446478101,0.000166744622905938
9.644158,0.00103413111742089,0.00402501685493074,0.00997332388912363,0.0320614371239609,0.0906762907114342,0.000169683591241328
9.662491,0.00102372251099622,0.00398829012288708,0.00989170954899834,0.0318595181639368,0.0905340457181847,0.000172665625129805
9.680824,0.00101342049206876,0.00395189850815976,0.00981074542171107,0.0316586999121302,0.0903907222691069,0.000175691210737668
9.699157,0.00100322394428499,0.00391583895293203,0.00973042654177935,0.0314589782352283,0.0902463311130099,0.000178760837669149
9.71749,0.000993131763335766,0.00388010842728858,0.00965074797889767,0.0312603489924861,0.0901008829762146,0.000181874998966029
9.735823,0.000983142856821226,0.00384470392896088,0.0095717048377258,0.031062808036114,0.0899543885620177,0.000185034191106963
9.754156,0.000973256144117211,0.00380962248307497,0.00949329225767776,0.0308663512116603,0.0898068585501647,0.000188238914006496
9.772489,0.000963470556243306,0.00377486114190146,0.00941550541271159,0.0306709743583882,0.0896583035963293,0.000191489671013775
9.790822,0.000953785035732422,0.00374041698460786,0.00933833951111978,0.0304766733096469,0.0895087343316021,0.000194786968910952
9.809155,0.000944198536501916,0.00370628711701316,0.00926178979532045,0.0302834438932389,0.0893581613619861,0.000198131317911276
9.827488,0.00093471002372623,0.00367246867134462,0.00918585154164924,0.0300912819317798,0.0892065952678998,0.00020152323165688
9.845821,0.000925318473711029,0.00363895880599686,0.009110520060152,0.0299001832430553,0.0890540466036887,0.000204963227216249
9.864154,0.000916022873768815,0.00360575470529303,0.00903579069437816,0.029710143640371,0.0889005258971437,0.000208451825081376
9.882487,0.00090682222209601,0.00357285357924825,0.00896165882117493,0.0295211589328989,0.088746043649027,0.000211989549164606
9.90082,0.000897715527651467,0.00354025266333518,0.0088881198504822,0.0293332249260171,0.0885906103326064,0.000215576926795158
9.919153,0.000888701810036426,0.00350794921825175,0.00881516922512825,0.0291463374216462,0.0884342363931958,0.000219214488715329
9.937486,0.00087978009937586,0.00347594052969094,0.00874280242062621,0.0289604922185797,0.0882769322477039,0.000222902769076385
9.955819,0.000870949436201212,0.00344422390811276,0.00867101494497131,0.0287756851128098,0.0881187082841902,0.000226642305434119
9.974152,0.000862208871334519,0.00341279668851823,0.00859980233843894,0.0285919118978485,0.0879595748614279,0.000230433638744093
9.992485,0.000853557465773873,0.00338165623022545,0.00852916017338344,0.0284091683650438,0.0877995423084743,0.000234277313356562
10.010818,0.000844994290580226,0.00335079991664776,0.00845908405403776,0.0282274503038914,0.0876386209242484,0.000238173877011057
10.029151,0.000836518426765525,0.00332022515507381,0.00838956961631389,0.0280467535023414,0.0874768209771158,0.000242123880830656
10.047484,0.000828128965182136,0.00328992937644977,0.00832061252760407,0.0278670737471005,0.0873141527044803,0.000246127879315921
10.065817,0.000819825006413571,0.00325991003516344,0.00825220848658283,0.0276884068239299,0.0871506263123828,0.000250186430338505
10.08415,0.000811605660666481,0.00323016460883033,0.0081843532230099,0.0275107485179384,0.0869862519751074,0.000254300095134432
10.102483,0.000803470047663906,0.00320069059808176,0.0081170424975338,0.0273340946138709,0.0868210398347937,0.000258469438297041
10.120816,0.000795417296539771,0.00317148552635481,0.00805027210149646,0.027158440896393,0.0866550000010572,0.000262695027769604
10.139149,0.0007874465457346,0.00314254693968429,0.00798403785673843,0.0269837831503705,0.0864881425506154,0.000266977434837608
10.157482,0.000779556942892452,0.00311387240649643,0.00791833561540511,0.0268101171611454,0.0863204775269212,0.000271317234120697
10.175815,0.000771747644759041,0.00308545951740469,0.00785316125975372,0.0266374387148069,0.0861520149398031,0.000275715003564287
10.194148,0.00076401781708105,0.00305730588500724,0.00778851070196115,0.0264657435984586,0.0859827647651121,0.000280171324430837
10.212481,0.000756366634506599,0.00302940914368637,0.00772437988393259,0.0262950276004813,0.0858127369443753,0.000284686781290795
10.230814,0.000748793280486878,0.00300176694940972,0.00766076477711108,0.0261252865107916,0.0856419413844553,0.000289261962013185
10.249147,0.000741296947178906,0.00297437697953334,0.00759766138228784,0.0259565161210971,0.0854703879572176,0.000293897457755878
10.26748,0.000733876835349425,0.0029472369326065,0.00753506572941351,0.0257887122251462,0.0852980864992033,0.000298593862955505
10.285813,0.000726532154279896,0.00292034452817833,0.00747297387741016,0.0256218706189753,0.0851250468113088,0.000303351775317042
10.304146,0.000719262121672602,0.00289369750660619,0.00741138191398426,0.0254559871011511,0.0849512786584714,0.000308171795803046
10.322479,0.00071206596355782,0.00286729362886582,0.00735028595544037,0.0252910574730094,0.0847767917693622,0.000313054528622547
10.340812,0.000704942914202079,0.00284113067636319,0.00728968214649583,0.02512707753889,0.0846015958360844,0.000318000581219613
10.359145,0.000697892216017464,0.00281520645074809,0.00722956666009623,0.0249640431063675,0.0844257005138779,0.000323010564261547
10.377478,0.000690913119471968,0.00278951877372942,0.00716993569723171,0.0248019499864789,0.0842491154208309,0.000328085091626763
10.395811,0.000684004883000876,0.00276406548689212,0.00711078548675422,0.0246407939939466,0.0840718501375965,0.000333224780392304
10.414144,0.00067716677291917,0.00273884445151587,0.00705211228519554,0.0244805709473985,0.0838939142071164,0.000338430250821019
10.432477,0.000670398063334936,0.00271385354839534,0.00699391237658626,0.0243212766695838,0.08371531713435,0.000343702126348394
10.45081,0.000663698036063766,0.00268909067766213,0.00693618207227556,0.0241629069875861,0.0835360683860101,0.00034904103356904
10.469143,0.000657065980544145,0.00266455375860834,0.00687891771075187,0.0240054577330313,0.0833561773903035,0.000354447602222829
10.487476,0.000650501193753809,0.00264024072951172,0.00682211565746442,0.0238489247422941,0.0831756535366789,0.00035992246518069
10.505809,0.000644002980127055,0.00261614954746244,0.00676577230464564,0.023693303856699,0.0829945061755793,0.000365466258430054
10.524142,0.000637570651473009,0.00259227818819147,0.00670988407113446,0.023538590922719,0.0828127446182013,0.000371079621059949
10.542475,0.000631203526894815,0.00256862464590041,0.00665444740220041,0.0233847817921709,0.0826303781362593,0.000376763195245755
10.560808,0.000624900932709762,0.00254518693309304,0.00659945876936872,0.0232318723224064,0.0824474159617559,0.000382517626233607
10.579141,0.000618662202370316,0.00252196308040824,0.0065449146702461,0.0230798583765007,0.0822638672867579,0.000388343562324448
10.597474,0.000612486676386054,0.0024989511364546,0.00649081162834762,0.0229287358234372,0.0820797412631776,0.000394241654857739
10.615807,0.000606373702246496,0.00247614916764636,0.00643714619292427,0.0227785005382896,0.0818950470025598,0.000400212558194818
10.63414,0.000600322634344808,0.00245355525804102,0.00638391493879149,0.0226291484024001,0.0817097935758745,0.000406256929701909
10.652473,0.000594332833902379,0.00243116750917831,0.00633111446615858,0.0224806753035545,0.0815239900133151,0.000412375429732787
10.670806,0.000588403668894261,0.00240898403992067,0.00627874140045889,0.0223330771361551,0.081337645304101,0.000418568721611095
10.689139,0.000582534513975451,0.00238700298629521,0.00622679239218104,0.0221863498013885,0.0811507683962874,0.000424837471612307
10.707472,0.000576724750408015,0.00236522250133707,0.00617526411670081,0.0220404892073929,0.0809633681965783,0.00043118234894535
10.725805,0.000570973765989044,0.00234364075493424,0.00612415327411412,0.0218954912694199,0.0807754535701466,0.000437604025733873
10.744138,0.000565280954979419,0.00232225593367378,0.00607345658907067,0.0217513519099948,0.080587033340458,0.000444103176997174
10.762471,0.000559645718033399,0.00230106624068943,0.00602317081060864,0.021608067059074,0.0803981162891012,0.000450680480630771
10.780804,0.000554067462128995,0.00228006989551065,0.00597329271199012,0.021465632654198,0.0802087111556218,0.000457336617386638
10.799137,0.000548545600499138,0.00225926513391304,0.00592381909053746,0.0213240446406432,0.0800188266373633,0.000464072270853081
10.81747,0.000543079552563636,0.00223865020777002,0.00587474676747056,0.0211832989715699,0.0798284713893107,0.000470888127434277
10.835803,0.000537668743861886,0.00221822338490603,0.00582607258774486,0.0210433916081678,0.0796376540239412,0.000477784876329462
10.854136,0.00053231260598636,0.00219798294895093,0.00577779341989036,0.0209043185197984,0.0794463831110782,0.000484763209511774
10.872469,0.000527010576516838,0.00217792719919581,0.00572990615585145,0.0207660756841347,0.0792546671777515,0.000491823821706758
10.890802,0.000521762098955388,0.00215805445045006,0.00568240771082753,0.0206286590872986,0.0790625147080609,0.00049896741037051
10.909135,0.000516566622662077,0.00213836303289979,0.00563529502311465,0.0204920647239953,0.0788699341430462,0.000506194675667495
10.927468,0.000511423602791411,0.00211885129196754,0.00558856505394785,0.0203562885976445,0.0786769338805603,0.000513506320448007
10.945801,0.000506332500229493,0.0020995175881732,0.00554221478734448,0.02022132672051,0.0784835222751484,0.000520903050225294
10.964134,0.000501292781531884,0.00208036029699631,0.00549624122994831,0.020087175113826,0.0782897076379303,0.000528385573152341
10.982467,0.000496303918862175,0.00206137780873954,0.00545064141087452,0.019953829807921,0.0780954982364892,0.000535954599998304
11.0008,0.00049136538993124,0.0020425685283934,0.00540541238155559,0.0198212868423389,0.0779009022947631,0.00054361084412461
11.019133,0.000486476677937179,0.00202393087550228,0.00536055121558794,0.0196895422659584,0.0777059279929421,0.000551355021460715
11.037466,0.000481637271505938,0.00200546328403161,0.00531605500857956,0.0195585921371089,0.0775105834673693,0.00055918785047952
11.055799,0.000476846664632594,0.00198716420223626,0.00527192087799837,0.0194284325236845,0.0773148768104467,0.000567110052172451
11.074132,0.000472104356623299,0.00196903209253022,0.00522814596302149,0.0192990595032557,0.0771188160705448,0.000575122350024203
11.092465,0.000467409852037881,0.00195106543135733,0.00518472742438537,0.0191704691631783,0.0769224092519171,0.000583225469987138
11.110798,0.000462762660633084,0.0019332627090633,0.00514166244423675,0.0190426576007003,0.0767256643146184,0.000591420140455364
11.129131,0.000458162297306449,0.00191562242976887,0.00509894822598442,0.0189156209230661,0.076528589174428,0.000599707092238456
11.147464,0.000453608282040822,0.0018981431112441,0.00505658199415191,0.0187893552476189,0.0763311917027761,0.000608087058534869
11.165797,0.000449100139849486,0.0018808232847838,0.00501456099423097,0.0186638567019004,0.0761334797266748,0.000616560774904998
11.18413,0.000444637400721904,0.00186366149508418,0.00497288249253587,0.0185391214237484,0.0759354610286537,0.000625128979243915
11.202463,0.000440219599570076,0.00184665630012055,0.0049315437760586,0.0184151455613922,0.0757371433466985,0.000633792411753771
11.220796,0.000435846276175488,0.00182980627102609,0.00489054215232481,0.0182919252735459,0.0755385343741945,0.000642551814915881
11.239129,0.00043151697513666,0.00181310999197189,0.00484987494925071,0.0181694567294991,0.0753396417598732,0.000651407933462461
11.257462,0.00042723124581728,0.00179656606004792,0.00480953951500069,0.0180477361092062,0.0751404731077637,0.000660361514348055
11.275795,0.000422988642294916,0.00178017308514515,0.00476953321784581,0.0179267596033732,0.0749410359771476,0.000669413306720627
11.294128,0.0004187887233103,0.00176392968983877,0.00472985344602312,0.0178065234135421,0.074741337882517,0.000678564061892335
11.312461,0.000414631052217178,0.00174783450927246,0.0046904976075958,0.0176870237521736,0.0745413862935374,0.000687814533309977
11.330794,0.000410515196932723,0.00173188619104367,0.00465146313031411,0.0175682568427281,0.0743411886350138,0.000697165476525115
11.349127,0.000406440729888493,0.00171608339508999,0.0046127474614772,0.0174502189197441,0.0741407522868603,0.000706617649163886
11.36746,0.000402407227981946,0.0017004247935766,0.00457434806779565,0.0173329062289148,0.0739400845840738,0.00071617181089649
11.385793,0.000398414272528485,0.00168490907078464,0.00453626243525492,0.0172163150271628,0.0737391928167108,0.000725828723406355
11.404126,0.000394461449214044,0.00166953492300068,0.00449848806897956,0.0171004415827132,0.0735380842298681,0.000735589150359
11.422459,0.000390548348048194,0.00165430105840718,0.00446102249309823,0.0169852821751641,0.073336766023667,0.000745453857370567
11.440792,0.000386674563317778,0.00163920619697394,0.00442386325060952,0.0168708330955558,0.0731352453532405,0.000755423611976062
11.459125,0.000382839693541056,0.00162424907035053,0.00438700790324865,0.0167570906464381,0.0729335293287252,0.000765499183597266
11.477458,0.000379043341422363,0.00160942842175974,0.00435045403135483,0.0166440511419352,0.0727316250152546,0.000775681343510337
11.495791,0.000375285113807265,0.00159474300589198,0.00431419923373953,0.0165317109078099,0.0725295394329576,0.000785970864813133
11.514124,0.000371564621638219,0.00158019158880061,0.00427824112755554,0.0164200662815248,0.0723272795569593,0.00079636852239219
11.532457,0.000367881479910719,0.00156577294779829,0.00424257734816674,0.0163091136123023,0.0721248523173852,0.000806875092889423
11.55079,0.000364235307629932,0.00155148587135424,0.00420720554901874,0.0161988492611834,0.0719222645993693,0.000817491354668516
11.569123,0.000360625727767811,0.00153732915899242,0.00417212340151032,0.0160892696010838,0.0717195232430639,0.000828218087781013
11.587456,0.000357052367220686,0.00152330162119067,0.00413732859486554,0.0159803710168487,0.0715166350436545,0.000839056073932114
11.605789,0.000353514856767321,0.00150940207928078,0.00410281883600676,0.0158721499053067,0.071313606751376,0.000850006096446168
11.624122,0.000350012831027442,0.00149562936534941,0.00406859184942837,0.0157646026753203,0.0711104450715331,0.000861068940231879
11.642455,0.000346545928420709,0.00148198232214001,0.00403464537707133,0.015657725747837,0.0709071566645233,0.000872245391747217
11.660788,0.000343113791126158,0.00146845980295553,0.00400097717819841,0.0155515155559366,0.0707037481458631,0.000883536238964039
11.679121,0.000339716065042082,0.00145506067156209,0.00396758502927034,0.015445968544879,0.0705002260862169,0.000894942271332416
11.697454,0.000336352399746351,0.00144178380209351,0.00393446672382256,0.0153410811721484,0.0702965970114285,0.00090646427974469
11.715787,0.000333022448457184,0.00142862807895673,0.00390162007234285,0.0152368499074978,0.070092867402557,0.000918103056499226
11.73412,0.000329725867994335,0.001415592396738,0.00386904290214969,0.0151332712329909,0.0698890436959131,0.000929859395263908
11.752453,0.000326462318740723,0.00140267566011009,0.00383673305727137,0.0150303416430427,0.0696851322831005,0.000941734091039321
11.770786,0.000323231464604474,0.00138987678374019,0.00380468839832584,0.0149280576444587,0.0694811395110585,0.000953727940121697
11.789119,0.000320032972981388,0.00137719469219874,0.00377290680240136,0.0148264157564731,0.0692770716821085,0.000965841740065547
11.807452,0.000316866514717811,0.00136462831986905,0.00374138616293785,0.0147254125107843,0.0690729350540016,0.000978076289646053
11.825785,0.000313731764073928,0.00135217661085779,0.003710124389609,0.0146250444515908,0.0688687358399711,0.000990432388821161
11.844118,0.000310628398687444,0.00133983851890624,0.00367911940820514,0.0145253081356239,0.0686644802087851,0.00100291083869343
11.862451,0.000307556099537677,0.0013276130073024,0.00364836916051681,0.0144262001321806,0.0684601742848039,0.00101551244147161
11.880784,0.000304514550910037,0.00131549904879384,0.00361787160421916,0.0143277170231538,0.0682558241480383,0.00102823800043193
11.899117,0.000301503440360903,0.00130349562550145,0.00358762471275691,0.0142298554030619,0.0680514358342112,0.00104108831987918
11.91745,0.000298522458682876,0.00129160172883386,0.00355762647523024,0.0141326118790775,0.067847015334822,0.00105406420510747
11.935783,0.000295571299870421,0.0012798163594027,0.00352787489628127,0.0140359830710536,0.067642568597212,0.00106716646236079
11.954116,0.000292649661085882,0.00126813852693865,0.00349836799598131,0.0139399656115494,0.067438101524634,0.00108039589879327
11.972449,0.000289757242625868,0.0012565672502082,0.00346910380971883,0.0138445561458548,0.0672336199763231,0.00109375332242925
11.990782,0.000286893747888013,0.00124510155693124,0.00344008038808812,0.0137497513320134,0.06702912976757,0.00110723954212303
12.009115,0.000284058883338093,0.00123374048369933,0.00341129579677875,0.0136555478408442,0.0668246366697969,0.00112085536751839
12.027448,0.000281252358477509,0.00122248307589475,0.0033827481164656,0.0135619423559626,0.0666201464106351,0.00113460160900797
12.045781,0.000278473885811117,0.00121132838761033,0.00335443544269973,0.0134689315737997,0.066415664674006,0.00114847907769222
12.064114,0.000275723180815424,0.00120027548156992,0.00332635588579989,0.0133765122036203,0.0662111971002025,0.00116248858533829
12.082447,0.000272999961907114,0.00118932342904965,0.00329850757074472,0.0132846809675406,0.0660067492859742,0.00117663094433859
12.10078,0.000270303950411932,0.0011784713097999,0.0032708886370657,0.013193434600544,0.0658023267846139,0.00119090696766917
12.119113,0.000267634870533904,0.00116771821196799,0.00324349723874075,0.0131027698504957,0.0655979351060463,0.00120531746884777
12.137446,0.000264992449324884,0.00115706323202153,0.00321633154408852,0.013012683478157,0.0653935797169188,0.00121986326189182
12.155779,0.00026237641665445,0.00114650547467252,0.00318938973566341,0.0129231722571976,0.0651892660406944,0.00123454516127602
12.174112,0.000259786505180111,0.00113604405280213,0.00316267001015125,0.0128342329742075,0.0649849994577465,0.00124936398188985
12.192445,0.00025722245031785,0.00112567808738612,0.00313617057826562,0.0127458624287073,0.0647807853054556,0.0012643205389948
12.210778,0.000254683990212985,0.00111540670742104,0.00310988966464494,0.0126580574331579,0.0645766288783082,0.00127941564818135
12.229111,0.000252170865711346,0.001105229049851,0.00308382550775014,0.0125708148129693,0.0643725354279972,0.00129465012532585
12.247444,0.000249682820330764,0.00109514425949515,0.0030579763597631,0.0124841314065075,0.0641685101635245,0.00131002478654705
12.265777,0.000247219600232877,0.00108515148897585,0.00303234048648562,0.0123980040651014,0.0639645582513054,0.00132554044816254
12.28411,0.000244780954195235,0.00107524989864746,0.00300691616723923,0.0123124296530484,0.0637606848152744,0.00134119792664492
12.302443,0.000242366633583712,0.00106543865652577,0.00298170169476551,0.0122274050476187,0.0635568949369934,0.00135699803857782
12.320776,0.000239976392325219,0.00105571693821812,0.00295669537512714,0.0121429271390592,0.0633531936557612,0.00137294160061166
12.339109,0.000237609986880709,0.00104608392685411,0.00293189552760964,0.012058992830596,0.0631495859687249,0.00138902942941926
12.357442,0.00023526717621848,0.00103653881301697,0.00290730048462365,0.0119755990384362,0.0629460768309928,0.0014052623416513
12.375775,0.000232947721787763,0.00102708079467553,0.00288290859160795,0.011892742691769,0.0627426711557493,0.00142164115389145
12.394108,0.0002306513874926,0.00101770907711688,0.00285871820693313,0.0118104207327652,0.0625393738143709,0.00143816668261153
12.412441,0.000228377939666005,0.00100842287287953,0.00283472770180585,0.0117286301165769,0.0623361896365444,0.00145483974412625
12.430774,0.000226127147044403,0.000999221401687282,0.00281093546017374,0.0116473678113352,0.0621331234103862,0.00147166115454798
12.449107,0.000223898780742346,0.000990103890383671,0.002787339878631,0.0115666307981481,0.0619301798825634,0.00148863172974123
12.46744,0.000221692614227506,0.000981069572866974,0.00276393936632457,0.0114864160710965,0.0617273637584162,0.00150575228527696
12.485773,0.000219508423295935,0.000972117690025856,0.00274073234486096,0.0114067206372305,0.061524679702082,0.00152302363638679
12.504106,0.000217345986047595,0.000963247489675579,0.00271771724821364,0.0113275415165639,0.0613221323366209,0.00154044659791697
12.522439,0.00021520508286215,0.000954458226494805,0.00269489252263122,0.0112488757420685,0.0611197262441423,0.00155802198428224
12.540772,0.000213085496375024,0.000945749161962964,0.00267225662654601,0.0111707203596675,0.0609174659659334,0.00157575060941951
12.559105,0.000210987011453715,0.000937119564298205,0.0026498080304834,0.0110930724282281,0.0607153560025891,0.00159363328674139
12.577438,0.000208909415174361,0.000928568708395904,0.00262754521697179,0.0110159290195531,0.0605134008141423,0.00161167082908957
12.595771,0.00020685249679857,0.000920095875767737,0.00260546668045302,0.0109392872183721,0.0603116048201971,0.00162986404868802
12.614104,0.000204816047750487,0.000911700354481311,0.00258357092719361,0.0108631441223322,0.0601099724000614,0.00164821375709614
12.632437,0.000202799861594118,0.000903381439100342,0.00256185647519642,0.0107874968419869,0.0599085078928828,0.00166672076516163
12.65077,0.000200803734010895,0.000895138430625382,0.00254032185411301,0.0107123425007858,0.0597072155977839,0.00168538588297334
12.669103,0.000198827462777482,0.000886970636435084,0.00251896560515659,0.010637678235062,0.0595060997739999,0.00170420991981393
12.687436,0.000196870847743821,0.000878877370228003,0.00249778628101547,0.0105635011940206,0.0593051646410175,0.0017231936841124
12.705769,0.000194933690811416,0.000870857951964933,0.00247678244576728,0.0104898085397247,0.0591044143787139,0.00174233798339654
12.724102,0.00019301579591185,0.000862911707811764,0.00245595267479356,0.010416597447082,0.0589038531274981,0.00176164362424515
12.742435,0.000191116968985529,0.000855037970082861,0.00243529555469511,0.0103438651038305,0.0587034849884525,0.00178111141224028
12.760768,0.000189237017960663,0.000847236077184968,0.00241480968320785,0.010271608710523,0.0585033140234763,0.00180074215191925
12.779101,0.000187375752732467,0.00083950537356161,0.00239449366911923,0.0101998254805117,0.0583033442554293,0.00182053664672657
12.797434,0.000185532985142587,0.000831845209638014,0.00237434613218524,0.0101285126399319,0.0581035796682771,0.00184049569896579
12.815767,0.000183708528958745,0.000824254941766527,0.00235436570304803,0.0100576674276849,0.0579040242072371,0.00186062010975122
12.8341,0.000181902199854609,0.000816733932172534,0.00233455102315404,0.0099872870954204,0.0577046817789259,0.00188091067895955
12.852433,0.000180113815389872,0.000809281548900867,0.0023149007446727,0.00991736890751867,0.0575055562515074,0.00190136820518136
12.870766,0.00017834319499055,0.000801897165762708,0.00229541353041575,0.00984791014107165,0.0573066514548414,0.00192199348567255
12.889099,0.000176590159929488,0.00079458016228297,0.002276088053757,0.00977890808586378,0.0571079711806342,0.00194278731630566
12.907432,0.000174854533307075,0.000787329923648162,0.00225692299855281,0.00971036004435217,0.056909519182589,0.00196375049152113
12.925765,0.000173136140032172,0.000780145840654733,0.00223791705906295,0.00964226333164628,0.0567112991765579,0.00198488380427846
12.944098,0.000171434806803234,0.000773027309657875,0.00221906893987213,0.00957461527548699,0.0565133148406944,0.00200618804600727
12.962431,0.000169750362089644,0.000765973732520812,0.00220037735581202,0.00950741321622527,0.0563155698156068,0.0020276640065583
12.980764,0.000168082636113239,0.000758984516564534,0.00218184103188384,0.00944065450680019,0.0561180677045127,0.00204931247415435
12.999097,0.000166431460830044,0.000752059074517999,0.00216345870318144,0.00937433651271657,0.0559208120733937,0.00207113423534116
13.01743,0.000164796669912185,0.000745196824468788,0.00214522911481498,0.00930845661202199,0.0557238064511516,0.00209313007493811
13.035763,0.000163178098730018,0.00073839718981421,0.00212715102183512,0.00924301219528346,0.0555270543297646,0.00211530077598906
13.054096,0.000161575584334425,0.00073165959921285,0.00210922318915768,0.0091780006655635,0.0553305591644447,0.00213764711971294
13.072429,0.000159988965439318,0.000724983486536567,0.00209144439148895,0.00911341943839581,0.0551343243737958,0.00216016988545439
13.090762,0.000158418082404323,0.000718368290822917,0.00207381341325138,0.00904926594176047,0.0549383533399725,0.00218286985063432
13.109095,0.000156862777217643,0.000711813456228028,0.00205632904850991,0.00898553761605869,0.054742649408839,0.0022057477907004
13.127428,0.000155322893479117,0.000705318431979887,0.00203899010089877,0.00892223191408713,0.0545472158901295,0.00222880447907758
13.145761,0.000153798276383448,0.000698882672332062,0.00202179538354875,0.00885934630101175,0.0543520560576086,0.00225204068711846
13.164094,0.000152288772703619,0.000692505636517852,0.00200474371901507,0.00879687825434131,0.0541571731492327,0.00227545718405371
13.182427,0.000150794230774475,0.000686186788704841,0.00198783393920567,0.00873482526390039,0.0539625703673116,0.00229905473694242
13.20076,0.000149314500476495,0.000679925597949879,0.00197106488531009,0.00867318483180201,0.053768250878671,0.00232283411062246
13.219093,0.000147849433219721,0.000673721538154468,0.00195443540772879,0.00861195447241991,0.0535742178148155,0.00234679606766071
13.237426,0.000146398881927873,0.000667574088020556,0.00193794436600296,0.00855113171236037,0.0533804742720918,0.00237094136830342
13.255759,0.000144962701022621,0.000661482731006738,0.00192159062874492,0.0084907140904337,0.053187023311853,0.00239527077042643
13.274092,0.000143540746408031,0.000655446955284848,0.00190537307356887,0.00843069915762531,0.0529938679606227,0.00241978502948542
13.292425,0.000142132875455176,0.000649466253696956,0.00188929058702226,0.00837108447706647,0.0528010112102601,0.00244448489846618
13.310758,0.00014073894698691,0.000643540123712753,0.00187334206451759,0.00831186762400467,0.0526084560181255,0.0024693711278348
13.329091,0.000139358821262805,0.000637668067387328,0.00185752641026466,0.00825304618577366,0.052416205307246,0.00249444446548793
13.347424,0.000137992359964243,0.000631849591319324,0.00184184253720338,0.0081946177617631,0.0522242619664814,0.00251970565670297
13.365757,0.000136639426179677,0.000626084206609481,0.001826289366937,0.00813657996338792,0.0520326288506916,0.00254515544408838
13.38409,0.000135299884390035,0.000620371428819559,0.00181086582966583,0.00807893041405737,0.0518413087809028,0.00257079456753383
13.402423,0.000133973600454294,0.000614710777931629,0.00179557086412144,0.00802166674914369,0.0516503045444757,0.00259662376416054
13.420756,0.000132660441595193,0.000609101778307743,0.00178040341750133,0.00796478661595051,0.0514596188952723,0.00262264376827148
13.439089,0.000131360276385107,0.000603543958649965,0.00176536244540406,0.00790828767368092,0.0512692545538249,0.0026488553113017
13.457422,0.00013007297473207,0.000598036851960771,0.00175044691176481,0.00785216759340526,0.0510792142075039,0.00267525912176865
13.475755,0.000128798407865941,0.000592579995503813,0.00173565578879149,0.00779642405802862,0.0508895005106868,0.00270185592522249
13.494088,0.00012753644832472,0.000587172930765031,0.00172098805690123,0.00774105476225804,0.050700116084927,0.00272864644419649
13.512421,0.000126286969941013,0.000581815203414131,0.00170644270465732,0.00768605741256944,0.0505110635191229,0.00275563139815742
13.530754,0.000125049847828634,0.000576506363266409,0.00169201872870668,0.00763142972717428,0.0503223453696879,0.00278281150345602
13.549087,0.00012382495836935,0.000571245964244922,0.00167771513371771,0.00757716943598595,0.0501339641607198,0.00281018747327746
13.56742,0.000122612179199772,0.000566033564343008,0.00166353093231858,0.0075232742805859,0.0499459223841705,0.00283776001759188
13.585753,0.000121411389198377,0.000560868725587147,0.00164946514503602,0.00746974201418953,0.0497582225000169,0.00286552984310501
13.604086,0.000120222468472674,0.000555751014000158,0.00163551680023454,0.00741657040161185,0.0495708669364305,0.00289349765320874
13.622419,0.000119045298346499,0.000550679999564735,0.00162168493405602,0.00736375721923283,0.0493838580899484,0.00292166414793189
13.640752,0.000117879761347455,0.000545655256187315,0.00160796859035981,0.0073113002549626,0.0491971983256439,0.00295003002389092
13.659085,0.000116725741194469,0.000540676361662277,0.00159436682066326,0.0072591973082064,0.0490108899772971,0.00297859597424076
13.677418,0.0001155831227855,0.000535742897636459,0.0015808786840826,0.00720744618982924,0.0488249353475662,0.00300736268862572
13.695751,0.000114451792185356,0.000530854449574016,0.00156750324727439,0.00715604472212048,0.0486393367081587,0.00303633085313043
13.714084,0.00011333163661366,0.000526010606721581,0.00155423958437721,0.00710499073875805,0.048454096300002,0.00306550115023089
13.732417,0.000112222544432926,0.000521210962073754,0.00154108677695396,0.00705428208477261,0.0482692163334153,0.00309487425874558
13.75075,0.00011112440513677,0.000516455112338901,0.00152804391393445,0.00700391661651136,0.0480846989882808,0.0031244508537867
13.769083,0.000110037109338249,0.000511742657905273,0.00151511009155842,0.00695389220160184,0.0479005464142149,0.0031542316067114
13.787416,0.000108960548758308,0.000507073202807422,0.00150228441331908,0.00690420671891535,0.0477167607307401,0.00318421718507322
13.805749,0.000107894616214367,0.000502446354692932,0.00148956598990689,0.00685485805853034,0.0475333440274561,0.00321440825257351
13.824082,0.000106839205609017,0.000497861724789454,0.00147695393915391,0.00680584412169554,0.0473502983642117,0.00324480546901308
13.842415,0.000105794211918834,0.000493318927872036,0.00146444738597845,0.00675716282079297,0.0471676257712762,0.0032754094902438
13.860748,0.000104759531183323,0.000488817582230756,0.00145204546233019,0.00670881207930074,0.046985328249511,0.00330622096812041
13.879081,0.000103735060493964,0.000484357309638649,0.00143974730713562,0.00666078983175572,0.0468034077705411,0.00333724055045245
13.897414,0.000102720697983379,0.000479937735319925,0.00142755206624399,0.00661309402371605,0.0466218662769266,0.00336846888095622
13.915747,0.000101716342814621,0.000475558487918478,0.00141545889237354,0.00656572261172347,0.0464407056823345,0.00339990659920692
13.93408,0.000100721895170561,0.000471219199466686,0.00140346694505821,0.00651867356326558,0.0462599278717098,0.00343155434059089
13.952413,9.97372562433972e-05,0.00046691950535449,0.00139157539059471,0.00647194485673789,0.0460795347014467,0.00346341273625798
13.970746,9.87623282242713e-05,0.000462659044298754,0.00137978340198993,0.00642553448140572,0.0458995279995607,0.00349548241307406
13.989079,9.77970142929948e-05,0.000458437458312917,0.00136809015890883,0.00637944043736607,0.0457199095658588,0.0035277639935736
14.007412,9.6841218607881e-05,0.000454254392676905,0.00135649484762266,0.00633366073550925,0.0455406811721116,0.0035602580959125
14.025745,9.58948462956874e-05,0.000450109495907327,0.00134499666095751,0.00628819339748048,0.0453618445622235,0.00359296533382094
14.044078,9.49578034416605e-05,0.000446002419727946,0.00133359479824335,0.00624303645564128,0.0451834014524042,0.00362588631655644
14.062411,9.40299970796872e-05,0.00044193281904041,0.00132228846526336,0.00619818795303087,0.0450053535313391,0.00365902164885705
14.080744,9.31113351825489e-05,0.000437900351895257,0.00131107687420366,0.00615364594332733,0.0448277024603602,0.00369237193089468
14.099077,9.22017266522776e-05,0.000433904679463183,0.00129995924360341,0.00610940849080877,0.0446504498736163,0.0037259377582286
14.11741,9.1301081310614e-05,0.000429945466006571,0.00128893479830528,0.00606547367031429,0.0444735973782438,0.00375971972175908
14.135743,9.04093098895649e-05,0.00042602237885128,0.00127800276940625,0.006021839567205,0.0442971465545363,0.00379371840768121
14.154076,8.95263240220602e-05,0.000422135088358694,0.00126716239420887,0.00597850427732475,0.0441210989561149,0.00382793439743886
14.172409,8.86520362327073e-05,0.000418283267898021,0.00125641291617275,0.00593546590696096,0.0439454561100979,0.00386236826767882
14.190742,8.77863599286432e-05,0.000414466593818852,0.00124575358486651,0.00589272257280527,0.0437702195172705,0.00389702059020509
14.209075,8.69292093904814e-05,0.00041068474542396,0.00123518365592005,0.00585027240191408,0.0435953906522539,0.0039318919319334
14.227408,8.60804997633545e-05,0.00040693740494236,0.00122470239097715,0.00580811353166914,0.0434209709636749,0.00396698285484587
14.245741,8.52401470480507e-05,0.000403224257502605,0.00121430905764844,0.00576624410973794,0.0432469618743344,0.00400229391594578
14.264074,8.44080680922418e-05,0.000399544991106327,0.00120400292946478,0.00572466229403411,0.0430733647813763,0.00403782566721267
14.282407,8.35841805818047e-05,0.000395899296602024,0.00119378328583083,0.00568336625267775,0.0429001810564558,0.00407357865555755
14.30074,8.27684030322323e-05,0.000392286867659084,0.00118364941197917,0.00564235416395565,0.0427274120459079,0.00410955342277825
14.319073,8.19606547801356e-05,0.000388707400742042,0.00117360059892456,0.0056016242162815,0.042555059070915,0.00414575050551504
14.337406,8.11608559748331e-05,0.000385160595085079,0.00116363614341871,0.00556117460815608,0.0423831234276747,0.00418217043520647
14.355739,8.03689275700295e-05,0.000381646152666748,0.00115375534790525,0.00552100354812731,0.042211606387567,0.00421881373804528
14.374072,7.95847913155806e-05,0.000378163778184934,0.00114395752047513,0.00548110925475033,0.0420405091973218,0.00425568093493469
14.392405,7.88083697493443e-05,0.000374713179032038,0.00113424197482231,0.00544148995654751,0.0418698330791851,0.00429277254144476
14.410738,7.80395861891175e-05,0.000371294065270396,0.00112460803019979,0.00540214389196842,0.0416995792310858,0.00433008906776898
14.429071,7.72783647246556e-05,0.000367906149607911,0.00111505501137595,0.0053630693093498,0.041529748826802,0.0043676310186812
14.447404,7.65246302097771e-05,0.000364549147373918,0.00110558224859125,0.00532426446687543,0.0413603430161264,0.00440539889349257
14.465737,7.57783082545497e-05,0.000361222776495261,0.00109618907751525,0.00528572763253605,0.0411913629250323,0.00444339318600888
14.48407,7.50393252175576e-05,0.000357926757472594,0.00108687483920387,0.0052474570840892,0.0410228096558382,0.00448161438448804
14.502403,7.43076081982502e-05,0.000354660813356895,0.00107763888005713,0.00520945110901905,0.0408546842873732,0.00452006297159781
14.520736,7.35830850293704e-05,0.000351424669726195,0.00106848055177704,0.00517170800449624,0.040686987875141,0.00455873942437372
14.539069,7.28656842694612e-05,0.000348218054662521,0.00105939921132591,0.00513422607733767,0.0405197214514844,0.0045976442141773
14.557402,7.21553351954517e-05,0.000345040698729046,0.00105039422088494,0.00509700364396628,0.0403528860257486,0.00463677780665445
14.575735,7.14519677953187e-05,0.00034189233494745,0.0010414649478131,0.00506003903037086,0.0401864825844448,0.00467614066169419
14.594068,7.07555127608266e-05,0.000338772698775488,0.00103261076460637,0.00502333057206579,0.0400205120914134,0.00471573323338745
14.612401,7.00659014803408e-05,0.000335681528084764,0.00102383104885723,0.00498687661405083,0.0398549754879861,0.00475555596998632
14.630734,6.93830660317183e-05,0.000332618563138699,0.00101512518321451,0.0049506755107709,0.0396898736931484,0.00479560931386339
14.649067,6.87069391752699e-05,0.000329583546570713,0.00100649255534345,0.00491472562607582,0.0395252076037015,0.00483589370147144
14.6674,6.80374543467974e-05,0.000326576223362594,0.000997932557886217,0.0048790253331801,0.0393609780944232,0.00487640956330334
14.685733,6.73745456507029e-05,0.000323596340823078,0.000989444588422534,0.00484357301462274,0.0391971860182296,0.00491715732385215
14.704066,6.67181478531688e-05,0.000320643648566608,0.000981028049430753,0.00480836706222702,0.0390338322063349,0.00495813740157167
14.722399,6.60681963754099e-05,0.000317717898492299,0.000972682348249139,0.00477340587706026,0.038870917468412,0.004999350208837
14.740732,6.5424627286995e-05,0.000314818844763094,0.000964406897037481,0.0047386878693937,0.038708442592752,0.00504079615190561
14.759065,6.47873772992381e-05,0.000311946243785102,0.00095620111273898,0.00470421145866231,0.0385464083464236,0.00508247563087847
14.777398,6.41563837586583e-05,0.000309099854187135,0.00094806441704243,0.00466997507342466,0.0383848154754318,0.00512438903966159
14.795731,6.35315846405074e-05,0.00030627943680042,0.00093999623634468,0.00463597715132277,0.0382236647048761,0.00516653676592783
14.814064,6.29129185423651e-05,0.000303484754638513,0.000931996001713383,0.00460221613904206,0.0380629567391087,0.00520891919107888
14.832397,6.23003246778002e-05,0.000300715572877376,0.00092406314885003,0.00456869049227125,0.0379026922618918,0.00525153669020765
14.85073,6.16937428700982e-05,0.000297971658835652,0.000916197118053253,0.00453539867566233,0.0377428719365546,0.00529438963206087
14.869063,6.10931135460532e-05,0.000295252781955111,0.000908397354182419,0.00450233916279057,0.0375834964061495,0.00533747837900195
14.887396,6.04983777298254e-05,0.000292558713781278,0.000900663306621491,0.00446951043611452,0.0374245662936088,0.00538080328697427
14.905729,5.99094770368607e-05,0.000289889227944239,0.000892994429243168,0.00443691098693611,0.0372660822018996,0.00542436470546454
14.924062,5.93263536678747e-05,0.000287244100139617,0.00088539018037329,0.00440453931536072,0.0371080447141791,0.0054681629774667
14.942395,5.87489504028988e-05,0.000284623108109726,0.000877850022755522,0.00437239393025733,0.0369504543939493,0.0055121984394459
14.960728,5.8177210595387e-05,0.000282026031624898,0.000870373423516303,0.00434047334921874,0.0367933117852107,0.00555647142130295
14.979061,5.76110781663854e-05,0.000279452652464973,0.000862959854130055,0.00430877609852173,0.0366366174126161,0.00560098224633895
14.997394,5.70504975987606e-05,0.00027690275440097,0.000855608790384667,0.00427730071308742,0.036480371781624,0.00564573123122031
15.015727,5.6495413931489e-05,0.00027437612317691,0.000848319712347235,0.00424604573644154,0.0363245753786505,0.00569071868594397
15.03406,5.59457727540042e-05,0.000271872546491821,0.000841092104330065,0.00421500972067482,0.0361692286712215,0.00573594491380312
15.052393,5.54015202006041e-05,0.000269391813981894,0.000833925454856932,0.00418419122640343,0.0360143321081247,0.00578141021135299
15.070726,5.48626029449145e-05,0.000266933717202809,0.000826819256629599,0.00415358882272946,0.03585988611956,0.0058271148683772
15.089059,5.43289681944112e-05,0.000264498049612221,0.000819773006494594,0.00412320108720144,0.0357058911172903,0.00587305916785419
15.107392,5.38005636849981e-05,0.000262084606552405,0.000812786205410232,0.00409302660577496,0.0355523474947914,0.00591924338592419
15.125725,5.32773376756417e-05,0.000259693185233056,0.000805858358413895,0.00406306397277334,0.0353992556274013,0.00596566779185633
15.144058,5.27592389430604e-05,0.000257323584714258,0.000798988974589566,0.0040333117908483,0.0352466158724691,0.0060123326480162
15.162391,5.22462167764698e-05,0.000254975605889589,0.000792177567035595,0.0040037686709408,0.0350944285695033,0.0060592382098337
15.180724,5.17382209723813e-05,0.000252649051469399,0.000785423652832733,0.00397443323224184,0.0349426940403199,0.00610638472577118
15.199057,5.1235201829455e-05,0.000250343725964232,0.00077872675301239,0.00394530410215341,0.034791412589189,0.00615377243729196
15.21739,5.07371101434053e-05,0.000248059435668395,0.000772086392525154,0.00391637991624945,0.0346405845029821,0.00620140157882915
15.235723,5.02438972019598e-05,0.000245795988643686,0.000765502100209535,0.0038876593182369,0.0344902100513177,0.00624927237775487
15.254056,4.97555147798697e-05,0.000243553194703268,0.00075897340876096,0.00385914095991686,0.0343402894867073,0.00629738505434971
15.272389,4.92719151339715e-05,0.000241330865395681,0.000752499854700999,0.00383082350114571,0.0341908230447002,0.00634573982177265
15.290722,4.87930509983004e-05,0.000239128813989016,0.000746080978346834,0.00380270560979649,0.0340418109440278,0.00639433688603114
15.309055,4.83188755792536e-05,0.000236946855455219,0.000739716323780951,0.00377478596172013,0.0338932533867478,0.00644317644595177
15.327388,4.78493425508035e-05,0.000234784806454547,0.000733405438821076,0.00374706324070696,0.0337451505583872,0.00649225869315108
15.345721,4.73844060497604e-05,0.000232642485320162,0.000727147874990335,0.00371953613844819,0.0335975026280852,0.00654158381200686
15.364054,4.69240206710838e-05,0.000230519712042863,0.000720943187487647,0.00369220335449745,0.0334503097487351,0.00659115197962964
15.382387,4.64681414632425e-05,0.000228416308255968,0.000714790935158342,0.00366506359623251,0.0333035720571263,0.00664096336583473
15.40072,4.60167239236221e-05,0.000226332097220319,0.000708690680465006,0.00363811557881701,0.0331572896740848,0.00669101813311449
15.419053,4.556972399398e-05,0.000224266903809438,0.000702641989458549,0.00361135802516227,0.0330114627046139,0.00674131643661093
15.437386,4.51270980559468e-05,0.000222220554494806,0.0006966444317495,0.00358478966588923,0.0328660912380339,0.00679185842408882
15.455719,4.46888029265749e-05,0.000220192877331286,0.000690697580479519,0.00355840923929044,0.0327211753481216,0.00684264423590899
15.474052,4.4254795853932e-05,0.000218183701942677,0.000684801012293128,0.00353221549129217,0.0325767150932482,0.00689367400500208
15.492385,4.38250345127405e-05,0.00021619285950739,0.000678954307309664,0.00350620717541654,0.0324327105165181,0.00694494785684269
15.510718,4.33994770000617e-05,0.000214220182744272,0.000673157049095443,0.00348038305274385,0.0322891616459063,0.0069964659094238
15.529051,4.2978081831024e-05,0.000212265505898545,0.000667408824636145,0.00345474189187492,0.0321460684943945,0.00704822827323157
15.547384,4.25608079345959e-05,0.000210328664727881,0.000661709224309409,0.0034292824688935,0.0320034310601083,0.00710023505122067
15.565717,4.21476146494013e-05,0.000208409496488598,0.000656057841857635,0.0034040035673289,0.031861249326452,0.00715248633878975
15.58405,4.17384617195791e-05,0.00020650783992199,0.000650454274361007,0.00337890397811855,0.0317195232622444,0.00720498222375745
15.602383,4.13333092906842e-05,0.000204623535240771,0.000644898122210713,0.00335398249957079,0.0315782528218526,0.0072577227863387
15.620716,4.09321179056314e-05,0.000202756424115657,0.000639388989082383,0.00332923793732767,0.0314374379453261,0.0073107080991214
15.639049,4.05348485006807e-05,0.000200906349662055,0.000633926481909722,0.00330466910432792,0.0312970785585301,0.0073639382270436
15.657382,4.01414624014637e-05,0.000199073156426884,0.000628510210858355,0.00328027482076994,0.031157174573278,0.00741741322737085
15.675715,3.97519213190512e-05,0.000197256690375514,0.00062313978929987,0.00325605391407494,0.0310177258874632,0.00747113314967411
15.694048,3.93661873460607e-05,0.00019545679887882,0.000617814833786069,0.0032320052188502,0.030878732385191,0.00752509803580796
15.712381,3.89842229528042e-05,0.00019367333070036,0.000612534964023405,0.00320812757685234,0.0307401939369087,0.00757930791988921
15.730714,3.86059909834756e-05,0.000191906135983667,0.000607299802847634,0.00318441983695084,0.0306021103995364,0.00763376282827592
15.749047,3.82314546523768e-05,0.000190155066239656,0.000602108976198651,0.00316088085509148,0.0304644816165958,0.00768846277954674
15.76738,3.78605775401829e-05,0.000188419974334147,0.000596962113095529,0.00313750949426006,0.03032730741834,0.00774340778448073
15.785713,3.74933235902455e-05,0.000186700714475504,0.000591858845611745,0.0031143046244461,0.0301905876218809,0.00779859784603749
15.804046,3.7129657104934e-05,0.000184997142202384,0.000586798808850604,0.00309126512260672,0.0300543220313176,0.00785403295933773
15.822379,3.67695427420146e-05,0.000183309114371597,0.000581781640920855,0.00306838987263056,0.0299185104378629,0.00790971311164425
15.840712,3.6412945511066e-05,0.000181636489146081,0.000576806982912489,0.00304567776530188,0.0297831526199702,0.0079656382823432
15.859045,3.60598307699319e-05,0.000179979125982981,0.000571874478872735,0.00302312769826475,0.0296482483434587,0.00802180844292592
15.877378,3.57101642212104e-05,0.000178336885621843,0.000566983775782233,0.00300073857598725,0.0295137973616393,0.00807822355697099
15.895711,3.53639119087787e-05,0.00017670963007291,0.000562134523531404,0.00297850930972597,0.0293797994154387,0.0081348835801268
15.914044,3.50210402143536e-05,0.00017509722260553,0.000557326374896992,0.00295643881749041,0.0292462542335232,0.0081917884600945
15.932377,3.46815158540873e-05,0.000173499527736664,0.000552558985518795,0.00293452602400766,0.0291131615324223,0.00824893813661127
15.95071,3.43453058751982e-05,0.000171916411219505,0.000547832013876582,0.00291276986068711,0.0289805210166516,0.00830633254143413
15.969043,3.40123776526357e-05,0.000170347740032195,0.000543145121267179,0.00289116926558527,0.028848332378834,0.00836397159832399
15.987376,3.36826988857798e-05,0.000168793382366651,0.000538497971781743,0.0028697231833707,0.028716595299822,0.00842185522303025
16.005709,3.33562375951736e-05,0.000167253207617488,0.000533890232283208,0.00284843056528915,0.028585309448818,0.0084799833232757
16.024042,3.30329621192901e-05,0.000165727086371043,0.000529321572383914,0.00282729036912863,0.0284544744834945,0.00853835579874193
16.042375,3.27128411113316e-05,0.000164214890394504,0.000524791664423398,0.00280630155918477,0.0283240900501138,0.00859697254105497
16.060708,3.23958435360618e-05,0.000162716492625136,0.000520300183446376,0.00278546310622623,0.0281941557836469,0.00865583343377157
16.079041,3.20819386666704e-05,0.0001612317671596,0.000515846807180879,0.00276477398746015,0.0280646713078913,0.0087149383523657
16.097374,3.177109608167e-05,0.000159760589243378,0.000511431216016577,0.00274423318649788,0.0279356362355893,0.00877428716421549
16.115707,3.14632856618239e-05,0.000158302835260289,0.000507053092983255,0.00272383969332063,0.0278070501685445,0.00883387972859073
16.13404,3.11584775871065e-05,0.0001568583827221,0.000502712123729479,0.00270359250424546,0.0276789126977386,0.0088937158966405
16.152373,3.08566423336933e-05,0.00015542711025824,0.000498407996501406,0.00268349062189113,0.0275512234034466,0.0089537955113816
16.170706,3.05577506709835e-05,0.000154008897605595,0.000494140402121776,0.00266353305514434,0.0274239818553525,0.0090141184076869
16.189039,3.02617736586504e-05,0.000152603625598405,0.000489909033969065,0.00264371881912584,0.0272971876126631,0.0090746844122746
16.207372,2.99686826437252e-05,0.000151211176158255,0.000485713587956798,0.00262404693515685,0.0271708402242226,0.00913549334369751
16.225705,2.96784492577071e-05,0.000149831432284148,0.000481553762513025,0.00260451643072546,0.0270449392286254,0.00919654501233301
16.244038,2.93910454137057e-05,0.000148464278042675,0.000477429258559962,0.00258512633945328,0.0269194841543285,0.00925783922037328
16.262371,2.91064433036113e-05,0.000147109598558278,0.000473339779493792,0.00256587570106208,0.0267944745197638,0.00931937576181595
16.280704,2.88246153952934e-05,0.000145767280003591,0.000469285031164614,0.00254676356134062,0.0266699098334495,0.00938115442245531
16.299037,2.85455344298296e-05,0.000144437209589882,0.000465264721856566,0.00252778897211163,0.0265457895941003,0.00944317497987365
16.31737,2.8269173418761e-05,0.00014311927555757,0.000461278562268089,0.00250895099119881,0.0264221132907379,0.00950543720343335
16.335703,2.79955056413769e-05,0.00014181336716684,0.000457326265492358,0.0024902486823941,0.0262988804028004,0.00956794085426917
16.354036,2.77245046420257e-05,0.000140519374688333,0.000453407546997856,0.00247168111542488,0.0261760904002509,0.009630685685281
16.372369,2.74561442274551e-05,0.000139237189393929,0.000449522124609115,0.00245324736592147,0.0260537427436858,0.00969367144112703
16.390702,2.71903984641775e-05,0.00013796670354761,0.000445669718487591,0.00243494651538467,0.0259318368844423,0.00975689785821743
16.409035,2.69272416758637e-05,0.00013670781039641,0.000441850051112707,0.0024167776511534,0.0258103722647054,0.00982036466470826
16.427368,2.66666484407623e-05,0.000135460404161439,0.000438062847263028,0.00239873986637252,0.0256893483176142,0.00988407158049602
16.445701,2.64085935891455e-05,0.000134224380029001,0.000434307833997604,0.00238083225996074,0.0255687644673674,0.00994801831721236
16.464034,2.61530522007814e-05,0.000132999634141786,0.00043058474063744,0.00236305393657866,0.0254486201293287,0.0100122045782195
16.482367,2.58999996024314e-05,0.000131786063590138,0.000426893298747128,0.00234540400659693,0.0253289147101306,0.010076630058606
16.5007,2.56494113653733e-05,0.000130583566403416,0.000423233242116615,0.00232788158606454,0.025209647607779,0.0101412944451823
16.519033,2.54012633029498e-05,0.00012939204154142,0.000419604306743117,0.00231048579667722,0.0250908182117556,0.0102061974164782
16.537366,2.51555314681417e-05,0.000128211388885903,0.000416006230813177,0.002293215765746,0.024972425903121,0.010271338642739
16.555699,2.49121921511658e-05,0.00012704150923216,0.000412438754684864,0.00227607062616582,0.0248544700546163,0.0103367177859233
16.574032,2.46712218770974e-05,0.000125882304280688,0.000408901620870112,0.00225904951638437,0.0247369500307648,0.0104023344997004
16.592365,2.44325974035165e-05,0.000124733676628933,0.000405394574017199,0.00224215158037096,0.0246198651879719,0.0104681884294492
16.610698,2.4196295718179e-05,0.000123595529763098,0.000401917360893365,0.00222537596758556,0.0245032148746262,0.010534279212256
16.629031,2.39622940367099e-05,0.000122467768050041,0.000398469730367565,0.00220872183294796,0.0243869984311981,0.0106006064769141
16.647364,2.37305698003219e-05,0.000121350296729232,0.000395051433393365,0.00219218833680704,0.0242712151903391,0.0106671698439232
16.665697,2.35011006735551e-05,0.000120243021904796,0.000391662222991965,0.00217577464491017,0.0241558644769798,0.010733968925489
16.68403,2.32738645420416e-05,0.000119145850537624,0.000388301854235358,0.00215947992837278,0.0240409456084275,0.0108010033255238
16.702363,2.30488395102916e-05,0.000118058690437549,0.000384970084229632,0.00214330336364797,0.0239264578944635,0.0108682726396473
16.720696,2.28260038995022e-05,0.000116981450255607,0.000381666672098391,0.00212724413249629,0.0238124006374389,0.0109357764551872
16.739029,2.26053362453887e-05,0.000115914039476357,0.000378391378966312,0.0021113014219557,0.0236987731323709,0.0110035143511815
16.757362,2.23868152960377e-05,0.000114856368410277,0.00037514396794284,0.00209547442431152,0.0235855746670377,0.0110714858983799
16.775695,2.21704200097821e-05,0.000113808348186226,0.000371924204106001,0.00207976233706667,0.0234728045220729,0.0111396906592464
16.794028,2.19561295530975e-05,0.000112769890743981,0.000368731854486347,0.00206416436291188,0.0233604619710597,0.0112081281879623
16.812361,2.17439232985203e-05,0.000111740908826831,0.000365566688051034,0.00204867970969613,0.0232485462806243,0.0112767980304292
16.830694,2.15337808225864e-05,0.000110721315974252,0.00036242847568802,0.00203330759039717,0.0231370567105282,0.0113456997242726
16.849027,2.13256819037912e-05,0.000109711026514638,0.00035931699019039,0.00201804722309221,0.0230259925137606,0.0114148327988462
16.86736,2.11196065205703e-05,0.000108709955558102,0.000356232006240806,0.00200289783092864,0.0229153529366298,0.0114841967752363
16.885693,2.09155348493e-05,0.000107718018989347,0.000353173300396081,0.001987858642095,0.0228051372188544,0.0115537911662665
16.904026,2.07134472623194e-05,0.000106735133460595,0.000350140651071876,0.00197292888979197,0.0226953445936531,0.0116236154765033
16.922359,2.05133243259711e-05,0.000105761216384584,0.000347133838527516,0.00195810781220355,0.0225859742878348,0.0116936692022617
16.940692,2.03151467986627e-05,0.000104796185927628,0.000344152644850931,0.00194339465246834,0.0224770255218876,0.0117639518316115
16.959025,2.01188956289475e-05,0.000103839961002744,0.000341196853943712,0.00192878865865092,0.0223684975100673,0.0118344628443833
16.977358,1.99245519536249e-05,0.000102892461262837,0.000338266251506289,0.00191428908371344,0.0222603894604853,0.0119052017121764
16.995691,1.97320970958596e-05,0.000101953607093945,0.000335360625023227,0.00189989518548721,0.022152700575196,0.0119761678983652
17.014024,1.95415125633208e-05,0.000101023319608555,0.000332479763748641,0.00188560622664457,0.0220454300502834,0.0120473608581077
17.032357,1.93527800463386e-05,0.000100101520638974,0.000329623458691716,0.00187142147467069,0.0219385770759474,0.0121187800383535
17.05069,1.91658814160813e-05,9.9188132730755e-05,0.000326791502602363,0.0018573402018357,0.0218321408365893,0.0121904248778523
17.069023,1.89807987227487e-05,9.82830791361967e-05,0.000323983689956967,0.00184336168516678,0.0217261205108966,0.012262294807163
17.087356,1.87975141937854e-05,9.73862838078892e-05,0.000321199816944265,0.0018294852064205,0.0216205152719277,0.0123343892486631
17.105689,1.86160102321122e-05,9.64976713923268e-05,0.000318439681451328,0.00181571005205516,0.0215153242871956,0.0124067076165587
17.124022,1.84362694143735e-05,9.56171672235749e-05,0.000315703083049659,0.0018020355132034,0.0214105467187508,0.0124792493168945
17.142355,1.82582744892053e-05,9.47446973169976e-05,0.000312989822981401,0.00178846088564478,0.0213061817232643,0.0125520137475647
17.160688,1.80820083755179e-05,9.38801883630398e-05,0.00031029970414565,0.0017749854697786,0.0212022284521097,0.0126250002983239
17.179021,1.79074541607981e-05,9.30235677210683e-05,0.000307632531084888,0.00176160857059681,0.0210986860514443,0.0126982083507985
17.197354,1.77345950994272e-05,9.21747634132672e-05,0.000304988109971514,0.00174832949765702,0.0209955536622903,0.0127716372784989
17.215687,1.75634146110167e-05,9.13337041185915e-05,0.00030236624859449,0.00173514756505564,0.0208928304206152,0.0128452864468314
17.23402,1.73938962787606e-05,9.05003191667722e-05,0.000299766756346086,0.00172206209140119,0.0207905154574112,0.0129191552131112
17.252353,1.72260238478045e-05,8.96745385323802e-05,0.000297189444208742,0.00170907239978767,0.0206886078987749,0.0129932429265751
17.270686,1.70597812236307e-05,8.8856292828941e-05,0.000294634124742022,0.0016961778177681,0.0205871068659853,0.0130675489283954
17.289019,1.68951524704602e-05,8.80455133031055e-05,0.000292100612069684,0.00168337767732813,0.0204860114755823,0.0131420725516932
17.307352,1.67321218096706e-05,8.7242131828872e-05,0.000289588721866846,0.00167067131485987,0.0203853208394443,0.0132168131215535
17.325685,1.65706736182297e-05,8.64460809018624e-05,0.000287098271347258,0.00165805807113571,0.0202850340648647,0.013291769955039
17.344018,1.64107924271456e-05,8.56572936336508e-05,0.000284629079250676,0.00164553729128239,0.0201851502546283,0.0133669423612058
17.362351,1.62524629199314e-05,8.48757037461415e-05,0.000282180965830335,0.00163310832475509,0.0200856685070877,0.0134423296411187
17.380684,1.60956699310869e-05,8.41012455660019e-05,0.000279753752840523,0.00162077052531174,0.0199865879162378,0.0135179310878665
17.399017,1.59403984445936e-05,8.33338540191425e-05,0.000277347263524257,0.00160852325098734,0.019887907571791,0.0135937459865793
17.41735,1.5786633592427e-05,8.25734646252505e-05,0.000274961322601058,0.00159636586406851,0.0197896265592509,0.0136697736144441
17.435683,1.56343606530822e-05,8.18200134923706e-05,0.000272595756254815,0.00158429773106807,0.0196917439599865,0.0137460132407226
17.454016,1.54835650501158e-05,8.10734373115377e-05,0.000270250392121762,0.00157231822269984,0.0195942588513047,0.0138224641267681
17.472349,1.53342323507009e-05,8.0333673351456e-05,0.000267925059278537,0.00156042671385343,0.019497170306523,0.0138991255260435
17.490682,1.51863482641984e-05,7.96006594532292e-05,0.000265619588230346,0.00154862258356931,0.0194004773950414,0.0139759966841394
17.509015,1.50398986407411e-05,7.88743340251368e-05,0.000263333810899216,0.00153690521501385,0.0193041791824138,0.014053076838793
17.527348,1.48948694698336e-05,7.81546360374589e-05,0.000261067560612348,0.00152527399545457,0.0192082747304191,0.0141303652199065
17.545681,1.47512468789647e-05,7.74415050173489e-05,0.00025882067209056,0.00151372831623552,0.019112763097131,0.0142078610495668
17.564014,1.46090171322352e-05,7.67348810437509e-05,0.000256592981436819,0.00150226757275268,0.0190176433369884,0.0142855635420653
17.582347,1.4468166628999e-05,7.60347047423665e-05,0.00025438432612488,0.0014908911644296,0.0189229145008642,0.0143634719039175
17.60068,1.43286819025171e-05,7.53409172806641e-05,0.000252194544987994,0.0014795984946931,0.018828575636134,0.0144415853338841
17.619013,1.41905496186267e-05,7.46534603629371e-05,0.000250023478207728,0.00146838897094906,0.0187346257867448,0.0145199030229914
17.637346,1.40537565744223e-05,7.39722762254042e-05,0.000247870967302861,0.00145726200455842,0.0186410639932819,0.0145984241545526
17.655679,1.39182896969512e-05,7.32973076313568e-05,0.000245736855118377,0.00144621701081319,0.0185478892930367,0.0146771479041896
17.674012,1.37841360419207e-05,7.26284978663491e-05,0.00024362098581454,0.00143525340891267,0.018455100720073,0.0147560734398546
17.692345,1.36512827924204e-05,7.19657907334329e-05,0.000241523204856064,0.00142437062193972,0.0183626973052929,0.0148351999218529
17.710678,1.35197172576548e-05,7.13091305484356e-05,0.000239443359001368,0.00141356807683721,0.0182706780765027,0.014914526502865
17.729011,1.33894268716913e-05,7.06584621352809e-05,0.000237381296291911,0.00140284520438451,0.0181790420584778,0.0149940523279705
17.747344,1.32603991922185e-05,7.00137308213536e-05,0.000235336866041624,0.00139220143917421,0.0180877882730272,0.0150737765346705
17.765677,1.31326218993185e-05,6.93748824329045e-05,0.000233309918826418,0.00138163621958879,0.0179969157390574,0.0151536982529122
17.78401,1.30060827942508e-05,6.87418632904997e-05,0.000231300306473784,0.00137114898777761,0.0179064234726362,0.0152338166051129
17.802343,1.28807697982488e-05,6.81146202045088e-05,0.000229307882052467,0.00136073918963385,0.0178163104870552,0.0153141307061842
17.820676,1.27566709513284e-05,6.7493100470637e-05,0.000227332499862235,0.00135040627477164,0.0177265757928929,0.015394639663557
17.839009,1.26337744111078e-05,6.68772518654953e-05,0.000225374015423722,0.00134014969650331,0.017637218398076,0.0154753425772071
17.857342,1.25120684516406e-05,6.62670226422137e-05,0.000223432285468358,0.0013299689118167,0.0175482373079416,0.0155562385396803
17.875675,1.23915414622593e-05,6.56623615260919e-05,0.000221507167928372,0.00131986338135267,0.0174596315252972,0.0156373266361185
17.894008,1.2272181946431e-05,6.50632177102919e-05,0.000219598521926893,0.00130983256938266,0.0173714000504822,0.015718605944286
17.912341,1.21539785206247e-05,6.44695408515685e-05,0.000217706207768106,0.00129987594378639,0.0172835418814271,0.0158000755345964
17.930674,1.20369199131898e-05,6.38812810660393e-05,0.000215830086927514,0.00128999297602964,0.0171960560137135,0.0158817344701389
17.949007,1.19209949632455e-05,6.32983889249931e-05,0.000213970022042258,0.00128018314114221,0.0171089414406324,0.0159635818067065
17.96734,1.18061926195822e-05,6.27208154507366e-05,0.000212125876901524,0.00127044591769594,0.0170221971532434,0.016045616592823
17.985673,1.16925019395733e-05,6.21485121124793e-05,0.000210297516437032,0.00126078078778286,0.0169358221404325,0.0161278378697711
18.004006,1.1579912088098e-05,6.15814308222554e-05,0.000208484806713588,0.00125118723699343,0.0168498153889692,0.0162102446716213
18.022339,1.14684123364748e-05,6.10195239308835e-05,0.000206687614919731,0.00124166475439495,0.016764175883564,0.0162928360252597
18.040672,1.13579920614065e-05,6.04627442239623e-05,0.000204905809358438,0.00123221283251004,0.0166789026069248,0.0163756109504181
18.059005,1.12486407439344e-05,5.99110449179042e-05,0.000203139259437916,0.0012228309672952,0.0165939945398129,0.0164585684597021
18.077338,1.11403479684044e-05,5.93643796560035e-05,0.00020138783566246,0.00121351865811958,0.0165094506610984,0.0165417075586222
18.095671,1.10331034214425e-05,5.88227025045419e-05,0.000199651409623399,0.00120427540774375,0.016425269947816,0.0166250272456225
18.114004,1.0926896890941e-05,5.82859679489284e-05,0.000197929853990093,0.00119510072229865,0.0163414513752187,0.0167085265121119
18.132337,1.08217182650547e-05,5.77541308898754e-05,0.000196223042501028,0.00118599411126465,0.0162579939168326,0.0167922043424945
18.15067,1.07175575312074e-05,5.72271466396087e-05,0.000194530849954961,0.00117695508745067,0.0161748965445106,0.0168760597142007
18.169003,1.06144047751082e-05,5.67049709181129e-05,0.000192853152202154,0.00116798316697347,0.0160921582284851,0.0169600915977183
18.187336,1.05122501797772e-05,5.61875598494111e-05,0.000191189826135669,0.001159077869237,0.0160097779374214,0.0170442989566243
18.205669,1.04110840245824e-05,5.56748699578772e-05,0.000189540749682734,0.00115023871691191,0.0159277546384695,0.0171286807476171
18.224002,1.03108966842841e-05,5.51668581645842e-05,0.000187905801796187,0.0011414652359151,0.0158460872973164,0.0172132359205481
18.242335,1.0211678628091e-05,5.4663481783683e-05,0.000186284862445976,0.00113275695538947,0.015764774878237,0.0172979634184551
18.260668,1.01134204187243e-05,5.41646985188172e-05,0.000184677812610745,0.00112411340768367,0.0156838163441455,0.0173828621775945
18.279001,1.00161127114918e-05,5.36704664595677e-05,0.000183084534269471,0.00111553412833206,0.0156032106566455,0.017467931127475
18.297334,9.91974625337123e-06,5.31807440779325e-05,0.000181504910393182,0.00110701865603471,0.0155229567760803,0.0175531691908909
18.315667,9.82431188210264e-06,5.26954902248363e-05,0.000179938824936735,0.00109856653263751,0.0154430536615821,0.017638575283956
18.334,9.72980052528987e-06,5.22146641266733e-05,0.000178386162830665,0.00109017730311247,0.0153635002711217,0.0177241483161374
18.352333,9.63620319951109e-06,5.17382253818814e-05,0.000176846809973093,0.00108185051553797,0.0152842955615567,0.0178098871902906
18.370666,9.54351100943821e-06,5.12661339575468e-05,0.000175320653221712,0.0010735857210793,0.0152054384886801,0.0178957908026935
18.388999,9.45171514696519e-06,5.07983501860413e-05,0.000173807580385828,0.00106538247396914,0.0151269280072676,0.0179818580430818
18.407332,9.36080689034487e-06,5.03348347616879e-05,0.000172307480218466,0.00105724033148824,0.0150487630711256,0.0180680877946844
18.425665,9.27077760333468e-06,4.98755487374594e-05,0.000170820242408548,0.00104915885394623,0.0149709426331377,0.0181544789342586
18.443998,9.18161873435063e-06,4.94204535217046e-05,0.000169345757573126,0.0010411376046624,0.0148934656453114,0.0182410303321263
18.462331,9.09332181563008e-06,4.8969510874907e-05,0.000167883917249684,0.00103317614994676,0.014816331058824,0.0183277408522102
18.480664,9.00587846240255e-06,4.85226829064704e-05,0.000166434613888498,0.00102527405908102,0.0147395378240684,0.0184146093520701
18.498997,8.91928037206909e-06,4.80799320715362e-05,0.000164997740845065,0.00101743090429988,0.0146630848906984,0.0185016346829395
18.51733,8.83351932338968e-06,4.76412211678277e-05,0.000163573192372583,0.0010096462607722,0.0145869712076731,0.0185888156897631
18.535663,8.74858717567888e-06,4.72065133325251e-05,0.000162160863614505,0.00100191970658248,0.0145111957233017,0.0186761512112338
18.553996,8.66447586800937e-06,4.67757720391675e-05,0.000160760650597142,0.00099425082271226,0.0144357573852873,0.01876364007983
18.572329,8.58117741842368e-06,4.6348961094584e-05,0.000159372450222335,0.000986639193021777,0.0143606551407703,0.018851281121854
18.590662,8.49868392315349e-06,4.59260446358524e-05,0.00015799616026018,0.000979084404231615,0.0142858879363718,0.0189390731574698
18.608995,8.41698755584699e-06,4.55069871272857e-05,0.000156631679341819,0.000971586045904503,0.014211454718236,0.0190270150007414
18.627328,8.3360805668039e-06,4.50917533574469e-05,0.000155278906952282,0.000964143710427214,0.0141373544320727,0.0191151054596718
18.645661,8.25595528221799e-06,4.46803084361892e-05,0.000153937743423396,0.00095675699299254,0.0140635860231992,0.0192033433362414
18.663994,8.17660410342738e-06,4.42726177917256e-05,0.000152608089926744,0.000949425491581403,0.0139901484365817,0.0192917274264476
18.682327,8.0980195061721e-06,4.38686471677228e-05,0.000151289848466686,0.000942148806945024,0.0139170406168764,0.0193802565203441
18.70066,8.02019403985934e-06,4.34683626204239e-05,0.000149982921873436,0.000934926542587229,0.0138442615084701,0.0194689294020805
18.718993,7.94312032683567e-06,4.30717305157953e-05,0.000148687213796195,0.000927758304746824,0.0137718100555209,0.0195577448499424
18.737326,7.86679106166696e-06,4.26787175267013e-05,0.00014740262869634,0.000920643702380092,0.0136996852019974,0.0196467016363914
18.755659,7.79119901042503e-06,4.22892906301033e-05,0.000146129071840669,0.000913582347143366,0.0136278858917187,0.0197357985281055
18.773992,7.71633700998186e-06,4.19034171042856e-05,0.000144866449294703,0.000906573853375722,0.0135564110683934,0.0198250342860201
18.792325,7.64219796731046e-06,4.15210645261052e-05,0.000143614667916038,0.00089961783808175,0.0134852596756583,0.0199144076653687
18.810658,7.56877485879295e-06,4.11422007682678e-05,0.000142373635347752,0.000892713920914427,0.0134144306571165,0.0200039174157238
18.828991,7.49606072953551e-06,4.07667939966288e-05,0.000141143260011878,0.000885861724158101,0.0133439229563758,0.020093562281039
18.847324,7.42404869269007e-06,4.03948126675173e-05,0.000139923451102906,0.000879060872711544,0.0132737355170858,0.0201833409996898
18.865657,7.35273192878289e-06,4.00262255250868e-05,0.000138714118581366,0.000872310994071128,0.0132038672829754,0.0202732523045163
18.88399,7.28210368504964e-06,3.9661001598688e-05,0.000137515173167441,0.000865611718314072,0.0131343171978893,0.0203632949228645
18.902323,7.21215727477742e-06,3.92991102002673e-05,0.000136326526334643,0.000858962678081807,0.0130650842058246,0.0204534675766292
18.920656,7.142886076653e-06,3.89405209217873e-05,0.000135148090303541,0.000852363508563412,0.0129961672509671,0.0205437689822962
18.938989,7.07428353411781e-06,3.85852036326727e-05,0.000133979778035538,0.000845813847479168,0.0129275652777263,0.0206341978509855
18.957322,7.0063431547292e-06,3.82331284772777e-05,0.000132821503226697,0.000839313335064179,0.0128592772307713,0.0207247528884939
18.975655,6.93905850952818e-06,3.78842658723782e-05,0.000131673180301621,0.000832861614052119,0.0127913020550657,0.020815432795338
18.993988,6.87242323241339e-06,3.75385865046854e-05,0.000130534724407381,0.000826458329659035,0.0127236386959016,0.0209062362667985
19.012321,6.80643101952126e-06,3.7196061328383e-05,0.000129406051407496,0.000820103129567269,0.0126562860989346,0.0209971619929629
19.030654,6.74107562861255e-06,3.68566615626868e-05,0.000128287077875958,0.00081379566390947,0.0125892432102172,0.0210882086587698
19.048987,6.6763508784647e-06,3.65203586894259e-05,0.000127177721091313,0.00080753558525268,0.0125225089762321,0.021179374944053
19.06732,6.61225064827052e-06,3.61871244506471e-05,0.000126077899030781,0.000801322548582533,0.0124560823439258,0.0212706595235856
19.085653,6.54876887704264e-06,3.58569308462399e-05,0.000124987530364435,0.000795156211287526,0.0123899622607412,0.0213620610671245
19.103986,6.48589956302406e-06,3.55297501315842e-05,0.000123906534449418,0.000789036233143398,0.0123241476746499,0.0214535782394549
19.122319,6.42363676310444e-06,3.52055548152186e-05,0.000122834831324211,0.000782962276297583,0.0122586375341844,0.0215452097004356
19.140652,6.36197459224232e-06,3.48843176565313e-05,0.000121772341702952,0.000776934005253765,0.0121934307884697,0.0216369541050433
19.158985,6.30090722289292e-06,3.456601166347e-05,0.000120718986969797,0.000770951086856514,0.0121285263872549,0.0217288101034189
19.177318,6.24042888444189e-06,3.42506100902748e-05,0.000119674689173327,0.000765013190276019,0.0120639232809442,0.0218207763409118
19.195651,6.18053386264437e-06,3.39380864352307e-05,0.000118639371021003,0.000759119986992898,0.0119996204206271,0.0219128514581262
19.213984,6.12121649906997e-06,3.36284144384404e-05,0.000117612955873666,0.000753271150783111,0.0119356167581097,0.0220050340909668
19.232317,6.06247119055299e-06,3.33215680796182e-05,0.000116595367740083,0.000747466357702947,0.0118719112459439,0.0220973228706846
19.25065,6.00429238864827e-06,3.30175215759034e-05,0.000115586531271532,0.000741705286074104,0.0118085028374573,0.0221897164239232
19.268983,5.94667459909241e-06,3.27162493796943e-05,0.000114586371756443,0.000735987616468863,0.0117453904867829,0.0222822133727648
19.287316,5.88961238127032e-06,3.24177261765008e-05,0.000113594815115073,0.000730313031695331,0.0116825731488877,0.0223748123347775
19.305649,5.83310034768715e-06,3.21219268828183e-05,0.000112611787894226,0.000724681216782793,0.0116200497796016,0.0224675119230609
19.323982,5.77713316344532e-06,3.1828826644019e-05,0.000111637217262021,0.000719091858967125,0.0115578193356455,0.0225603107462937
19.342315,5.72170554572697e-06,3.15384008322645e-05,0.000110671031002698,0.000713544647676317,0.0114958807746601,0.0226532074087804
19.360648,5.66681226328131e-06,3.12506250444357e-05,0.000109713157511473,0.000708039274516061,0.0114342330552324,0.0227462005104987
19.378981,5.61244813591729e-06,3.09654751000826e-05,0.000108763525789427,0.000702575433255436,0.0113728751369244,0.0228392886471463
19.397314,5.5586080340011e-06,3.06829270393926e-05,0.000107822065438442,0.00069715281981267,0.0113118059802992,0.022932470410189
19.415647,5.50528687795889e-06,3.04029571211772e-05,0.000106888706656182,0.000691771132240993,0.0112510245469483,0.0230257443869079
19.43398,5.4524796377842e-06,3.01255418208769e-05,0.000105963380231105,0.000686430070714566,0.0111905297995179,0.0231191091604472
19.452313,5.40018133255042e-06,2.98506578285851e-05,0.000105046017537528,0.000681129337514494,0.0111303207017349,0.0232125633098626
19.470646,5.34838702992814e-06,2.95782820470888e-05,0.000104136550530722,0.000675868637014935,0.0110703962184331,0.0233061054101685
19.488979,5.2970918457071e-06,2.93083915899285e-05,0.000103234911742057,0.000670647675669267,0.0110107553155784,0.0233997340323872
19.507312,5.24629094332309e-06,2.90409637794747e-05,0.000102341034274178,0.000665466161996361,0.010951396960294,0.0234934477435963
19.525645,5.19597953338941e-06,2.87759761450225e-05,0.000101454851796227,0.000660323806566916,0.0108923201208857,0.023587245106978
19.543978,5.14615287323307e-06,2.85134064209037e-05,0.000100576298539104,0.000655220321989894,0.010833523766866,0.0236811246818672
19.562311,5.09680626643553e-06,2.82532325446156e-05,9.97053092907607e-05,0.000650155422899016,0.010775006868979,0.0237750850238005
19.580644,5.04793506237803e-06,2.79954326549674e-05,9.8841819391542e-05,0.00064512882593936,0.0107167683992237,0.0238691246845648
19.598977,4.99953465579143e-06,2.77399850902434e-05,9.79857647295592e-05,0.000640140249754014,0.0106588073308784,0.0239632422122468
19.61731,4.95160048631052e-06,2.74868683863826e-05,9.71370817361042e-05,0.000635189414970832,0.0106011226385238,0.0240574361512817
19.635643,4.90412803803273e-06,2.72360612751753e-05,9.62957073811011e-05,0.000630276044189255,0.0105437132980661,0.0241517050425024
19.653976,4.85711283908122e-06,2.6987542682476e-05,9.54615791685942e-05,0.000625399861967217,0.0104865782867602,0.0242460474231894
19.672309,4.81055046117238e-06,2.6741291726433e-05,9.46346351322756e-05,0.000620560594808127,0.0104297165832316,0.0243404618271195
19.690642,4.76443651918746e-06,2.64972877157331e-05,9.38148138310464e-05,0.000615757971147928,0.0103731271674995,0.0244349467846164
19.708975,4.71876667074864e-06,2.62555101478635e-05,9.30020543446182e-05,0.000610991721342241,0.0103168090209981,0.0245295008225993
19.727308,4.67353661579913e-06,2.60159387073889e-05,9.21962962691471e-05,0.000606261577653572,0.0102607611265988,0.0246241224646335
19.745641,4.62874209618756e-06,2.57785532642448e-05,9.13974797129071e-05,0.000601567274238616,0.0102049824686313,0.02471881023098
19.763974,4.58437889525642e-06,2.55433338720454e-05,9.06055452919966e-05,0.000596908547135614,0.0101494720329049,0.0248135626386454
19.782307,4.5404428374346e-06,2.53102607664083e-05,8.98204341260825e-05,0.000592285134251813,0.0100942288067295,0.0249083782014325
19.80064,4.49692978783399e-06,2.50793143632935e-05,8.90420878341772e-05,0.000587696775350974,0.010039251778936,0.0250032554299899
19.818973,4.45383565185002e-06,2.48504752573576e-05,8.8270448530453e-05,0.000583143212040979,0.00998453993989679,0.0250981928318628
19.837306,4.41115637476622e-06,2.46237242203237e-05,8.75054588200882e-05,0.000578624187761496,0.0099300922815456,0.025193188911543
19.855639,4.36888794136268e-06,2.43990421993655e-05,8.67470617951506e-05,0.000574139447771734,0.00987590779739761,0.0252882421705198
19.873972,4.32702637552836e-06,2.41764103155064e-05,8.59952010305121e-05,0.000569688739138257,0.00982198548256881,0.02538335110733
19.892305,4.28556773987726e-06,2.39558098620331e-05,8.52498205797992e-05,0.000565271810722881,0.00976832433379525,0.0254785142176091
19.910638,4.24450813536844e-06,2.37372223029242e-05,8.4510864971376e-05,0.000560888413170649,0.00971492334945216,0.0255737299941418
19.928971,4.20384370092967e-06,2.3520629271292e-05,8.37782792043601e-05,0.000556538298897865,0.00966178152957258,0.0256689969269127
19.947304,4.163570613085e-06,2.33060125678398e-05,8.30520087446729e-05,0.000552221222080216,0.00960889787586596,0.0257643135031573
19.965637,4.12368508558581e-06,2.30933541593323e-05,8.23319995211203e-05,0.000547936938640954,0.00955627139173632,0.025859678207413
19.98397,4.0841833690457e-06,2.28826361770809e-05,8.16181979215083e-05,0.000543685206239162,0.00950390108230029,0.0259550895215699
20.002303,4.04506175057884e-06,2.26738409154415e-05,8.09105507887884e-05,0.000539465784258078,0.00945178595440479,0.0260505459249222
20.020636,4.006316553442e-06,2.24669508303275e-05,8.02090054172369e-05,0.000535278433793509,0.00939992501664457,0.026146045894219
20.038969,3.96794413668009e-06,2.22619485377352e-05,7.95135095486641e-05,0.000531122917642294,0.00934831727937935,0.0262415879037158
20.057302,3.92994089477521e-06,2.20588168122834e-05,7.88240113686565e-05,0.000526999000290859,0.00929696175475093,0.0263371704252255
20.075635,3.89230325729915e-06,2.18575385857655e-05,7.81404595028487e-05,0.000522906447903824,0.00924585745669982,0.0264327919281701
20.093968,3.85502768856935e-06,2.16580969457163e-05,7.74628030132266e-05,0.000518845028312693,0.00919500340098179,0.0265284508796315
20.112301,3.81811068730833e-06,2.14604751339899e-05,7.6790991394462e-05,0.00051481451100461,0.00914439860518412,0.0266241457444034
20.130634,3.78154878630629e-06,2.12646565453521e-05,7.61249745702762e-05,0.000510814667111179,0.00909404208874162,0.0267198749850428
20.148967,3.74533855208732e-06,2.10706247260854e-05,7.54647028898352e-05,0.000506845269397365,0.00904393287295241,0.0268156370619211
20.1673,3.70947658457864e-06,2.08783633726057e-05,7.48101271241728e-05,0.000502906092250444,0.00899406998099343,0.0269114304332758
20.185633,3.67395951678335e-06,2.06878563300933e-05,7.41611984626461e-05,0.000498996911669046,0.00894445243793583,0.0270072535552624
20.203966,3.63878401445622e-06,2.04990875911345e-05,7.3517868509417e-05,0.000495117505252244,0.00889507927075994,0.0271031048820057
20.222299,3.60394677578283e-06,2.03120412943776e-05,7.28800892799663e-05,0.000491267652188724,0.00884594950837022,0.0271989828656515
20.240632,3.56944453106176e-06,2.01267017231993e-05,7.22478131976337e-05,0.000487447133246016,0.00879706218160981,0.0272948859564185
20.258965,3.53527404239007e-06,1.99430533043846e-05,7.1620993090189e-05,0.000483655730759794,0.00874841632327496,0.0273908126026498
20.277298,3.50143210335171e-06,1.97610806068181e-05,7.09995821864294e-05,0.00047989322862324,0.00870001096812918,0.0274867612508646
20.295631,3.46791553870914e-06,1.95807683401873e-05,7.03835341128069e-05,0.000476159412276481,0.00865184515291717,0.0275827303458104
20.313964,3.43472120409798e-06,1.9402101353698e-05,6.97728028900831e-05,0.000472454068696082,0.00860391791637861,0.0276787183305142
20.332297,3.40184598572462e-06,1.92250646348013e-05,6.91673429300108e-05,0.00046877698638461,0.00855622829926155,0.0277747236463348
20.35063,3.36928680006687e-06,1.90496433079317e-05,6.85671090320448e-05,0.000465127955360267,0.00850877534433582,0.0278707447330143
20.368963,3.33704059357751e-06,1.88758226332579e-05,6.79720563800784e-05,0.000461506767146577,0.008461558096406,0.0279667800287301
20.387296,3.30510434239089e-06,1.87035880054436e-05,6.73821405392085e-05,0.000457913214762148,0.00841457560232433,0.0280628279701467
20.405629,3.27347505203225e-06,1.85329249524207e-05,6.67973174525258e-05,0.000454347092710489,0.00836782691100333,0.0281588869924676
20.423962,3.24214975713006e-06,1.83638191341733e-05,6.62175434379335e-05,0.000450808196969901,0.00832131107342823,0.0282549555294871
20.442295,3.21112552113111e-06,1.81962563415324e-05,6.5642775184991e-05,0.000447296324983422,0.00827502714266919,0.0283510320136422
20.460628,3.18039943601851e-06,1.80302224949823e-05,6.50729697517846e-05,0.000443811275648839,0.00822897417389334,0.0284471148760644
20.478961,3.14996862203233e-06,1.78657036434775e-05,6.45080845618238e-05,0.000440352849308764,0.00818315122437652,0.0285432025466318
20.497294,3.11983022739312e-06,1.77026859632704e-05,6.39480774009636e-05,0.000436920847740769,0.00813755735351499,0.0286392934540204
20.515627,3.08998142802812e-06,1.75411557567498e-05,6.33929064143522e-05,0.000433515074147586,0.0080921916228367,0.0287353860257568
20.53396,3.06041942730015e-06,1.73810994512898e-05,6.28425301034043e-05,0.000430135333147366,0.0080470530960126,0.0288314786882692
20.552293,3.03114145573924e-06,1.72225035981098e-05,6.22969073227993e-05,0.000426781430764006,0.00800214083886757,0.0289275698669396
20.570626,3.00214477077676e-06,1.70653548711439e-05,6.17559972775046e-05,0.000423453174417522,0.00795745391939124,0.0290236579861557
20.588959,2.97342665648242e-06,1.69096400659215e-05,6.12197595198237e-05,0.000420150372914503,0.00791299140774862,0.0291197414693626
20.607292,2.94498442330358e-06,1.67553460984577e-05,6.06881539464686e-05,0.00041687283643861,0.00786875237629047,0.0292158187391143
20.625625,2.91681540780737e-06,1.66024600041541e-05,6.01611407956569e-05,0.00041362037654114,0.00782473589956355,0.029311888217126
20.643958,2.88891697242518e-06,1.6450968936709e-05,5.96386806442326e-05,0.00041039280613165,0.00778094105432059,0.0294079483243253
20.662291,2.86128650519981e-06,1.63008601670384e-05,5.91207344048116e-05,0.000407189939468643,0.00773736691953024,0.0295039974809042
20.680624,2.833921419535e-06,1.61521210822063e-05,5.86072633229495e-05,0.000404011592150303,0.00769401257638656,0.0296000341063708
20.698957,2.80681915394749e-06,1.60047391843651e-05,5.80982289743354e-05,0.000400857581105307,0.00765087710831864,0.0296960566196004
20.71729,2.77997717182151e-06,1.58587020897048e-05,5.7593593262006e-05,0.000397727724583674,0.00760795960099975,0.0297920634388879
20.735623,2.75339296116569e-06,1.57139975274132e-05,5.70933184135854e-05,0.000394621842147688,0.00756525914235648,0.0298880529819988
20.753956,2.72706403437239e-06,1.55706133386447e-05,5.6597366978547e-05,0.000391539754662873,0.00752277482257771,0.0299840236662207
20.772289,2.70098792797932e-06,1.54285374754981e-05,5.61057018254977e-05,0.000388481284289022,0.00748050573412323,0.0300799739084154
20.790622,2.67516220243365e-06,1.5287758000005e-05,5.56182861394855e-05,0.000385446254471294,0.00743845097173235,0.0301759021250694
20.808955,2.64958444185827e-06,1.51482630831262e-05,5.51350834193288e-05,0.000382434489931353,0.00739660963243229,0.0302718067323461
20.827288,2.62425225382052e-06,1.50100410037579e-05,5.4656057474969e-05,0.000379445816658578,0.00735498081554635,0.0303676861461365
20.845621,2.59916326910308e-06,1.48730801477471e-05,5.41811724248437e-05,0.000376480061901314,0.00731356362270192,0.0304635387821111
20.863954,2.57431514147718e-06,1.47373690069153e-05,5.37103926932834e-05,0.0003735370541582,0.00727235715783838,0.0305593630557705
20.882287,2.54970554747802e-06,1.46028961780916e-05,5.32436830079281e-05,0.000370616623169526,0.00723136052721472,0.0306551573824971
20.90062,2.5253321861824e-06,1.44696503621549e-05,5.27810083971676e-05,0.00036771859990867,0.00719057283941711,0.0307509201776057
20.918953,2.50119277898855e-06,1.43376203630842e-05,5.2322334187601e-05,0.000364842816573573,0.0071499932053662,0.0308466498563953
20.937286,2.47728506939813e-06,1.42067950870177e-05,5.18676260015184e-05,0.000361989106578276,0.0071096207383243,0.0309423448341991
20.955619,2.45360682280034e-06,1.4077163541321e-05,5.14168497544045e-05,0.000359157304544515,0.00706945455390241,0.0310380035264362
20.973952,2.43015582625823e-06,1.39487148336631e-05,5.09699716524605e-05,0.000356347246293356,0.00702949377006701,0.0311336243486623
20.992285,2.40692988829704e-06,1.38214381711017e-05,5.05269581901497e-05,0.000353558768836902,0.00698973750714686,0.0312292057166201
21.010618,2.38392683869466e-06,1.36953228591754e-05,5.00877761477611e-05,0.00035079171037004,0.00695018488783936,0.0313247460462904
21.028951,2.36114452827414e-06,1.35703583010061e-05,4.9652392588995e-05,0.000348045910262246,0.00691083503721707,0.0314202437539425
21.047284,2.33858082869824e-06,1.3446533996408e-05,4.92207748585672e-05,0.000345321209049441,0.00687168708273379,0.0315156972561851
21.065617,2.31623363226603e-06,1.33238395410054e-05,4.87928905798351e-05,0.000342617448425905,0.00683274015423071,0.0316111049700163
21.08395,2.29410085171146e-06,1.32022646253586e-05,4.83687076524419e-05,0.000339934471236234,0.0067939933839422,0.0317064653128742
21.102283,2.27218042000391e-06,1.30817990340976e-05,4.79481942499814e-05,0.00033727212146736,0.00675544590650164,0.0318017767026875
21.120616,2.25047029015072e-06,1.29624326450635e-05,4.75313188176819e-05,0.000334630244240611,0.00671709685894694,0.0318970375579252
21.138949,2.22896843500164e-06,1.28441554284586e-05,4.71180500701096e-05,0.000332008685803831,0.00667894538072601,0.031992246297647
21.157282,2.20767284705528e-06,1.27269574460029e-05,4.67083569888913e-05,0.000329407293523548,0.00664099061370205,0.0320874013415533
21.175615,2.1865815382673e-06,1.26108288500996e-05,4.6302208820456e-05,0.000326825915877194,0.00660323170215865,0.0321825011100353
21.193948,2.16569253986068e-06,1.24957598830073e-05,4.58995750737952e-05,0.000324264402445371,0.00656566779280482,0.0322775440242247
21.212281,2.14500390213772e-06,1.23817408760203e-05,4.55004255182419e-05,0.000321722603904173,0.00652829803477979,0.0323725285060433
21.230614,2.12451369429395e-06,1.22687622486561e-05,4.51047301812689e-05,0.000319200372017557,0.00649112157965777,0.032467452978253
21.248947,2.10422000423383e-06,1.21568145078506e-05,4.47124593463043e-05,0.000316697559629759,0.00645413758145244,0.0325623158645051
21.26728,2.08412093838829e-06,1.204588824716e-05,4.43235835505664e-05,0.000314214020657764,0.00641734519662142,0.03265711558939
21.285613,2.06421462153407e-06,1.19359741459707e-05,4.39380735829157e-05,0.000311749610083822,0.00638074358407049,0.032751850578486
21.303946,2.04449919661483e-06,1.18270629687164e-05,4.35559004817256e-05,0.000309304183948019,0.00634433190515781,0.0328465192584092
21.322279,2.02497282456396e-06,1.17191455641014e-05,4.31770355327708e-05,0.000306877599340884,0.0063081093236978,0.0329411200568623
21.340612,2.00563368412925e-06,1.16122128643325e-05,4.28014502671329e-05,0.00030446971439606,0.00627207500596512,0.0330356514026836
21.358945,1.98647997169916e-06,1.15062558843562e-05,4.24291164591239e-05,0.000302080388283007,0.00623622812069831,0.0331301117258959
21.377278,1.96750990113087e-06,1.14012657211043e-05,4.20600061242271e-05,0.000299709481199769,0.00620056783910343,0.0332244994577554
21.395611,1.94872170358001e-06,1.1297233552746e-05,4.16940915170552e-05,0.000297356854365771,0.0061650933348575,0.0333188130308002
21.413944,1.93011362733203e-06,1.11941506379457e-05,4.1331345129325e-05,0.00029502237001468,0.00612980378411184,0.033413050878899
21.432277,1.91168393763528e-06,1.10920083151297e-05,4.097173968785e-05,0.000292705891387298,0.00609469836549527,0.0335072114372994
21.45061,1.89343091653565e-06,1.09907980017576e-05,4.06152481525488e-05,0.000290407282724515,0.00605977626011714,0.0336012931426764
21.468943,1.87535286271293e-06,1.08905111936012e-05,4.02618437144708e-05,0.000288126409260294,0.00602503665157036,0.03369529443318
21.487276,1.85744809131871e-06,1.07911394640305e-05,3.99114997938384e-05,0.000285863137214716,0.00599047872593412,0.0337892137484841
21.505609,1.83971493381588e-06,1.06926744633049e-05,3.95641900381052e-05,0.000283617333787062,0.00595610167177666,0.0338830495298337
21.523942,1.82215173781972e-06,1.05951079178723e-05,3.92198883200309e-05,0.000281388867148941,0.00592190468015777,0.0339768002200932
21.542275,1.80475686694056e-06,1.04984316296732e-05,3.8878568735772e-05,0.000279177606437468,0.0058878869446313,0.0340704642637934
21.560608,1.78752870062796e-06,1.04026374754527e-05,3.85402056029887e-05,0.000276983421748481,0.00585404766124742,0.0341640401071796
21.578941,1.7704656340164e-06,1.0307717406077e-05,3.82047734589676e-05,0.000274806184129809,0.00582038602855487,0.0342575261982589
21.597274,1.75356607777259e-06,1.02136634458579e-05,3.787224705876e-05,0.000272645765574578,0.00578690124760306,0.034350920986847
21.615607,1.73682845794412e-06,1.01204676918822e-05,3.75426013733361e-05,0.000270502039014564,0.00575359252194396,0.0344442229246158
21.63394,1.72025121580971e-06,1.00281223133478e-05,3.72158115877543e-05,0.000268374878313594,0.00572045905763404,0.0345374304651399
21.652273,1.7038328077309e-06,9.93661955090537e-06,3.68918530993461e-05,0.000266264158260979,0.00568750006323593,0.0346305420639438
21.670606,1.68757170500521e-06,9.84595171600705e-06,3.65707015159162e-05,0.000264169754565008,0.00565471474982012,0.0347235561785484
21.688939,1.67146639372067e-06,9.75611119025978e-06,3.62523326539575e-05,0.000262091543846464,0.00562210233096637,0.0348164712685173
21.707272,1.65551537461186e-06,9.66709042478552e-06,3.59367225368815e-05,0.000260029403632205,0.00558966202276521,0.0349092857955033
21.725605,1.63971716291733e-06,9.57888193958676e-06,3.56238473932625e-05,0.000257983212348767,0.00555739304381913,0.0350019982232949
21.743938,1.62407028823843e-06,9.49147832291817e-06,3.53136836550985e-05,0.000255952849316025,0.00552529461524383,0.0350946070178617
21.762271,1.60857329439947e-06,9.40487223066369e-06,3.50062079560842e-05,0.000253938194740886,0.00549336596066926,0.0351871106474008
21.780604,1.59322473930935e-06,9.31905638571952e-06,3.47013971299003e-05,0.000251939129711031,0.00546160630624055,0.0352795075823824
21.798937,1.57802319482445e-06,9.23402357738265e-06,3.43992282085169e-05,0.000249955536188694,0.00543001488061892,0.0353717962955954
21.81727,1.56296724661289e-06,9.14976666074491e-06,3.40996784205101e-05,0.000247987297004481,0.00539859091498237,0.0354639752621925
21.835603,1.54805549402021e-06,9.06627855609276e-06,3.38027251893942e-05,0.000246034295851237,0.00536733364302639,0.0355560429597359
21.853936,1.5332865499362e-06,8.98355224831224e-06,3.35083461319666e-05,0.000244096417277949,0.00533624230096442,0.0356479978682422
21.872269,1.5186590406632e-06,8.90158078629967e-06,3.32165190566675e-05,0.000242173546683686,0.00530531612752839,0.035739838470227
21.890602,1.50417160578556e-06,8.82035728237746e-06,3.29272219619527e-05,0.000240265570311589,0.00527455436396894,0.0358315632507503
21.908935,1.48982289804049e-06,8.73987491171551e-06,3.26404330346808e-05,0.000238372375242891,0.00524395625405577,0.0359231706974603
21.927268,1.47561158319007e-06,8.66012691175758e-06,3.23561306485129e-05,0.000236493849390985,0.00521352104407771,0.0360146593006385
21.945601,1.4615363398946e-06,8.58110658165325e-06,3.20742933623272e-05,0.000234629881495527,0.00518324798284279,0.0361060275532436
21.963934,1.44759585958715e-06,8.50280728169469e-06,3.17948999186454e-05,0.000232780361116578,0.00515313632167816,0.0361972739509554
21.982267,1.43378884634935e-06,8.42522243275895e-06,3.15179292420733e-05,0.000230945178628788,0.00512318531443001,0.0362883969922189
22.0006,1.42011401678837e-06,8.34834551575498e-06,3.12433604377542e-05,0.000229124225215618,0.00509339421746322,0.036379395178288
22.018933,1.40657009991515e-06,8.27217007107593e-06,3.09711727898349e-05,0.0002273173928636,0.00506376228966111,0.0364702670132691
22.037266,1.39315583702379e-06,8.19668969805643e-06,3.07013457599459e-05,0.000225524574356633,0.00503428879242498,0.0365610110041641
22.055599,1.37986998157213e-06,8.12189805443468e-06,3.04338589856924e-05,0.000223745663270326,0.00500497298967358,0.0366516256609139
22.073932,1.36671129906352e-06,8.0477888558196e-06,3.01686922791598e-05,0.000221980553966366,0.00497581414784251,0.0367421094964411
22.092265,1.35367856692967e-06,7.97435587516275e-06,2.99058256254306e-05,0.000220229141586934,0.0049468115358835,0.036832461026693
22.110598,1.34077057441479e-06,7.90159294223514e-06,2.96452391811144e-05,0.000218491322049157,0.00491796442526368,0.0369226787706842
22.128931,1.32798612246069e-06,7.8294939431087e-06,2.93869132728901e-05,0.00021676699203959,0.00488927208996461,0.0370127612505389
22.147264,1.31532402359316e-06,7.75805281964268e-06,2.91308283960599e-05,0.000215056049008745,0.0048607338064814,0.037102706991533
22.165597,1.30278310180936e-06,7.68726356897444e-06,2.88769652131163e-05,0.000213358391165652,0.00483234885382159,0.0371925145221364
22.18393,1.29036219246637e-06,7.61712024301525e-06,2.86253045523205e-05,0.000211673917472453,0.0048041165135041,0.0372821823740548
22.202263,1.27806014217078e-06,7.54761694795033e-06,2.8375827406293e-05,0.000210002527639042,0.00477603606955793,0.0373717090822711
22.220596,1.2658758086694e-06,7.47874784374373e-06,2.81285149306161e-05,0.000208344122117729,0.00474810680852092,0.0374610931850871
22.238929,1.25380806074105e-06,7.4105071436476e-06,2.7883348442448e-05,0.000206698602097954,0.00472032801943834,0.0375503332241645
22.257262,1.24185577808935e-06,7.34288911371588e-06,2.76403094191486e-05,0.000205065869501019,0.00469269899386142,0.0376394277445662
22.275595,1.23001785123662e-06,7.27588807232264e-06,2.73993794969172e-05,0.000203445826974877,0.00466521902584586,0.0377283752947971
22.293928,1.21829318141877e-06,7.20949838968454e-06,2.71605404694411e-05,0.000201838377888935,0.00463788741195013,0.0378171744268446
22.312261,1.20668068048128e-06,7.1437144873879e-06,2.6923774286556e-05,0.000200243426328908,0.00461070345123384,0.0379058236962193
22.330594,1.19517927077611e-06,7.07853083791988e-06,2.66890630529173e-05,0.000198660877091699,0.00458366644525595,0.0379943216619947
22.348927,1.18378788505969e-06,7.0139419642041e-06,2.64563890266835e-05,0.000197090635680317,0.00455677569807288,0.0380826668868481
22.36726,1.1725054663919e-06,6.94994243914036e-06,2.6225734618209e-05,0.000195532608298827,0.00453003051623663,0.0381708579370997
22.385593,1.161330968036e-06,6.88652688514872e-06,2.59970823887499e-05,0.000193986701847341,0.00450343020879276,0.0382588933827523
22.403926,1.15026335335955e-06,6.82368997371755e-06,2.57704150491792e-05,0.000192452823917032,0.00447697408727831,0.0383467717975312
22.422259,1.13930159573633e-06,6.76142642495583e-06,2.55457154587133e-05,0.000190930882785191,0.00445066146571968,0.038434491758923
22.440592,1.1284446784492e-06,6.69973100714956e-06,2.53229666236496e-05,0.000189420787410313,0.00442449166063036,0.0385220518482145
22.458925,1.11769159459388e-06,6.63859853632208e-06,2.51021516961143e-05,0.000187922447427218,0.0043984639910087,0.0386094506505318
22.477258,1.10704134698372e-06,6.57802387579856e-06,2.48832539728207e-05,0.000186435773142205,0.00437257777833553,0.0386966867548789
22.495591,1.09649294805539e-06,6.51800193577431e-06,2.46662568938383e-05,0.000184960675528239,0.00434683234657168,0.0387837587541754
22.513924,1.08604541977543e-06,6.4585276728872e-06,2.44511440413721e-05,0.000183497066220169,0.00432122702215559,0.0388706652452955
22.532257,1.07569779354782e-06,6.3995960897938e-06,2.42378991385524e-05,0.00018204485750998,0.00429576113400065,0.0389574048291055
22.55059,1.06544911012235e-06,6.34120223474956e-06,2.4026506048234e-05,0.000180603962342082,0.00427043401349262,0.0390439761105012
22.568923,1.05529841950397e-06,6.28334120119264e-06,2.38169487718067e-05,0.000179174294308617,0.0042452449944869,0.0391303776984462
22.587256,1.04524478086294e-06,6.22600812733176e-06,2.36092114480152e-05,0.000177755767644817,0.00422019341330581,0.0392166082060082
22.605589,1.03528726244597e-06,6.16919819573755e-06,2.34032783517886e-05,0.000176348297224377,0.00419527860873575,0.0393026662503967
22.623922,1.02542494148808e-06,6.11290663293788e-06,2.31991338930809e-05,0.000174951798554873,0.00417049992202429,0.0393885504529997
22.642255,1.01565690412548e-06,6.05712870901671e-06,2.29967626157197e-05,0.000173566187773197,0.00414585669687724,0.0394742594394199
22.660588,1.00598224530917e-06,6.00185973721663e-06,2.27961491962661e-05,0.000172191381641039,0.00412134827945564,0.0395597918395118
22.678921,9.96400068719471e-07,5.94709507354515e-06,2.25972784428835e-05,0.000170827297540386,0.00409697401837268,0.039645146287417
22.697254,9.8690948668133e-07,5.89283011638436e-06,2.24001352942158e-05,0.00016947385346906,0.00407273326469056,0.0397303214216009
22.715587,9.77509620080503e-07,5.83906030610441e-06,2.22047048182756e-05,0.000168130968036286,0.00404862537191733,0.0398153158848874
22.73392,9.68199598280516e-07,5.78578112468028e-06,2.20109722113414e-05,0.000166798560458286,0.00402464969600358,0.0399001283244957
22.752253,9.58978559040462e-07,5.7329880953122e-06,2.1818922796864e-05,0.000165476550553906,0.00400080559533921,0.0399847573920744
22.770586,9.49845648433583e-07,5.68067678204948e-06,2.16285420243827e-05,0.000164164858740273,0.00397709243074999,0.0400692017437368
22.788919,9.40800020766667e-07,5.62884278941778e-06,2.14398154684499e-05,0.000162863406028484,0.00395350956549418,0.0401534600400959
22.807252,9.31840838500205e-07,5.57748176204977e-06,2.12527288275655e-05,0.000161572114019317,0.00393005636525904,0.0402375309462989
22.825585,9.22967272169356e-07,5.52658938431917e-06,2.10672679231198e-05,0.000160290904898981,0.00390673219815732,0.0403214131320611
22.843918,9.14178500305657e-07,5.47616137997813e-06,2.08834186983454e-05,0.00015901970143489,0.00388353643472363,0.0404051052717003
22.862251,9.05473709359515e-07,5.42619351179793e-06,2.07011672172783e-05,0.000157758426971463,0.00386046844791085,0.040488606044171
22.880584,8.96852093623456e-07,5.37668158121292e-06,2.05204996637273e-05,0.000156507005425962,0.0038375276130864,0.0405719141330968
22.898917,8.88312855156099e-07,5.32762142796775e-06,2.03414023402525e-05,0.00015526536128435,0.00381471330802853,0.0406550282268054
22.91725,8.79855203706907e-07,5.27900892976783e-06,2.01638616671521e-05,0.00015403341959718,0.00379202491292249,0.0407379470183599
22.935583,8.71478356641638e-07,5.23084000193287e-06,1.99878641814579e-05,0.000152811105975518,0.00376946181035673,0.0408206692055935
22.953916,8.63181538868554e-07,5.18311059705376e-06,1.98133965359395e-05,0.000151598346586882,0.00374702338531895,0.0409031934911406
22.972249,8.5496398276532e-07,5.13581670465243e-06,1.96404454981166e-05,0.000150395068151221,0.00372470902519222,0.0409855185824704
22.990582,8.46824928106643e-07,5.08895435084489e-06,1.94689979492799e-05,0.000149201197936917,0.00370251811975094,0.041067643191918
23.008915,8.38763621992595e-07,5.04251959800729e-06,1.92990408835197e-05,0.00014801666375681,0.00368045006115681,0.0411495660367173
23.027248,8.30779318777651e-07,4.99650854444511e-06,1.9130561406764e-05,0.000146841393964261,0.00365850424395478,0.041231285839032
23.045581,8.22871280000405e-07,4.95091732406529e-06,1.8963546735823e-05,0.000145675317449232,0.00363668006506886,0.0413128013259871
23.063914,8.15038774313983e-07,4.90574210605135e-06,1.87979841974431e-05,0.000144518363634396,0.00361497692379799,0.0413941112297007
23.082247,8.07281077417133e-07,4.8609790945416e-06,1.86338612273684e-05,0.00014337046247128,0.00359339422181182,0.0414752142873138
23.10058,7.99597471985971e-07,4.81662452831007e-06,1.84711653694097e-05,0.000142231544436426,0.00357193136314638,0.0415561092410225
23.118913,7.9198724760642e-07,4.77267468045057e-06,1.83098842745223e-05,0.000141101540527583,0.00355058775419987,0.0416367948381071
23.137246,7.84449700707278e-07,4.72912585806347e-06,1.81500056998907e-05,0.000139980382259924,0.0035293628037282,0.0417172698309629
23.155579,7.76984134493966e-07,4.68597440194546e-06,1.79915175080216e-05,0.000138868001662293,0.00350825592284071,0.0417975329771303
23.173912,7.69589858882894e-07,4.64321668628201e-06,1.78344076658446e-05,0.000137764331273469,0.00348726652499562,0.0418775830393242
23.192245,7.62266190436494e-07,4.60084911834281e-06,1.76786642438198e-05,0.00013666930413847,0.00346639402599562,0.0419574187854636
23.210578,7.5501245229886e-07,4.55886813817979e-06,1.7524275415054e-05,0.000135582853804864,0.00344563784398336,0.0420370389887009
23.228911,7.47827974132042e-07,4.51727021832806e-06,1.73712294544235e-05,0.000134504914319127,0.00342499739943686,0.0421164424274507
23.247244,7.40712092052929e-07,4.47605186350947e-06,1.72195147377049e-05,0.000133435420223007,0.0034044721151649,0.0421956278854185
23.265577,7.33664148570782e-07,4.43520961033897e-06,1.7069119740713e-05,0.000132374306549926,0.00338406141630245,0.0422745941516295
23.28391,7.26683492525345e-07,4.39474002703355e-06,1.69200330384458e-05,0.000131321508821399,0.00336376473030593,0.0423533400204564
23.302243,7.19769479025573e-07,4.35463971312389e-06,1.67722433042373e-05,0.000130276963043487,0.00334358148694854,0.0424318642916475
23.320576,7.12921469388965e-07,4.31490529916867e-06,1.6625739308917e-05,0.000129240605703262,0.00332351111831552,0.0425101657703547
23.338909,7.06138831081464e-07,4.27553344647141e-06,1.64805099199767e-05,0.000128212373765311,0.00330355305879931,0.0425882432671605
23.357242,6.9942093765797e-07,4.23652084679996e-06,1.63365441007441e-05,0.000127192204668251,0.00328370674509481,0.0426660955981056
23.375575,6.92767168703405e-07,4.19786422210852e-06,1.61938309095641e-05,0.000126180036321278,0.00326397161619446,0.0427437215847156
23.393908,6.86176909774378e-07,4.15956032426219e-06,1.60523594989861e-05,0.000125175807100736,0.00324434711338342,0.0428211200540276
23.412241,6.79649552341393e-07,4.12160593476405e-06,1.59121191149588e-05,0.000124179455846707,0.00322483268023458,0.042898289838617
23.430574,6.73184493731646e-07,4.08399786448475e-06,1.57730990960319e-05,0.000123190921859636,0.00320542776260366,0.0429752297766238
23.448907,6.66781137072351e-07,4.04673295339449e-06,1.56352888725638e-05,0.000122210144896961,0.00318613180862418,0.0430519387117777
23.46724,6.60438891234641e-07,4.00980807029754e-06,1.54986779659372e-05,0.000121237065169787,0.00316694426870251,0.0431284154934248
23.485573,6.54157170778001e-07,3.97322011256915e-06,1.53632559877802e-05,0.000120271623339566,0.00314786459551272,0.0432046589765522
23.503906,6.47935395895245e-07,3.93696600589478e-06,1.52290126391946e-05,0.000119313760514814,0.00312889224399161,0.043280668021814
23.522239,6.41772992358037e-07,3.90104270401187e-06,1.50959377099909e-05,0.00011836341824784,0.0031100266713335,0.0433564414955554
23.540572,6.35669391462924e-07,3.86544718845381e-06,1.49640210779291e-05,0.000117420538531503,0.00309126733698516,0.0434319782698378
23.558905,6.29624029977915e-07,3.83017646829638e-06,1.48332527079669e-05,0.000116485063795995,0.00307261370264062,0.0435072772224632
23.577238,6.23636350089563e-07,3.79522757990633e-06,1.4703622651513e-05,0.000115556936905637,0.00305406523223594,0.043582337236998
23.595571,6.17705799350573e-07,3.76059758669247e-06,1.45751210456882e-05,0.00011463610115571,0.00303562139194405,0.0436571572027974
23.613904,6.1183183062791e-07,3.72628357885887e-06,1.44477381125917e-05,0.000113722500269294,0.00301728165016941,0.0437317360150288
23.632237,6.06013902051423e-07,3.69228267316036e-06,1.4321464158574e-05,0.000112816078394142,0.00299904547754282,0.0438060725746948
23.65057,6.00251476962959e-07,3.65859201266027e-06,1.41962895735158e-05,0.000111916780099569,0.00298091234691602,0.0438801657886571
23.668903,5.94544023865977e-07,3.6252087664904e-06,1.40722048301135e-05,0.000111024550373363,0.00296288173335646,0.0439540145696586
23.687236,5.8889101637565e-07,3.59213012961312e-06,1.39492004831699e-05,0.00011013933461872,0.00294495311414182,0.0440276178363463
23.705569,5.83291933169451e-07,3.55935332258568e-06,1.38272671688918e-05,0.0001092610786512,0.00292712596875474,0.0441009745132939
23.723902,5.77746257938228e-07,3.5268755913267e-06,1.37063956041933e-05,0.000108389728695704,0.00290939977887732,0.0441740835310233
23.742235,5.72253479337741e-07,3.49469420688472e-06,1.35865765860043e-05,0.00010752523138347,0.00289177402838576,0.0442469438260269
23.760568,5.66813090940681e-07,3.46280646520893e-06,1.34678009905862e-05,0.000106667533749097,0.00287424820334483,0.0443195543407888
23.778901,5.6142459118915e-07,3.4312096869219e-06,1.33500597728523e-05,0.000105816583227579,0.00285682179200246,0.0443919140238065
23.797234,5.56087483347609e-07,3.39990121709456e-06,1.32333439656942e-05,0.000104972327651371,0.00283949428478419,0.0444640218296116
23.815567,5.50801275456272e-07,3.36887842502297e-06,1.31176446793143e-05,0.000104134715247468,0.00282226517428765,0.0445358767187907
23.8339,5.45565480284968e-07,3.33813870400742e-06,1.30029531005639e-05,0.00010330369463451,0.00280513395527705,0.044607477658006
23.852233,5.40379615287436e-07,3.30767947113329e-06,1.28892604922863e-05,0.000102479214819902,0.00278810012467754,0.0446788236200153
23.870566,5.35243202556081e-07,3.27749816705408e-06,1.27765581926663e-05,0.000101661225196961,0.00277116318156971,0.0447499135836924
23.888899,5.3015576877715e-07,3.24759225577634e-06,1.26648376145847e-05,0.000100849675542072,0.0027543226271839,0.0448207465340465
23.907232,5.25116845186365e-07,3.21795922444658e-06,1.25540902449785e-05,0.000100044516011879,0.00273757796489462,0.0448913214622415
23.925565,5.20125967524966e-07,3.18859658314016e-06,1.24443076442065e-05,9.92456971404862e-05,0.0027209287002149,0.044961637365616
23.943898,5.15182675996196e-07,3.159501864652e-06,1.233548144542e-05,9.84531698366762e-05,0.00270437434079058,0.0450316932477016
23.962231,5.10286515222209e-07,3.13067262428935e-06,1.22276033539396e-05,9.76668853811585e-05,0.00268791439639468,0.0451014881182413
23.980564,5.05437034201382e-07,3.10210643966634e-06,1.21206651466364e-05,9.68867954238281e-05,0.00267154837892164,0.0451710209932092
23.998897,5.00633786266059e-07,3.07380091050043e-06,1.20146586713192e-05,9.61128519810485e-05,0.00265527580238165,0.0452402908948272
24.01723,4.95876329040692e-07,3.04575365841074e-06,1.1909575846126e-05,9.53450074329508e-05,0.00263909618289488,0.045309296851584
24.035563,4.91164224400402e-07,3.0179623267182e-06,1.1805408658922e-05,9.4583214520755e-05,0.00262300903868572,0.0453780378982518
24.053896,4.86497038429925e-07,2.99042458024754e-06,1.17021491667014e-05,9.38274263441076e-05,0.00260701389007702,0.045446513075905
24.072229,4.81874341382978e-07,2.96313810513105e-06,1.15997894949952e-05,9.30775963584397e-05,0.00259111025948431,0.0455147214319359
24.090562,4.77295707641995e-07,2.93610060861419e-06,1.14983218372834e-05,9.2333678372343e-05,0.00257529767140997,0.0455826620200727
24.108895,4.72760715678282e-07,2.90930981886292e-06,1.13977384544126e-05,9.15956265449649e-05,0.00255957565243743,0.0456503339003952
24.127228,4.68268948012531e-07,2.8827634847728e-06,1.12980316740185e-05,9.08633953834219e-05,0.00254394373122534,0.0457177361393521
24.145561,4.63819991175735e-07,2.85645937577987e-06,1.11991938899532e-05,9.01369397402306e-05,0.00252840143850169,0.0457848678097764
24.163894,4.59413435670484e-07,2.8303952816732e-06,1.11012175617174e-05,8.94162148107592e-05,0.00251294830705798,0.0458517279909012
24.182227,4.55048875932619e-07,2.80456901240918e-06,1.10040952138974e-05,8.87011761306938e-05,0.00249758387174332,0.045918315768376
24.20056,4.50725910293282e-07,2.77897839792753e-06,1.09078194356072e-05,8.79917795735259e-05,0.00248230766945858,0.0459846302342813
24.218893,4.46444140941309e-07,2.7536212879689e-06,1.08123828799345e-05,8.7287981348055e-05,0.00246711923915044,0.0460506704871437
24.237226,4.42203173886015e-07,2.72849555189427e-06,1.07177782633926e-05,8.65897379959117e-05,0.0024520181218055,0.0461164356319514
24.255559,4.38002618920315e-07,2.70359907850585e-06,1.06239983653762e-05,8.58970063890954e-05,0.00243700386044433,0.0461819247801676
24.273892,4.33842089584221e-07,2.67892977586973e-06,1.05310360276217e-05,8.52097437275328e-05,0.00242207600011559,0.046247137049746
24.292225,4.29721203128684e-07,2.6544855711401e-06,1.04388841536727e-05,8.45279075366506e-05,0.00240723408788999,0.0463120715651439
24.310558,4.2563958047979e-07,2.63026441038506e-06,1.03475357083496e-05,8.3851455664968e-05,0.00239247767285442,0.0463767274573364
24.328891,4.215968462033e-07,2.60626425841407e-06,1.02569837172239e-05,8.31803462817047e-05,0.00237780630610592,0.0464411038638299
24.347224,4.17592628469542e-07,2.58248309860688e-06,1.01672212660967e-05,8.25145378744069e-05,0.00236321954074572,0.0465051999286751
24.365557,4.13626559018635e-07,2.55891893274417e-06,1.00782415004824e-05,8.18539892465899e-05,0.00234871693187323,0.0465690148024804
24.38389,4.0969827312605e-07,2.53556978083957e-06,9.99003762509556e-06,8.11986595153972e-05,0.00233429803658007,0.046632547642424
24.402223,4.05807409568519e-07,2.51243368097335e-06,9.90260290334334e-06,8.05485081092772e-05,0.00231996241394404,0.0466957976122673
24.420556,4.01953610590253e-07,2.48950868912753e-06,9.81593065682147e-06,7.99034947656752e-05,0.00230570962502311,0.0467587638823661
24.438889,3.98136521869508e-07,2.46679287902256e-06,9.73001426481498e-06,7.92635795287433e-05,0.00229153923284935,0.0468214456296833
24.457222,3.94355792485459e-07,2.44428434195542e-06,9.6448471638028e-06,7.86287227470652e-05,0.00227745080242298,0.0468838420378005
24.475555,3.90611074885409e-07,2.42198118663931e-06,9.56042284696695e-06,7.79988850713988e-05,0.00226344390070624,0.046945952296929
24.493888,3.86902024852305e-07,2.39988153904466e-06,9.47673486370558e-06,7.73740274524333e-05,0.00224951809661739,0.0470077756039215
24.512221,3.83228301472577e-07,2.37798354224173e-06,9.39377681915042e-06,7.67541111385641e-05,0.00223567296102465,0.0470693111622829
24.530554,3.79589567104279e-07,2.35628535624454e-06,9.31154237368814e-06,7.61390976736817e-05,0.00222190806674008,0.047130558182181
24.548887,3.75985487345555e-07,2.33478515785626e-06,9.23002524248596e-06,7.55289488949785e-05,0.00220822298851361,0.0471915158804566
24.56722,3.72415731003392e-07,2.31348114051605e-06,9.14921919502116e-06,7.49236269307693e-05,0.00219461730302684,0.0472521834806341
24.585553,3.6887997006269e-07,2.29237151414723e-06,9.06911805461467e-06,7.43230941983286e-05,0.00218109058888707,0.0473125602129317
24.603886,3.65377879655623e-07,2.27145450500689e-06,8.98971569796868e-06,7.3727313401744e-05,0.00216764242662114,0.04737264531427
24.622219,3.61909138031305e-07,2.25072835553685e-06,8.91100605470803e-06,7.31362475297823e-05,0.00215427239866934,0.0474324380282826
24.640552,3.58473426525742e-07,2.23019132421595e-06,8.83298310692572e-06,7.2549859853775e-05,0.00214098008937936,0.0474919376053245
24.658885,3.55070429532078e-07,2.20984168541376e-06,8.75564088873213e-06,7.19681139255144e-05,0.00212776508500012,0.0475511433024815
24.677218,3.51699834471137e-07,2.18967772924556e-06,8.67897348580816e-06,7.13909735751693e-05,0.0021146269736757,0.0476100543835782
24.695551,3.48361331762232e-07,2.16969776142867e-06,8.60297503496213e-06,7.08184029092114e-05,0.00210156534543924,0.0476686701191876
24.713884,3.45054614794282e-07,2.14990010314008e-06,8.52763972369057e-06,7.02503663083603e-05,0.00208857979220678,0.0477269897866377
24.732217,3.41779379897183e-07,2.13028309087542e-06,8.45296178974257e-06,6.96868284255405e-05,0.00207566990777118,0.047785012670021
24.75055,3.38535326313477e-07,2.11084507630913e-06,8.37893552068803e-06,6.91277541838551e-05,0.00206283528779598,0.0478427380602008
24.768883,3.35322156170284e-07,2.091584426156e-06,8.30555525348949e-06,6.85731087745722e-05,0.00205007552980927,0.0479001652548195
24.787216,3.32139574451507e-07,2.07249952203392e-06,8.23281537407758e-06,6.80228576551273e-05,0.00203739023319756,0.0479572935583056
24.805549,3.28987288970314e-07,2.05358876032789e-06,8.16071031693028e-06,6.74769665471399e-05,0.00202477899919966,0.0480141222818802
24.823882,3.25865010341874e-07,2.03485055205529e-06,8.08923456465547e-06,6.6935401434443e-05,0.00201224143090057,0.0480706507435643
24.842215,3.22772451956371e-07,2.01628332273234e-06,8.01838264757735e-06,6.63981285611286e-05,0.00199977713322528,0.0481268782681847
24.860548,3.19709329952265e-07,1.99788551224184e-06,7.94814914332612e-06,6.5865114429606e-05,0.00198738571293268,0.0481828041873806
24.878881,3.16675363189824e-07,1.97965557470205e-06,7.87852867643142e-06,6.5336325798675e-05,0.00197506677860944,0.048238427839609
24.897214,3.13670273224907e-07,1.96159197833679e-06,7.80951591791898e-06,6.48117296816118e-05,0.00196281994066381,0.0482937485701511
24.915547,3.10693784282999e-07,1.94369320534679e-06,7.74110558491093e-06,6.42912933442702e-05,0.00195064481131953,0.0483487657311169
24.93388,3.07745623233502e-07,1.92595775178206e-06,7.67329244022936e-06,6.37749843031953e-05,0.00193854100460969,0.0484034786814513
24.952213,3.04825519564273e-07,1.90838412741563e-06,7.60607129200341e-06,6.32627703237514e-05,0.00192650813637056,0.0484578867869384
24.970546,3.01933205356405e-07,1.89097085561825e-06,7.53943699327956e-06,6.2754619418263e-05,0.00191454582423547,0.0485119894202064
24.988879,2.99068415259259e-07,1.87371647323434e-06,7.47338444163537e-06,6.22504998441696e-05,0.00190265368762865,0.048565785960732
25.007212,2.96230886465731e-07,1.85661953045907e-06,7.40790857879648e-06,6.17503801021941e-05,0.00189083134775913,0.0486192757948452
25.025545,2.93420358687765e-07,1.8396785907165e-06,7.34300439025682e-06,6.12542289345231e-05,0.00187907842761457,0.0486724583157321
25.043878,2.90636574132097e-07,1.82289223053893e-06,7.27866690490218e-06,6.07620153230026e-05,0.00186739455195511,0.04872533292344
25.062211,2.87879277476233e-07,1.8062590394472e-06,7.21489119463689e-06,6.0273708487344e-05,0.00185577934730728,0.0487778990248797
25.080544,2.8514821584467e-07,1.78977761983229e-06,7.15167237401375e-06,5.97892778833455e-05,0.00184423244195783,0.0488301560338299
25.098877,2.82443138785335e-07,1.77344658683779e-06,7.08900559986705e-06,5.93086932011248e-05,0.00183275346594758,0.0488821033709392
25.11721,2.79763798246257e-07,1.75726456824357e-06,7.02688607094887e-06,5.88319243633659e-05,0.00182134205106534,0.0489337404637296
25.135543,2.77109948552465e-07,1.7412302043505e-06,6.96530902756827e-06,5.83589415235768e-05,0.00180999783084174,0.0489850667465987
25.153876,2.7448134638311e-07,1.72534214786618e-06,6.9042697512338e-06,5.78897150643619e-05,0.00179872044054312,0.0490360816608221
25.172209,2.71877750748805e-07,1.70959906379171e-06,6.84376356429884e-06,5.74242155957051e-05,0.00178750951716539,0.0490867846545558
25.190542,2.69298922969191e-07,1.69399962930958e-06,6.78378582961018e-06,5.69624139532667e-05,0.00177636469942795,0.0491371751828373
25.208875,2.6674462665071e-07,1.67854253367246e-06,6.72433195015942e-06,5.65042811966917e-05,0.00176528562776749,0.0491872527075881
25.227208,2.64214627664601e-07,1.66322647809308e-06,6.66539736873746e-06,5.60497886079308e-05,0.00175427194433197,0.0492370166976143
25.245541,2.6170869412511e-07,1.64805017563511e-06,6.60697756759193e-06,5.55989076895741e-05,0.00174332329297443,0.0492864666286082
25.263874,2.592265963679e-07,1.63301235110503e-06,6.54906806808748e-06,5.51516101631952e-05,0.00173243931924694,0.0493356019831492
25.282207,2.56768106928684e-07,1.61811174094497e-06,6.49166443036911e-06,5.47078679677097e-05,0.00172161967039444,0.0493844222507044
25.30054,2.54333000522051e-07,1.60334709312652e-06,6.43476225302818e-06,5.42676532577432e-05,0.00171086399534869,0.0494329269276289
25.318873,2.51921054020512e-07,1.58871716704556e-06,6.3783571727715e-06,5.38309384020135e-05,0.00170017194472215,0.0494811155171663
25.337206,2.49532046433731e-07,1.57422073341802e-06,6.32244486409302e-06,5.33976959817223e-05,0.00168954317080187,0.0495289875294484
25.355539,2.47165758887972e-07,1.55985657417656e-06,6.26702103894856e-06,5.29678987889603e-05,0.00167897732754345,0.0495765424814953
25.373872,2.44821974605733e-07,1.54562348236822e-06,6.21208144643313e-06,5.2541519825123e-05,0.00166847407056489,0.0496237798972147
25.392205,2.42500478885591e-07,1.53152026205306e-06,6.1576218724611e-06,5.21185322993387e-05,0.0016580330571406,0.0496706993074011
25.410538,2.40201059082224e-07,1.51754572820361e-06,6.10363813944911e-06,5.16989096269069e-05,0.00164765394619525,0.0497173002497353
25.428871,2.37923504586641e-07,1.50369870660532e-06,6.05012610600161e-06,5.12826254277491e-05,0.00163733639829771,0.0497635822687828
25.447204,2.35667606806597e-07,1.48997803375789e-06,5.99708166659927e-06,5.08696535248706e-05,0.00162708007565507,0.0498095449159929
25.465537,2.33433159147196e-07,1.47638255677753e-06,5.9445007512898e-06,5.04599679428328e-05,0.00161688464210646,0.0498551877496966
25.48387,2.31219956991683e-07,1.46291113330007e-06,5.89237932538165e-06,5.00535429062379e-05,0.00160674976311711,0.049900510335105
25.502203,2.29027797682427e-07,1.44956263138496e-06,5.84071338914018e-06,4.96503528382236e-05,0.00159667510577224,0.0499455122443077
25.520536,2.26856480502075e-07,1.43633592942018e-06,5.78949897748651e-06,4.92503723589692e-05,0.00158666033877104,0.0499901930562695
25.538869,2.24705806654903e-07,1.423229916028e-06,5.73873215969889e-06,4.88535762842123e-05,0.00157670513242066,0.0500345523568294
25.557202,2.22575579248334e-07,1.41024348997156e-06,5.68840903911669e-06,4.8459939623777e-05,0.00156680915863015,0.0500785897386962
25.575535,2.20465603274647e-07,1.39737556006239e-06,5.63852575284685e-06,4.8069437580112e-05,0.00155697209090447,0.0501223048014472
25.593868,2.18375685592851e-07,1.38462504506867e-06,5.58907847147292e-06,4.76820455468399e-05,0.00154719360433845,0.0501656971515238
25.612201,2.16305634910741e-07,1.37199087362442e-06,5.54006339876652e-06,4.72977391073171e-05,0.00153747337561084,0.0502087664022289
25.630534,2.14255261767128e-07,1.35947198413947e-06,5.49147677140127e-06,4.69164940332035e-05,0.00152781108297825,0.0502515121737234
25.648867,2.12224378514236e-07,1.34706732471024e-06,5.4433148586693e-06,4.65382862830442e-05,0.0015182064062692,0.0502939340930214
25.6672,2.10212799300273e-07,1.33477585303136e-06,5.39557396219997e-06,4.61630920008597e-05,0.00150865902687812,0.0503360317939877
25.685533,2.08220340052169e-07,1.32259653630811e-06,5.3482504156812e-06,4.57908875147477e-05,0.0014991686277594,0.0503778049173323
25.703866,2.06246818458477e-07,1.31052835116961e-06,5.30134058458303e-06,4.54216493354946e-05,0.0014897348934214,0.0504192531106069
25.722199,2.04292053952451e-07,1.29857028358288e-06,5.25484086588369e-06,4.50553541551975e-05,0.00148035750992049,0.0504603760281996
25.740532,2.0235586769527e-07,1.28672132876755e-06,5.20874768779787e-06,4.46919788458957e-05,0.00147103616485513,0.0505011733313304
25.758865,2.00438082559439e-07,1.27498049111153e-06,5.16305750950745e-06,4.43315004582129e-05,0.00146177054735991,0.0505416446880462
25.777198,1.98538523112343e-07,1.26334678408727e-06,5.11776682089444e-06,4.39738962200089e-05,0.00145256034809961,0.0505817897732154
25.795531,1.9665701559996e-07,1.25181923016895e-06,5.07287214227627e-06,4.36191435350413e-05,0.00144340525926328,0.0506216082685222
25.813864,1.94793387930736e-07,1.24039686075025e-06,5.02837002414326e-06,4.3267219981637e-05,0.00143430497455833,0.0506610998624614
25.832197,1.92947469659608e-07,1.22907871606304e-06,4.98425704689852e-06,4.29181033113736e-05,0.00142525918920463,0.0507002642503325
25.85053,1.91119091972188e-07,1.21786384509669e-06,4.94052982059982e-06,4.25717714477701e-05,0.00141626759992859,0.0507391011342329
25.868863,1.89308087669098e-07,1.2067513055182e-06,4.89718498470389e-06,4.22282024849874e-05,0.0014073299049573,0.0507776102230525
25.887196,1.87514291150453e-07,1.19574016359297e-06,4.85421920781285e-06,4.18873746865387e-05,0.00139844580401263,0.0508157912324667
25.905529,1.85737538400498e-07,1.18482949410637e-06,4.81162918742272e-06,4.15492664840086e-05,0.00138961499830537,0.0508536438849299
25.923862,1.83977666972391e-07,1.17401838028603e-06,4.76941164967423e-06,4.12138564757824e-05,0.00138083719052936,0.0508911679096684
25.942195,1.82234515973133e-07,1.16330591372473e-06,4.72756334910563e-06,4.08811234257838e-05,0.00137211208485566,0.0509283630426735
25.960528,1.80507926048644e-07,1.15269119430416e-06,4.68608106840775e-06,4.05510462622231e-05,0.00136343938692667,0.0509652290266943
25.978861,1.78797739368983e-07,1.14217333011921e-06,4.64496161818103e-06,4.02236040763534e-05,0.00135481880385036,0.0510017656112296
25.997194,1.77103799613711e-07,1.13175143740308e-06,4.60420183669477e-06,3.98987761212367e-05,0.0013462500441944,0.051037972552521
26.015527,1.75425951957393e-07,1.121424640453e-06,4.56379858964827e-06,3.95765418105188e-05,0.00133773281798035,0.0510738496135446
26.03386,1.73764043055245e-07,1.11119207155665e-06,4.52374876993423e-06,3.92568807172133e-05,0.0013292668366779,0.051109396564003
26.052193,1.72117921028911e-07,1.10105287091924e-06,4.48404929740396e-06,3.89397725724941e-05,0.00132085181319903,0.0511446131803168
26.070526,1.70487435452387e-07,1.09100618659129e-06,4.44469711863478e-06,3.86251972644977e-05,0.00131248746189228,0.0511794992456165
26.088859,1.68872437338073e-07,1.08105117439704e-06,4.40568920669933e-06,3.83131348371336e-05,0.00130417349853694,0.0512140545497337
26.107192,1.67272779122966e-07,1.07118699786349e-06,4.36702256093686e-06,3.80035654889034e-05,0.00129590964033731,0.0512482788891919
26.125525,1.65688314654978e-07,1.06141282815014e-06,4.32869420672648e-06,3.76964695717293e-05,0.00128769560591696,0.0512821720671981
26.143858,1.64118899179395e-07,1.05172784397935e-06,4.29070119526241e-06,3.73918275897903e-05,0.00127953111531298,0.051315733893633
26.162191,1.62564389325461e-07,1.04213123156731e-06,4.25304060333108e-06,3.70896201983677e-05,0.00127141588997027,0.0513489641850419
26.180524,1.61024643093094e-07,1.03262218455569e-06,4.21570953309019e-06,3.67898282026988e-05,0.00126334965273581,0.051381862764625
26.198857,1.59499519839727e-07,1.02319990394386e-06,4.17870511184966e-06,3.64924325568394e-05,0.00125533212785296,0.0514144294622273
26.21719,1.57988880267276e-07,1.01386359802176e-06,4.14202449185443e-06,3.61974143625337e-05,0.00124736304095578,0.0514466641143293
26.235523,1.56492586409244e-07,1.00461248230339e-06,4.1056648500692e-06,3.5904754868094e-05,0.00123944211906336,0.0514785665640363
26.253856,1.5501050161793e-07,9.95445779460875e-07,4.06962338796489e-06,3.56144354672875e-05,0.0012315690905741,0.051510136661068
26.272189,1.53542490551779e-07,9.86362719259161e-07,4.03389733130705e-06,3.53264376982315e-05,0.00122374368526011,0.0515413742617485
26.290522,1.52088419162847e-07,9.77362538491296e-07,3.99848392994605e-06,3.50407432422977e-05,0.00121596563426155,0.0515722792289949
26.308855,1.50648154684384e-07,9.68444480914293e-07,3.96338045760902e-06,3.47573339230232e-05,0.00120823467008099,0.0516028514323069
26.327188,1.49221565618542e-07,9.59607797185597e-07,3.92858421169369e-06,3.44761917050305e-05,0.00120055052657778,0.0516330907477557
26.345521,1.47808521724198e-07,9.5085174480011e-07,3.89409251306381e-06,3.41972986929552e-05,0.00119291293896245,0.0516629970579724
26.363854,1.46408894004897e-07,9.42175588027814e-07,3.85990270584659e-06,3.39206371303815e-05,0.00118532164379114,0.051692570252137
26.382187,1.4502255469691e-07,9.33578597851938e-07,3.8260121572316e-06,3.36461893987859e-05,0.00117777637895996,0.0517218102259664
26.40052,1.43649377257404e-07,9.25060051907716e-07,3.79241825727163e-06,3.33739380164883e-05,0.00117027688369946,0.0517507168817031
26.418853,1.42289236352732e-07,9.16619234421675e-07,3.75911841868507e-06,3.31038656376112e-05,0.00116282289856906,0.0517792901281027
26.437186,1.40942007846832e-07,9.08255436151508e-07,3.72611007666017e-06,3.28359550510464e-05,0.0011554141654515,0.0518075298804221
26.455519,1.39607568789741e-07,8.99967954326466e-07,3.69339068866079e-06,3.25701891794295e-05,0.00114805042754731,0.0518354360604075
26.473852,1.3828579740621e-07,8.91756092588313e-07,3.66095773423398e-06,3.23065510781219e-05,0.00114073142936927,0.0518630085962814
26.492185,1.36976573084445e-07,8.83619160932818e-07,3.62880871481914e-06,3.20450239342003e-05,0.00113345691673692,0.0518902474227297
26.510518,1.35679776364942e-07,8.75556475651769e-07,3.59694115355878e-06,3.17855910654536e-05,0.00112622663677106,0.0519171524808902
26.528851,1.34395288929438e-07,8.67567359275535e-07,3.56535259511102e-06,3.15282359193879e-05,0.00111904033788825,0.0519437237183382
26.547184,1.33122993589963e-07,8.59651140516127e-07,3.53404060546357e-06,3.12729420722376e-05,0.00111189776979537,0.0519699610890742
26.565517,1.31862774278002e-07,8.51807154210807e-07,3.50300277174941e-06,3.10196932279854e-05,0.00110479868348413,0.0519958645535104
26.58385,1.30614516033757e-07,8.44034741266189e-07,3.47223670206399e-06,3.07684732173879e-05,0.00109774283122562,0.052021434078457
26.602183,1.29378104995519e-07,8.36333248602862e-07,3.44174002528402e-06,3.05192659970101e-05,0.00109072996656494,0.0520466696371091
26.620516,1.28153428389136e-07,8.2870202910051e-07,3.41151039088786e-06,3.02720556482655e-05,0.00108375984431569,0.0520715712090324
26.638849,1.26940374517584e-07,8.21140441543549e-07,3.38154546877737e-06,3.00268263764648e-05,0.00107683222055464,0.0520961387801493
26.657182,1.25738832750638e-07,8.1364785056723e-07,3.35184294910133e-06,2.97835625098703e-05,0.00106994685261629,0.0521203723427254
26.675515,1.2454869351465e-07,8.06223626604275e-07,3.32240054208044e-06,2.95422484987583e-05,0.00106310349908752,0.0521442718953544
26.693848,1.2336984828241e-07,7.98867145831956e-07,3.29321597783371e-06,2.93028689144882e-05,0.00105630191980222,0.0521678374429442
26.712181,1.22202189563121e-07,7.91577790119691e-07,3.26428700620641e-06,2.90654084485779e-05,0.00104954187583591,0.0521910689967021
26.730514,1.21045610892462e-07,7.84354946977105e-07,3.2356113965995e-06,2.88298519117875e-05,0.00104282312950044,0.0522139665741205
26.748847,1.19900006822742e-07,7.77198009502555e-07,3.20718693780049e-06,2.8596184233208e-05,0.00103614544433864,0.0522365301989611
26.76718,1.18765272913166e-07,7.70106376332152e-07,3.17901143781584e-06,2.83643904593584e-05,0.00102950858511903,0.0522587599012409
26.785513,1.17641305720171e-07,7.63079451589211e-07,3.15108272370462e-06,2.81344557532885e-05,0.00102291231783048,0.0522806557172165
26.803846,1.16528002787878e-07,7.56116644834203e-07,3.12339864141386e-06,2.79063653936887e-05,0.001016356409677,0.0523022176893685
26.822179,1.15425262638618e-07,7.49217371015124e-07,3.09595705561504e-06,2.76801047740065e-05,0.00100984062907237,0.0523234458663868
26.840512,1.14332984763563e-07,7.42381050418351e-07,3.06875584954222e-06,2.74556594015694e-05,0.001003364745635,0.0523443403031542
26.858845,1.13251069613433e-07,7.3560710861992e-07,3.04179292483141e-06,2.72330148967145e-05,0.000996928530182586,0.0523649010607306
26.877178,1.1217941858931e-07,7.2889497643727e-07,3.0150662013614e-06,2.70121569919248e-05,0.000990531754726937,0.0523851282063383
26.895511,1.11117934033523e-07,7.22244089881408e-07,2.98857361709589e-06,2.67930715309708e-05,0.000984174192468749,0.052405021813344
26.913844,1.10066519220631e-07,7.15653890109524e-07,2.96231312792707e-06,2.65757444680604e-05,0.0009778556177924,0.0524245819612441
26.932177,1.09025078348492e-07,7.09123823378039e-07,2.93628270752045e-06,2.63601618669934e-05,0.000971575806260774,0.0524438087356478
26.95051,1.07993516529413e-07,7.02653340996065e-07,2.91048034716112e-06,2.6146309900323e-05,0.00096533453461008,0.0524627022282607
26.968843,1.06971739781392e-07,6.96241899279311e-07,2.88490405560122e-06,2.59341748485242e-05,0.000959131580744699,0.0524812625368679
26.987176,1.05959655019438e-07,6.89888959504394e-07,2.85955185890884e-06,2.57237430991667e-05,0.000952966723732041,0.0524994897653174
27.005509,1.04957170046976e-07,6.83593987863579e-07,2.83442180031815e-06,2.5515001146096e-05,0.000946839743797415,0.0525173840235034
27.023842,1.03964193547342e-07,6.77356455419916e-07,2.80951194008078e-06,2.53079355886188e-05,0.000940750422318915,0.052534945427349
27.042175,1.02980635075346e-07,6.71175838062806e-07,2.78482035531863e-06,2.51025331306962e-05,0.000934698541822322,0.0525521740987888
27.060508,1.02006405048928e-07,6.65051616463954e-07,2.76034513987777e-06,2.48987805801412e-05,0.000928683885976014,0.0525690701657524
27.078841,1.01041414740893e-07,6.5898327603374e-07,2.7360844041837e-06,2.46966648478234e-05,0.000922706239585901,0.0525856337621456
27.097174,1.00085576270715e-07,6.52970306877973e-07,2.71203627509784e-06,2.44961729468793e-05,0.000916765388590361,0.0526018650278342
27.115507,9.91388025964346e-08,6.47012203755052e-07,2.68819889577524e-06,2.42972919919286e-05,0.000910861120055204,0.0526177641086257
27.13384,9.82010075066241e-08,6.41108466033513e-07,2.66457042552354e-06,2.41000091982959e-05,0.000904993222168643,0.0526333311562508
27.152173,9.72721056124338e-08,6.35258597649958e-07,2.64114903966307e-06,2.39043118812385e-05,0.000899161484236278,0.0526485663283468
27.170506,9.63520123397149e-08,6.29462107067382e-07,2.6179329293883e-06,2.37101874551808e-05,0.000893365696676104,0.0526634697884382
27.188839,9.54406439212167e-08,6.23718507233861e-07,2.59492030163029e-06,2.35176234329525e-05,0.00088760565101352,0.0526780417059194
27.207172,9.45379173888606e-08,6.18027315541636e-07,2.57210937892052e-06,2.33266074250346e-05,0.000881881139876367,0.0526922822560355
27.225505,9.36437505660861e-08,6.12388053786557e-07,2.54949839925573e-06,2.31371271388096e-05,0.000876191956989969,0.0527061916198649
27.243838,9.27580620602736e-08,6.06800248127905e-07,2.52708561596404e-06,2.29491703778182e-05,0.000870537897172196,0.0527197699842995
27.262171,9.18807712552365e-08,6.01263429048571e-07,2.50486929757214e-06,2.27627250410205e-05,0.000864918756328539,0.0527330175420269
27.280504,9.10117983037885e-08,5.95777131315616e-07,2.4828477276737e-06,2.25777791220644e-05,0.000859334331447199,0.052745934491511
27.298837,9.01510641203803e-08,5.90340893941165e-07,2.46101920479881e-06,2.23943207085574e-05,0.000853784420594194,0.0527585210369735
27.31717,8.92984903738085e-08,5.84954260143687e-07,2.43938204228469e-06,2.2212337981346e-05,0.00084826882290848,0.0527707773883743
27.335503,8.84539994799934e-08,5.79616777309604e-07,2.41793456814736e-06,2.20318192137986e-05,0.000842787338597081,0.0527827037613927
27.353836,8.76175145948273e-08,5.7432799695526e-07,2.39667512495451e-06,2.18527527710951e-05,0.000837339768930242,0.0527943003774078
27.372169,8.67889596070912e-08,5.69087474689247e-07,2.37560206969948e-06,2.16751271095213e-05,0.000831925916236597,0.0528055674634795
27.390502,8.59682591314387e-08,5.63894770175051e-07,2.35471377367619e-06,2.14989307757684e-05,0.00082654558389834,0.0528165052523284
27.408835,8.5155338501449e-08,5.58749447094064e-07,2.33400862235536e-06,2.13241524062385e-05,0.000821198576346431,0.0528271139823166
27.427168,8.43501237627453e-08,5.53651073108915e-07,2.31348501526161e-06,2.11507807263542e-05,0.000815884699055793,0.0528373938974276
27.445501,8.355254166618e-08,5.48599219827147e-07,2.29314136585169e-06,2.09788045498746e-05,0.000810603758540549,0.0528473452472468
27.463834,8.27625196610851e-08,5.43593462765218e-07,2.27297610139378e-06,2.08082127782153e-05,0.00080535556234925,0.052856968286941
27.482167,8.19799858885878e-08,5.38633381312838e-07,2.25298766284781e-06,2.06389943997744e-05,0.000800139919060141,0.0528662632772388
27.5005,8.12048691749898e-08,5.3371855869762e-07,2.23317450474681e-06,2.04711384892632e-05,0.000794956638276422,0.05287523048441
27.518833,8.04370990252113e-08,5.2884858195007e-07,2.21353509507925e-06,2.03046342070417e-05,0.00078980553062154,0.052883870180246
27.537166,7.96766056162962e-08,5.24023041868877e-07,2.19406791517248e-06,2.01394707984595e-05,0.00078468640773448,0.052892182642038
27.555499,7.89233197909813e-08,5.19241532986536e-07,2.17477145957707e-06,1.99756375932015e-05,0.000779599082265089,0.0529001681525581
27.573832,7.81771730513274e-08,5.14503653535281e-07,2.15564423595223e-06,1.98131240046384e-05,0.000774543367869402,0.0529078270000377
27.592165,7.74380975524095e-08,5.09809005413317e-07,2.13668476495218e-06,1.96519195291823e-05,0.000769519079204988,0.052915159478147
27.610498,7.67060260960707e-08,5.0515719415138e-07,2.11789158011351e-06,1.9492013745647e-05,0.000764526031926312,0.0529221658859742
27.628831,7.5980892124733e-08,5.0054782887958e-07,2.09926322774348e-06,1.9333396314613e-05,0.000759564042680105,0.0529288465280047
27.647164,7.52626297152702e-08,4.95980522294573e-07,2.08079826680935e-06,1.9176056977798e-05,0.000754632929100766,0.0529352017140999
27.665497,7.45511735729375e-08,4.91454890627e-07,2.06249526882858e-06,1.90199855574305e-05,0.000749732509805754,0.0529412317594761
27.68383,7.38464590253615e-08,4.86970553609259e-07,2.04435281776007e-06,1.88651719556303e-05,0.000744862604391022,0.0529469369846835
27.702163,7.31484220165855e-08,4.82527134443535e-07,2.02636950989624e-06,1.87116061537919e-05,0.000740023033426444,0.0529523177155848
27.720496,7.24569991011747e-08,4.78124259770156e-07,2.00854395375612e-06,1.85592782119736e-05,0.000735213618451274,0.0529573742833336
27.738829,7.17721274383758e-08,4.73761559636208e-07,1.99087476997931e-06,1.84081782682902e-05,0.000730434181969606,0.0529621070243532
27.757162,7.10937447863332e-08,4.69438667464457e-07,1.97336059122091e-06,1.82582965383115e-05,0.00072568454744586,0.052966516280315
27.775495,7.04217894963625e-08,4.65155220022548e-07,1.95600006204727e-06,1.81096233144645e-05,0.000720964539300281,0.0529706023981165
27.793828,6.97562005072758e-08,4.60910857392476e-07,1.93879183883274e-06,1.79621489654403e-05,0.000716273982904446,0.05297436572986
27.812161,6.90969173397649e-08,4.56705222940355e-07,1.92173458965723e-06,1.78158639356053e-05,0.000711612704576797,0.0529778066328306
27.830494,6.84438800908352e-08,4.52537963286443e-07,1.90482699420471e-06,1.76707587444174e-05,0.000706980531578181,0.0529809254694741
27.848827,6.77970294282961e-08,4.48408728275454e-07,1.88806774366253e-06,1.7526823985846e-05,0.000702377292107408,0.0529837226073751
27.86716,6.71563065853018e-08,4.44317170947132e-07,1.87145554062166e-06,1.73840503277968e-05,0.000697802815296827,0.0529861984192351
27.885493,6.65216533549461e-08,4.40262947507104e-07,1.85498909897778e-06,1.72424285115404e-05,0.000693256931207912,0.0529883532828501
27.903826,6.58930120849082e-08,4.36245717297984e-07,1.83866714383318e-06,1.7101949351146e-05,0.000688739470826866,0.0529901875810881
27.922159,6.52703256721507e-08,4.32265142770757e-07,1.82248841139958e-06,1.69626037329188e-05,0.000684250266060242,0.0529917017018675
27.940492,6.46535375576673e-08,4.28320889456412e-07,1.8064516489017e-06,1.68243826148416e-05,0.000679789149730576,0.052992896038134
27.958825,6.40425917212827e-08,4.2441262593784e-07,1.79055561448179e-06,1.66872770260213e-05,0.000675355955572037,0.0529937709878382
27.977158,6.34374326765001e-08,4.20540023821984e-07,1.77479907710481e-06,1.65512780661384e-05,0.000670950518226092,0.0529943269539135
27.995491,6.28380054654003e-08,4.16702757712247e-07,1.75918081646457e-06,1.64163769049021e-05,0.000666572673237183,0.0529945643442527
28.013824,6.22442556535891e-08,4.12900505181155e-07,1.74369962289065e-06,1.62825647815084e-05,0.000662222257048428,0.0529944835716861
28.032157,6.1656129325192e-08,4.09132946743256e-07,1.72835429725609e-06,1.61498330041024e-05,0.000657899106997325,0.0529940850539579
28.05049,6.10735730778987e-08,4.05399765828284e-07,1.71314365088587e-06,1.60181729492458e-05,0.000653603061311486,0.0529933692137039
28.068823,6.0496534018054e-08,4.01700648754551e-07,1.69806650546624e-06,1.58875760613868e-05,0.000649333959104366,0.0529923364784284
28.087156,5.99249597557966e-08,3.98035284702597e-07,1.68312169295478e-06,1.5758033852335e-05,0.000645091640371032,0.052990987280481
28.105489,5.93587984002433e-08,3.94403365689069e-07,1.66830805549126e-06,1.56295379007403e-05,0.000640875945983923,0.0529893220570338
28.123822,5.87979985547212e-08,3.90804586540845e-07,1.65362444530924e-06,1.55020798515752e-05,0.000636686717688646,0.052987341250058
28.142155,5.82425093120438e-08,3.87238644869387e-07,1.63906972464848e-06,1.53756514156216e-05,0.000632523798099769,0.0529850453063009
28.160488,5.76922802498342e-08,3.8370524104534e-07,1.62464276566809e-06,1.52502443689611e-05,0.000628387030696646,0.0529824346772624
28.178821,5.71472614258913e-08,3.8020407817335e-07,1.6103424503604e-06,1.5125850552469e-05,0.000624276259819241,0.0529795098191717
28.197154,5.6607403373602e-08,3.76734862067118e-07,1.59616767046558e-06,1.5002461871313e-05,0.00062019133066398,0.0529762711929641
28.215487,5.60726570973971e-08,3.73297301224686e-07,1.58211732738707e-06,1.48800702944548e-05,0.000616132089279614,0.0529727192642573
28.23382,5.55429740682496e-08,3.69891106803933e-07,1.56819033210763e-06,1.47586678541557e-05,0.000612098382563092,0.0529688545033279
28.252153,5.50183062192181e-08,3.66515992598318e-07,1.5543856051062e-06,1.4638246645486e-05,0.000608090058255459,0.0529646773850877
28.270486,5.44986059410312e-08,3.63171675012819e-07,1.54070207627544e-06,1.45187988258386e-05,0.000604106964937757,0.0529601883890605
28.288819,5.39838260777155e-08,3.59857873040114e-07,1.52713868483997e-06,1.44003166144454e-05,0.000600148952026955,0.0529553879993575
28.307152,5.34739199222647e-08,3.56574308236962e-07,1.51369437927537e-06,1.42827922918979e-05,0.00059621586977188,0.0529502767046546
28.325485,5.29688412123509e-08,3.53320704700811e-07,1.50036811722783e-06,1.41662181996717e-05,0.000592307569249175,0.0529448549981677
28.343818,5.24685441260763e-08,3.50096789046612e-07,1.48715886543448e-06,1.40505867396538e-05,0.000588423902359263,0.0529391233776292
28.362151,5.19729832777665e-08,3.46902290383854e-07,1.47406559964449e-06,1.39358903736742e-05,0.000584564721822334,0.0529330823452642
28.380484,5.14821137138032e-08,3.43736940293791e-07,1.46108730454077e-06,1.38221216230408e-05,0.00058072988117434,0.052926732407766
28.398817,5.09958909084976e-08,3.40600472806901e-07,1.44822297366239e-06,1.3709273068078e-05,0.000576919234763008,0.0529200740762725
28.41715,5.05142707600035e-08,3.37492624380528e-07,1.43547160932763e-06,1.35973373476682e-05,0.00057313263774387,0.052913107866342
28.435483,5.0037209586268e-08,3.34413133876743e-07,1.42283222255776e-06,1.34863071587978e-05,0.000569369946076302,0.0529058342979289
28.453816,4.95646641210239e-08,3.313617425404e-07,1.41030383300142e-06,1.33761752561057e-05,0.000565631016519591,0.0528982538953597
28.472149,4.90965915098172e-08,3.28338193977394e-07,1.39788546885965e-06,1.32669344514356e-05,0.000561915706628994,0.0528903671873087
28.490482,4.86329493060756e-08,3.25342234133118e-07,1.38557616681166e-06,1.31585776133922e-05,0.00055822387475184,0.0528821747067736
28.508815,4.81736954672124e-08,3.22373611271116e-07,1.3733749719411e-06,1.30510976668996e-05,0.000554555380023621,0.0528736769910511
28.527148,4.77187883507697e-08,3.1943207595193e-07,1.36128093766308e-06,1.29444875927645e-05,0.00055091008236412,0.0528648745817129
28.545481,4.72681867105968e-08,3.1651738101214e-07,1.34929312565179e-06,1.28387404272413e-05,0.000547287842473535,0.0528557680245809
28.563814,4.68218496930668e-08,3.13629281543599e-07,1.33741060576872e-06,1.27338492616017e-05,0.000543688521828631,0.052846357869703
28.582147,4.6379736833328e-08,3.10767534872852e-07,1.3256324559915e-06,1.26298072417067e-05,0.0005401119826789,0.0528366446713282
28.60048,4.59418080515926e-08,3.07931900540748e-07,1.31395776234341e-06,1.25266075675825e-05,0.000536558088042744,0.0528266289878825
28.618813,4.55080236494598e-08,3.05122140282229e-07,1.30238561882347e-06,1.24242434929994e-05,0.000533026701703655,0.0528163113819441
28.637146,4.5078344306275e-08,3.02338018006317e-07,1.29091512733707e-06,1.23227083250534e-05,0.000529517688206434,0.0528056924202185
28.655479,4.46527310755236e-08,2.99579299776274e-07,1.27954539762732e-06,1.22219954237521e-05,0.000526030912853406,0.0527947726735144
28.673812,4.4231145381259e-08,2.96845753789944e-07,1.26827554720689e-06,1.21220982016025e-05,0.000522566241700656,0.0527835527167188
28.692145,4.38135490145653e-08,2.94137150360275e-07,1.25710470129051e-06,1.2023010123203e-05,0.000519123541554285,0.0527720331287717
28.710478,4.33999041300537e-08,2.91453261896023e-07,1.24603199272802e-06,1.1924724704838e-05,0.000515702679966666,0.0527602144926423
28.728811,4.29901732423928e-08,2.88793862882628e-07,1.23505656193796e-06,1.18272355140751e-05,0.000512303525232738,0.0527480973953034
28.747144,4.25843192228711e-08,2.86158729863259e-07,1.22417755684185e-06,1.17305361693669e-05,0.000508925946386286,0.0527356824277068
28.765477,4.21823052959943e-08,2.83547641420048e-07,1.2133941327989e-06,1.16346203396539e-05,0.000505569813196262,0.0527229701847588
28.78381,4.17840950361127e-08,2.80960378155476e-07,1.20270545254141e-06,1.1539481743972e-05,0.000502234996163102,0.0527099612652947
28.802143,4.13896523640837e-08,2.78396722673944e-07,1.19211068611063e-06,1.14451141510621e-05,0.000498921366515072,0.0526966562720541
28.820476,4.09989415439638e-08,2.75856459563505e-07,1.18160901079321e-06,1.13515113789832e-05,0.000495628796204613,0.0526830558116562
28.838809,4.06119271797337e-08,2.7333937537776e-07,1.17119961105825e-06,1.12586672947277e-05,0.000492357157904714,0.0526691604945744
28.857142,4.02285742120549e-08,2.70845258617931e-07,1.16088167849481e-06,1.1166575813841e-05,0.000489106325005295,0.0526549709351117
28.875475,3.98488479150558e-08,2.68373899715081e-07,1.15065441175e-06,1.10752309000422e-05,0.000485876171609598,0.0526404877513753
28.893808,3.94727138931509e-08,2.65925091012511e-07,1.14051701646764e-06,1.09846265648496e-05,0.000482666572530608,0.0526257115652517
28.912141,3.91001380778883e-08,2.63498626748308e-07,1.13046870522738e-06,1.08947568672071e-05,0.000479477403287469,0.0526106430023815
28.930474,3.87310867248288e-08,2.61094303038061e-07,1.1205086974844e-06,1.08056159131155e-05,0.000476308540101931,0.0525952826921347
28.948807,3.83655264104541e-08,2.58711917857721e-07,1.11063621950964e-06,1.07171978552647e-05,0.000473159859894799,0.0525796312675848
28.96714,3.80034240291053e-08,2.56351271026635e-07,1.10085050433046e-06,1.06294968926703e-05,0.00047003124028241,0.0525636893654846
28.985473,3.76447467899501e-08,2.54012164190719e-07,1.09115079167194e-06,1.05425072703119e-05,0.000466922559573105,0.05254745762624
29.003806,3.72894622139794e-08,2.51694400805795e-07,1.08153632789859e-06,1.04562232787744e-05,0.000463833696763737,0.052530936693886
29.022139,3.69375381310322e-08,2.49397786121074e-07,1.07200636595662e-06,1.03706392538926e-05,0.000460764531536179,0.0525141272160601
29.040472,3.65889426768497e-08,2.47122127162794e-07,1.06256016531666e-06,1.02857495763979e-05,0.000457714944253846,0.0524970298439784
29.058805,3.62436442901572e-08,2.44867232718005e-07,1.05319699191704e-06,1.0201548671568e-05,0.000454684815958243,0.0524796452324096
29.077138,3.59016117097737e-08,2.426329133185e-07,1.0439161181075e-06,1.01180310088787e-05,0.000451674028365513,0.0524619740396497
29.095471,3.55628139717498e-08,2.40418981224898e-07,1.03471682259344e-06,1.00351911016599e-05,0.000448682463863011,0.0524440169274972
29.113804,3.52272204065323e-08,2.38225250410867e-07,1.02559839038058e-06,9.95302350675193e-06,0.000445710005505881,0.0524257745612274
29.132137,3.48948006361567e-08,2.36051536547494e-07,1.0165601127202e-06,9.8715228241668e-06,0.000442756537013659,0.0524072476095673
29.15047,3.45655245714654e-08,2.33897656987797e-07,1.00760128705476e-06,9.79068369675043e-06,0.000439821942766878,0.0523884367446705
29.168803,3.42393624093542e-08,2.31763430751376e-07,9.98721216964058e-07,9.71050080984829e-06,0.000436906107803701,0.0523693426420913
29.187136,3.39162846300436e-08,2.29648678509209e-07,9.89919212111794e-07,9.63096889097326e-06,0.000434008917816549,0.0523499659807598
29.205469,3.35962619943774e-08,2.27553222568582e-07,9.81194588192666e-07,9.55208270947622e-06,0.000431130259148766,0.0523303074429567
29.223802,3.32792655411456e-08,2.25476886858159e-07,9.72546666879863e-07,9.47383707621902e-06,0.000428270018791278,0.0523103677142875
29.242135,3.29652665844354e-08,2.23419496913188e-07,9.6397477577305e-07,9.39622684325009e-06,0.000425428084379277,0.0522901474836575
29.260468,3.26542367110049e-08,2.21380879860837e-07,9.55478248346783e-07,9.31924690348236e-06,0.000422604344188916,0.0522696474432463
29.278801,3.23461477776833e-08,2.19360864405678e-07,9.47056423899382e-07,9.24289219037389e-06,0.000419798687134014,0.0522488682884826
29.297134,3.20409719087966e-08,2.17359280815283e-07,9.3870864750225e-07,9.16715767761073e-06,0.000417011002762788,0.0522278107180185
29.315467,3.17386814936161e-08,2.1537596090597e-07,9.30434269949613e-07,9.09203837879233e-06,0.000414241181254576,0.0522064754337044
29.3338,3.14392491838329e-08,2.13410738028667e-07,9.22232647708719e-07,9.01752934711934e-06,0.000411489113416601,0.0521848631405639
29.352133,3.1142647891056e-08,2.11463447054912e-07,9.14103142870446e-07,8.94362567508378e-06,0.000408754690680724,0.0521629745467677
29.370466,3.08488507843343e-08,2.09533924362977e-07,9.06045123100363e-07,8.87032249416167e-06,0.000406037805100228,0.0521408103636088
29.388799,3.05578312877019e-08,2.07622007824116e-07,8.98057961590183e-07,8.79761497450787e-06,0.000403338349346607,0.0521183713054771
29.407132,3.02695630777484e-08,2.0572753678895e-07,8.90141037009673e-07,8.72549832465345e-06,0.000400656216706372,0.0520956580898336
29.425465,2.99840200812101e-08,2.03850352073961e-07,8.82293733458945e-07,8.65396779120517e-06,0.000397991301077867,0.0520726714371858
29.443798,2.97011764725867e-08,2.0199029594812e-07,8.74515440421194e-07,8.58301865854756e-06,0.000395343496968106,0.0520494120710612
29.462131,2.94210066717787e-08,2.00147212119635e-07,8.66805552715817e-07,8.51264624854694e-06,0.000392712699489616,0.0520258807179834
29.480464,2.91434853417488e-08,1.98320945722813e-07,8.59163470451955e-07,8.44284592025797e-06,0.000390098804357293,0.0520020781074454
29.498797,2.88685873862055e-08,1.96511343305053e-07,8.51588598982436e-07,8.37361306963242e-06,0.000387501707885282,0.051978004971885
29.51713,2.85962879473075e-08,1.9471825281395e-07,8.44080348858109e-07,8.30494312923005e-06,0.000384921306983857,0.0519536620466592
29.535463,2.83265624033924e-08,1.9294152358452e-07,8.36638135782588e-07,8.23683156793187e-06,0.000382357499156325,0.0519290500700189
29.553796,2.80593863667248e-08,1.91181006326535e-07,8.29261380567367e-07,8.16927389065544e-06,0.000379810182495933,0.0519041697830839
29.572129,2.77947356812677e-08,1.89436553111988e-07,8.21949509087353e-07,8.10226563807262e-06,0.000377279255682805,0.051879021929817
29.590462,2.75325864204739e-08,1.87708017362655e-07,8.1470195223675e-07,8.03580238632912e-06,0.00037476461798087,0.0518536072569989
29.608795,2.72729148850996e-08,1.85995253837782e-07,8.07518145885362e-07,7.96987974676659e-06,0.000372266169234822,0.0518279265142032
29.627128,2.70156976010378e-08,1.84298118621882e-07,8.00397530835241e-07,7.90449336564655e-06,0.000369783809867083,0.051801980453771
29.645461,2.6760911317174e-08,1.82616469112643e-07,7.9333955277774e-07,7.83963892387665e-06,0.000367317440874788,0.0517757698307851
29.663794,2.65085330032603e-08,1.80950164008941e-07,7.86343662250915e-07,7.77531213673891e-06,0.000364866963826768,0.0517492954030455
29.682127,2.62585398478117e-08,1.79299063298972e-07,7.79409314597309e-07,7.71150875362009e-06,0.000362432280860565,0.0517225579310436
29.70046,2.60109092560218e-08,1.77663028248487e-07,7.72535969922104e-07,7.64822455774422e-06,0.000360013294679448,0.0516955581779373
29.718793,2.57656188476977e-08,1.76041921389132e-07,7.65723093051625e-07,7.585455365907e-06,0.000357609908549441,0.0516682969095257
29.737126,2.55226464552162e-08,1.744356065069e-07,7.58970153492218e-07,7.52319702821247e-06,0.000355222026296374,0.0516407748942238
29.755459,2.52819701214982e-08,1.72843948630684e-07,7.52276625389465e-07,7.46144542781153e-06,0.000352849552302939,0.0516129929030371
29.773792,2.50435680980031e-08,1.71266814020938e-07,7.45641987487779e-07,7.40019648064258e-06,0.000350492391505758,0.0515849517095373
29.792125,2.48074188427419e-08,1.69704070158434e-07,7.39065723090323e-07,7.33944613517409e-06,0.000348150449392471,0.0515566520898359
29.810458,2.45735010183103e-08,1.68155585733135e-07,7.32547320019298e-07,7.27919037214928e-06,0.000345823631998832,0.0515280948225603
29.828791,2.43417934899392e-08,1.66621230633155e-07,7.26086270576558e-07,7.21942520433253e-06,0.000343511845905817,0.0514992806888275
29.847124,2.4112275323565e-08,1.65100875933833e-07,7.19682071504584e-07,7.16014667625807e-06,0.000341214998236748,0.0514702104722203
29.865457,2.38849257839175e-08,1.6359439388689e-07,7.1333422394778e-07,7.10135086398026e-06,0.000338932996654428,0.0514408849587611
29.88379,2.3659724332627e-08,1.62101657909706e-07,7.07042233414116e-07,7.04303387482615e-06,0.000336665749358289,0.0514113049368874
29.902123,2.34366506263485e-08,1.60622542574676e-07,7.00805609737101e-07,6.9851918471496e-06,0.000334413165081554,0.0513814711974268
29.920456,2.32156845149044e-08,1.59156923598675e-07,6.9462386703808e-07,6.92782095008758e-06,0.000332175153088408,0.0513513845335718
29.938789,2.29968060394451e-08,1.57704677832613e-07,6.88496523688872e-07,6.87091738331821e-06,0.000329951623171188,0.051321045740855
29.957122,2.27799954306263e-08,1.56265683251088e-07,6.82423102274713e-07,6.81447737682069e-06,0.000327742485647577,0.0512904556171239
29.975455,2.2565233106805e-08,1.54839818942135e-07,6.76403129557543e-07,6.7584971906371e-06,0.000325547651357821,0.0512596149625164
29.993788,2.23524996722517e-08,1.53426965097061e-07,6.70436136439587e-07,6.70297311463602e-06,0.000323367031661946,0.0512285245794357
30.012121,2.21417759153802e-08,1.52027003000384e-07,6.64521657927276e-07,6.64790146827801e-06,0.000321200538437003,0.0511971852725249
30.030454,2.19330428069939e-08,1.50639815019852e-07,6.58659233095461e-07,6.59327860038284e-06,0.000319048084074309,0.0511655978486433
30.048787,2.17262814985495e-08,1.49265284596567e-07,6.52848405051954e-07,6.53910088889863e-06,0.000316909581476712,0.0511337631168406
30.06712,2.15214733204365e-08,1.47903296235181e-07,6.47088720902364e-07,6.48536474067263e-06,0.000314784944055865,0.0511016818883322
30.085453,2.1318599780274e-08,1.465537354942e-07,6.41379731715245e-07,6.43206659122388e-06,0.000312674085729513,0.0510693549764755
30.103786,2.1117642561223e-08,1.45216488976362e-07,6.35720992487548e-07,6.37920290451758e-06,0.000310576920918787,0.0510367831967435
30.122119,2.09185835203148e-08,1.43891444319115e-07,6.30112062110362e-07,6.32677017274124e-06,0.000308493364545518,0.0510039673667017
30.140452,2.07214046867968e-08,1.4257849018517e-07,6.24552503334973e-07,6.27476491608253e-06,0.000306423332029562,0.0509709083059823
30.158785,2.05260882604916e-08,1.41277516253146e-07,6.19041882739192e-07,6.22318368250883e-06,0.00030436673928613,0.0509376068362601
30.177118,2.03326166101746e-08,1.39988413208306e-07,6.13579770693998e-07,6.17202304754857e-06,0.000302323502723139,0.0509040637812282
30.195451,2.01409722719642e-08,1.38711072733367e-07,6.08165741330454e-07,6.12127961407413e-06,0.00030029353923857,0.0508702799665728
30.213784,1.99511379477303e-08,1.37445387499397e-07,6.02799372506926e-07,6.0709500120866e-06,0.000298276766217842,0.0508362562199488
30.232117,1.97630965035153e-08,1.36191251156801e-07,5.97480245776566e-07,6.02103089850197e-06,0.000296273101531189,0.0508019933709558
30.25045,1.95768309679725e-08,1.34948558326385e-07,5.92207946355103e-07,5.97151895693924e-06,0.000294282463531066,0.0507674922511133
30.268783,1.93923245308173e-08,1.33717204590497e-07,5.86982063088886e-07,5.92241089750994e-06,0.000292304771049547,0.0507327536938361
30.287116,1.92095605412953e-08,1.32497086484258e-07,5.81802188423234e-07,5.87370345660945e-06,0.00029033994339575,0.0506977785344104
30.305449,1.90285225066631e-08,1.31288101486863e-07,5.76667918371031e-07,5.82539339670981e-06,0.000288387900353265,0.0506625676099692
30.323782,1.88491940906848e-08,1.30090148012973e-07,5.71578852481614e-07,5.77747750615421e-06,0.000286448562177602,0.0506271217594678
30.342115,1.86715591121427e-08,1.28903125404176e-07,5.66534593809932e-07,5.72995259895309e-06,0.000284521849593641,0.0505914418236603
30.360448,1.84956015433618e-08,1.27726933920528e-07,5.61534748885954e-07,5.68281551458169e-06,0.000282607683793103,0.0505555286450742
30.378781,1.83213055087486e-08,1.26561474732175e-07,5.56578927684367e-07,5.63606311777941e-06,0.000280705986432027,0.0505193830679872
30.397114,1.81486552833441e-08,1.25406649911045e-07,5.51666743594514e-07,5.5896922983504e-06,0.00027881667962826,0.050483005938403
30.415447,1.79776352913904e-08,1.24262362422626e-07,5.46797813390615e-07,5.54369997096604e-06,0.000276939685958959,0.0504463981040267
30.43378,1.78082301049107e-08,1.23128516117804e-07,5.41971757202228e-07,5.49808307496867e-06,0.000275074928458107,0.050409560414241
30.452113,1.76404244423033e-08,1.22005015724793e-07,5.37188198484983e-07,5.45283857417704e-06,0.000273222330614037,0.0503724937200823
30.470446,1.74742031669491e-08,1.20891766841122e-07,5.32446763991551e-07,5.4079634566931e-06,0.000271381816366967,0.0503351988742168
30.488779,1.73095512858317e-08,1.1978867592571e-07,5.2774708374289e-07,5.36345473471049e-06,0.000269553310106552,0.0502976767309162
30.507112,1.71464539481716e-08,1.18695650290997e-07,5.23088790999714e-07,5.31930944432429e-06,0.000267736736669441,0.0502599281460342
30.525445,1.69848964440725e-08,1.17612598095168e-07,5.18471522234231e-07,5.27552464534244e-06,0.000265932021336851,0.0502219539769826
30.543778,1.68248642031814e-08,1.16539428334423e-07,5.1389491710212e-07,5.23209742109852e-06,0.000264139089832147,0.0501837550827075
30.562111,1.66663427933608e-08,1.15476050835341e-07,5.09358618414742e-07,5.189024878266e-06,0.000262357868318438,0.0501453323236653
30.580444,1.65093179193739e-08,1.14422376247297e-07,5.0486227211161e-07,5.14630414667396e-06,0.000260588283396185,0.0501066865617998
30.598777,1.63537754215825e-08,1.13378316034956e-07,5.00405527233083e-07,5.10393237912418e-06,0.000258830262100811,0.0500678186605175
30.61711,1.61997012746567e-08,1.12343782470836e-07,4.95988035893305e-07,5.06190675120976e-06,0.000257083731900335,0.0500287294846647
30.635443,1.60470815862979e-08,1.11318688627931e-07,4.91609453253379e-07,5.02022446113502e-06,0.000255348620693011,0.049989419900504
30.653776,1.58959025959729e-08,1.10302948372414e-07,4.87269437494771e-07,4.97888272953691e-06,0.000253624856804975,0.0499498907756905
30.672109,1.57461506736608e-08,1.09296476356393e-07,4.82967649792947e-07,4.9378787993077e-06,0.000251912368987909,0.0499101429792485
30.690442,1.55978123186118e-08,1.08299188010746e-07,4.78703754291241e-07,4.8972099354192e-06,0.000250211086416714,0.0498701773815482
30.708775,1.54508741581175e-08,1.07310999538008e-07,4.74477418074945e-07,4.85687342474814e-06,0.000248520938687193,0.049829994854282
30.727108,1.53053229462932e-08,1.06331827905338e-07,4.70288311145631e-07,4.81686657590313e-06,0.000246841855813748,0.0497895962704419
30.745441,1.51611455628719e-08,1.05361590837534e-07,4.6613610639569e-07,4.7771867190528e-06,0.00024517376822708,0.0497489825042955
30.763774,1.50183290120092e-08,1.04400206810124e-07,4.62020479583096e-07,4.73783120575533e-06,0.000243516606771914,0.0497081544313635
30.782107,1.48768604211008e-08,1.03447595042519e-07,4.57941109306391e-07,4.69879740878934e-06,0.000241870302704721,0.049667112928396
30.80044,1.47367270396098e-08,1.02503675491217e-07,4.53897676979879e-07,4.66008272198605e-06,0.000240234787691456,0.04962585887335
30.818773,1.45979162379064e-08,1.01568368843086e-07,4.49889866809051e-07,4.6216845600628e-06,0.000238609993805315,0.0495843931453657
30.837106,1.4460415506118e-08,1.00641596508694e-07,4.45917365766204e-07,4.58360035845773e-06,0.000236995853524484,0.0495427166247444
30.855439,1.43242124529906e-08,9.97232806157081e-08,4.4197986356629e-07,4.545827573166e-06,0.00023539229972992,0.0495008301929247
30.873772,1.41892948047607e-08,9.88133440023493e-08,4.38077052642965e-07,4.50836368057697e-06,0.000233799265703126,0.0494587347324604
30.892105,1.40556504040385e-08,9.79117102109117e-08,4.3420862812485e-07,4.47120617731294e-06,0.000232216685123949,0.0494164311269972
30.910438,1.39232672087012e-08,9.70183034813355e-08,4.30374287811992e-07,4.43435258006891e-06,0.000230644492068378,0.0493739202612503
30.928771,1.37921332907972e-08,9.61330487448432e-08,4.26573732152544e-07,4.39780042545379e-06,0.000229082621006359,0.0493312030209816
30.947104,1.36622368354607e-08,9.52558716176304e-08,4.22806664219632e-07,4.36154726983268e-06,0.000227531006799623,0.0492882802929767
30.965437,1.35335661398362e-08,9.43866983946164e-08,4.19072789688431e-07,4.32559068917045e-06,0.000225989584699516,0.0492451529650234
30.98377,1.34061096120144e-08,9.35254560432515e-08,4.15371816813444e-07,4.28992827887663e-06,0.000224458290344845,0.049201821925888
31.002103,1.32798557699768e-08,9.26720721973792e-08,4.11703456405966e-07,4.25455765365126e-06,0.000222937059759739,0.0491582880652934
31.020436,1.31547932405516e-08,9.18264751511572e-08,4.08067421811762e-07,4.21947644733226e-06,0.000221425829351506,0.049114552273897
31.038769,1.30309107583784e-08,9.09885938530307e-08,4.0446342888892e-07,4.18468231274371e-06,0.000219924535908517,0.0490706154432677
31.057102,1.2908197164884e-08,9.01583578997638e-08,4.00891195985914e-07,4.15017292154551e-06,0.000218433116598092,0.0490264784658645
31.075435,1.27866414072673e-08,8.93356975305222e-08,3.97350443919843e-07,4.11594596408408e-06,0.000216951508964393,0.0489821422350133
31.093768,1.26662325374934e-08,8.85205436210132e-08,3.93840895954873e-07,4.08199914924432e-06,0.000215479650926335,0.0489376076448858
31.112101,1.25469597112986e-08,8.77128276776762e-08,3.90362277780852e-07,4.04833020430264e-06,0.000214017480775504,0.0488928755904765
31.130434,1.24288121872033e-08,8.69124818319283e-08,3.86914317492128e-07,4.01493687478124e-06,0.000212564937174081,0.0488479469675814
31.148767,1.23117793255359e-08,8.61194388344611e-08,3.83496745566535e-07,3.98181692430343e-06,0.000211121959152785,0.0488028226727756
31.1671,1.21958505874647e-08,8.53336320495904e-08,3.80109294844572e-07,3.94896813445008e-06,0.000209688486108818,0.0487575036033916
31.185433,1.20810155340399e-08,8.45549954496573e-08,3.76751700508761e-07,3.91638830461735e-06,0.000208264457803823,0.0487119906574977
31.203766,1.19672638252441e-08,8.37834636094792e-08,3.73423700063183e-07,3.88407525187524e-06,0.000206849814361855,0.0486662847338757
31.222099,1.18545852190524e-08,8.3018971700854e-08,3.70125033313192e-07,3.85202681082759e-06,0.000205444496267356,0.0486203867319998
31.240432,1.17429695705011e-08,8.22614554871114e-08,3.66855442345308e-07,3.82024083347284e-06,0.000204048444363146,0.0485742975520144
31.258765,1.16324068307653e-08,8.15108513177165e-08,3.63614671507286e-07,3.78871518906615e-06,0.000202661599848418,0.0485280180947132
31.277098,1.15228870462454e-08,8.07670961229204e-08,3.60402467388349e-07,3.7574477639824e-06,0.000201283904276749,0.0484815492615169
31.295431,1.14144003576628e-08,8.00301274084624e-08,3.57218578799611e-07,3.72643646158043e-06,0.000199915299554118,0.0484348919544529
31.313764,1.13069369991626e-08,7.92998832503168e-08,3.54062756754647e-07,3.69567920206814e-06,0.000198555727936929,0.0483880470761325
31.332097,1.12004872974272e-08,7.85763022894919e-08,3.50934754450256e-07,3.66517392236886e-06,0.000197205132030055,0.048341015529731
31.35043,1.1095041670796e-08,7.78593237268723e-08,3.47834327247372e-07,3.63491857598861e-06,0.000195863454784879,0.0482937982189654
31.368763,1.09905906283954e-08,7.7148887318112e-08,3.44761232652157e-07,3.60491113288446e-06,0.000194530639497358,0.0482463960480741
31.387096,1.0887124769276e-08,7.64449333685709e-08,3.41715230297244e-07,3.5751495793339e-06,0.000193206629806081,0.0481988099217951
31.405429,1.07846347815581e-08,7.57474027282995e-08,3.38696081923153e-07,3.54563191780526e-06,0.000191891369690352,0.0481510407453455
31.423762,1.06831114415858e-08,7.50562367870695e-08,3.3570355135987e-07,3.51635616682911e-06,0.000190584803468274,0.0481030894244003
31.442095,1.05825456130889e-08,7.43713774694477e-08,3.32737404508576e-07,3.48732036087069e-06,0.000189286875794841,0.0480549568650714
31.460428,1.04829282463527e-08,7.36927672299174e-08,3.29797409323546e-07,3.45852255020332e-06,0.000187997531660048,0.0480066439738872
31.478761,1.03842503773958e-08,7.30203490480424e-08,3.26883335794201e-07,3.4299608007828e-06,0.000186716716387001,0.0479581516577714
31.497094,1.02865031271556e-08,7.23540664236762e-08,3.23994955927315e-07,3.40163319412283e-06,0.000185444375630045,0.0479094808240229
31.515427,1.01896777006822e-08,7.16938633722141e-08,3.21132043729379e-07,3.37353782717135e-06,0.000184180455372891,0.0478606323802943
31.53376,1.0093765386339e-08,7.103968441989e-08,3.18294375189121e-07,3.34567281218789e-06,0.000182924901926765,0.0478116072345724
31.552093,9.9987575550113e-09,7.03914745991139e-08,3.15481728260169e-07,3.31803627662186e-06,0.000181677661928555,0.0477624062951571
31.570426,9.90464565932308e-09,6.97491794438546e-08,3.12693882843881e-07,3.2906263629918e-06,0.000180438682338976,0.0477130304706412
31.588759,9.81142123286022e-09,6.9112744985062e-08,3.09930620772304e-07,3.26344122876557e-06,0.000179207910440737,0.04766348066989
31.607092,9.71907588940172e-09,6.84821177461329e-08,3.07191725791302e-07,3.23647904624148e-06,0.000177985293836721,0.0476137578020214
31.625425,9.62760132215822e-09,6.78572447384179e-08,3.04476983543816e-07,3.20973800243039e-06,0.000176770780448178,0.047563862776385
31.643758,9.53698930301751e-09,6.72380734567682e-08,3.01786181553275e-07,3.18321629893863e-06,0.000175564318512915,0.047513796502543
31.662091,9.44723168179753e-09,6.66245518751249e-08,2.99119109207156e-07,3.15691215185197e-06,0.000174365856583512,0.0474635598902493
31.680424,9.35832038550618e-09,6.60166284421462e-08,2.96475557740679e-07,3.1308237916204e-06,0.00017317534352553,0.0474131538494299
31.698757,9.27024741760852e-09,6.54142520768771e-08,2.9385532022065e-07,3.10494946294386e-06,0.000171992728515743,0.0473625792901635
31.71709,9.18300485730061e-09,6.48173721644562e-08,2.91258191529441e-07,3.07928742465883e-06,0.000170817961040365,0.0473118371226607
31.735423,9.09658485879053e-09,6.42259385518636e-08,2.88683968349113e-07,3.0538359496259e-06,0.000169650990893301,0.0472609282572452
31.753756,9.01097965058607e-09,6.36399015437062e-08,2.86132449145676e-07,3.02859332461806e-06,0.000168491768174391,0.0472098536043334
31.772089,8.92618153478935e-09,6.30592118980425e-08,2.83603434153484e-07,3.00355785021004e-06,0.000167340243287677,0.0471586140744157
31.790422,8.84218288639799e-09,6.24838208222446e-08,2.8109672535977e-07,2.9787278406684e-06,0.00016619636693967,0.0471072105780361
31.808755,8.75897615261308e-09,6.19136799688985e-08,2.78612126489312e-07,2.95410162384251e-06,0.000165060090137629,0.0470556440257734
31.827088,8.67655385215374e-09,6.13487414317422e-08,2.76149442989236e-07,2.92967754105647e-06,0.000163931364187846,0.0470039153282216
31.845421,8.594908574578e-09,6.07889577416393e-08,2.73708482013946e-07,2.90545394700168e-06,0.000162810140693947,0.0469520253959707
31.863754,8.51403297961048e-09,6.02342818625917e-08,2.71289052410195e-07,2.88142920963052e-06,0.000161696371555193,0.0468999751395874
31.882087,8.43391979647613e-09,5.96846671877862e-08,2.68890964702274e-07,2.85760171005061e-06,0.000160590008964794,0.0468477654695962
31.90042,8.35456182324061e-09,5.91400675356791e-08,2.66514031077341e-07,2.83396984242008e-06,0.000159491005408232,0.0467953972964602
31.918753,8.27595192615671e-09,5.86004371461154e-08,2.6415806537087e-07,2.81053201384355e-06,0.000158399313661589,0.046742871530562
31.937086,8.19808303901715e-09,5.80657306764841e-08,2.61822883052232e-07,2.78728664426903e-06,0.00015731488678989,0.0466901890821854
31.955419,8.12094816251344e-09,5.7535903197908e-08,2.59508301210397e-07,2.76423216638548e-06,0.00015623767814545,0.0466373508614957
31.973752,8.044540363601e-09,5.70109101914686e-08,2.57214138539768e-07,2.7413670255214e-06,0.000155167641366226,0.046584357778522
31.992085,7.96885277487006e-09,5.64907075444655e-08,2.54940215326129e-07,2.71868967954394e-06,0.000154104730374188,0.0465312107431374
32.010418,7.89387859392285e-09,5.59752515467099e-08,2.52686353432723e-07,2.69619859875906e-06,0.000153048899373687,0.0464779106650417
32.028751,7.81961108275643e-09,5.54644988868512e-08,2.50452376286446e-07,2.6738922658123e-06,0.000152000102849837,0.0464244584537416
32.047084,7.74604356715166e-09,5.49584066487386e-08,2.48238108864169e-07,2.65176917559039e-06,0.000150958295566911,0.0463708550185336
32.065417,7.67316943606776e-09,5.44569323078144e-08,2.46043377679168e-07,2.62982783512367e-06,0.000149923432566728,0.0463171012684846
32.08375,7.60098214104289e-09,5.39600337275418e-08,2.43868010767685e-07,2.60806676348924e-06,0.000148895469167071,0.0462631981124142
32.102083,7.52947519560008e-09,5.3467669155863e-08,2.41711837675595e-07,2.58648449171482e-06,0.000147874360960093,0.0462091464588762
32.120416,7.45864217465912e-09,5.2979797221692e-08,2.39574689445196e-07,2.5650795626835e-06,0.000146860063810746,0.0461549472161411
32.138749,7.38847671395394e-09,5.24963769314377e-08,2.37456398602111e-07,2.54385053103906e-06,0.000145852533855207,0.0461006012921773
32.157082,7.31897250945558e-09,5.20173676655606e-08,2.35356799142309e-07,2.52279596309225e-06,0.00014485172749932,0.0460461095946337
32.175415,7.25012331680045e-09,5.1542729175158e-08,2.33275726519231e-07,2.50191443672759e-06,0.000143857601417044,0.0459914730308218
32.193748,7.18192295072436e-09,5.10724215785835e-08,2.31213017631037e-07,2.48120454131105e-06,0.000142870112548905,0.0459366925076975
32.212081,7.11436528450163e-09,5.06064053580949e-08,2.29168510807955e-07,2.4606648775984e-06,0.000141889218100463,0.0458817689318443
32.230414,7.04744424938982e-09,5.01446413565349e-08,2.27142045799753e-07,2.44029405764434e-06,0.000140914875540781,0.0458267032094545
32.248747,6.98115383407942e-09,4.96870907740397e-08,2.25133463763307e-07,2.42009070471219e-06,0.000139947042600907,0.0457714962463128
32.26708,6.91548808414906e-09,4.92337151647795e-08,2.23142607250284e-07,2.4000534531845e-06,0.000138985677272358,0.0457161489477779
32.285413,6.85044110152576e-09,4.87844764337279e-08,2.21169320194934e-07,2.38018094847423e-06,0.000138030737805616,0.045660662218766
32.303746,6.78600704395036e-09,4.83393368334608e-08,2.19213447901983e-07,2.36047184693663e-06,0.000137082182708633,0.0456050369637329
32.322079,6.72218012444804e-09,4.78982589609855e-08,2.17274837034639e-07,2.34092481578191e-06,0.00013613997074534,0.0455492740866572
32.340412,6.65895461080382e-09,4.74612057545964e-08,2.15353335602695e-07,2.32153853298848e-06,0.000135204060934167,0.0454933744910224
32.358745,6.59632482504309e-09,4.70281404907622e-08,2.13448792950739e-07,2.30231168721692e-06,0.000134274412546568,0.0454373390798012
32.377078,6.53428514291712e-09,4.65990267810394e-08,2.11561059746469e-07,2.28324297772469e-06,0.000133350985105556,0.0453811687554375
32.395411,6.47282999339345e-09,4.61738285690156e-08,2.09689987969108e-07,2.26433111428144e-06,0.000132433738384246,0.0453248644198294
32.413744,6.41195385815102e-09,4.57525101272788e-08,2.0783543089792e-07,2.24557481708495e-06,0.000131522632404401,0.0452684269743136
32.432077,6.35165127108026e-09,4.53350360544161e-08,2.05997243100823e-07,2.22697281667787e-06,0.000130617627434994,0.0452118573196471
32.45041,6.2919168177878e-09,4.49213712720388e-08,2.0417528042311e-07,2.20852385386496e-06,0.000129718683990767,0.045155156355992
32.468743,6.23274513510603e-09,4.45114810218349e-08,2.02369399976258e-07,2.19022667963111e-06,0.000128825762830808,0.0450983249828983
32.487076,6.17413091060722e-09,4.41053308626493e-08,2.00579460126846e-07,2.17208005505994e-06,0.000127938824957132,0.045041364099287
32.505409,6.11606888212225e-09,4.37028866675884e-08,1.98805320485556e-07,2.15408275125303e-06,0.000127057831613261,0.0449842746034348
32.523742,6.05855383726399e-09,4.33041146211538e-08,1.97046841896284e-07,2.13623354924984e-06,0.000126182744282826,0.0449270573929568
32.542075,6.00158061295517e-09,4.29089812164002e-08,1.95303886425333e-07,2.11853123994822e-06,0.000125313524688165,0.0448697133647909
32.560408,5.94514409496081e-09,4.25174532521209e-08,1.93576317350715e-07,2.10097462402558e-06,0.000124450134788937,0.0448122434151817
32.578741,5.88923921742493e-09,4.2129497830057e-08,1.9186399915153e-07,2.08356251186063e-06,0.000123592536780733,0.0447546484396638
32.597074,5.83386096241184e-09,4.17450823521335e-08,1.9016679749745e-07,2.0662937234558e-06,0.000122740693093705,0.0446969293330467
32.615407,5.7790043594517e-09,4.13641745177205e-08,1.88484579238291e-07,2.04916708836021e-06,0.000121894566391196,0.0446390869893982
32.63374,5.72466448509047e-09,4.09867423209191e-08,1.86817212393676e-07,2.03218144559334e-06,0.00012105411956838,0.0445811223020291
32.652073,5.67083646244405e-09,4.06127540478716e-08,1.85164566142785e-07,2.01533564356918e-06,0.000120219315750903,0.0445230361634774
32.670406,5.61751546075668e-09,4.02421782740972e-08,1.83526510814198e-07,1.99862854002108e-06,0.000119390118293544,0.0444648294654924
32.688739,5.56469669496365e-09,3.98749838618514e-08,1.81902917875829e-07,1.98205900192714e-06,0.000118566490778871,0.0444065030990195
32.707072,5.51237542525797e-09,3.95111399575096e-08,1.80293659924943e-07,1.96562590543621e-06,0.000117748397015909,0.0443480579541847
32.725405,5.46054695666143e-09,3.91506159889749e-08,1.78698610678263e-07,1.94932813579449e-06,0.000116935801038814,0.0442894949202789
32.743738,5.40920663859939e-09,3.87933816631087e-08,1.77117644962159e-07,1.93316458727265e-06,0.000116128667105556,0.0442308148857431
32.762071,5.35834986447993e-09,3.8439406963186e-08,1.75550638702932e-07,1.9171341630936e-06,0.00011532695969661,0.044172018738153
32.780404,5.30797207127681e-09,3.80886621463724e-08,1.73997468917171e-07,1.90123577536077e-06,0.000114530643513646,0.0441131073642034
32.798737,5.25806873911655e-09,3.7741117741226e-08,1.72458013702205e-07,1.88546834498701e-06,0.000113739683478238,0.0440540816496943
32.81707,5.20863539086919e-09,3.73967445452201e-08,1.70932152226632e-07,1.86983080162401e-06,0.000112954044730567,0.0439949424795148
32.835403,5.15966759174324e-09,3.705551362229e-08,1.69419764720929e-07,1.85432208359229e-06,0.000112173692628145,0.0439356907376289
32.853736,5.11116094888422e-09,3.67173963004013e-08,1.67920732468152e-07,1.83894113781176e-06,0.000111398592744534,0.0438763273070605
32.872069,5.06311111097725e-09,3.63823641691412e-08,1.66434937794711e-07,1.82368691973281e-06,0.000110628710868078,0.0438168530698789
32.890402,5.01551376785316e-09,3.60503890773306e-08,1.64962264061225e-07,1.80855839326795e-06,0.000109864013000636,0.0437572689071838
32.908735,4.96836465009858e-09,3.57214431306595e-08,1.63502595653462e-07,1.79355453072398e-06,0.000109104465356334,0.0436975756990913
32.927068,4.92165952866959e-09,3.53954986893424e-08,1.62055817973352e-07,1.77867431273472e-06,0.00010835003436031,0.043637774324719
32.945401,4.8753942145091e-09,3.50725283657963e-08,1.60621817430082e-07,1.76391672819428e-06,0.000107600686647469,0.0435778656621721
32.963734,4.82956455816789e-09,3.47525050223397e-08,1.59200481431274e-07,1.74928077419082e-06,0.000106856389061257,0.0435178505885286
32.982067,4.78416644942914e-09,3.44354017689117e-08,1.57791698374224e-07,1.73476545594082e-06,0.000106117108652421,0.0434577299798255
33.0004,4.73919581693666e-09,3.41211919608129e-08,1.56395357637237e-07,1.72036978672395e-06,0.000105382812677791,0.043397504711045
33.018733,4.69464862782658e-09,3.38098491964664e-08,1.55011349571022e-07,1.70609278781842e-06,0.000104653468599068,0.0433371756560995
33.037066,4.65052088736259e-09,3.35013473152e-08,1.53639565490176e-07,1.69193348843676e-06,0.000103929044081606,0.0432767436878187
33.055399,4.60680863857454e-09,3.31956603950473e-08,1.52279897664728e-07,1.67789092566225e-06,0.000103209506993217,0.0432162096779354
33.073732,4.56350796190062e-09,3.28927627505697e-08,1.50932239311767e-07,1.66396414438575e-06,0.00010249482540297,0.0431555744970714
33.092065,4.52061497483283e-09,3.25926289306987e-08,1.49596484587142e-07,1.65015219724306e-06,0.000101784967580003,0.0430948390147244
33.110398,4.47812583156586e-09,3.22952337165967e-08,1.48272528577227e-07,1.63645414455278e-06,0.000101079901992339,0.043034004099254
33.128731,4.43603672264935e-09,3.20005521195386e-08,1.46960267290772e-07,1.62286905425469e-06,0.000100379597305709,0.0429730706178687
33.147064,4.39434387464331e-09,3.17085593788117e-08,1.4565959765081e-07,1.60939600184855e-06,9.96840223823836e-05,0.0429120394366117
33.165397,4.35304354977698e-09,3.14192309596352e-08,1.44370417486643e-07,1.59603407033342e-06,9.89931462800036e-05,0.0428509114203483
33.18373,4.31213204561085e-09,3.11325425510988e-08,1.43092625525898e-07,1.5827823501475e-06,9.83069382504268e-05,0.0427896874327524
33.202063,4.27160569470192e-09,3.084847006412e-08,1.41826121386652e-07,1.56963993910842e-06,9.76253677385755e-05,0.0427283683362933
33.220396,4.23146086427208e-09,3.05669896294197e-08,1.40570805569621e-07,1.55660594235393e-06,9.69484043812894e-05,0.0426669549922226
33.238729,4.19169395587969e-09,3.02880775955172e-08,1.39326579450423e-07,1.54367947228319e-06,9.62760180061879e-05,0.0426054482605615
33.257062,4.15230140509429e-09,3.00117105267419e-08,1.38093345271908e-07,1.53085964849842e-06,9.56081786305368e-05,0.0425438490000876
33.275395,4.11327968117442e-09,2.97378652012653e-08,1.36871006136553e-07,1.51814559774707e-06,9.49448564601222e-05,0.0424821580683222
33.293728,4.07462528674837e-09,2.94665186091488e-08,1.35659465998922e-07,1.50553645386445e-06,9.4286021888129e-05,0.0424203763215174
33.312061,4.03633475749811e-09,2.91976479504106e-08,1.34458629658197e-07,1.49303135771676e-06,9.3631645494027e-05,0.0423585046146438
33.330394,3.99840466184619e-09,2.89312306331102e-08,1.3326840275077e-07,1.48062945714462e-06,9.29816980424623e-05,0.042296543801378
33.348727,3.96083160064554e-09,2.86672442714496e-08,1.32088691742901e-07,1.46832990690705e-06,9.23361504821553e-05,0.0422344947340894
33.36706,3.92361220687231e-09,2.8405666683893e-08,1.30919403923441e-07,1.45613186862589e-06,9.16949739448048e-05,0.0421723582638287
33.385393,3.88674314532155e-09,2.81464758913022e-08,1.29760447396616e-07,1.44403451073062e-06,9.1058139743997e-05,0.042110135240315
33.403726,3.85022111230583e-09,2.78896501150905e-08,1.28611731074879e-07,1.43203700840365e-06,9.04256193741216e-05,0.0420478265119241
33.422059,3.81404283535672e-09,2.7635167775392e-08,1.2747316467182e-07,1.42013854352609e-06,8.97973845092936e-05,0.0419854329256757
33.440392,3.7782050729291e-09,2.73830074892494e-08,1.26344658695138e-07,1.40833830462387e-06,8.91734070022811e-05,0.0419229553272219
33.458725,3.7427046141082e-09,2.71331480688161e-08,1.25226124439677e-07,1.39663548681431e-06,8.85536588834386e-05,0.0418603945608353
33.477058,3.70753827831958e-09,2.68855685195769e-08,1.24117473980525e-07,1.38502929175317e-06,8.79381123596463e-05,0.0417977514693966
33.495391,3.67270291504173e-09,2.66402480385831e-08,1.23018620166162e-07,1.37351892758203e-06,8.73267398132553e-05,0.0417350268943833
33.513724,3.63819540352143e-09,2.6397166012705e-08,1.21929476611686e-07,1.36210360887617e-06,8.6719513801039e-05,0.0416722216758576
33.532057,3.60401265249193e-09,2.61563020169002e-08,1.2084995769208e-07,1.35078255659281e-06,8.61164070531504e-05,0.0416093366524553
33.55039,3.57015159989353e-09,2.59176358124964e-08,1.19779978535552e-07,1.3395549980198e-06,8.55173924720831e-05,0.0415463726613737
33.568723,3.53660921259715e-09,2.56811473454918e-08,1.18719455016922e-07,1.32842016672467e-06,8.49224431316412e-05,0.0414833305383606
33.587056,3.50338248613026e-09,2.54468167448692e-08,1.17668303751076e-07,1.31737730250413e-06,8.43315322759122e-05,0.0414202111177027
33.605389,3.47046844440558e-09,2.52146243209275e-08,1.16626442086474e-07,1.30642565133398e-06,8.3744633318248e-05,0.0413570152322145
33.623722,3.43786413945223e-09,2.49845505636259e-08,1.15593788098711e-07,1.29556446531932e-06,8.31617198402488e-05,0.0412937437132265
33.642055,3.40556665114954e-09,2.47565761409456e-08,1.14570260584139e-07,1.28479300264531e-06,8.2582765590755e-05,0.0412303973905752
33.660388,3.37357308696331e-09,2.45306818972648e-08,1.13555779053543e-07,1.27411052752817e-06,8.20077444848432e-05,0.041166977092591
33.678721,3.34188058168463e-09,2.43068488517496e-08,1.12550263725874e-07,1.26351631016671e-06,8.14366306028291e-05,0.041103483646088
33.697054,3.31048629717112e-09,2.40850581967589e-08,1.11553635522035e-07,1.25300962669411e-06,8.08693981892743e-05,0.0410399178763528
33.715387,3.27938742209068e-09,2.3865291296264e-08,1.1056581605872e-07,1.24258975913018e-06,8.03060216519998e-05,0.0409762806071335
33.73372,3.24858117166763e-09,2.36475296842827e-08,1.09586727642308e-07,1.23225599533396e-06,7.97464755611045e-05,0.0409125726606296
33.752053,3.21806478743132e-09,2.34317550633279e-08,1.08616293262816e-07,1.2220076289567e-06,7.91907346479897e-05,0.040848794857481
33.770386,3.18783553696707e-09,2.32179493028702e-08,1.07654436587895e-07,1.21184395939525e-06,7.86387738043885e-05,0.0407849480167575
33.788719,3.15789071366945e-09,2.30060944378142e-08,1.06701081956886e-07,1.20176429174574e-06,7.80905680814002e-05,0.0407210329559486
33.807052,3.128227636498e-09,2.27961726669889e-08,1.05756154374925e-07,1.19176793675771e-06,7.75460926885315e-05,0.0406570504909527
33.825385,3.09884364973518e-09,2.25881663516524e-08,1.04819579507097e-07,1.18185421078856e-06,7.7005322992741e-05,0.0405930014360674
33.843718,3.06973612274667e-09,2.23820580140094e-08,1.03891283672652e-07,1.17202243575841e-06,7.6468234517492e-05,0.0405288866039789
33.862051,3.0409024497439e-09,2.2177830335743e-08,1.02971193839253e-07,1.16227193910522e-06,7.59348029418065e-05,0.0404647068057521
33.880384,3.01234004954887e-09,2.19754661565588e-08,1.02059237617295e-07,1.1526020537404e-06,7.54050040993286e-05,0.0404004628508202
33.898717,2.98404636536117e-09,2.17749484727439e-08,1.01155343254257e-07,1.14301211800464e-06,7.48788139773901e-05,0.0403361555469756
33.91705,2.95601886452729e-09,2.15762604357378e-08,1.00259439629115e-07,1.13350147562423e-06,7.43562087160839e-05,0.040271785700359
33.935383,2.92825503831197e-09,2.13793853507163e-08,9.93714562467965e-08,1.12406947566759e-06,7.38371646073396e-05,0.0402073541154505
33.953716,2.90075240167189e-09,2.11843066751893e-08,9.84913232326852e-08,1.11471547250227e-06,7.3321658094007e-05,0.0401428615950596
33.972049,2.87350849303136e-09,2.09910080176105e-08,9.76189713271775e-08,1.10543882575216e-06,7.28096657689431e-05,0.0400783089403152
33.990382,2.84652087406025e-09,2.0799473136e-08,9.67543318802816e-08,1.09623890025518e-06,7.23011643741048e-05,0.0400136969506568
34.008715,2.81978712945398e-09,2.06096859365802e-08,9.58973368462684e-08,1.08711506602125e-06,7.17961307996475e-05,0.0399490264238245
34.027048,2.79330486671557e-09,2.04216304724225e-08,9.50479187783645e-08,1.0780666981905e-06,7.12945420830266e-05,0.0398842981558501
34.045381,2.76707171593983e-09,2.02352909421081e-08,9.42060108234952e-08,1.06909317699201e-06,7.07963754081059e-05,0.0398195129410473
34.063714,2.74108532959948e-09,2.00506516884001e-08,9.33715467170724e-08,1.06019388770266e-06,7.03016081042705e-05,0.0397546715720029
34.082047,2.71534338233349e-09,1.9867697196928e-08,9.25444607778289e-08,1.05136822060654e-06,6.98102176455453e-05,0.0396897748395678
34.10038,2.6898435707372e-09,1.96864120948838e-08,9.17246879026953e-08,1.04261557095444e-06,6.93221816497164e-05,0.0396248235328474
34.118713,2.6645836131546e-09,1.95067811497303e-08,9.09121635617248e-08,1.03393533892385e-06,6.883747787746e-05,0.0395598184391932
34.137046,2.63956124947252e-09,1.93287892679218e-08,9.0106823793061e-08,1.02532692957921e-06,6.83560842314748e-05,0.0394947603441939
34.155379,2.61477424091677e-09,1.91524214936349e-08,8.93086051979495e-08,1.01678975283244e-06,6.78779787556195e-05,0.0394296500316661
34.173712,2.59022036985022e-09,1.89776630075127e-08,8.8517444935795e-08,1.00832322340391e-06,6.74031396340553e-05,0.0393644882836464
34.192045,2.5658974395728e-09,1.88044991254192e-08,8.77332807192581e-08,9.99926760783502e-07,6.69315451903933e-05,0.0392992758803821
34.210378,2.54180327412339e-09,1.86329152972053e-08,8.69560508093988e-08,9.91599789192246e-07,6.64631738868461e-05,0.0392340136003229
34.228711,2.51793571808357e-09,1.84628971054866e-08,8.618569401086e-08,9.83341737544052e-07,6.59980043233855e-05,0.0391687022201126
34.247044,2.49429263638331e-09,1.82944302644317e-08,8.54221496670953e-08,9.75152039407866e-07,6.55360152369037e-05,0.0391033425145807
34.265377,2.4708719141084e-09,1.81275006185621e-08,8.46653576556358e-08,9.67030132970065e-07,6.50771855003799e-05,0.0390379352567336
34.28371,2.44767145630974e-09,1.79620941415622e-08,8.39152583834008e-08,9.58975460997194e-07,6.46214941220511e-05,0.0389724812177472
34.302043,2.42468918781451e-09,1.77981969351015e-08,8.31717927820483e-08,9.5098747079897e-07,6.41689202445884e-05,0.0389069811669582
34.320376,2.40192305303903e-09,1.76357952276665e-08,8.24349023033674e-08,9.43065614191611e-07,6.37194431442775e-05,0.0388414358718561
34.338709,2.37937101580344e-09,1.74748753734031e-08,8.17045289147087e-08,9.35209347461423e-07,6.32730422302036e-05,0.0387758460980755
34.357042,2.35703105914815e-09,1.73154238509706e-08,8.09806150944575e-08,9.27418131328703e-07,6.28296970434412e-05,0.0387102126093879
34.375375,2.334901185152e-09,1.71574272624053e-08,8.02631038275446e-08,9.19691430911926e-07,6.2389387256249e-05,0.0386445361676941
34.393708,2.31297941475218e-09,1.70008723319947e-08,7.95519386009973e-08,9.1202871569221e-07,6.19520926712683e-05,0.0385788175330165
34.412041,2.29126378756582e-09,1.68457459051623e-08,7.88470633995303e-08,9.04429459478079e-07,6.1517793220727e-05,0.0385130574634911
34.430374,2.2697523617133e-09,1.66920349473619e-08,7.81484227011722e-08,8.96893140370483e-07,6.10864689656475e-05,0.0384472567153603
34.448707,2.24844321364321e-09,1.65397265429824e-08,7.74559614729334e-08,8.89419240728124e-07,6.06581000950592e-05,0.0383814160429654
34.46704,2.22733443795901e-09,1.63888078942628e-08,7.67696251665108e-08,8.82007247133045e-07,6.02326669252158e-05,0.0383155361987387
34.485373,2.2064241472473e-09,1.6239266320217e-08,7.60893597140301e-08,8.746566503565e-07,5.98101498988169e-05,0.038249617933197
34.503706,2.18571047190771e-09,1.60910892555675e-08,7.54151115238247e-08,8.67366945325087e-07,5.93905295842339e-05,0.0381836619949334
34.522039,2.16519155998442e-09,1.59442642496907e-08,7.47468274762531e-08,8.6013763108716e-07,5.89737866747401e-05,0.038117669130611
34.540372,2.14486557699932e-09,1.57987789655696e-08,7.40844549195511e-08,8.52968210779509e-07,5.85599019877461e-05,0.0380516400849549
34.558705,2.12473070578666e-09,1.56546211787582e-08,7.34279416657231e-08,8.45858191594311e-07,5.8148856464039e-05,0.0379855756007463
34.577038,2.10478514632935e-09,1.55117787763536e-08,7.27772359864654e-08,8.38807084746327e-07,5.77406311670252e-05,0.0379194764188142
34.595371,2.08502711559673e-09,1.53702397559787e-08,7.21322866091288e-08,8.3181440544038e-07,5.73352072819793e-05,0.0378533432780298
34.613704,2.065454847384e-09,1.52299922247732e-08,7.14930427127149e-08,8.2487967283909e-07,5.69325661152954e-05,0.0377871769152989
34.632037,2.04606659215302e-09,1.50910243983947e-08,7.08594539239074e-08,8.18002410030852e-07,5.6532689093744e-05,0.0377209780655555
34.65037,2.02686061687479e-09,1.49533246000286e-08,7.02314703131397e-08,8.11182143998102e-07,5.61355577637334e-05,0.0376547474617552
34.668703,2.00783520487323e-09,1.48168812594065e-08,6.96090423906941e-08,8.04418405585794e-07,5.57411537905731e-05,0.0375884858348684
34.687036,1.9889886556706e-09,1.46816829118344e-08,6.89921211028378e-08,7.97710729470165e-07,5.53494589577446e-05,0.037522193913874
34.705369,1.97031928483434e-09,1.45477181972289e-08,6.83806578279918e-08,7.91058654127731e-07,5.49604551661737e-05,0.037455872425753
34.723702,1.9518254238253e-09,1.44149758591635e-08,6.77746043729336e-08,7.84461721804547e-07,5.4574124433509e-05,0.0373895220954823
34.742035,1.93350541984751e-09,1.42834447439219e-08,6.7173912969032e-08,7.77919478485688e-07,5.41904488934031e-05,0.037323143646028
34.760368,1.91535763569928e-09,1.41531137995613e-08,6.65785362685169e-08,7.71431473864998e-07,5.38094107947983e-05,0.0372567377983398
34.778701,1.89738044962576e-09,1.40239720749837e-08,6.59884273407799e-08,7.6499726131507e-07,5.3430992501217e-05,0.0371903052713442
34.797034,1.87957225517292e-09,1.38960087190154e-08,6.54035396687086e-08,7.58616397857468e-07,5.30551764900557e-05,0.0371238467819393
34.815367,1.86193146104285e-09,1.37692129794959e-08,6.4823827145053e-08,7.52288444133194e-07,5.26819453518835e-05,0.0370573630449884
34.8337,1.84445649095049e-09,1.36435742023736e-08,6.4249244068822e-08,7.46012964373375e-07,5.23112817897434e-05,0.0369908547733139
34.852033,1.82714578348167e-09,1.35190818308114e-08,6.3679745141714e-08,7.39789526370201e-07,5.19431686184591e-05,0.036924322677692
34.870366,1.80999779195253e-09,1.3395725404299e-08,6.31152854645765e-08,7.33617701448088e-07,5.15775887639455e-05,0.0368577674668466
34.888699,1.79301098427028e-09,1.32734945577744e-08,6.25558205338995e-08,7.2749706443508e-07,5.12145252625226e-05,0.036791189847444
34.907032,1.77618384279523e-09,1.31523790207527e-08,6.20013062383359e-08,7.21427193634463e-07,5.08539612602336e-05,0.036724590524087
34.925365,1.75951486420416e-09,1.30323686164633e-08,6.14516988552556e-08,7.15407670796627e-07,5.04958800121673e-05,0.0366579701993094
34.943698,1.743002559355e-09,1.29134532609947e-08,6.0906955047328e-08,7.09438081091136e-07,5.01402648817838e-05,0.0365913295735709
34.962031,1.72664545315278e-09,1.27956229624473e-08,6.03670318591364e-08,7.03518013079038e-07,4.97870993402452e-05,0.0365246693452515
34.980364,1.71044208441681e-09,1.26788678200937e-08,5.98318867138189e-08,6.97647058685383e-07,4.94363669657486e-05,0.0364579902106462
34.998697,1.6943910057492e-09,1.25631780235466e-08,5.93014774097416e-08,6.91824813171964e-07,4.90880514428642e-05,0.0363912928639599
35.01703,1.67849078340453e-09,1.2448543851935e-08,5.87757621172e-08,6.86050875110285e-07,4.8742136561877e-05,0.0363245779973023
35.035363,1.66273999716084e-09,1.23349556730871e-08,5.82546993751488e-08,6.80324846354738e-07,4.83986062181318e-05,0.0362578463006825
35.053696,1.64713724019179e-09,1.22224039427208e-08,5.77382480879619e-08,6.74646332015999e-07,4.80574444113831e-05,0.0361910984620049
35.072029,1.63168111894005e-09,1.21108792036421e-08,5.7226367522218e-08,6.6901494043463e-07,4.7718635245147e-05,0.0361243351670629
35.090362,1.61637025299191e-09,1.20003720849501e-08,5.67190173035178e-08,6.63430283154901e-07,4.7382162926059e-05,0.0360575570995354
35.108695,1.601203274953e-09,1.18908733012498e-08,5.6216157413326e-08,6.57891974898817e-07,4.70480117632335e-05,0.0359907649409812
35.127028,1.5861788303253e-09,1.17823736518719e-08,5.57177481858441e-08,6.52399633540365e-07,4.67161661676291e-05,0.0359239593708347
35.145361,1.57129557738523e-09,1.16748640200997e-08,5.52237503049072e-08,6.46952880079941e-07,4.63866106514153e-05,0.035857141066401
35.163694,1.5565521870629e-09,1.1568335372403e-08,5.47341248009108e-08,6.41551338619012e-07,4.60593298273451e-05,0.0357903107028518
35.182027,1.54194734282259e-09,1.1462778757679e-08,5.42488330477627e-08,6.3619463633496e-07,4.57343084081294e-05,0.0357234689532201
35.20036,1.52747974054424e-09,1.13581853065005e-08,5.37678367598638e-08,6.30882403456147e-07,4.5411531205817e-05,0.0356566164883969
35.218693,1.51314808840613e-09,1.12545462303701e-08,5.32910979891124e-08,6.25614273237156e-07,4.50909831311756e-05,0.0355897539771257
35.237026,1.49895110676869e-09,1.11518528209825e-08,5.28185791219372e-08,6.20389881934252e-07,4.47726491930794e-05,0.0355228820859991
35.255359,1.48488752805935e-09,1.10500964494918e-08,5.23502428763551e-08,6.1520886878103e-07,4.4456514497898e-05,0.0354560014794543
35.273692,1.47095609665853e-09,1.09492685657874e-08,5.18860522990554e-08,6.10070875964257e-07,4.41425642488895e-05,0.0353891128197688
35.292025,1.45715556878671e-09,1.08493606977751e-08,5.14259707625098e-08,6.04975548599922e-07,4.38307837455984e-05,0.0353222167670566
35.310358,1.4434847123925e-09,1.07503644506653e-08,5.09699619621063e-08,5.99922534709452e-07,4.35211583832547e-05,0.0352553139792642
35.328691,1.42994230704188e-09,1.06522715062674e-08,5.05179899133097e-08,5.94911485196145e-07,4.32136736521785e-05,0.0351884051121662
35.347024,1.41652714380839e-09,1.05550736222914e-08,5.00700189488464e-08,5.89942053821777e-07,4.29083151371872e-05,0.0351214908193623
35.365357,1.40323802516443e-09,1.04587626316549e-08,4.9626013715915e-08,5.8501389718341e-07,4.26050685170065e-05,0.0350545717522728
35.38369,1.39007376487355e-09,1.0363330441797e-08,4.91859391734184e-08,5.80126674690364e-07,4.23039195636844e-05,0.0349876485601352
35.402023,1.37703318788375e-09,1.02687690339983e-08,4.8749760589224e-08,5.752800485414e-07,4.2004854142009e-05,0.0349207218900006
35.420356,1.36411513022187e-09,1.01750704627072e-08,4.8317443537445e-08,5.70473683702067e-07,4.17078582089299e-05,0.0348537923867297
35.438689,1.35131843888884e-09,1.0082226854872e-08,4.78889538957471e-08,5.6570724788224e-07,4.14129178129824e-05,0.0347868606929899
35.457022,1.33864197175608e-09,9.9902304092798e-09,4.74642578426786e-08,5.60980411513843e-07,4.1120019093716e-05,0.0347199274492515
35.475355,1.32608459746274e-09,9.89907339590072e-09,4.70433218550229e-08,5.56292847728732e-07,4.0829148281125e-05,0.0346529932937843
35.493688,1.31364519531404e-09,9.80874815523835e-09,4.66261127051756e-08,5.51644232336779e-07,4.05402916950835e-05,0.0345860588626546
35.512021,1.30132265518044e-09,9.71924709768628e-09,4.62125974585436e-08,5.47034243804116e-07,4.02534357447835e-05,0.0345191247897213
35.530354,1.28911587739791e-09,9.63056270289039e-09,4.58027434709685e-08,5.42462563231567e-07,3.99685669281762e-05,0.0344521917066338
35.548687,1.27702377266901e-09,9.54268751911685e-09,4.53965183861699e-08,5.37928874333233e-07,3.96856718314161e-05,0.0343852602428276
35.56702,1.26504526196499e-09,9.45561416262604e-09,4.49938901332139e-08,5.33432863415274e-07,3.94047371283093e-05,0.0343183310255225
35.585353,1.25317927642877e-09,9.3693353170521e-09,4.45948269240022e-08,5.28974219354841e-07,3.91257495797647e-05,0.0342514046797187
35.603686,1.24142475727891e-09,9.28384373278831e-09,4.41992972507844e-08,5.24552633579197e-07,3.88486960332479e-05,0.0341844818281942
35.622019,1.22978065571439e-09,9.1991322263777e-09,4.38072698836905e-08,5.20167800044983e-07,3.85735634222394e-05,0.0341175630915024
35.640352,1.21824593282037e-09,9.11519367990965e-09,4.34187138682863e-08,5.15819415217668e-07,3.83003387656947e-05,0.0340506490879684
35.658685,1.20681955947479e-09,9.03202104042171e-09,4.30335985231503e-08,5.1150717805116e-07,3.80290091675086e-05,0.0339837404336872
35.677018,1.1955005162559e-09,8.94960731930699e-09,4.26518934374709e-08,5.07230789967577e-07,3.77595618159823e-05,0.0339168377425205
35.695351,1.18428779335063e-09,8.86794559172703e-09,4.22735684686662e-08,5.02989954837191e-07,3.74919839832943e-05,0.0338499416260942
35.713684,1.17318039046386e-09,8.78702899602978e-09,4.18985937400228e-08,4.98784378958517e-07,3.72262630249725e-05,0.033783052693796
35.732017,1.16217731672848e-09,8.70685073317315e-09,4.15269396383565e-08,4.94613771038576e-07,3.6962386379372e-05,0.0337161715527732
35.75035,1.15127759061642e-09,8.62740406615368e-09,4.11585768116936e-08,4.9047784217331e-07,3.67003415671539e-05,0.0336492988079294
35.768683,1.14048023985039e-09,8.54868231944055e-09,4.07934761669726e-08,4.86376305828166e-07,3.64401161907688e-05,0.0335824350619234
35.787016,1.12978430131656e-09,8.47067887841451e-09,4.04316088677646e-08,4.82308877818811e-07,3.61816979339419e-05,0.033515580915166
35.805349,1.119188820978e-09,8.3933871888122e-09,4.0072946332016e-08,4.78275276292034e-07,3.59250745611622e-05,0.033448736965818
35.823682,1.10869285378898e-09,8.31680075617538e-09,3.9717460229809e-08,4.74275221706774e-07,3.56702339171744e-05,0.0333819038097885
35.842015,1.09829546361005e-09,8.2409131453053e-09,3.93651224811435e-08,4.70308436815327e-07,3.5417163926474e-05,0.0333150820407322
35.860348,1.08799572312395e-09,8.16571797972186e-09,3.90159052537366e-08,4.66374646644675e-07,3.51658525928045e-05,0.0332482722500478
35.878681,1.0777927137523e-09,8.09120894112792e-09,3.86697809608432e-08,4.62473578477989e-07,3.49162879986592e-05,0.0331814750268761
35.897014,1.06768552557308e-09,8.01737976887838e-09,3.83267222590944e-08,4.58604961836274e-07,3.46684583047845e-05,0.0331146909580977
35.915347,1.0576732572389e-09,7.94422425945406e-09,3.79867020463554e-08,4.54768528460155e-07,3.44223517496866e-05,0.0330479206283314
35.93368,1.04775501589603e-09,7.87173626594064e-09,3.7649693459603e-08,4.50964012291822e-07,3.41779566491421e-05,0.0329811646199327
35.952013,1.03792991710422e-09,7.7999096975119e-09,3.73156698728197e-08,4.47191149457108e-07,3.39352613957098e-05,0.0329144235129915
35.970346,1.02819708475722e-09,7.72873851891813e-09,3.69846048949085e-08,4.43449678247717e-07,3.36942544582465e-05,0.0328476978853311
35.988679,1.01855565100415e-09,7.65821674997892e-09,3.66564723676243e-08,4.39739339103601e-07,3.34549243814257e-05,0.032780988312506
36.007012,1.00900475617153e-09,7.58833846508077e-09,3.63312463635252e-08,4.36059874595469e-07,3.32172597852591e-05,0.0327142953678011
36.025345,9.99543548686055e-10,7.51909779267908e-09,3.60089011839394e-08,4.32411029407442e-07,3.298124936462e-05,0.0326476196222293
36.043678,9.90171184998173e-10,7.45048891480483e-09,3.56894113569526e-08,4.28792550319847e-07,3.27468818887714e-05,0.032580961644531
36.062011,9.80886829506286e-10,7.38250606657575e-09,3.53727516354108e-08,4.25204186192151e-07,3.25141462008951e-05,0.0325143220011721
36.080344,9.71689654481738e-10,7.31514353571188e-09,3.50588969949423e-08,4.21645687946028e-07,3.22830312176246e-05,0.0324477012563431
36.098677,9.62578839994503e-10,7.24839566205569e-09,3.47478226319962e-08,4.18116808548574e-07,3.20535259285809e-05,0.0323810999719578
36.11701,9.53553573839537e-10,7.18225683709634e-09,3.44395039618983e-08,4.1461730299564e-07,3.18256193959104e-05,0.032314518707652
36.135343,9.44613051463877e-10,7.11672150349853e-09,3.41339166169238e-08,4.11146928295314e-07,3.1599300753826e-05,0.0322479580207823
36.153676,9.35756475894393e-10,7.05178415463545e-09,3.38310364443877e-08,4.07705443451528e-07,3.13745592081508e-05,0.0321814184664255
36.172009,9.26983057666254e-10,6.98743933412627e-09,3.35308395047513e-08,4.04292609447806e-07,3.11513840358651e-05,0.0321149005973772
36.190342,9.18292014752037e-10,6.92368163537741e-09,3.32333020697453e-08,4.0090818923113e-07,3.09297645846549e-05,0.0320484049641507
36.208675,9.09682572491532e-10,6.86050570112845e-09,3.29384006205098e-08,3.97551947695946e-07,3.07096902724642e-05,0.0319819321149768
36.227008,9.01153963522198e-10,6.79790622300186e-09,3.26461118457504e-08,3.94223651668298e-07,3.04911505870497e-05,0.0319154825958023
36.245341,8.92705427710298e-10,6.7358779410571e-09,3.23564126399106e-08,3.9092306989009e-07,3.02741350855383e-05,0.0318490569502896
36.263674,8.84336212082646e-10,6.67441564334849e-09,3.206928010136e-08,3.87649973003468e-07,3.00586333939864e-05,0.0317826557198159
36.282007,8.76045570759038e-10,6.61351416548736e-09,3.17846915305984e-08,3.84404133535338e-07,2.9844635206943e-05,0.0317162794434723
36.30034,8.67832764885303e-10,6.55316839020813e-09,3.15026244284766e-08,3.81185325882002e-07,2.96321302870147e-05,0.0316499286580637
36.318673,8.59697062566987e-10,6.49337324693827e-09,3.1223056494431e-08,3.77993326293921e-07,2.94211084644339e-05,0.0315836038981079
36.337006,8.51637738803683e-10,6.43412371137233e-09,3.09459656247359e-08,3.74827912860607e-07,2.92115596366289e-05,0.0315173056958351
36.355339,8.43654075423948e-10,6.37541480504966e-09,3.06713299107692e-08,3.71688865495618e-07,2.9003473767797e-05,0.0314510345811876
36.373672,8.35745361020866e-10,6.31724159493618e-09,3.03991276372946e-08,3.68575965921696e-07,2.87968408884802e-05,0.0313847910818196
36.392005,8.27910890888206e-10,6.25959919300981e-09,3.0129337280758e-08,3.65488997656011e-07,2.85916510951433e-05,0.0313185757230962
36.410338,8.20149966957198e-10,6.20248275584988e-09,2.98619375076004e-08,3.62427745995536e-07,2.83878945497547e-05,0.0312523890280941
36.428671,8.1246189773388e-10,6.14588748422998e-09,2.95969071725831e-08,3.59391998002524e-07,2.81855614793695e-05,0.0311862315176004
36.447004,8.0484599823706e-10,6.08980862271484e-09,2.93342253171301e-08,3.56381542490114e-07,2.79846421757154e-05,0.0311201037101132
36.465337,7.97301589936862e-10,6.03424145926069e-09,2.90738711676835e-08,3.53396170008054e-07,2.77851269947807e-05,0.0310540061218412
36.48367,7.89828000693853e-10,5.9791813248194e-09,2.88158241340743e-08,3.50435672828534e-07,2.75870063564055e-05,0.0309879392667035
36.502003,7.82424564698728e-10,5.92462359294604e-09,2.85600638079067e-08,3.47499844932133e-07,2.73902707438744e-05,0.0309219036563297
36.520336,7.75090622412591e-10,5.87056367941026e-09,2.8306569960957e-08,3.44588481993885e-07,2.71949107035126e-05,0.0308558998000604
36.538669,7.67825520507788e-10,5.81699704181102e-09,2.80553225435868e-08,3.41701381369452e-07,2.70009168442837e-05,0.0307899282049462
36.557002,7.60628611809295e-10,5.76391917919495e-09,2.78063016831696e-08,3.38838342081412e-07,2.68082798373905e-05,0.0307239893757493
36.575335,7.53499255236679e-10,5.71132563167819e-09,2.7559487682532e-08,3.35999164805661e-07,2.66169904158778e-05,0.0306580838149423
36.593668,7.46436815746577e-10,5.65921198007155e-09,2.73148610184074e-08,3.33183651857914e-07,2.64270393742378e-05,0.0305922120227095
36.612001,7.39440664275751e-10,5.60757384550928e-09,2.70724023399045e-08,3.30391607180328e-07,2.6238417568018e-05,0.0305263744969468
36.630334,7.32510177684656e-10,5.55640688908106e-09,2.68320924669883e-08,3.27622836328222e-07,2.60511159134312e-05,0.0304605717332619
36.648667,7.25644738701567e-10,5.50570681146753e-09,2.65939123889758e-08,3.24877146456916e-07,2.58651253869681e-05,0.030394804224975
36.667,7.18843735867205e-10,5.45546935257888e-09,2.63578432630428e-08,3.22154346308663e-07,2.56804370250121e-05,0.0303290724631191
36.685333,7.12106563479907e-10,5.40569029119705e-09,2.6123866412746e-08,3.19454246199701e-07,2.54970419234565e-05,0.0302633769364407
36.703666,7.05432621541312e-10,5.35636544462093e-09,2.58919633265567e-08,3.16776658007396e-07,2.53149312373241e-05,0.0301977181314
36.721999,6.98821315702551e-10,5.30749066831494e-09,2.56621156564078e-08,3.14121395157497e-07,2.51340961803889e-05,0.0301320965321719
36.740332,6.92272057210962e-10,5.25906185556088e-09,2.54343052162537e-08,3.11488272611498e-07,2.49545280248004e-05,0.0300665126206465
36.758665,6.85784262857286e-10,5.21107493711268e-09,2.52085139806429e-08,3.0887710685409e-07,2.477621810071e-05,0.0300009668764299
36.776998,6.79357354923382e-10,5.16352588085463e-09,2.49847240833025e-08,3.06287715880723e-07,2.45991577958994e-05,0.0299354597768444
36.795331,6.72990761130426e-10,5.11641069146247e-09,2.4762917815736e-08,3.03719919185267e-07,2.44233385554119e-05,0.0298699917969302
36.813664,6.66683914587611e-10,5.06972541006783e-09,2.4543077625833e-08,3.01173537747778e-07,2.42487518811857e-05,0.0298045634094459
36.831997,6.60436253741313e-10,5.02346611392541e-09,2.43251861164913e-08,2.98648394022349e-07,2.40753893316889e-05,0.029739175084869
36.85033,6.5424722232475e-10,4.9776289160835e-09,2.41092260442504e-08,2.96144311925074e-07,2.39032425215572e-05,0.0296738272913973
36.868663,6.48116269308119e-10,4.93220996505728e-09,2.38951803179383e-08,2.936611168221e-07,2.37323031212342e-05,0.0296085204949499
36.886996,6.42042848849203e-10,4.88720544450532e-09,2.36830319973292e-08,2.91198635517784e-07,2.35625628566133e-05,0.029543255159168
36.905329,6.36026420244432e-10,4.8426115729088e-09,2.3472764291813e-08,2.88756696242937e-07,2.33940135086816e-05,0.0294780317454162
36.923662,6.30066447880424e-10,4.7984246032538e-09,2.32643605590774e-08,2.86335128643168e-07,2.32266469131667e-05,0.0294128507127833
36.941995,6.24162401185976e-10,4.75464082271646e-09,2.30578043038003e-08,2.83933763767323e-07,2.3060454960185e-05,0.0293477125180842
36.960328,6.18313754584505e-10,4.71125655235102e-09,2.28530791763548e-08,2.81552434056015e-07,2.28954295938926e-05,0.0292826176158602
36.978661,6.12519987446954e-10,4.66826814678071e-09,2.26501689715252e-08,2.79190973330249e-07,2.27315628121384e-05,0.0292175664583812
36.996994,6.06780584045118e-10,4.62567199389138e-09,2.24490576272337e-08,2.7684921678014e-07,2.25688466661185e-05,0.0291525594956461
37.015327,6.01095033505431e-10,4.58346451452807e-09,2.22497292232795e-08,2.74527000953716e-07,2.24072732600337e-05,0.029087597175385
37.03366,5.95462829763185e-10,4.54164216219419e-09,2.20521679800877e-08,2.72224163745818e-07,2.22468347507485e-05,0.0290226799430602
37.051993,5.89883471517185e-10,4.50020142275362e-09,2.18563582574704e-08,2.69940544387096e-07,2.20875233474527e-05,0.0289578082418675
37.070326,5.84356462184815e-10,4.45913881413536e-09,2.16622845533978e-08,2.67675983433073e-07,2.19293313113244e-05,0.0288929825127382
37.088659,5.78881309857552e-10,4.41845088604095e-09,2.14699315027801e-08,2.65430322753323e-07,2.17722509551954e-05,0.0288282031943402
37.106992,5.73457527256884e-10,4.37813421965459e-09,2.1279283876261e-08,2.63203405520715e-07,2.16162746432191e-05,0.0287634707230796
37.125325,5.68084631690661e-10,4.33818542735589e-09,2.10903265790211e-08,2.60995076200765e-07,2.14613947905395e-05,0.028698785533103
37.143658,5.62762145009832e-10,4.29860115243515e-09,2.09030446495916e-08,2.58805180541054e-07,2.13076038629631e-05,0.0286341480562981
37.161991,5.57489593565619e-10,4.25937806881139e-09,2.07174232586792e-08,2.56633565560742e-07,2.11548943766321e-05,0.0285695587222963
37.180324,5.52266508167077e-10,4.22051288075281e-09,2.05334477080006e-08,2.54480079540173e-07,2.10032588977003e-05,0.0285050179584741
37.198657,5.47092424039062e-10,4.1820023225999e-09,2.03511034291276e-08,2.52344572010548e-07,2.08526900420104e-05,0.0284405261899549
37.21699,5.41966880780605e-10,4.14384315849108e-09,2.0170375982343e-08,2.50226893743699e-07,2.0703180474774e-05,0.0283760838396108
37.235323,5.36889422323652e-10,4.10603218209072e-09,1.99912510555046e-08,2.48126896741935e-07,2.05547229102523e-05,0.028311691328065
37.253656,5.31859596892225e-10,4.06856621631979e-09,1.98137144629216e-08,2.46044434227969e-07,2.04073101114401e-05,0.0282473490736928
37.271989,5.2687695696195e-10,4.03144211308886e-09,1.96377521442393e-08,2.43979360634937e-07,2.02609348897512e-05,0.0281830574926245
37.290322,5.21941059219977e-10,3.99465675303365e-09,1.9463350163334e-08,2.41931531596493e-07,2.01155901047058e-05,0.0281188169987469
37.308655,5.1705146452527e-10,3.95820704525285e-09,1.9290494707218e-08,2.39900803936975e-07,1.99712686636193e-05,0.0280546280037054
37.326988,5.12207737869277e-10,3.92208992704843e-09,1.91191720849536e-08,2.37887035661666e-07,1.98279635212939e-05,0.0279904909169062
37.345321,5.07409448336971e-10,3.88630236366833e-09,1.89493687265771e-08,2.35890085947128e-07,1.96856676797118e-05,0.0279264061455185
37.363654,5.02656169068261e-10,3.8508413480514e-09,1.8781071182032e-08,2.33909815131605e-07,1.95443741877298e-05,0.0278623740944764
37.381987,4.97947477219769e-10,3.81570390057481e-09,1.86142661201122e-08,2.31946084705525e-07,1.94040761407763e-05,0.0277983951664816
37.40032,4.93282953926953e-10,3.78088706880362e-09,1.84489403274133e-08,2.29998757302054e-07,1.92647666805501e-05,0.0277344697620049
37.418653,4.88662184266611e-10,3.74638792724272e-09,1.82850807072944e-08,2.28067696687748e-07,1.91264389947211e-05,0.0276705982792895
37.436986,4.84084757219721e-10,3.71220357709102e-09,1.81226742788481e-08,2.26152767753265e-07,1.89890863166324e-05,0.0276067811143523
37.455319,4.79550265634644e-10,3.67833114599789e-09,1.79617081758803e-08,2.24253836504169e-07,1.8852701925005e-05,0.0275430186609872
37.473652,4.75058306190664e-10,3.64476778782179e-09,1.78021696458984e-08,2.22370770051786e-07,1.87172791436436e-05,0.0274793113107667
37.491985,4.70608479361878e-10,3.61151068239112e-09,1.76440460491083e-08,2.2050343660416e-07,1.85828113411444e-05,0.0274156594530449
37.510318,4.66200389381429e-10,3.57855703526725e-09,1.74873248574212e-08,2.18651705457058e-07,1.84492919306052e-05,0.0273520634749599
37.528651,4.61833644206077e-10,3.54590407750977e-09,1.73319936534681e-08,2.16815446985073e-07,1.83167143693371e-05,0.0272885237614361
37.546984,4.57507855481096e-10,3.51354906544376e-09,1.7178040129623e-08,2.14994532632771e-07,1.8185072158577e-05,0.0272250406951869
37.565317,4.53222638505509e-10,3.48148928042927e-09,1.70254520870358e-08,2.13188834905938e-07,1.80543588432034e-05,0.0271616146567174
37.58365,4.48977612197656e-10,3.44972202863291e-09,1.68742174346724e-08,2.11398227362875e-07,1.79245680114531e-05,0.0270982460243269
37.601983,4.44772399061075e-10,3.41824464080147e-09,1.67243241883638e-08,2.09622584605781e-07,1.77956932946394e-05,0.0270349351741117
37.620316,4.40606625150724e-10,3.38705447203768e-09,1.65757604698638e-08,2.07861782272194e-07,1.76677283668733e-05,0.0269716824799676
37.638649,4.36479920039494e-10,3.35614890157792e-09,1.64285145059146e-08,2.06115697026509e-07,1.75406669447847e-05,0.0269084883135928
37.656982,4.32391916785068e-10,3.32552533257203e-09,1.62825746273208e-08,2.04384206551559e-07,1.74145027872467e-05,0.0268453530444908
37.675315,4.28342251897071e-10,3.2951811918651e-09,1.61379292680315e-08,2.02667189540269e-07,1.7289229695101e-05,0.026782277039973
37.693648,4.24330565304547e-10,3.2651139297813e-09,1.59945669642306e-08,2.00964525687379e-07,1.71648415108854e-05,0.0267192606651615
37.711981,4.20356500323724e-10,3.23532101990959e-09,1.58524763534348e-08,1.99276095681227e-07,1.70413321185621e-05,0.0266563042829924
37.730314,4.16419703626103e-10,3.20579995889146e-09,1.57116461735998e-08,1.97601781195606e-07,1.69186954432489e-05,0.0265934082542183
37.748647,4.12519825206832e-10,3.17654826621058e-09,1.55720652622344e-08,1.95941464881683e-07,1.67969254509513e-05,0.0265305729374114
37.76698,4.08656518353399e-10,3.1475634839844e-09,1.54337225555225e-08,1.94295030359989e-07,1.66760161482964e-05,0.0264677986889664
37.785313,4.04829439614591e-10,3.1188431767576e-09,1.52966070874519e-08,1.92662362212463e-07,1.65559615822684e-05,0.0264050858631039
37.803646,4.01038248769772e-10,3.09038493129743e-09,1.51607079889524e-08,1.91043345974576e-07,1.64367558399462e-05,0.0263424348118731
37.821979,3.97282608798441e-10,3.06218635639097e-09,1.50260144870399e-08,1.89437868127506e-07,1.63183930482419e-05,0.0262798458851547
37.840312,3.93562185850078e-10,3.03424508264421e-09,1.48925159039689e-08,1.87845816090382e-07,1.62008673736417e-05,0.0262173194306648
37.858645,3.89876649214276e-10,3.00655876228296e-09,1.47602016563928e-08,1.86267078212596e-07,1.60841730219476e-05,0.0261548557939571
37.876978,3.86225671291148e-10,2.97912506895554e-09,1.46290612545301e-08,1.84701543766162e-07,1.59683042380215e-05,0.026092455318427
37.895311,3.82608927562028e-10,2.95194169753735e-09,1.44990843013395e-08,1.8314910293816e-07,1.58532553055304e-05,0.0260301183453141
37.913644,3.7902609656043e-10,2.92500636393716e-09,1.43702604917018e-08,1.81609646823215e-07,1.57390205466932e-05,0.0259678452137059
37.931977,3.75476859843302e-10,2.8983168049052e-09,1.42425796116084e-08,1.80083067416066e-07,1.56255943220295e-05,0.0259056362605407
37.95031,3.71960901962532e-10,2.87187077784298e-09,1.41160315373577e-08,1.78569257604167e-07,1.55129710301094e-05,0.0258434918206116
37.968643,3.68477910436734e-10,2.84566606061487e-09,1.39906062347583e-08,1.77068111160371e-07,1.54011451073054e-05,0.0257814122265691
37.986976,3.65027575723298e-10,2.81970045136137e-09,1.38662937583391e-08,1.75579522735659e-07,1.52901110275451e-05,0.0257193978089248
38.005309,3.61609591190701e-10,2.79397176831407e-09,1.37430842505663e-08,1.74103387851935e-07,1.51798633020665e-05,0.0256574488960549
38.023642,3.5822365309109e-10,2.76847784961241e-09,1.36209679410678e-08,1.7263960289488e-07,1.50703964791742e-05,0.0255955658142037
38.041975,3.54869460533104e-10,2.74321655312195e-09,1.34999351458638e-08,1.71188065106858e-07,1.49617051439967e-05,0.0255337488874867
38.060308,3.51546715454973e-10,2.7181857562544e-09,1.33799762666046e-08,1.69748672579887e-07,1.48537839182462e-05,0.0254719984378946
38.078641,3.48255122597856e-10,2.69338335578928e-09,1.32610817898147e-08,1.68321324248664e-07,1.4746627459979e-05,0.0254103147852963
38.096974,3.44994389479445e-10,2.66880726769719e-09,1.31432422861443e-08,1.66905919883646e-07,1.46402304633586e-05,0.0253486982474431
38.115307,3.41764226367801e-10,2.6444554269647e-09,1.30264484096262e-08,1.65502360084189e-07,1.45345876584183e-05,0.0252871491399716
38.13364,3.38564346255451e-10,2.62032578742082e-09,1.29106908969407e-08,1.64110546271738e-07,1.44296938108274e-05,0.025225667776408
38.151973,3.35394464833721e-10,2.59641632156509e-09,1.27959605666856e-08,1.62730380683084e-07,1.43255437216578e-05,0.0251642544681711
38.170306,3.32254300467321e-10,2.57272502039723e-09,1.26822483186536e-08,1.61361766363664e-07,1.42221322271519e-05,0.0251029095245767
38.188639,3.29143574169156e-10,2.54924989324829e-09,1.25695451331156e-08,1.6000460716092e-07,1.41194541984926e-05,0.0250416332528406
38.206972,3.26062009575384e-10,2.52598896761342e-09,1.24578420701104e-08,1.5865880771771e-07,1.4017504541574e-05,0.0249804259580829
38.225305,3.23009332920711e-10,2.50294028898612e-09,1.23471302687407e-08,1.57324273465782e-07,1.39162781967746e-05,0.0249192879433313
38.243638,3.19985273013912e-10,2.480101920694e-09,1.22374009464752e-08,1.56000910619285e-07,1.38157701387305e-05,0.0248582195095254
38.261971,3.16989561213591e-10,2.4574719437361e-09,1.21286453984572e-08,1.5468862616835e-07,1.37159753761115e-05,0.02479722095552
38.280304,3.14021931404159e-10,2.43504845662154e-09,1.20208549968183e-08,1.53387327872708e-07,1.36168889513975e-05,0.0247362925780894
38.298637,3.11082119972049e-10,2.41282957520988e-09,1.191402119e-08,1.52096924255372e-07,1.35185059406567e-05,0.0246754346719309
38.31697,3.08169865782152e-10,2.39081343255269e-09,1.18081355020788e-08,1.50817324596362e-07,1.34208214533255e-05,0.0246146475296692
38.335303,3.05284910154476e-10,2.36899817873675e-09,1.17031895320996e-08,1.49548438926489e-07,1.33238306319892e-05,0.0245539314418597
38.353636,3.02426996841019e-10,2.34738198072859e-09,1.15991749534136e-08,1.48290178021181e-07,1.32275286521645e-05,0.0244932866969928
38.371969,2.9959587200287e-10,2.32596302222046e-09,1.14960835130221e-08,1.47042453394365e-07,1.31319107220833e-05,0.024432713581498
38.390302,2.9679128418752e-10,2.30473950347769e-09,1.13939070309267e-08,1.458051772924e-07,1.30369720824776e-05,0.0243722123797477
38.408635,2.94012984306388e-10,2.28370964118756e-09,1.12926373994848e-08,1.44578262688054e-07,1.29427080063663e-05,0.0243117833740614
38.426968,2.91260725612562e-10,2.26287166830935e-09,1.11922665827707e-08,1.43361623274533e-07,1.28491137988427e-05,0.0242514268447094
38.445301,2.88534263678743e-10,2.24222383392591e-09,1.10927866159427e-08,1.42155173459562e-07,1.27561847968636e-05,0.0241911430699174
38.463634,2.85833356375406e-10,2.22176440309654e-09,1.09941896046152e-08,1.40958828359508e-07,1.26639163690401e-05,0.0241309323258703
38.481967,2.8315776384916e-10,2.20149165671121e-09,1.08964677242372e-08,1.39772503793553e-07,1.25723039154293e-05,0.0240707948867162
38.5003,2.80507248501317e-10,2.18140389134612e-09,1.07996132194753e-08,1.38596116277921e-07,1.2481342867327e-05,0.0240107310245709
38.518633,2.7788157496666e-10,2.16149941912055e-09,1.07036184036028e-08,1.3742958302014e-07,1.23910286870627e-05,0.0239507410095219
38.536966,2.75280510092411e-10,2.14177656755502e-09,1.06084756578939e-08,1.36272821913362e-07,1.23013568677951e-05,0.0238908251096328
38.555299,2.72703822917401e-10,2.1222336794308e-09,1.05141774310234e-08,1.3512575153072e-07,1.22123229333087e-05,0.023830983590947
38.573632,2.70151284651433e-10,2.10286911265067e-09,1.04207162384716e-08,1.33988291119743e-07,1.21239224378128e-05,0.0237712167174926
38.591965,2.67622668654843e-10,2.08368124010087e-09,1.03280846619343e-08,1.32860360596802e-07,1.20361509657407e-05,0.0237115247512862
38.610298,2.65117750418247e-10,2.06466844951446e-09,1.02362753487381e-08,1.31741880541611e-07,1.19490041315503e-05,0.0236519079523374
38.628631,2.62636307542489e-10,2.0458291433358e-09,1.01452810112613e-08,1.30632772191773e-07,1.18624775795265e-05,0.0235923665786535
38.646964,2.60178119718769e-10,2.02716173858634e-09,1.0055094426359e-08,1.29532957437365e-07,1.17765669835847e-05,0.0235329008862427
38.665297,2.57742968708968e-10,2.00866466673159e-09,9.96570843479395e-09,1.28442358815571e-07,1.16912680470749e-05,0.02347351112912
38.68363,2.55330638326145e-10,1.99033637354936e-09,9.87711594067242e-09,1.27360899505358e-07,1.16065765025879e-05,0.0234141975593103
38.701963,2.52940914415232e-10,1.97217531899911e-09,9.78930991088449e-09,1.26288503322195e-07,1.15224881117623e-05,0.0233549604268535
38.720296,2.50573584833903e-10,1.95417997709258e-09,9.70228337454984e-09,1.25225094712816e-07,1.14389986650926e-05,0.0232957999798087
38.738629,2.48228439433626e-10,1.9363488357656e-09,9.61602942246822e-09,1.24170598750027e-07,1.13561039817391e-05,0.0232367164642586
38.756962,2.45905270040893e-10,1.91868039675097e-09,9.53054120657462e-09,1.23124941127549e-07,1.12737999093379e-05,0.0231777101243144
38.775295,2.43603870438625e-10,1.90117317545262e-09,9.44581193939946e-09,1.22088048154912e-07,1.11920823238135e-05,0.0231187812021196
38.793628,2.41324036347758e-10,1.88382570082082e-09,9.36183489353342e-09,1.21059846752385e-07,1.11109471291917e-05,0.0230599299378549
38.811961,2.39065565409001e-10,1.86663651522866e-09,9.27860340109708e-09,1.20040264445949e-07,1.10303902574138e-05,0.0230011565697431
38.830294,2.36828257164755e-10,1.84960417434946e-09,9.19611085321505e-09,1.1902922936231e-07,1.09504076681519e-05,0.0229424613340528
38.848627,2.34611913041224e-10,1.83272724703549e-09,9.11435069949493e-09,1.18026670223956e-07,1.08709953486258e-05,0.0228838444651037
38.86696,2.32416336330671e-10,1.8160043151977e-09,9.03331644751075e-09,1.17032516344248e-07,1.07921493134209e-05,0.0228253061952709
38.885293,2.30241332173863e-10,1.79943397368653e-09,8.953001662291e-09,1.16046697622558e-07,1.07138656043067e-05,0.0227668467549896
38.903626,2.28086707542666e-10,1.78301483017391e-09,8.87339996581126e-09,1.15069144539445e-07,1.06361402900575e-05,0.0227084663727595
38.921959,2.25952271222808e-10,1.7667455050362e-09,8.79450503649102e-09,1.14099788151866e-07,1.05589694662732e-05,0.0226501652751499
38.940292,2.23837833796811e-10,1.75062463123829e-09,8.71631060869529e-09,1.13138560088431e-07,1.04823492552019e-05,0.0225919436868038
38.958625,2.21743207627074e-10,1.73465085421875e-09,8.63881047224031e-09,1.12185392544694e-07,1.04062758055633e-05,0.0225338018304432
38.976958,2.19668206839126e-10,1.71882283177603e-09,8.56199847190393e-09,1.11240218278488e-07,1.03307452923735e-05,0.0224757399268734
38.995291,2.17612647305027e-10,1.70313923395561e-09,8.48586850693989e-09,1.10302970605285e-07,1.02557539167707e-05,0.0224177581949878
39.013624,2.15576346626931e-10,1.68759874293831e-09,8.41041453059674e-09,1.09373583393613e-07,1.01812979058422e-05,0.0223598568517726
39.031957,2.13559124120803e-10,1.67220005292955e-09,8.33563054964083e-09,1.08451991060489e-07,1.01073735124519e-05,0.0223020361123118
39.05029,2.11560800800292e-10,1.65694187004962e-09,8.26151062388365e-09,1.07538128566912e-07,1.00339770150701e-05,0.0222442961897918
39.068623,2.09581199360751e-10,1.64182291222497e-09,8.18804886571304e-09,1.06631931413373e-07,9.9611047176031e-06,0.022186637295506
39.086956,2.0762014416341e-10,1.62684190908046e-09,8.11523943962887e-09,1.05733335635413e-07,9.88875294922477e-06,0.0221290596388602
39.105289,2.05677461219699e-10,1.61199760183266e-09,8.04307656178261e-09,1.04842277799212e-07,9.81691806420866e-06,0.0220715634273766
39.123622,2.03752978175717e-10,1.59728874318402e-09,7.97155449952101e-09,1.0395869499722e-07,9.74559644176155e-06,0.0220141488666995
39.141955,2.01846524296855e-10,1.58271409721816e-09,7.90066757093391e-09,1.03082524843818e-07,9.6747844858579e-06,0.0219568161605997
39.160288,1.99957930452548e-10,1.5682724392959e-09,7.83041014440574e-09,1.02213705471017e-07,9.60447862507528e-06,0.0218995655109792
39.178621,1.98087029101186e-10,1.55396255595245e-09,7.76077663817134e-09,1.0135217552419e-07,9.53467531243103e-06,0.0218423971178766
39.196954,1.96233654275162e-10,1.53978324479542e-09,7.69176151987542e-09,1.00497874157842e-07,9.4653710252198e-06,0.0217853111794715
39.215287,1.94397641566059e-10,1.52573331440379e-09,7.62335930613614e-09,9.96507410314165e-08,9.39656226485236e-06,0.0217283078920901
39.23362,1.92578828109979e-10,1.51181158422779e-09,7.55556456211222e-09,9.88107163051257e-08,9.32824555669509e-06,0.0216713874502093
39.251953,1.90777052573007e-10,1.49801688448973e-09,7.48837190107419e-09,9.79777406358282e-08,9.26041744991081e-06,0.0216145500464622
39.270286,1.88992155136819e-10,1.48434805608566e-09,7.42177598397924e-09,9.7151755172932e-08,9.19307451730051e-06,0.0215577958716431
39.288619,1.87223977484417e-10,1.47080395048804e-09,7.35577151904983e-09,9.63327015543334e-08,9.12621335514603e-06,0.0215011251147121
39.306952,1.85472362786007e-10,1.45738342964919e-09,7.29035326135618e-09,9.55205219023903e-08,9.05983058305397e-06,0.0214445379628005
39.325285,1.83737155685003e-10,1.44408536590568e-09,7.22551601240211e-09,9.47151588199255e-08,8.99392284380024e-06,0.0213880346012157
39.343618,1.82018202284163e-10,1.43090864188356e-09,7.16125461971486e-09,9.39165553862655e-08,8.92848680317593e-06,0.021331615213446
39.361951,1.80315350131866e-10,1.41785215040452e-09,7.09756397643834e-09,9.31246551533103e-08,8.86351914983406e-06,0.0212752799811658
39.380284,1.78628448208503e-10,1.40491479439279e-09,7.03443902093013e-09,9.23394021416369e-08,8.7990165951373e-06,0.021219029084241
39.398617,1.76957346913009e-10,1.39209548678303e-09,6.97187473636179e-09,9.15607408366313e-08,8.73497587300659e-06,0.0211628627007334
39.41695,1.75301898049516e-10,1.37939315042893e-09,6.90986615032287e-09,9.07886161846564e-08,8.67139373977092e-06,0.0211067810069063
39.435283,1.7366195481413e-10,1.36680671801273e-09,6.84840833442842e-09,9.00229735892478e-08,8.60826697401786e-06,0.0210507841772294
39.453616,1.72037371781839e-10,1.35433513195553e-09,6.78749640392993e-09,8.92637589073441e-08,8.5455923764453e-06,0.0209948723843841
39.471949,1.70428004893541e-10,1.34197734432846e-09,6.72712551732958e-09,8.8510918445544e-08,8.48336676971385e-06,0.020939045799268
39.490282,1.68833711443188e-10,1.32973231676456e-09,6.66729087599811e-09,8.77643989563975e-08,8.42158699830043e-06,0.0208833045910011
39.508615,1.67254350065065e-10,1.31759902037158e-09,6.60798772379588e-09,8.70241476347258e-08,8.36024992835265e-06,0.0208276489269298
39.526948,1.65689780721176e-10,1.30557643564553e-09,6.54921134669734e-09,8.62901121139719e-08,8.29935244754424e-06,0.0207720789726331
39.545281,1.64139864688758e-10,1.293663552385e-09,6.49095707241893e-09,8.55622404625813e-08,8.23889146493137e-06,0.0207165948919267
39.563614,1.62604464547904e-10,1.28185936960627e-09,6.43322027004997e-09,8.48404811804109e-08,8.17886391080978e-06,0.0206611968468694
39.581947,1.6108344416931e-10,1.27016289545921e-09,6.37599634968707e-09,8.41247831951691e-08,8.11926673657304e-06,0.020605884997767
39.60028,1.59576668702133e-10,1.25857314714394e-09,6.31928076207169e-09,8.34150958588841e-08,8.0600969145715e-06,0.0205506595031787
39.618613,1.58084004561969e-10,1.24708915082828e-09,6.26306899823087e-09,8.27113689444022e-08,8.00135143797245e-06,0.0204955205199215
39.636946,1.56605319418936e-10,1.23570994156587e-09,6.20735658912111e-09,8.20135526419126e-08,7.94302732062075e-06,0.0204404682030757
39.655279,1.55140482185876e-10,1.2244345632151e-09,6.15213910527545e-09,8.13215975555027e-08,7.88512159690077e-06,0.0203855027059901
39.673612,1.53689363006665e-10,1.21326206835881e-09,6.09741215645359e-09,8.0635454699741e-08,7.82763132159897e-06,0.0203306241802874
39.691945,1.52251833244636e-10,1.20219151822465e-09,6.04317139129526e-09,7.99550754962883e-08,7.77055356976755e-06,0.0202758327758693
39.710278,1.50827765471105e-10,1.19122198260621e-09,5.98941249697638e-09,7.92804117705354e-08,7.71388543658872e-06,0.0202211286409218
39.728611,1.49417033454014e-10,1.18035253978484e-09,5.9361311988685e-09,7.861141574827e-08,7.65762403724012e-06,0.0201665119219205
39.746944,1.48019512146672e-10,1.16958227645225e-09,5.8833232602011e-09,7.79480400523701e-08,7.60176650676095e-06,0.0201119827636358
39.765277,1.4663507767661e-10,1.15891028763371e-09,5.83098448172693e-09,7.72902376995243e-08,7.546309999919e-06,0.0200575413091383
39.78361,1.45263607334537e-10,1.14833567661204e-09,5.77911070139035e-09,7.66379620969801e-08,7.49125169107857e-06,0.0200031876998042
39.801943,1.43904979563395e-10,1.13785755485227e-09,5.72769779399841e-09,7.59911670393169e-08,7.43658877406921e-06,0.0199489220753203
39.820276,1.4255907394753e-10,1.12747504192696e-09,5.67674167089505e-09,7.53498067052474e-08,7.38231846205527e-06,0.0198947445736896
39.838609,1.41225771201952e-10,1.11718726544223e-09,5.62623827963802e-09,7.47138356544439e-08,7.32843798740638e-06,0.0198406553312367
39.856942,1.39904953161706e-10,1.10699336096449e-09,5.57618360367882e-09,7.40832088243925e-08,7.27494460156876e-06,0.0197866544826128
39.875275,1.38596502771334e-10,1.09689247194773e-09,5.5265736620452e-09,7.34578815272698e-08,7.22183557493725e-06,0.0197327421608013
39.893608,1.37300304074446e-10,1.08688374966162e-09,5.47740450902674e-09,7.28378094468484e-08,7.1691081967283e-06,0.0196789184971232
39.911941,1.3601624220338e-10,1.07696635312015e-09,5.42867223386302e-09,7.22229486354264e-08,7.11675977485371e-06,0.0196251836212422
39.930274,1.34744203368968e-10,1.06713944901101e-09,5.38037296043461e-09,7.16132555107817e-08,7.06478763579519e-06,0.0195715376611704
39.948607,1.3348407485039e-10,1.05740221162552e-09,5.33250284695683e-09,7.10086868531532e-08,7.01318912447984e-06,0.0195179807432736
39.96694,1.32235744985132e-10,1.0477538227893e-09,5.28505808567607e-09,7.04091998022434e-08,6.96196160415619e-06,0.0194645129922763
39.985273,1.30999103159029e-10,1.03819347179346e-09,5.23803490256894e-09,6.98147518542492e-08,6.91110245627134e-06,0.0194111345312678
40.003606,1.29774039796413e-10,1.02872035532655e-09,5.19142955704401e-09,6.92253008589144e-08,6.86060908034865e-06,0.0193578454817069
40.021939,1.28560446350343e-10,1.01933367740702e-09,5.1452383416462e-09,6.86408050166085e-08,6.81047889386644e-06,0.0193046459634279
40.040272,1.27358215292936e-10,1.01003264931633e-09,5.09945758176372e-09,6.80612228754272e-08,6.76070933213726e-06,0.0192515360946458
40.058605,1.26167240105782e-10,1.00081648953272e-09,5.05408363533768e-09,6.74865133283187e-08,6.7112978481881e-06,0.0191985159919612
40.076938,1.24987415270453e-10,9.91684423665483e-10,5.00911289257419e-09,6.69166356102322e-08,6.66224191264126e-06,0.0191455857703669
40.095271,1.23818636259102e-10,9.82635684389967e-10,4.96454177565913e-09,6.63515492952913e-08,6.61353901359624e-06,0.0190927455432522
40.113604,1.22660799525148e-10,9.73669511383037e-10,4.92036673847519e-09,6.57912142939884e-08,6.56518665651197e-06,0.0190399954224088
40.131937,1.21513802494051e-10,9.64785151259219e-10,4.8765842663217e-09,6.52355908504045e-08,6.51718236409024e-06,0.0189873355180366
40.15027,1.2037754355417e-10,9.55981857507397e-10,4.8331908756367e-09,6.468463953945e-08,6.4695236761596e-06,0.0189347659387484
40.168603,1.19251922047715e-10,9.47258890428074e-10,4.79018311372161e-09,6.4138321264129e-08,6.42220814956012e-06,0.018882286791576
40.186936,1.18136838261774e-10,9.38615517071239e-10,4.74755755846828e-09,6.3596597252827e-08,6.375233358029e-06,0.0188298981819754
40.205269,1.17032193419434e-10,9.30051011174758e-10,4.70531081808838e-09,6.30594290566178e-08,6.32859689208663e-06,0.0187776002138323
40.223602,1.15937889670978e-10,9.21564653103363e-10,4.66343953084532e-09,6.25267785465963e-08,6.28229635892375e-06,0.0187253929894675
40.241935,1.14853830085168e-10,9.13155729788178e-10,4.62194036478839e-09,6.19986079112303e-08,6.23632938228905e-06,0.0186732766096427
40.260268,1.13779918640617e-10,9.04823534666815e-10,4.58081001748942e-09,6.14748796537362e-08,6.19069360237772e-06,0.0186212511735656
40.278601,1.12716060217224e-10,8.96567367623989e-10,4.54004521578152e-09,6.09555565894743e-08,6.14538667572055e-06,0.0185693167788955
40.296934,1.11662160587711e-10,8.883865349327e-10,4.49964271550039e-09,6.04406018433666e-08,6.10040627507387e-06,0.0185174735217489
40.315267,1.10618126409226e-10,8.80280349195936e-10,4.4595993012277e-09,5.9929978847336e-08,6.05575008931016e-06,0.0184657214967051
40.3336,1.0958386521503e-10,8.72248129288929e-10,4.41991178603693e-09,5.94236513377664e-08,6.0114158233094e-06,0.0184140607968113
40.351933,1.08559285406259e-10,8.64289200301904e-10,4.38057701124124e-09,5.89215833529822e-08,5.96740119785108e-06,0.0183624915135886
40.370266,1.07544296243768e-10,8.56402893483381e-10,4.34159184614373e-09,5.84237392307511e-08,5.92370394950695e-06,0.0183110137370372
40.388599,1.06538807840051e-10,8.4858854618398e-10,4.30295318778986e-09,5.79300836058054e-08,5.88032183053446e-06,0.0182596275556418
40.406932,1.05542731151229e-10,8.40845501800739e-10,4.26465796072199e-09,5.74405814073841e-08,5.83725260877092e-06,0.0182083330563777
40.425265,1.0455597796913e-10,8.33173109721954e-10,4.22670311673626e-09,5.69551978567964e-08,5.79449406752834e-06,0.0181571303247156
40.443598,1.03578460913427e-10,8.25570725272495e-10,4.18908563464135e-09,5.64738984650032e-08,5.75204400548888e-06,0.0181060194446277
40.461931,1.02610093423856e-10,8.18037709659648e-10,4.15180252001962e-09,5.599664903022e-08,5.70990023660111e-06,0.0180550004985928
40.480264,1.01650789752513e-10,8.10573429919433e-10,4.1148508049902e-09,5.55234156355386e-08,5.66806058997683e-06,0.0180040735676023
40.498597,1.00700464956214e-10,8.03177258863432e-10,4.07822754797432e-09,5.50541646465701e-08,5.62652290978873e-06,0.0179532387311651
40.51693,9.97590348889344e-11,7.95848575026072e-10,4.04192983346251e-09,5.45888627091041e-08,5.58528505516847e-06,0.0179024960673139
40.535263,9.88264161943152e-11,7.88586762612417e-10,4.00595477178403e-09,5.41274767467902e-08,5.54434490010563e-06,0.0178518456526101
40.553596,9.79025262982412e-11,7.81391211446424e-10,3.97029949887825e-09,5.3669973958837e-08,5.50370033334728e-06,0.0178012875621496
40.571929,9.69872834014888e-11,7.74261316919669e-10,3.93496117606808e-09,5.32163218177303e-08,5.46334925829813e-06,0.0177508218695684
40.590262,9.60806064724453e-11,7.67196479940554e-10,3.89993698983545e-09,5.27664880669707e-08,5.42328959292144e-06,0.0177004486470482
40.608595,9.51824152398915e-11,7.60196106883956e-10,3.86522415159858e-09,5.23204407188285e-08,5.38351926964048e-06,0.0176501679653216
40.626928,9.4292630185858e-11,7.53259609541355e-10,3.83081989749148e-09,5.18781480521179e-08,5.3440362352407e-06,0.017599979893678
40.645261,9.34111725385447e-11,7.46386405071403e-10,3.79672148814518e-09,5.14395786099898e-08,5.30483845077247e-06,0.0175498844999691
40.663594,9.25379642653102e-11,7.39575915950965e-10,3.76292620847108e-09,5.10047011977425e-08,5.26592389145466e-06,0.0174998818506143
40.681927,9.16729280657231e-11,7.32827569926577e-10,3.729431367446e-09,5.05734848806494e-08,5.22729054657849e-06,0.0174499720106064
40.70026,9.08159873646829e-11,7.26140799966365e-10,3.69623429789931e-09,5.01458989818064e-08,5.18893641941235e-06,0.017400155043517
40.718593,8.99670663056025e-11,7.19515044212407e-10,3.66333235630184e-09,4.97219130799952e-08,5.15085952710709e-06,0.0173504310115023
40.736926,8.91260897436581e-11,7.1294974593352e-10,3.63072292255676e-09,4.93014970075662e-08,5.11305790060197e-06,0.0173007999753084
40.755259,8.82929832390985e-11,7.06444353478477e-10,3.59840339979212e-09,4.88846208483361e-08,5.07552958453115e-06,0.0172512619942772
40.773592,8.74676730506207e-11,6.99998320229654e-10,3.5663712141554e-09,4.84712549355057e-08,5.03827263713091e-06,0.0172018171263514
40.791925,8.66500861288067e-11,6.93611104557107e-10,3.53462381460982e-09,4.80613698495926e-08,5.00128513014739e-06,0.0171524654280806
40.810258,8.58401501096218e-11,6.87282169773051e-10,3.50315867273239e-09,4.76549364163822e-08,4.964565148745e-06,0.0171032069546267
40.828591,8.50377933079756e-11,6.81010984086782e-10,3.47197328251387e-09,4.72519257048954e-08,4.92811079141539e-06,0.0170540417597693
40.846924,8.42429447113404e-11,6.74797020559971e-10,3.44106516016032e-09,4.68523090253722e-08,4.89192016988702e-06,0.0170049698959115
40.865257,8.34555339734332e-11,6.68639757062403e-10,3.41043184389658e-09,4.64560579272725e-08,4.85599140903532e-06,0.0169559914140852
40.88359,8.26754914079548e-11,6.62538676228098e-10,3.38007089377135e-09,4.60631441972938e-08,4.82032264679346e-06,0.0169071063639568
40.901923,8.19027479823901e-11,6.56493265411848e-10,3.34997989146412e-09,4.56735398574046e-08,4.78491203406377e-06,0.0168583147938329
40.920256,8.11372353118633e-11,6.5050301664613e-10,3.32015644009368e-09,4.52872171628941e-08,4.74975773462954e-06,0.0168096167506656
40.938589,8.03788856530542e-11,6.4456742659843e-10,3.29059816402838e-09,4.49041486004375e-08,4.71485792506763e-06,0.0167610122800582
40.956922,7.96276318981701e-11,6.3868599652895e-10,3.26130270869806e-09,4.45243068861784e-08,4.68021079466152e-06,0.0167125014262708
40.975255,7.88834075689756e-11,6.32858232248704e-10,3.23226774040771e-09,4.41476649638265e-08,4.645814545315e-06,0.0166640842322257
40.993588,7.81461468108766e-11,6.27083644077988e-10,3.20349094615259e-09,4.37741960027698e-08,4.61166739146635e-06,0.0166157607395131
41.011921,7.74157843870618e-11,6.21361746805236e-10,3.17497003343521e-09,4.34038733962041e-08,4.57776756000317e-06,0.0165675309883965
41.030254,7.66922556726986e-11,6.15692059646253e-10,3.14670273008377e-09,4.30366707592768e-08,4.5441132901777e-06,0.0165193950178185
41.048587,7.5975496649184e-11,6.10074106203812e-10,3.11868678407224e-09,4.26725619272465e-08,4.51070283352277e-06,0.0164713528654061
41.06692,7.52654438984493e-11,6.04507414427634e-10,3.09091996334211e-09,4.23115209536578e-08,4.47753445376825e-06,0.0164234045674762
41.085253,7.45620345973181e-11,5.98991516574713e-10,3.06340005562557e-09,4.19535221085301e-08,4.44460642675807e-06,0.0163755501590418
41.103586,7.38652065119175e-11,5.93525949170017e-10,3.03612486827036e-09,4.15985398765632e-08,4.41191704036773e-06,0.0163277896738165
41.121919,7.31748979921428e-11,5.88110252967546e-10,3.00909222806616e-09,4.12465489553554e-08,4.37946459442249e-06,0.0162801231442207
41.140252,7.24910479661736e-11,5.82743972911749e-10,2.98229998107247e-09,4.08975242536389e-08,4.34724740061598e-06,0.0162325506013874
41.158585,7.18135959350406e-11,5.77426658099274e-10,2.95574599244802e-09,4.05514408895271e-08,4.31526378242936e-06,0.016185072075167
41.176918,7.1142481967245e-11,5.72157861741094e-10,2.92942814628173e-09,4.02082741887782e-08,4.28351207505108e-06,0.0161376875941333
41.195251,7.04776466934282e-11,5.66937141124957e-10,2.90334434542509e-09,3.98679996830725e-08,4.25199062529708e-06,0.016090397185589
41.213584,6.98190313010903e-11,5.61764057578191e-10,2.87749251132612e-09,3.95305931083033e-08,4.2206977915316e-06,0.0160432008755711
41.231917,6.91665775293614e-11,5.56638176430848e-10,2.85187058386469e-09,3.91960304028835e-08,4.18963194358849e-06,0.0159960986888565
41.25025,6.85202276638177e-11,5.5155906697917e-10,2.8264765211894e-09,3.88642877060643e-08,4.15879146269297e-06,0.0159490906489677
41.268583,6.78799245313501e-11,5.46526302449407e-10,2.80130829955576e-09,3.85353413562685e-08,4.12817474138402e-06,0.015902176778178
41.286916,6.72456114950794e-11,5.41539459961956e-10,2.77636391316598e-09,3.82091678894383e-08,4.09778018343717e-06,0.0158553570975171
41.305249,6.66172324493201e-11,5.36598120495831e-10,2.75164137401005e-09,3.78857440373957e-08,4.06760620378794e-06,0.0158086316267769
41.323582,6.59947318145903e-11,5.31701868853447e-10,2.72713871170823e-09,3.75650467262165e-08,4.03765122845563e-06,0.0157620003845168
41.341915,6.53780545326699e-11,5.26850293625739e-10,2.702853973355e-09,3.72470530746183e-08,4.0079136944677e-06,0.0157154633880689
41.360248,6.47671460617043e-11,5.2204298715759e-10,2.67878522336431e-09,3.69317403923611e-08,3.97839204978467e-06,0.0156690206535443
41.378581,6.41619523713559e-11,5.17279545513583e-10,2.65493054331629e-09,3.66190861786624e-08,3.94908475322547e-06,0.0156226721958378
41.396914,6.35624199379982e-11,5.12559568444055e-10,2.6312880318052e-09,3.6309068120623e-08,3.9199902743933e-06,0.0155764180286338
41.415247,6.29684957399579e-11,5.07882659351464e-10,2.6078558042888e-09,3.60016640916682e-08,3.89110709360195e-06,0.0155302581644118
41.43358,6.23801272528005e-11,5.03248425257073e-10,2.58463199293909e-09,3.56968521500004e-08,3.86243370180271e-06,0.0154841926144518
41.451913,6.17972624446601e-11,4.98656476767921e-10,2.56161474649422e-09,3.53946105370651e-08,3.8339686005116e-06,0.0154382213888398
41.470246,6.12198497716147e-11,4.94106428044112e-10,2.5388022301119e-09,3.50949176760298e-08,3.80571030173729e-06,0.0153923444964732
41.488579,6.06478381731018e-11,4.89597896766387e-10,2.51619262522395e-09,3.47977521702738e-08,3.77765732790927e-06,0.0153465619450665
41.506912,6.00811770673808e-11,4.85130504104007e-10,2.4937841293922e-09,3.45030928018928e-08,3.74980821180669e-06,0.0153008737411565
41.525245,5.95198163470354e-11,4.80703874682913e-10,2.47157495616565e-09,3.42109185302143e-08,3.72216149648752e-06,0.0152552798901082
41.543578,5.89637063745201e-11,4.76317636554196e-10,2.44956333493897e-09,3.39212084903258e-08,3.69471573521835e-06,0.0152097803961197
41.561911,5.84127979777469e-11,4.71971421162834e-10,2.4277475108121e-09,3.36339419916146e-08,3.66746949140447e-06,0.015164375262228
41.580244,5.78670424457149e-11,4.67664863316728e-10,2.40612574445118e-09,3.33490985163206e-08,3.64042133852054e-06,0.0151190644903145
41.598577,5.73263915241803e-11,4.63397601156017e-10,2.38469631195076e-09,3.30666577180999e-08,3.61356986004166e-06,0.0150738480811102
41.61691,5.6790797411368e-11,4.59169276122675e-10,2.36345750469713e-09,3.27865994206017e-08,3.58691364937497e-06,0.0150287260342016
41.635243,5.62602127537214e-11,4.54979532930376e-10,2.34240762923289e-09,3.25089036160551e-08,3.56045130979161e-06,0.0149836983480354
41.653576,5.5734590641695e-11,4.50828019534647e-10,2.32154500712273e-09,3.22335504638691e-08,3.53418145435916e-06,0.0149387650199248
41.671909,5.52138846055845e-11,4.46714387103285e-10,2.30086797482042e-09,3.19605202892436e-08,3.5081027058746e-06,0.0148939260460542
41.690242,5.46980486113967e-11,4.42638289987047e-10,2.28037488353689e-09,3.16897935817916e-08,3.48221369679762e-06,0.014849181421485
41.708575,5.41870370567595e-11,4.38599385690609e-10,2.26006409910963e-09,3.14213509941738e-08,3.45651306918445e-06,0.0148045311401612
41.726908,5.36808047668673e-11,4.34597334843782e-10,2.23993400187303e-09,3.11551733407426e-08,3.43099947462207e-06,0.0147599751949142
41.745241,5.31793069904681e-11,4.30631801173e-10,2.21998298653008e-09,3.08912415961993e-08,3.40567157416285e-06,0.0147155135774687
41.763574,5.26824993958856e-11,4.26702451473063e-10,2.20020946202502e-09,3.06295368942607e-08,3.38052803825974e-06,0.0146711462784481
41.781907,5.21903380670807e-11,4.22808955579146e-10,2.18061185141733e-09,3.03700405263388e-08,3.35556754670176e-06,0.0146268732873797
41.80024,5.17027794997484e-11,4.18950986339045e-10,2.16118859175656e-09,3.01127339402288e-08,3.33078878854994e-06,0.0145826945927
41.818573,5.12197805974525e-11,4.15128219585696e-10,2.14193813395855e-09,2.98575987388098e-08,3.30619046207377e-06,0.0145386101817606
41.836906,5.07412986677958e-11,4.11340334109936e-10,2.1228589426825e-09,2.96046166787557e-08,3.28177127468801e-06,0.0144946200408328
41.855239,5.02672914186274e-11,4.07587011633509e-10,2.1039494962093e-09,2.93537696692566e-08,3.25752994288989e-06,0.0144507241551137
41.873572,4.97977169542851e-11,4.03867936782332e-10,2.08520828632088e-09,2.91050397707513e-08,3.23346519219681e-06,0.0144069225087311
41.891905,4.93325337718723e-11,4.00182797059984e-10,2.06663381818057e-09,2.88584091936692e-08,3.20957575708439e-06,0.0143632150847492
41.910238,4.88717007575713e-11,3.96531282821454e-10,2.04822461021459e-09,2.86138602971836e-08,3.18586038092499e-06,0.0143196018651736
41.928571,4.84151771829903e-11,3.92913087247124e-10,2.02997919399459e-09,2.8371375587975e-08,3.16231781592653e-06,0.0142760828309568
41.946904,4.79629227015459e-11,3.89327906316989e-10,2.01189611412117e-09,2.81309377190045e-08,3.1389468230719e-06,0.0142326579620036
41.965237,4.75148973448776e-11,3.85775438785107e-10,1.99397392810846e-09,2.78925294882975e-08,3.11574617205861e-06,0.0141893272371766
41.98357,4.70710615192982e-11,3.82255386154289e-10,1.97621120626976e-09,2.7656133837737e-08,3.09271464123887e-06,0.0141460906343008
42.001903,4.66313760022759e-11,3.7876745265102e-10,1.95860653160412e-09,2.74217338518676e-08,3.06985101756016e-06,0.01410294813017
42.020236,4.6195801938951e-11,3.75311345200605e-10,1.94115849968398e-09,2.71893127567089e-08,3.04715409650616e-06,0.0140598997005511
42.038569,4.57643008386838e-11,3.71886773402542e-10,1.92386571854377e-09,2.69588539185789e-08,3.02462268203795e-06,0.0140169453201901
42.056902,4.53368345716357e-11,3.68493449506121e-10,1.90672680856949e-09,2.67303408429266e-08,3.00225558653582e-06,0.013974084962817
42.075235,4.49133653653828e-11,3.65131088386248e-10,1.88974040238934e-09,2.65037571731754e-08,2.98005163074126e-06,0.0139313186011513
42.093568,4.44938558015608e-11,3.61799407519485e-10,1.87290514476519e-09,2.62790866895745e-08,2.95800964369953e-06,0.0138886462069072
42.111901,4.40782688125417e-11,3.58498126960313e-10,1.85621969248514e-09,2.60563133080616e-08,2.93612846270242e-06,0.0138460677507988
42.130234,4.36665676781415e-11,3.55226969317608e-10,1.83968271425694e-09,2.58354210791333e-08,2.91440693323158e-06,0.0138035832025454
42.148567,4.32587160223587e-11,3.51985659731333e-10,1.82329289060236e-09,2.56163941867257e-08,2.89284390890206e-06,0.0137611925308771
42.1669,4.28546778101442e-11,3.48773925849441e-10,1.80704891375257e-09,2.53992169471044e-08,2.87143825140634e-06,0.0137188957035393
42.185233,4.24544173442014e-11,3.45591497804999e-10,1.79094948754438e-09,2.51838738077634e-08,2.85018883045875e-06,0.0136766926872988
42.203566,4.20578992618152e-11,3.424381081935e-10,1.77499332731737e-09,2.49703493463327e-08,2.82909452374013e-06,0.0136345834479485
42.221899,4.16650885317122e-11,3.39313492050402e-10,1.75917915981201e-09,2.47586282694959e-08,2.80815421684297e-06,0.0135925679503125
42.240232,4.127595045095e-11,3.36217386828863e-10,1.74350572306863e-09,2.45486954119156e-08,2.78736680321695e-06,0.013550646158252
42.258565,4.08904506418355e-11,3.3314953237768e-10,1.7279717663273e-09,2.4340535735169e-08,2.76673118411469e-06,0.0135088180346697
42.276898,4.05085550488726e-11,3.30109670919432e-10,1.71257604992857e-09,2.41341343266911e-08,2.74624626853805e-06,0.0134670835415156
42.295231,4.01302299357378e-11,3.27097547028814e-10,1.69731734521515e-09,2.39294763987271e-08,2.72591097318464e-06,0.0134254426397918
42.313564,3.97554418822851e-11,3.24112907611182e-10,1.68219443443435e-09,2.37265472872939e-08,2.70572422239477e-06,0.0133838952895582
42.331897,3.93841577815785e-11,3.21155501881278e-10,1.66720611064153e-09,2.35253324511493e-08,2.68568494809873e-06,0.0133424414499369
42.35023,3.90163448369532e-11,3.18225081342172e-10,1.65235117760428e-09,2.33258174707707e-08,2.66579208976446e-06,0.0133010810791181
42.368563,3.86519705591028e-11,3.15321399764365e-10,1.63762844970749e-09,2.31279880473414e-08,2.64604459434548e-06,0.0132598141343648
42.386896,3.82910027631955e-11,3.12444213165112e-10,1.62303675185928e-09,2.29318300017457e-08,2.62644141622926e-06,0.0132186405720182
42.405229,3.79334095660167e-11,3.09593279787913e-10,1.60857491939773e-09,2.27373292735724e-08,2.6069815171859e-06,0.0131775603475028
42.423562,3.75791593831389e-11,3.06768360082209e-10,1.59424179799847e-09,2.25444719201266e-08,2.58766386631719e-06,0.0131365734153312
42.441895,3.7228220926117e-11,3.03969216683242e-10,1.58003624358306e-09,2.23532441154489e-08,2.56848744000594e-06,0.0130956797291099
42.460228,3.68805631997115e-11,3.01195614392119e-10,1.56595712222816e-09,2.21636321493438e-08,2.54945122186569e-06,0.0130548792415437
42.478561,3.65361554991368e-11,2.98447320156046e-10,1.55200331007557e-09,2.19756224264156e-08,2.53055420269081e-06,0.0130141719044414
42.496894,3.61949674073357e-11,2.95724103048745e-10,1.538173693243e-09,2.17892014651121e-08,2.51179538040681e-06,0.0129735576687202
42.515227,3.58569687922798e-11,2.93025734251056e-10,1.52446716773569e-09,2.16043558967767e-08,2.49317376002114e-06,0.0129330364844117
42.53356,3.55221298042943e-11,2.903519870317e-10,1.51088263935874e-09,2.14210724647078e-08,2.47468835357418e-06,0.0128926083006662
42.551893,3.51904208734092e-11,2.87702636728236e-10,1.49741902363028e-09,2.12393380232266e-08,2.45633818009064e-06,0.0128522730657581
42.570226,3.48618127067342e-11,2.85077460728183e-10,1.48407524569535e-09,2.10591395367522e-08,2.43812226553128e-06,0.0128120307270909
42.588559,3.45362762858596e-11,2.82476238450313e-10,1.47085024024063e-09,2.08804640788841e-08,2.42003964274491e-06,0.0127718812312024
42.606892,3.42137828642801e-11,2.79898751326115e-10,1.45774295140983e-09,2.07032988314933e-08,2.40208935142079e-06,0.0127318245237692
42.625225,3.3894303964844e-11,2.77344782781433e-10,1.44475233271987e-09,2.05276310838197e-08,2.38427043804124e-06,0.0126918605496127
42.643558,3.35778113772256e-11,2.74814118218266e-10,1.43187734697778e-09,2.03534482315777e-08,2.36658195583469e-06,0.012651989252703
42.661891,3.32642771554225e-11,2.7230654499674e-10,1.41911696619842e-09,2.01807377760693e-08,2.34902296472898e-06,0.0126122105761649
42.680224,3.29536736152746e-11,2.69821852417236e-10,1.40647017152281e-09,2.0009487323304e-08,2.33159253130497e-06,0.0125725244622822
42.698557,3.2645973332008e-11,2.67359831702686e-10,1.39393595313722e-09,1.98396845831263e-08,2.31428972875046e-06,0.012532930852503
42.71689,3.23411491378012e-11,2.64920275981037e-10,1.38151331019305e-09,1.96713173683508e-08,2.29711363681449e-06,0.0124934296874446
42.735223,3.20391741193746e-11,2.6250298026786e-10,1.3692012507273e-09,1.95043735939034e-08,2.28006334176183e-06,0.0124540209068986
42.753556,3.17400216156024e-11,2.60107741449134e-10,1.35699879158387e-09,1.93388412759711e-08,2.26313793632793e-06,0.0124147044498356
42.771889,3.14436652151464e-11,2.57734358264172e-10,1.34490495833541e-09,1.91747085311572e-08,2.24633651967399e-06,0.0123754802544106
42.790222,3.11500787541135e-11,2.55382631288714e-10,1.332918785206e-09,1.9011963575645e-08,2.22965819734248e-06,0.0123363482579672
42.808555,3.08592363137333e-11,2.53052362918171e-10,1.32103931499445e-09,1.88505947243674e-08,2.2131020812129e-06,0.0122973083970435
42.826888,3.05711122180597e-11,2.50743357351021e-10,1.30926559899827e-09,1.8690590390184e-08,2.19666728945789e-06,0.0122583606073761
42.845221,3.02856810316917e-11,2.48455420572353e-10,1.29759669693834e-09,1.85319390830644e-08,2.1803529464995e-06,0.0122195048239055
42.863554,3.00029175575176e-11,2.46188360337567e-10,1.2860316768842e-09,1.83746294092789e-08,2.16415818296592e-06,0.012180740980781
42.881887,2.97227968344794e-11,2.43941986156225e-10,1.2745696151801e-09,1.82186500705956e-08,2.14808213564844e-06,0.0121420690113655
42.90022,2.94452941353583e-11,2.41716109276037e-10,1.26320959637158e-09,1.8063989863484e-08,2.13212394745863e-06,0.0121034888482402
42.918553,2.91703849645815e-11,2.39510542667007e-10,1.25195071313279e-09,1.79106376783259e-08,2.11628276738595e-06,0.0120650004232099
42.936886,2.88980450560488e-11,2.37325101005717e-10,1.24079206619443e-09,1.77585824986316e-08,2.10055775045548e-06,0.0120266036673073
42.955219,2.86282503709801e-11,2.35159600659752e-10,1.22973276427228e-09,1.76078134002638e-08,2.08494805768611e-06,0.0119882985107984
42.973552,2.83609770957834e-11,2.33013859672271e-10,1.21877192399646e-09,1.74583195506673e-08,2.06945285604887e-06,0.011950084883187
42.991885,2.80962016399424e-11,2.30887697746723e-10,1.20790866984122e-09,1.73100902081055e-08,2.05407131842561e-06,0.0119119627132195
43.010218,2.78339006339236e-11,2.28780936231692e-10,1.19714213405539e-09,1.71631147209026e-08,2.03880262356796e-06,0.0118739319288898
43.028551,2.7574050927104e-11,2.26693398105887e-10,1.18647145659349e-09,1.70173825266925e-08,2.02364595605656e-06,0.0118359924574444
43.046884,2.73166295857176e-11,2.24624907963267e-10,1.17589578504735e-09,1.68728831516741e-08,2.00860050626051e-06,0.0117981442253866
43.065217,2.70616138908214e-11,2.22575291998307e-10,1.16541427457844e-09,1.67296062098727e-08,1.99366547029723e-06,0.0117603871584817
43.08355,2.68089813362803e-11,2.2054437799139e-10,1.1550260878507e-09,1.65875414024067e-08,1.97884004999244e-06,0.0117227211817617
43.101883,2.65587096267713e-11,2.18531995294333e-10,1.14473039496407e-09,1.64466785167617e-08,1.96412345284049e-06,0.0116851462195299
43.120216,2.63107766758061e-11,2.16537974816056e-10,1.13452637338852e-09,1.63070074260699e-08,1.94951489196497e-06,0.011647662195366
43.138549,2.60651606037724e-11,2.14562149008369e-10,1.1244132078987e-09,1.61685180883951e-08,1.93501358607954e-06,0.0116102690321303
43.156882,2.58218397359938e-11,2.12604351851896e-10,1.1143900905092e-09,1.60312005460249e-08,1.92061875944909e-06,0.0115729666519688
43.175215,2.55807926008076e-11,2.10664418842122e-10,1.10445622041028e-09,1.5895044924767e-08,1.90632964185104e-06,0.0115357549763181
43.193548,2.53419979276606e-11,2.08742186975572e-10,1.09461080390431e-09,1.57600414332531e-08,1.89214546853707e-06,0.0114986339259095
43.211881,2.51054346452232e-11,2.06837494736118e-10,1.08485305434266e-09,1.56261803622472e-08,1.87806548019499e-06,0.0114616034207742
43.230214,2.48710818795212e-11,2.04950182081402e-10,1.07518219206322e-09,1.54934520839607e-08,1.86408892291089e-06,0.0114246633802478
43.248547,2.46389189520842e-11,2.03080090429393e-10,1.06559744432841e-09,1.53618470513723e-08,1.85021504813158e-06,0.011387813722975
43.26688,2.4408925378113e-11,2.01227062645059e-10,1.05609804526377e-09,1.5231355797554e-08,1.83644311262726e-06,0.0113510543669141
43.285213,2.41810808646626e-11,1.99390943027163e-10,1.04668323579715e-09,1.51019689350029e-08,1.82277237845442e-06,0.011314385229342
43.303546,2.39553653088436e-11,1.97571577295186e-10,1.03735226359831e-09,1.49736771549779e-08,1.80920211291909e-06,0.0112778062268584
43.321879,2.37317587960393e-11,1.95768812576357e-10,1.0281043830192e-09,1.48464712268425e-08,1.79573158854017e-06,0.0112413172753907
43.340212,2.35102415981405e-11,1.9398249739281e-10,1.01893885503463e-09,1.47203419974127e-08,1.7823600830132e-06,0.0112049182901987
43.358545,2.32907941717966e-11,1.92212481648857e-10,1.00985494718358e-09,1.45952803903107e-08,1.76908687917422e-06,0.0111686091858788
43.376878,2.30733971566826e-11,1.90458616618374e-10,1.00085193351097e-09,1.44712774053231e-08,1.75591126496396e-06,0.011132389876369
43.395211,2.28580313737834e-11,1.8872075493231e-10,9.91929094509951e-10,1.43483241177661e-08,1.74283253339229e-06,0.0110962602749533
43.413544,2.26446778236929e-11,1.86998750566295e-10,9.83085717064716e-10,1.42264116778535e-08,1.7298499825028e-06,0.0110602202942661
43.431877,2.24333176849304e-11,1.85292458828378e-10,9.74321094393823e-10,1.41055313100726e-08,1.71696291533777e-06,0.0110242698462971
43.45021,2.22239323122719e-11,1.83601736346864e-10,9.65634525993999e-10,1.39856743125632e-08,1.70417063990324e-06,0.0109884088423956
43.468543,2.20165032350975e-11,1.81926441058274e-10,9.57025317584475e-10,1.38668320565031e-08,1.69147246913442e-06,0.010952637193275
43.486876,2.18110121557541e-11,1.802664321954e-10,9.48492781051771e-10,1.37489959854978e-08,1.6788677208613e-06,0.0109169548090176
43.505209,2.16074409479335e-11,1.78621570275482e-10,9.40036234395007e-10,1.36321576149759e-08,1.66635571777446e-06,0.0108813615990788
43.523542,2.14057716550661e-11,1.76991717088485e-10,9.3165500167168e-10,1.35163085315891e-08,1.65393578739116e-06,0.0108458574722916
43.541875,2.12059864887288e-11,1.75376735685489e-10,9.2334841294392e-10,1.34014403926175e-08,1.64160726202165e-06,0.0108104423368712
43.560208,2.10080678270693e-11,1.73776490367182e-10,9.15115804225246e-10,1.32875449253797e-08,1.62936947873569e-06,0.0107751161004196
43.578541,2.08119982132433e-11,1.72190846672452e-10,9.06956517427748e-10,1.31746139266474e-08,1.61722177932931e-06,0.0107398786699298
43.596874,2.06177603538681e-11,1.70619671367096e-10,8.98869900309782e-10,1.3062639262066e-08,1.60516351029183e-06,0.0107047299517903
43.615207,2.04253371174897e-11,1.6906283243262e-10,8.90855306424098e-10,1.29516128655785e-08,1.59319402277301e-06,0.0106696698517896
43.63354,2.02347115330651e-11,1.67520199055151e-10,8.82912095066457e-10,1.28415267388553e-08,1.58131267255055e-06,0.0106346982751207
43.651873,2.00458667884574e-11,1.65991641614438e-10,8.75039631224661e-10,1.27323729507286e-08,1.56951881999771e-06,0.0105998151263851
43.670206,1.9858786228947e-11,1.64477031672969e-10,8.67237285528078e-10,1.26241436366307e-08,1.55781183005119e-06,0.0105650203095978
43.688539,1.96734533557549e-11,1.62976241965172e-10,8.59504434197578e-10,1.25168309980379e-08,1.54619107217924e-06,0.0105303137281912
43.706872,1.94898518245815e-11,1.61489146386726e-10,8.5184045899595e-10,1.24104273019191e-08,1.53465592034997e-06,0.0104956952850197
43.725205,1.93079654441578e-11,1.60015619983964e-10,8.44244747178717e-10,1.23049248801875e-08,1.52320575299989e-06,0.010461164882364
43.743538,1.9127778174811e-11,1.58555538943371e-10,8.36716691445416e-10,1.22003161291589e-08,1.51183995300261e-06,0.0104267224219354
43.761871,1.89492741270431e-11,1.57108780581186e-10,8.29255689891297e-10,1.2096593509013e-08,1.50055790763788e-06,0.0103923678048803
43.780204,1.87724375601232e-11,1.55675223333085e-10,8.21861145959456e-10,1.19937495432596e-08,1.48935900856067e-06,0.0103581009317841
43.798537,1.85972528806931e-11,1.54254746743978e-10,8.14532468393393e-10,1.18917768182098e-08,1.47824265177063e-06,0.0103239217026761
43.81687,1.84237046413852e-11,1.52847231457878e-10,8.07269071189973e-10,1.17906679824506e-08,1.46720823758163e-06,0.0102898300170334
43.835203,1.82517775394545e-11,1.51452559207874e-10,8.0007037355283e-10,1.16904157463247e-08,1.45625517059158e-06,0.0102558257737852
43.853536,1.80814564154225e-11,1.50070612806199e-10,7.92935799846161e-10,1.15910128814141e-08,1.44538285965241e-06,0.0102219088713172
43.871869,1.79127262517344e-11,1.48701276134376e-10,7.85864779548951e-10,1.14924522200285e-08,1.43459071784033e-06,0.0101880792074758
43.890202,1.77455721714286e-11,1.47344434133467e-10,7.78856747209579e-10,1.13947266546971e-08,1.42387816242616e-06,0.0101543366795724
43.908535,1.75799794368189e-11,1.45999972794401e-10,7.71911142400843e-10,1.12978291376658e-08,1.41324461484604e-06,0.0101206811843874
43.926868,1.74159334481889e-11,1.44667779148396e-10,7.65027409675379e-10,1.12017526803974e-08,1.40268950067218e-06,0.0100871126181748
43.945201,1.72534197424989e-11,1.43347741257468e-10,7.58204998521482e-10,1.11064903530771e-08,1.39221224958389e-06,0.0100536308766662
43.963534,1.70924239921044e-11,1.42039748205022e-10,7.51443363319297e-10,1.10120352841208e-08,1.38181229533881e-06,0.0100202358550747
43.981867,1.69329320034874e-11,1.40743690086537e-10,7.44741963297424e-10,1.09183806596887e-08,1.3714890757443e-06,0.00998692744809978
44.0002,1.67749297159988e-11,1.39459458000326e-10,7.38100262489891e-10,1.08255197232026e-08,1.36124203262907e-06,0.00995370554993074
44.018533,1.66184032006135e-11,1.38186944038388e-10,7.3151772969351e-10,1.07334457748663e-08,1.35107061181494e-06,0.00992057005425134
44.036866,1.64633386586963e-11,1.36926041277345e-10,7.24993838425628e-10,1.06421521711917e-08,1.34097426308889e-06,0.00988752085424377
44.055199,1.63097224207799e-11,1.35676643769448e-10,7.18528066882218e-10,1.05516323245271e-08,1.33095244017519e-06,0.00985455784259272
44.073532,1.61575409453541e-11,1.34438646533686e-10,7.12119897896375e-10,1.04618797025909e-08,1.32100460070782e-06,0.00982168091148965
44.091865,1.60067808176669e-11,1.33211945546954e-10,7.05768818897159e-10,1.03728878280077e-08,1.31113020620298e-06,0.00978888995263672
44.110198,1.58574287485361e-11,1.31996437735322e-10,6.9947432186882e-10,1.02846502778498e-08,1.30132872203193e-06,0.00975618485725107
44.128531,1.57094715731725e-11,1.30792020965369e-10,6.93235903310362e-10,1.01971606831814e-08,1.29159961739384e-06,0.00972356551606872
44.146864,1.55628962500141e-11,1.29598594035602e-10,6.87053064195482e-10,1.01104127286071e-08,1.28194236528897e-06,0.00969103181934873
44.165197,1.54176898595711e-11,1.28416056667951e-10,6.80925309932862e-10,1.00244001518236e-08,1.27235644249194e-06,0.00965858365687727
44.18353,1.52738396032821e-11,1.27244309499347e-10,6.74852150326804e-10,9.93911674317628e-09,1.26284132952527e-06,0.00962622091797155
44.201863,1.51313328023805e-11,1.26083254073371e-10,6.6883309953823e-10,9.85455634521807e-09,1.25339651063302e-06,0.00959394349148404
44.220196,1.49901568967719e-11,1.2493279283198e-10,6.62867676046007e-10,9.77071285227298e-09,1.24402147375465e-06,0.00956175126580624
44.238529,1.4850299443922e-11,1.2379282910731e-10,6.56955402608628e-10,9.68758021000283e-09,1.23471571049906e-06,0.00952964412887288
44.256862,1.47117481177548e-11,1.22663267113556e-10,6.51095806226232e-10,9.6051524149777e-09,1.22547871611879e-06,0.00949762196816579
44.275195,1.45744907075612e-11,1.2154401193892e-10,6.45288418102962e-10,9.52342351425005e-09,1.21630998948444e-06,0.00946568467071794
44.293528,1.44385151169182e-11,1.20434969537638e-10,6.39532773609641e-10,9.44238760493209e-09,1.20720903305919e-06,0.00943383212311738
44.311861,1.43038093626174e-11,1.19336046722079e-10,6.33828412246801e-10,9.36203883377698e-09,1.19817535287357e-06,0.00940206421151116
44.330194,1.41703615736043e-11,1.1824715115491e-10,6.28174877608023e-10,9.28237139676331e-09,1.18920845850038e-06,0.00937038082160929
44.348527,1.40381599899275e-11,1.17168191341345e-10,6.22571717343619e-10,9.20337953868328e-09,1.18030786302975e-06,0.0093387818386887
44.36686,1.39071929616972e-11,1.1609907662145e-10,6.17018483124606e-10,9.12505755273392e-09,1.1714730830444e-06,0.00930726714759704
44.385193,1.37774489480543e-11,1.15039717162528e-10,6.11514730607036e-10,9.0473997801121e-09,1.1627036385951e-06,0.00927583663275674
44.403526,1.36489165161482e-11,1.13990023951572e-10,6.06060019396615e-10,8.9704006096127e-09,1.15399905317621e-06,0.00924449017816869
44.421859,1.35215843401251e-11,1.12949908787783e-10,6.00653913013644e-10,8.89405447723011e-09,1.14535885370149e-06,0.0092132276674163
44.440192,1.33954412001254e-11,1.11919284275162e-10,5.95295978858281e-10,8.81835586576332e-09,1.13678257048002e-06,0.00918204898366923
44.458525,1.32704759812902e-11,1.10898063815164e-10,5.89985788176091e-10,8.74329930442381e-09,1.12826973719229e-06,0.00915095400968731
44.476858,1.31466776727779e-11,1.09886161599423e-10,5.84722916023915e-10,8.6688793684472e-09,1.11981989086643e-06,0.00911994262782431
44.495191,1.30240353667892e-11,1.0888349260254e-10,5.79506941236039e-10,8.59509067870777e-09,1.1114325718547e-06,0.00908901472003175
44.513524,1.29025382576016e-11,1.07889972574943e-10,5.74337446390665e-10,8.52192790133653e-09,1.10310732381002e-06,0.00905817016786284
44.531857,1.27821756406132e-11,1.06905518035802e-10,5.69214017776671e-10,8.44938574734206e-09,1.09484369366274e-06,0.00902740885247606
44.55019,1.26629369113953e-11,1.05930046266018e-10,5.64136245360673e-10,8.37745897223487e-09,1.08664123159752e-06,0.00899673065463909
44.568523,1.25448115647533e-11,1.04963475301273e-10,5.59103722754375e-10,8.30614237565465e-09,1.07849949103045e-06,0.00896613545473253
44.586856,1.24277891937978e-11,1.04005723925142e-10,5.54116047182217e-10,8.2354308010009e-09,1.07041802858622e-06,0.00893562313275366
44.605189,1.23118594890225e-11,1.03056711662268e-10,5.49172819449294e-10,8.16531913506621e-09,1.06239640407553e-06,0.00890519356832011
44.623522,1.2197012237393e-11,1.021163587716e-10,5.44273643909574e-10,8.09580230767301e-09,1.0544341804726e-06,0.00887484664067372
44.641855,1.20832373214417e-11,1.01184586239695e-10,5.39418128434389e-10,8.02687529131312e-09,1.04653092389291e-06,0.0088445822286841
44.660188,1.19705247183735e-11,1.00261315774077e-10,5.34605884381208e-10,7.95853310079034e-09,1.03868620357098e-06,0.00881440021085245
44.678521,1.18588644991784e-11,9.93464697966574e-11,5.29836526562697e-10,7.89077079286617e-09,1.03089959183843e-06,0.00878430046531515
44.696854,1.17482468277527e-11,9.84399714372195e-11,5.25109673216026e-10,7.82358346590814e-09,1.02317066410208e-06,0.00875428286984755
44.715187,1.16386619600289e-11,9.75417445269568e-11,5.20424945972479e-10,7.75696625954143e-09,1.01549899882227e-06,0.00872434730186744
44.73352,1.15301002431133e-11,9.66517135920739e-11,5.15781969827312e-10,7.69091435430314e-09,1.00788417749133e-06,0.0086944936384389
44.751853,1.14225521144319e-11,9.57698038474458e-11,5.11180373109895e-10,7.62542297129973e-09,1.00032578461214e-06,0.00866472175627582
44.770186,1.13160081008844e-11,9.48959411903318e-11,5.06619787454102e-10,7.56048737186687e-09,9.92823407676895e-07,0.00863503153174551
44.788519,1.12104588180058e-11,9.40300521941509e-11,5.02099847768971e-10,7.49610285723256e-09,9.85376637146012e-07,0.00860542284087237
44.806852,1.11058949691362e-11,9.3172064102311e-11,4.97620192209631e-10,7.43226476818283e-09,9.77985066427137e-07,0.00857589555934139
44.825185,1.10023073445981e-11,9.23219048220961e-11,4.9318046214847e-10,7.36896848473023e-09,9.70648291854352e-07,0.00854644956250185
44.843518,1.0899686820882e-11,9.14795029186092e-11,4.88780302146584e-10,7.30620942578526e-09,9.63365912667498e-07,0.00851708472537078
44.861851,1.07980243598385e-11,9.06447876087683e-11,4.84419359925447e-10,7.24398304883025e-09,9.56137530991635e-07,0.00848780092263654
44.880184,1.06973110078795e-11,8.98176887553603e-11,4.80097286338858e-10,7.18228484959621e-09,9.48962751816662e-07,0.0084585980286624
44.898517,1.05975378951854e-11,8.89981368611469e-11,4.75813735345127e-10,7.12111036174222e-09,9.41841182977062e-07,0.00842947591748998
44.91685,1.04986962349209e-11,8.81860630630261e-11,4.71568363979509e-10,7.06045515653767e-09,9.34772435131813e-07,0.00840043446284291
44.935183,1.04007773224575e-11,8.73813991262446e-11,4.67360832326878e-10,7.00031484254686e-09,9.27756121744392e-07,0.00837147353813013
44.953516,1.03037725346033e-11,8.65840774386652e-11,4.63190803494651e-10,6.94068506531654e-09,9.20791859062963e-07,0.00834259301644956
44.971849,1.02076733288405e-11,8.57940310050851e-11,4.59057943585941e-10,6.88156150706583e-09,9.13879266100674e-07,0.00831379277059142
44.990182,1.01124712425696e-11,8.50111934416079e-11,4.5496192167297e-10,6.8229398863789e-09,9.07017964616115e-07,0.00828507267304182
45.008515,1.00181578923607e-11,8.4235498970064e-11,4.50902409770686e-10,6.76481595790002e-09,9.00207579093873e-07,0.00825643259598614
45.026848,9.92472497321239e-12,8.34668824124843e-11,4.46879082810638e-10,6.70718551203134e-09,8.93447736725262e-07,0.00822787241131241
45.045181,9.83216425781659e-12,8.2705279185624e-11,4.42891618615079e-10,6.65004437463307e-09,8.86738067389162e-07,0.00819939199061488
45.063514,9.7404675958312e-12,8.19506252955351e-11,4.38939697871286e-10,6.59338840672615e-09,8.80078203632994e-07,0.00817099120519723
45.081847,9.64962691315927e-12,8.12028573321906e-11,4.35023004106129e-10,6.53721350419762e-09,8.73467780653842e-07,0.00814266992607614
45.10018,9.55963421123465e-12,8.04619124641548e-11,4.31141223660841e-10,6.48151559750806e-09,8.66906436279683e-07,0.00811442802398458
45.118513,9.4704815663147e-12,7.97277284333052e-11,4.2729404566603e-10,6.4262906514018e-09,8.60393810950756e-07,0.00808626536937518
45.136846,9.38216112877953e-12,7.90002435496001e-11,4.23481162016908e-10,6.3715346646194e-09,8.5392954770107e-07,0.00805818183242359
45.155179,9.29466512243778e-12,7.82793966858969e-11,4.19702267348735e-10,6.31724366961266e-09,8.47513292140033e-07,0.00803017728303181
45.173512,9.20798584383886e-12,7.75651272728136e-11,4.15957059012485e-10,6.26341373226173e-09,8.41144692434194e-07,0.00800225159083158
45.191845,9.12211566159173e-12,7.6857375293641e-11,4.12245237050726e-10,6.21004095159489e-09,8.34823399289139e-07,0.00797440462518757
45.210178,9.03704701569003e-12,7.61560812792989e-11,4.08566504173715e-10,6.15712145951047e-09,8.28549065931489e-07,0.00794663625520081
45.228511,8.95277241684364e-12,7.54611863033404e-11,4.04920565735709e-10,6.10465142050125e-09,8.2232134809104e-07,0.00791894634971187
45.246844,8.86928444581625e-12,7.47726319769992e-11,4.01307129711474e-10,6.05262703138095e-09,8.1613990398301e-07,0.00789133477730424
45.265177,8.78657575276941e-12,7.40903604442841e-11,3.97725906673016e-10,6.00104452101318e-09,8.10004394290425e-07,0.00786380140630745
45.28351,8.7046390566126e-12,7.34143143771176e-11,3.94176609766507e-10,5.94990015004258e-09,8.03914482146614e-07,0.00783634610480046
45.301843,8.62346714435941e-12,7.27444369705187e-11,3.90658954689428e-10,5.8991902106282e-09,7.97869833117837e-07,0.00780896874061479
45.320176,8.54305287048986e-12,7.20806719378307e-11,3.87172659667906e-10,5.8489110261792e-09,7.9187011518603e-07,0.0077816691813378
45.338509,8.46338915631844e-12,7.14229635059905e-11,3.83717445434246e-10,5.79905895109252e-09,7.85914998731658e-07,0.00775444729431589
45.356842,8.38446898936837e-12,7.07712564108426e-11,3.80293035204681e-10,5.74963037049305e-09,7.80004156516706e-07,0.00772730294665763
45.375175,8.30628542275154e-12,7.01254958924959e-11,3.768991546573e-10,5.70062169997569e-09,7.74137263667774e-07,0.00770023600523704
45.393508,8.22883157455443e-12,6.94856276907225e-11,3.73535531910189e-10,5.65202938534981e-09,7.68313997659304e-07,0.00767324633669669
45.411841,8.1521006272295e-12,6.8851598040398e-11,3.70201897499746e-10,5.60384990238559e-09,7.62534038296897e-07,0.00764633380745088
45.430174,8.07608582699262e-12,6.82233536669839e-11,3.66897984359209e-10,5.55607975656271e-09,7.56797067700777e-07,0.00761949828368873
45.448507,8.00078048322593e-12,6.76008417820518e-11,3.63623527797357e-10,5.50871548282096e-09,7.51102770289351e-07,0.0075927396313774
45.46684,7.92617796788638e-12,6.69840100788468e-11,3.60378265477415e-10,5.46175364531305e-09,7.45450832762886e-07,0.00756605771626515
45.485173,7.85227171491987e-12,6.6372806727894e-11,3.57161937396137e-10,5.41519083715949e-09,7.39840944087308e-07,0.00753945240388443
45.503506,7.77905521968068e-12,6.57671803726418e-11,3.53974285863071e-10,5.36902368020532e-09,7.342727954781e-07,0.00751292355955497
45.521839,7.70652203835657e-12,6.51670801251475e-11,3.50815055480019e-10,5.32324882477917e-09,7.2874608038432e-07,0.0074864710483869
45.540172,7.63466578739913e-12,6.45724555618013e-11,3.47683993120672e-10,5.27786294945407e-09,7.23260494472731e-07,0.00746009473528376
45.558505,7.56348014295966e-12,6.39832567190899e-11,3.44580847910428e-10,5.23286276081049e-09,7.17815735612047e-07,0.00743379448494561
45.576838,7.49295884032996e-12,6.33994340893974e-11,3.41505371206387e-10,5.18824499320111e-09,7.12411503857265e-07,0.00740757016187196
45.595171,7.42309567338879e-12,6.2820938616846e-11,3.38457316577522e-10,5.14400640851775e-09,7.07047501434133e-07,0.00738142163036491
45.613504,7.35388449405323e-12,6.22477216931737e-11,3.35436439785035e-10,5.10014379596015e-09,7.01723432723714e-07,0.00735534875453208
45.631837,7.28531921173538e-12,6.16797351536509e-11,3.32442498762878e-10,5.05665397180678e-09,6.96439004247061e-07,0.00732935139828965
45.65017,7.21739379280395e-12,6.1116931273032e-11,3.29475253598445e-10,5.01353377918738e-09,6.9119392464999e-07,0.00730342942536536
45.668503,7.15010226005106e-12,6.05592627615461e-11,3.26534466513448e-10,4.97078008785761e-09,6.8598790468797e-07,0.00727758269930137
45.686836,7.08343869216396e-12,6.00066827609233e-11,3.23619901844949e-10,4.92838979397543e-09,6.80820657211112e-07,0.00725181108345738
45.705169,7.01739722320173e-12,5.94591448404572e-11,3.20731326026566e-10,4.88635981987943e-09,6.75691897149264e-07,0.0072261144410134
45.723502,6.95197204207695e-12,5.89166029931044e-11,3.1786850756985e-10,4.84468711386901e-09,6.70601341497217e-07,0.00720049263497288
45.741835,6.88715739204204e-12,5.83790116316175e-11,3.15031217045817e-10,4.80336864998632e-09,6.65548709299995e-07,0.00717494552816543
45.760168,6.82294757018059e-12,5.78463255847153e-11,3.12219227066656e-10,4.7624014278001e-09,6.6053372163827e-07,0.00714947298324987
45.778501,6.7593369269034e-12,5.73185000932872e-11,3.09432312267584e-10,4.7217824721913e-09,6.5555610161386e-07,0.00712407486271701
45.796834,6.69631986544929e-12,5.67954908066325e-11,3.06670249288884e-10,4.68150883314054e-09,6.50615574335349e-07,0.00709875102889269
45.815167,6.63389084139047e-12,5.62772537787335e-11,3.03932816758075e-10,4.6415775855172e-09,6.45711866903782e-07,0.00707350134394042
45.8335,6.57204436214264e-12,5.57637454645628e-11,3.01219795272265e-10,4.60198582887045e-09,6.40844708398476e-07,0.00704832566986446
45.851833,6.51077498647969e-12,5.52549227164246e-11,2.98530967380644e-10,4.56273068722191e-09,6.3601382986293e-07,0.00702322386851249
45.870166,6.45007732405294e-12,5.475074278033e-11,2.95866117567144e-10,4.52380930886014e-09,6.31218964290834e-07,0.00699819580157853
45.888499,6.38994603491481e-12,5.42511632924029e-11,2.93225032233242e-10,4.4852188661367e-09,6.26459846612155e-07,0.00697324133060576
45.906832,6.33037582904704e-12,5.37561422753218e-11,2.90607499680923e-10,4.44695655526407e-09,6.21736213679356e-07,0.00694836031698924
45.925165,6.27136146589332e-12,5.32656381347919e-11,2.88013310095793e-10,4.40901959611515e-09,6.17047804253679e-07,0.0069235526219788
45.943498,6.21289775389624e-12,5.27796096560503e-11,2.85442255530336e-10,4.3714052320245e-09,6.12394358991539e-07,0.0068988181066817
45.961831,6.15497955003873e-12,5.22980160004034e-11,2.82894129887336e-10,4.33411072959126e-09,6.07775620431019e-07,0.00687415663206558
45.980164,6.09760175938955e-12,5.18208167017946e-11,2.8036872890342e-10,4.2971333784836e-09,6.0319133297844e-07,0.00684956805896095
45.998497,6.0407593346533e-12,5.13479716634047e-11,2.77865850132772e-10,4.26047049124492e-09,5.9864124289504e-07,0.0068250522480642
46.01683,5.98444727572442e-12,5.08794411542821e-11,2.75385292930974e-10,4.22411940310161e-09,5.94125098283741e-07,0.00680060905994008
46.035163,5.92866062924566e-12,5.04151858060057e-11,2.72926858439007e-10,4.18807747177253e-09,5.89642649076016e-07,0.00677623835502463
46.053496,5.87339448817031e-12,4.99551666093756e-11,2.70490349567373e-10,4.15234207727988e-09,5.8519364701883e-07,0.00675193999362771
46.071829,5.81864399132882e-12,4.94993449111357e-11,2.68075570980379e-10,4.11691062176179e-09,5.80777845661691e-07,0.00672771383593577
46.090162,5.76440432299941e-12,4.90476824107264e-11,2.65682329080543e-10,4.08178052928652e-09,5.76395000343782e-07,0.00670355974201453
46.108495,5.71067071248265e-12,4.86001411570656e-11,2.63310431993153e-10,4.04694924566804e-09,5.72044868181183e-07,0.00667947757181159
46.126828,5.65743843368013e-12,4.81566835453608e-11,2.60959689550953e-10,4.0124142382834e-09,5.67727208054189e-07,0.00665546718515913
46.145161,5.6047028046769e-12,4.77172723139482e-11,2.58629913278967e-10,3.97817299589132e-09,5.6344178059471e-07,0.00663152844177651
46.163494,5.55245918732802e-12,4.72818705411627e-11,2.56320916379462e-10,3.9442230284526e-09,5.59188348173755e-07,0.00660766120127292
46.181827,5.50070298684886e-12,4.68504416422349e-11,2.54032513717037e-10,3.91056186695178e-09,5.5496667488902e-07,0.00658386532314996
46.20016,5.44942965140936e-12,4.64229493662179e-11,2.51764521803857e-10,3.87718706322056e-09,5.50776526552548e-07,0.00656014066680429
46.218493,5.39863467173187e-12,4.59993577929403e-11,2.49516758784997e-10,3.84409618976236e-09,5.46617670678478e-07,0.00653648709153016
46.236826,5.34831358069303e-12,4.55796313299885e-11,2.47289044423941e-10,3.81128683957867e-09,5.42489876470884e-07,0.00651290445652199
46.255159,5.29846195292914e-12,4.5163734709716e-11,2.45081200088188e-10,3.77875662599665e-09,5.38392914811696e-07,0.00648939262087698
46.273492,5.24907540444547e-12,4.47516329862804e-11,2.42893048735004e-10,3.74650318249828e-09,5.34326558248712e-07,0.00646595144359762
46.291825,5.20014959222897e-12,4.43432915327062e-11,2.40724414897285e-10,3.71452416255084e-09,5.30290580983679e-07,0.0064425807835942
46.310158,5.15168021386482e-12,4.3938676037976e-11,2.38575124669554e-10,3.68281723943891e-09,5.26284758860473e-07,0.00641928049968738
46.328491,5.10366300715645e-12,4.35377525041471e-11,2.36445005694081e-10,3.65138010609772e-09,5.22308869353357e-07,0.00639605045061072
46.346824,5.05609374974916e-12,4.3140487243495e-11,2.34333887147125e-10,3.62021047494788e-09,5.18362691555314e-07,0.00637289049501306
46.365157,5.00896825875735e-12,4.2746846875683e-11,2.32241599725301e-10,3.58930607773158e-09,5.14446006166479e-07,0.00634980049146118
46.38349,4.96228239039502e-12,4.23567983249568e-11,2.30167975632063e-10,3.55866466535002e-09,5.10558595482628e-07,0.00632678029844211
46.401823,4.91603203960998e-12,4.19703088173658e-11,2.28112848564311e-10,3.52828400770233e-09,5.06700243383771e-07,0.0063038297743657
46.420156,4.87021313972134e-12,4.15873458780089e-11,2.26076053699114e-10,3.49816189352576e-09,5.02870735322806e-07,0.006280948777567
46.438489,4.82482166206048e-12,4.12078773283065e-11,2.24057427680558e-10,3.46829613023729e-09,4.99069858314274e-07,0.00625813716630877
46.456822,4.77985361561528e-12,4.08318712832957e-11,2.22056808606695e-10,3.43868454377644e-09,4.95297400923167e-07,0.00623539479878381
46.475155,4.73530504667774e-12,4.04592961489517e-11,2.2007403601663e-10,3.40932497844949e-09,4.91553153253834e-07,0.00621272153311747
46.493488,4.69117203849498e-12,4.00901206195331e-11,2.18108950877702e-10,3.38021529677501e-09,4.8783690693896e-07,0.00619011722736994
46.511821,4.64745071092341e-12,3.97243136749516e-11,2.16161395572792e-10,3.35135337933064e-09,4.8414845512862e-07,0.00616758173953878
46.530154,4.60413722008608e-12,3.93618445781649e-11,2.14231213887737e-10,3.32273712460112e-09,4.80487592479409e-07,0.00614511492756113
46.548487,4.56122775803346e-12,3.90026828725946e-11,2.1231825099886e-10,3.29436444882772e-09,4.7685411514365e-07,0.0061227166493162
46.56682,4.51871855240714e-12,3.86467983795668e-11,2.10422353460604e-10,3.26623328585877e-09,4.73247820758683e-07,0.0061003867626276
46.585153,4.47660586610689e-12,3.82941611957763e-11,2.08543369193287e-10,3.23834158700159e-09,4.69668508436218e-07,0.00607812512526556
46.603486,4.43488599696074e-12,3.79447416907746e-11,2.06681147470956e-10,3.21068732087555e-09,4.66115978751774e-07,0.00605593159494947
46.621819,4.39355527739813e-12,3.75985105044789e-11,2.0483553890935e-10,3.1832684732664e-09,4.62590033734185e-07,0.00603380602934999
46.640152,4.35261007412616e-12,3.72554385447064e-11,2.03006395453975e-10,3.15608304698184e-09,4.59090476855182e-07,0.00601174828609146
46.658485,4.3120467878089e-12,3.6915496984729e-11,2.0119357036828e-10,3.12912906170827e-09,4.55617113019047e-07,0.00598975822275416
46.676818,4.27186185274966e-12,3.65786572608516e-11,1.99396918221939e-10,3.10240455386877e-09,4.52169748552347e-07,0.00596783569687662
46.695151,4.23205173657625e-12,3.62448910700119e-11,1.9761629487924e-10,3.07590757648222e-09,4.48748191193727e-07,0.00594598056595782
46.713484,4.19261293992917e-12,3.5914170367402e-11,1.95851557487574e-10,3.04963619902363e-09,4.45352250083784e-07,0.0059241926874595
46.731817,4.15354199615276e-12,3.5586467364112e-11,1.94102564466025e-10,3.02358850728567e-09,4.41981735755013e-07,0.0059024719188084
46.75015,4.11483547098919e-12,3.52617545247952e-11,1.92369175494065e-10,2.99776260324129e-09,4.38636460121818e-07,0.00588081811739842
46.768483,4.07648996227544e-12,3.49400045653547e-11,1.9065125150035e-10,2.97215660490761e-09,4.35316236470599e-07,0.00585923114059298
46.786816,4.0385020996429e-12,3.46211904506501e-11,1.88948654651606e-10,2.94676864621074e-09,4.32020879449904e-07,0.00583771084572705
46.805149,4.00086854421999e-12,3.43052853922264e-11,1.8726124834163e-10,2.921596876852e-09,4.28750205060649e-07,0.00581625709010947
46.823482,3.96358598833747e-12,3.39922628460628e-11,1.85588897180372e-10,2.89663946217499e-09,4.25504030646417e-07,0.00579486973102509
46.841815,3.92665115523653e-12,3.36820965103429e-11,1.83931466983126e-10,2.87189458303406e-09,4.22282174883817e-07,0.00577354862573694
46.860148,3.89006079877961e-12,3.33747603232439e-11,1.82288824759811e-10,2.8473604356636e-09,4.19084457772906e-07,0.00575229363148842
46.878481,3.8538117031639e-12,3.30702284607471e-11,1.80660838704347e-10,2.82303523154859e-09,4.15910700627692e-07,0.00573110460550537
46.896814,3.8179006826376e-12,3.27684753344682e-11,1.79047378184129e-10,2.79891719729625e-09,4.12760726066693e-07,0.00570998140499826
46.915147,3.78232458121878e-12,3.24694755895072e-11,1.77448313729593e-10,2.77500457450865e-09,4.0963435800357e-07,0.00568892388716436
46.93348,3.74708027241685e-12,3.21732041023176e-11,1.75863517023871e-10,2.7512956196565e-09,4.06531421637816e-07,0.00566793190918973
46.951813,3.71216465895671e-12,3.18796359785955e-11,1.74292860892544e-10,2.72778860395392e-09,4.03451743445521e-07,0.00564700532825144
46.970146,3.67757467250543e-12,3.15887465511883e-11,1.72736219293482e-10,2.70448181323429e-09,4.00395151170199e-07,0.00562614400151956
46.988479,3.64330727340149e-12,3.13005113780214e-11,1.71193467306773e-10,2.68137354782717e-09,3.97361473813674e-07,0.00560534778615931
47.006812,3.60935945038664e-12,3.1014906240045e-11,1.69664481124748e-10,2.65846212243619e-09,3.94350541627042e-07,0.0055846165393331
47.025145,3.57572822034011e-12,3.07319071391986e-11,1.68149138042085e-10,2.63574586601803e-09,3.91362186101682e-07,0.00556395011820256
47.043478,3.54241062801546e-12,3.04514902963948e-11,1.66647316446012e-10,2.61322312166233e-09,3.88396239960342e-07,0.00554334837993062
47.061811,3.50940374577982e-12,3.01736321495212e-11,1.65158895806582e-10,2.59089224647269e-09,3.85452537148283e-07,0.0055228111816835
47.080144,3.47670467335563e-12,2.98983093514609e-11,1.63683756667056e-10,2.56875161144865e-09,3.8253091282449e-07,0.00550233838063278
47.098477,3.44431053756467e-12,2.96254987681303e-11,1.62221780634347e-10,2.54679960136862e-09,3.79631203352933e-07,0.00548192983395735
47.11681,3.41221849207467e-12,2.93551774765353e-11,1.60772850369569e-10,2.5250346146738e-09,3.76753246293907e-07,0.00546158539884545
47.135143,3.38042571714811e-12,2.90873227628452e-11,1.59336849578654e-10,2.50345506335311e-09,3.73896880395417e-07,0.0054413049324966
47.153476,3.34892941939356e-12,2.88219121204849e-11,1.57913663003068e-10,2.48205937282909e-09,3.71061945584639e-07,0.00542108829212367
47.171809,3.31772683151917e-12,2.85589232482426e-11,1.56503176410597e-10,2.46084598184467e-09,3.68248282959425e-07,0.00540093533495475
47.190142,3.28681521208857e-12,2.82983340483965e-11,1.5510527658622e-10,2.43981334235099e-09,3.65455734779883e-07,0.0053808459182351
47.208475,3.25619184527903e-12,2.80401226248582e-11,1.53719851323059e-10,2.41895991939612e-09,3.62684144460003e-07,0.00536081989922918
47.226808,3.22585404064192e-12,2.77842672813326e-11,1.5234678941342e-10,2.39828419101467e-09,3.59933356559357e-07,0.00534085713522247
47.245141,3.19579913286535e-12,2.75307465194951e-11,1.50985980639901e-10,2.37778464811846e-09,3.57203216774844e-07,0.00532095748352346
47.263474,3.16602448153906e-12,2.72795390371849e-11,1.49637315766585e-10,2.35745979438792e-09,3.54493571932501e-07,0.00530112080146552
47.281807,3.13652747092154e-12,2.70306237266153e-11,1.4830068653031e-10,2.33730814616454e-09,3.51804269979369e-07,0.00528134694640879
47.30014,3.10730550970928e-12,2.67839796725999e-11,1.4697598563202e-10,2.31732823234418e-09,3.49135159975416e-07,0.00526163577574209
47.318473,3.07835603080825e-12,2.65395861507956e-11,1.45663106728187e-10,2.29751859427129e-09,3.46486092085525e-07,0.00524198714688477
47.336806,3.04967649110742e-12,2.62974226259607e-11,1.44361944422313e-10,2.27787778563394e-09,3.43856917571522e-07,0.00522240091728857
47.355139,3.0212643712545e-12,2.60574687502299e-11,1.43072394256505e-10,2.25840437235986e-09,3.4124748878428e-07,0.00520287694443949
47.373472,2.99311717543372e-12,2.58197043614043e-11,1.41794352703128e-10,2.23909693251326e-09,3.38657659155863e-07,0.0051834150858596
47.391805,2.9652324311457e-12,2.55841094812571e-11,1.40527717156533e-10,2.21995405619252e-09,3.36087283191734e-07,0.00516401519910887
47.410138,2.93760768898943e-12,2.53506643138555e-11,1.3927238592485e-10,2.2009743454288e-09,3.33536216463018e-07,0.00514467714178703
47.428471,2.9102405224462e-12,2.51193492438967e-11,1.38028258221864e-10,2.1821564140854e-09,3.31004315598815e-07,0.00512540077153533
47.446804,2.88312852766564e-12,2.48901448350602e-11,1.3679523415896e-10,2.16349888775809e-09,3.28491438278571e-07,0.0051061859460383
47.465137,2.85626932325368e-12,2.46630318283741e-11,1.35573214737133e-10,2.14500040367615e-09,3.25997443224502e-07,0.00508703252302563
47.48347,2.82966055006264e-12,2.44379911405978e-11,1.34362101839083e-10,2.12665961060435e-09,3.23522190194076e-07,0.00506794036027387
47.501803,2.80329987098307e-12,2.42150038626175e-11,1.33161798221363e-10,2.10847516874565e-09,3.21065539972536e-07,0.00504890931560822
47.520136,2.77718497073773e-12,2.39940512578579e-11,1.31972207506613e-10,2.09044574964483e-09,3.18627354365492e-07,0.00502993924690427
47.538469,2.7513135556774e-12,2.37751147607076e-11,1.3079323417585e-10,2.07257003609279e-09,3.16207496191552e-07,0.0050110300120897
47.556802,2.72568335357864e-12,2.35581759749597e-11,1.29624783560835e-10,2.05484672203183e-09,3.13805829275015e-07,0.00499218146914614
47.575135,2.70029211344342e-12,2.33432166722652e-11,1.28466761836506e-10,2.03727451246154e-09,3.1142221843861e-07,0.00497339347611071
47.593468,2.67513760530065e-12,2.31302187906019e-11,1.27319076013473e-10,2.0198521233456e-09,3.09056529496286e-07,0.00495466589107786
47.611801,2.65021762000953e-12,2.29191644327567e-11,1.26181633930587e-10,2.00257828151932e-09,3.06708629246056e-07,0.00493599857220101
47.630134,2.62552996906478e-12,2.27100358648216e-11,1.25054344247571e-10,1.98545172459799e-09,3.04378385462895e-07,0.00491739137769423
47.648467,2.60107248440372e-12,2.25028155147037e-11,1.23937116437719e-10,1.96847120088593e-09,3.02065666891678e-07,0.00489884416583399
47.6668,2.57684301821504e-12,2.22974859706488e-11,1.22829860780652e-10,1.9516354692864e-09,2.9977034324018e-07,0.0048803567949607
47.685133,2.55283944274946e-12,2.20940299797781e-11,1.21732488355154e-10,1.93494329921216e-09,2.97492285172114e-07,0.00486192912348046
47.703466,2.52905965013218e-12,2.18924304466388e-11,1.20644911032052e-10,1.91839347049684e-09,2.95231364300229e-07,0.00484356100986669
47.721799,2.505501552177e-12,2.16926704317675e-11,1.19567041467179e-10,1.90198477330713e-09,2.92987453179452e-07,0.00482525231266173
47.740132,2.48216308020225e-12,2.1494733150267e-11,1.18498793094382e-10,1.8857160080555e-09,2.90760425300076e-07,0.00480700289047849
47.758465,2.45904218484838e-12,2.12986019703956e-11,1.17440080118605e-10,1.86958598531386e-09,2.88550155081002e-07,0.00478881260200202
47.776798,2.43613683589732e-12,2.11042604121701e-11,1.16390817509026e-10,1.85359352572786e-09,2.86356517863024e-07,0.0047706813059912
47.795131,2.41344502209354e-12,2.09116921459806e-11,1.15350920992259e-10,1.83773745993189e-09,2.8417938990217e-07,0.00475260886128023
47.813464,2.39096475096668e-12,2.07208809912189e-11,1.14320307045614e-10,1.82201662846481e-09,2.82018648363073e-07,0.00473459512678027
47.831797,2.36869404865594e-12,2.05318109149183e-11,1.13298892890419e-10,1.80642988168642e-09,2.79874171312413e-07,0.00471663996148101
47.85013,2.34663095973612e-12,2.0344466030407e-11,1.12286596485398e-10,1.79097607969461e-09,2.77745837712383e-07,0.00469874322445218
47.868463,2.32477354704518e-12,2.01588305959727e-11,1.11283336520111e-10,1.77565409224316e-09,2.75633527414215e-07,0.00468090477484518
47.886796,2.30311989151358e-12,1.99748890135407e-11,1.10289032408453e-10,1.76046279866033e-09,2.73537121151752e-07,0.00466312447189454
47.905129,2.28166809199504e-12,1.97926258273621e-11,1.09303604282206e-10,1.74540108776802e-09,2.71456500535056e-07,0.0046454021749195
47.923462,2.26041626509901e-12,1.96120257227163e-11,1.08326972984654e-10,1.7304678578017e-09,2.6939154804407e-07,0.00462773774332553
47.941795,2.23936254502465e-12,1.94330735246232e-11,1.0735906006425e-10,1.71566201633099e-09,2.67342147022323e-07,0.00461013103660577
47.960128,2.21850508339641e-12,1.92557541965689e-11,1.06399787768343e-10,1.70098248018085e-09,2.65308181670679e-07,0.00459258191434266
47.978461,2.19784204910109e-12,1.90800528392418e-11,1.05449079036957e-10,1.68642817535351e-09,2.63289537041129e-07,0.00457509023620926
47.996794,2.17737162812645e-12,1.89059546892807e-11,1.0450685749663e-10,1.67199803695103e-09,2.61286099030631e-07,0.00455765586197089
48.015127,2.15709202340136e-12,1.87334451180346e-11,1.03573047454303e-10,1.65769100909847e-09,2.59297754374991e-07,0.0045402786514865
48.03346,2.13700145463741e-12,1.8562509630333e-11,1.02647573891268e-10,1.64350604486776e-09,2.57324390642787e-07,0.00452295846471013
48.051793,2.11709815817203e-12,1.83931338632686e-11,1.01730362457164e-10,1.6294421062022e-09,2.5536589622934e-07,0.00450569516169244
48.070126,2.09738038681302e-12,1.82253035849899e-11,1.00821339464031e-10,1.61549816384157e-09,2.53422160350722e-07,0.00448848860258205
48.088459,2.07784640968461e-12,1.80590046935058e-11,9.99204318804154e-11,1.60167319724788e-09,2.51493073037812e-07,0.00447133864762701
48.106792,2.05849451207491e-12,1.78942232155e-11,9.90275673255292e-11,1.58796619453174e-09,2.49578525130391e-07,0.00445424515717625
48.125125,2.03932299528485e-12,1.77309453051578e-11,9.8142674063458e-11,1.57437615237939e-09,2.47678408271282e-07,0.00443720799168093
48.143458,2.02033017647844e-12,1.75691572430022e-11,9.72656809974222e-11,1.56090207598026e-09,2.45792614900531e-07,0.00442022701169588
48.161791,2.00151438853447e-12,1.74088454347408e-11,9.63965176640897e-11,1.54754297895523e-09,2.43921038249621e-07,0.00440330207788097
48.180124,1.98287397989965e-12,1.72499964101241e-11,9.55351142279387e-11,1.53429788328542e-09,2.42063572335746e-07,0.00438643305100249
48.198457,1.9644073144431e-12,1.70925968218137e-11,9.46814014756712e-11,1.52116581924162e-09,2.40220111956105e-07,0.00436961979193455
48.21679,1.94611277131211e-12,1.69366334442601e-11,9.38353108106739e-11,1.50814582531433e-09,2.38390552682251e-07,0.0043528621616604
48.235123,1.92798874478938e-12,1.67820931725922e-11,9.29967742475311e-11,1.4952369481443e-09,2.36574790854473e-07,0.00433616002127377
48.253456,1.91003364415152e-12,1.66289630215156e-11,9.21657244065853e-11,1.48243824245376e-09,2.34772723576223e-07,0.00431951323198028
48.271789,1.89224589352893e-12,1.64772301242218e-11,9.13420945085448e-11,1.46974877097818e-09,2.32984248708577e-07,0.00430292165509871
48.290122,1.87462393176689e-12,1.6326881731307e-11,9.05258183691429e-11,1.45716760439858e-09,2.3120926486474e-07,0.00428638515206233
48.308455,1.85716621228809e-12,1.61779052097007e-11,8.97168303938395e-11,1.44469382127448e-09,2.29447671404591e-07,0.00426990358442022
48.326788,1.8398712029563e-12,1.60302880416045e-11,8.89150655725739e-11,1.43232650797729e-09,2.2769936842926e-07,0.00425347681383859
48.345121,1.82273738594144e-12,1.588401782344e-11,8.81204594745624e-11,1.42006475862444e-09,2.2596425677575e-07,0.00423710470210202
48.363454,1.80576325758585e-12,1.57390822648066e-11,8.73329482431434e-11,1.40790767501388e-09,2.24242238011601e-07,0.00422078711111483
48.381787,1.78894732827181e-12,1.55954691874491e-11,8.6552468590666e-11,1.39585436655926e-09,2.22533214429578e-07,0.00420452390290227
48.40012,1.77228812229033e-12,1.54531665242339e-11,8.57789577934266e-11,1.38390395022559e-09,2.20837089042413e-07,0.00418831493961181
48.418453,1.7557841777111e-12,1.53121623181357e-11,8.50123536866485e-11,1.37205555046546e-09,2.1915376557757e-07,0.00417216008351442
48.436786,1.73943404625379e-12,1.51724447212321e-11,8.42525946595087e-11,1.36030829915579e-09,2.17483148472063e-07,0.00415605919700579
48.455119,1.72323629316039e-12,1.50340019937088e-11,8.34996196502054e-11,1.34866133553515e-09,2.15825142867297e-07,0.00414001214260756
48.473452,1.70718949706887e-12,1.48968225028726e-11,8.27533681410721e-11,1.33711380614153e-09,2.14179654603952e-07,0.0041240187829686
48.491785,1.69129224988798e-12,1.47608947221741e-11,8.2013780153734e-11,1.32566486475071e-09,2.12546590216903e-07,0.00410807898086616
48.510118,1.67554315667316e-12,1.46262072302393e-11,8.12807962443077e-11,1.31431367231511e-09,2.10925856930176e-07,0.0040921925992071
48.528451,1.65994083550379e-12,1.44927487099099e-11,8.05543574986445e-11,1.30305939690315e-09,2.09317362651945e-07,0.00407635950102912
48.546784,1.64448391736131e-12,1.43605079472922e-11,7.98344055276133e-11,1.29190121363915e-09,2.07721015969551e-07,0.00406057954950192
48.565117,1.62917104600877e-12,1.42294738308152e-11,7.91208824624283e-11,1.28083830464369e-09,2.06136726144573e-07,0.00404485260792838
48.58345,1.61400087787131e-12,1.40996353502964e-11,7.84137309500169e-11,1.26986985897453e-09,2.04564403107922e-07,0.00402917853974576
48.601783,1.59897208191785e-12,1.39709815960173e-11,7.77128941484296e-11,1.25899507256798e-09,2.03003957454979e-07,0.00401355720852682
48.620116,1.58408333954384e-12,1.38435017578062e-11,7.7018315722289e-11,1.24821314818077e-09,2.01455300440761e-07,0.00399798847798102
48.638449,1.56933334445515e-12,1.371718512413e-11,7.63299398382811e-11,1.23752329533244e-09,1.99918343975124e-07,0.00398247221195562
48.656782,1.55472080255299e-12,1.35920210811944e-11,7.56477111606859e-11,1.22692473024815e-09,1.98393000617999e-07,0.00396700827443689
48.675115,1.54024443181998e-12,1.34679991120517e-11,7.49715748469471e-11,1.21641667580209e-09,1.96879183574668e-07,0.0039515965295511
48.693448,1.52590296220723e-12,1.33451087957176e-11,7.43014765432839e-11,1.2059983614612e-09,1.95376806691066e-07,0.00393623684156581
48.711781,1.51169513552249e-12,1.32233398062951e-11,7.36373623803371e-11,1.19566902322954e-09,1.93885784449121e-07,0.00392092907489086
48.730114,1.49761970531935e-12,1.31026819121069e-11,7.29791789688584e-11,1.18542790359296e-09,1.92406031962123e-07,0.00390567309407948
48.748447,1.48367543678747e-12,1.2983124974836e-11,7.23268733954357e-11,1.17527425146437e-09,1.90937464970135e-07,0.00389046876382944
48.76678,1.46986110664385e-12,1.28646589486736e-11,7.16803932182574e-11,1.16520732212942e-09,1.89479999835427e-07,0.00387531594898411
48.785113,1.45617550302514e-12,1.27472738794752e-11,7.10396864629131e-11,1.1552263771926e-09,1.88033553537948e-07,0.00386021451453349
48.803446,1.44261742538084e-12,1.26309599039237e-11,7.04047016182331e-11,1.14533068452385e-09,1.86598043670828e-07,0.00384516432561531
48.821779,1.4291856843677e-12,1.25157072487013e-11,6.97753876321637e-11,1.13551951820561e-09,1.85173388435916e-07,0.00383016524751611
48.840112,1.41587910174491e-12,1.24015062296679e-11,6.9151693907681e-11,1.12579215848029e-09,1.83759506639345e-07,0.00381521714567226
48.858445,1.40269651027039e-12,1.22883472510473e-11,6.85335702987379e-11,1.11614789169817e-09,1.82356317687135e-07,0.00380031988567099
48.876778,1.389636753598e-12,1.21762208046212e-11,6.79209671062504e-11,1.10658601026583e-09,1.80963741580817e-07,0.00378547333325144
48.895111,1.37669868617575e-12,1.20651174689301e-11,6.73138350741175e-11,1.09710581259489e-09,1.79581698913101e-07,0.00377067735430567
48.913444,1.3638811731449e-12,1.19550279084817e-11,6.67121253852774e-11,1.08770660305125e-09,1.78210110863565e-07,0.00375593181487971
48.931777,1.35118309024009e-12,1.18459428729665e-11,6.6115789657799e-11,1.07838769190478e-09,1.76848899194383e-07,0.0037412365811745
48.95011,1.33860332369032e-12,1.17378531964806e-11,6.55247799410069e-11,1.06914839527936e-09,1.75497986246077e-07,0.00372659151954694
48.968443,1.32614077012091e-12,1.16307497967553e-11,6.49390487116419e-11,1.05998803510342e-09,1.741572949333e-07,0.00371199649651087
48.986776,1.31379433645634e-12,1.15246236743941e-11,6.43585488700556e-11,1.05090593906082e-09,1.72826748740655e-07,0.00369745137873802
49.005109,1.30156293982407e-12,1.14194659121166e-11,6.37832337364391e-11,1.04190144054223e-09,1.71506271718539e-07,0.00368295603305903
49.023442,1.28944550745914e-12,1.13152676740094e-11,6.32130570470837e-11,1.0329738785968e-09,1.70195788479017e-07,0.00366851032646436
49.041775,1.27744097660977e-12,1.12120202047829e-11,6.26479729506767e-11,1.02412259788439e-09,1.68895224191726e-07,0.0036541141261053
49.060108,1.26554829444381e-12,1.11097148290365e-11,6.2087936004629e-11,1.01534694862806e-09,1.67604504579811e-07,0.00363976729929485
49.078441,1.25376641795603e-12,1.10083429505293e-11,6.15329011714366e-11,1.00664628656706e-09,1.66323555915888e-07,0.00362546971350874
49.096774,1.24209431387635e-12,1.09078960514577e-11,6.09828238150722e-11,9.9801997291014e-10,1.65052305018033e-07,0.0036112212363863
49.115107,1.23053095857882e-12,1.08083656917398e-11,6.04376596974115e-11,9.89467374289318e-10,1.63790679245806e-07,0.0035970217357314
49.13344,1.21907533799159e-12,1.07097435083062e-11,5.98973649746893e-11,9.80987862714e-10,1.62538606496301e-07,0.00358287107951335
49.151773,1.20772644750757e-12,1.06120212143973e-11,5.93618961939883e-11,9.72580815525492e-10,1.61296015200218e-07,0.00356876913586783
49.170106,1.19648329189608e-12,1.0515190598867e-11,5.8831210289759e-11,9.64245615351913e-10,1.60062834317976e-07,0.00355471577309781
49.188439,1.18534488521519e-12,1.04192435254927e-11,5.83052645803694e-11,9.55981650063453e-10,1.58838993335844e-07,0.00354071085967435
49.206772,1.17431025072498e-12,1.03241719322919e-11,5.7784016764687e-11,9.47788312728043e-10,1.576244222621e-07,0.00352675426423758
49.225105,1.16337842080154e-12,1.02299678308444e-11,5.726742491869e-11,9.39665001567376e-10,1.56419051623222e-07,0.00351284585559751
49.243438,1.15254843685182e-12,1.01366233056213e-11,5.67554474921097e-11,9.31611119913321e-10,1.55222812460109e-07,0.00349898550273495
49.261771,1.14181934922928e-12,1.00441305133198e-11,5.62480433051017e-11,9.23626076164668e-10,1.54035636324317e-07,0.00348517307480231
49.280104,1.13119021715025e-12,9.9524816822044e-12,5.57451715449469e-11,9.15709283744275e-10,1.52857455274333e-07,0.00347140844112448
49.298437,1.12066010861121e-12,9.86166911145358e-12,5.52467917627828e-11,9.07860161056556e-10,1.51688201871877e-07,0.00345769147119968
49.31677,1.1102281003067e-12,9.77168517051281e-12,5.47528638703626e-11,9.00078131445327e-10,1.50527809178215e-07,0.00344402203470026
49.335103,1.09989327754813e-12,9.6825222984536e-12,5.42633481368444e-11,8.92362623152025e-10,1.49376210750523e-07,0.00343040000147358
49.353436,1.0896547341832e-12,9.59417300333789e-12,5.37782051856075e-11,8.84713069274249e-10,1.48233340638254e-07,0.00341682524154279
49.371769,1.07951157251623e-12,9.50662986158871e-12,5.32973959910982e-11,8.77128907724675e-10,1.47099133379544e-07,0.00340329762510763
49.390102,1.06946290322913e-12,9.41988551736636e-12,5.2820881875703e-11,8.69609581190308e-10,1.45973523997639e-07,0.00338981702254528
49.408435,1.05950784530315e-12,9.33393268195043e-12,5.23486245066508e-11,8.62154537092087e-10,1.44856447997354e-07,0.00337638330441111
49.426768,1.04964552594133e-12,9.2487641331272e-12,5.188058589294e-11,8.54763227544807e-10,1.43747841361549e-07,0.00336299634143949
49.445101,1.03987508049172e-12,9.16437271458291e-12,5.14167283822963e-11,8.47435109317403e-10,1.42647640547631e-07,0.00334965600454458
49.463434,1.0301956523713e-12,9.08075133530236e-12,5.09570146581548e-11,8.40169643793558e-10,1.41555782484093e-07,0.00333636216482107
49.481767,1.0206063929906e-12,8.99789296897325e-12,5.05014077366711e-11,8.32966296932652e-10,1.40472204567063e-07,0.00332311469354498
49.5001,1.011106461679e-12,8.91579065339559e-12,5.00498709637566e-11,8.25824539231017e-10,1.39396844656882e-07,0.0033099134621744
49.518433,1.00169502561083e-12,8.8344374898968e-12,4.9602368012143e-11,8.18743845683548e-10,1.38329641074717e-07,0.00329675834235023
49.536766,9.92371259732016e-13,8.75382664275206e-12,4.91588628784701e-11,8.1172369574562e-10,1.37270532599182e-07,0.00328364920589695
49.555099,9.83134346687546e-13,8.67395133860986e-12,4.87193198804017e-11,8.04763573295325e-10,1.36219458462995e-07,0.00327058592482332
49.573432,9.73983476749529e-13,8.59480486592303e-12,4.82837036537664e-11,7.97862966596046e-10,1.35176358349656e-07,0.00325756837132318
49.591765,9.64917847745949e-13,8.51638057438459e-12,4.78519791497229e-11,7.91021368259319e-10,1.34141172390145e-07,0.00324459641777606
49.610098,9.559366649901e-13,8.43867187436908e-12,4.7424111631952e-11,7.84238275208027e-10,1.33113841159653e-07,0.00323166993674798
49.628431,9.47039141210667e-13,8.36167223637881e-12,4.70000666738729e-11,7.775131886399e-10,1.32094305674323e-07,0.00321878880099212
49.646764,9.38224496482473e-13,8.28537519049536e-12,4.65798101558841e-11,7.70845613991328e-10,1.31082507388031e-07,0.00320595288344955
49.665097,9.29491958157845e-13,8.2097743258357e-12,4.61633082626293e-11,7.64235060901463e-10,1.30078388189172e-07,0.00319316205724986
49.68343,9.2084076079866e-13,8.13486329001371e-12,4.5750527480287e-11,7.57681043176638e-10,1.29081890397486e-07,0.00318041619571192
49.701763,9.12270146108994e-13,8.06063578860631e-12,4.53414345938846e-11,7.51183078755085e-10,1.28092956760897e-07,0.0031677151723445
49.720096,9.03779362868433e-13,7.98708558462469e-12,4.49359966846373e-11,7.4474068967195e-10,1.27111530452375e-07,0.00315505886084697
49.738429,8.95367666865964e-13,7.91420649799009e-12,4.45341811273084e-11,7.3835340202459e-10,1.26137555066826e-07,0.00314244713510993
49.756762,8.87034320834528e-13,7.84199240501462e-12,4.41359555875953e-11,7.32020745938183e-10,1.25170974618e-07,0.00312987986921593
49.775095,8.7877859438616e-13,7.77043723788668e-12,4.37412880195376e-11,7.25742255531615e-10,1.24211733535421e-07,0.00311735693744002
49.793428,8.70599763947737e-13,7.69953498416111e-12,4.33501466629487e-11,7.19517468883658e-10,1.23259776661344e-07,0.00310487821425049
49.811761,8.62497112697346e-13,7.62927968625407e-12,4.29625000408703e-11,7.1334592799944e-10,1.22315049247726e-07,0.00309244357430947
49.830094,8.54469930501209e-13,7.55966544094231e-12,4.25783169570487e-11,7.07227178777178e-10,1.21377496953229e-07,0.00308005289247353
49.848427,8.46517513851242e-13,7.49068639886724e-12,4.21975664934351e-11,7.01160770975216e-10,1.20447065840235e-07,0.00306770604379431
49.86676,8.38639165803158e-13,7.42233676404339e-12,4.18202180077063e-11,6.95146258179323e-10,1.19523702371887e-07,0.00305540290351917
49.885093,8.30834195915191e-13,7.35461079337154e-12,4.14462411308095e-11,6.89183197770286e-10,1.18607353409154e-07,0.00304314334709176
49.903426,8.23101920187343e-13,7.28750279615592e-12,4.1075605764527e-11,6.83271150891748e-10,1.17697966207909e-07,0.00303092725015264
49.921759,8.15441661001239e-13,7.22100713362623e-12,4.07082820790636e-11,6.77409682418343e-10,1.1679548841604e-07,0.00301875448853985
49.940092,8.07852747060531e-13,7.15511821846377e-12,4.03442405106557e-11,6.7159836092409e-10,1.15899868070568e-07,0.00300662493828952
49.958425,8.00334513331849e-13,7.08983051433196e-12,3.99834517592007e-11,6.65836758651048e-10,1.15011053594797e-07,0.00299453847563646
49.976758,7.9288630098633e-13,7.02513853541123e-12,3.9625886785909e-11,6.60124451478257e-10,1.14128993795482e-07,0.00298249497701468
49.995091,7.85507457341657e-13,6.96103684593792e-12,3.92715168109748e-11,6.54461018890904e-10,1.13253637860011e-07,0.00297049431905802
50.013424,7.78197335804673e-13,6.89752005974768e-12,3.89203133112695e-11,6.48846043949789e-10,1.12384935353617e-07,0.00295853637860067
50.031757,7.70955295814512e-13,6.83458283982279e-12,3.85722480180548e-11,6.43279113261017e-10,1.115228362166e-07,0.00294662103267773
50.05009,7.63780702786278e-13,6.77221989784385e-12,3.82272929147165e-11,6.37759816945974e-10,1.10667290761584e-07,0.00293474815852576
50.068423,7.56672928055225e-13,6.71042599374526e-12,3.78854202345176e-11,6.32287748611528e-10,1.09818249670773e-07,0.00292291763358333
50.086756,7.49631348821484e-13,6.64919593527503e-12,3.75466024583726e-11,6.26862505320502e-10,1.08975663993246e-07,0.00291112933549153
50.105089,7.42655348095294e-13,6.58852457755847e-12,3.72108123126407e-11,6.21483687562386e-10,1.08139485142259e-07,0.00289938314209451
50.123422,7.35744314642755e-13,6.52840682266595e-12,3.68780227669396e-11,6.16150899224307e-10,1.07309664892578e-07,0.00288767893144003
50.141755,7.28897642932066e-13,6.46883761918441e-12,3.65482070319771e-11,6.10863747562225e-10,1.06486155377815e-07,0.00287601658177989
50.160088,7.22114733080294e-13,6.40981196179303e-12,3.6221338557404e-11,6.05621843172393e-10,1.056689090878e-07,0.00286439597157056
50.178421,7.1539499080062e-13,6.35132489084261e-12,3.58973910296846e-11,6.00424799963046e-10,1.04857878865964e-07,0.00285281697947354
50.196754,7.08737827350084e-13,6.29337149193883e-12,3.55763383699866e-11,5.95272235126327e-10,1.04053017906736e-07,0.00284127948435597
50.215087,7.02142659477832e-13,6.23594689552938e-12,3.52581547320907e-11,5.90163769110465e-10,1.03254279752972e-07,0.00282978336529108
50.23342,6.95608909373815e-13,6.17904627649471e-12,3.49428145003168e-11,5.85099025592168e-10,1.02461618293393e-07,0.00281832850155865
50.251753,6.89136004618001e-13,6.12266485374262e-12,3.46302922874706e-11,5.8007763144926e-10,1.01674987760039e-07,0.00280691477264551
50.270086,6.82723378130039e-13,6.06679788980653e-12,3.43205629328076e-11,5.7509921673355e-10,1.00894342725751e-07,0.00279554205824599
50.288419,6.76370468119414e-13,6.01144069044748e-12,3.40136015000152e-11,5.70163414643931e-10,1.00119638101667e-07,0.00278421023826243
50.306752,6.70076718036039e-13,5.95658860425959e-12,3.37093832752129e-11,5.65269861499695e-10,9.93508291347306e-08,0.00277291919280557
50.325085,6.63841576521339e-13,5.90223702227928e-12,3.34078837649704e-11,5.60418196714085e-10,9.85878714052268e-08,0.00276166880219506
50.343418,6.57664497359771e-13,5.84838137759796e-12,3.31090786943429e-11,5.55608062768066e-10,9.78307208243293e-08,0.00275045894695984
50.361751,6.51544939430814e-13,5.79501714497841e-12,3.28129440049247e-11,5.50839105184321e-10,9.70793336316687e-08,0.00273928950783867
50.380084,6.45482366661387e-13,5.74213984047439e-12,3.25194558529195e-11,5.46110972501458e-10,9.63336663929158e-08,0.00272816036578047
50.398417,6.39476247978729e-13,5.68974502105396e-12,3.22285906072274e-11,5.41423316248443e-10,9.55936759973851e-08,0.00271707140194481
50.41675,6.33526057263718e-13,5.63782828422615e-12,3.19403248475506e-11,5.36775790919248e-10,9.48593196556537e-08,0.00270602249770229
50.435083,6.27631273304612e-13,5.58638526767099e-12,3.16546353625138e-11,5.32168053947706e-10,9.4130554897198e-08,0.002695013534635
50.453416,6.21791379751246e-13,5.53541164887309e-12,3.13714991478036e-11,5.27599765682594e-10,9.34073395680486e-08,0.00268404439453687
50.471749,6.16005865069629e-13,5.48490314475828e-12,3.10908934043222e-11,5.23070589362901e-10,9.26896318284599e-08,0.00267311495941412
50.490082,6.10274222496988e-13,5.4348555113338e-12,3.08127955363592e-11,5.18580191093336e-10,9.19773901505987e-08,0.00266222511148566
50.508415,6.0459594999722e-13,5.3852645433317e-12,3.05371831497788e-11,5.14128239820012e-10,9.12705733162484e-08,0.00265137473318341
50.526748,5.98970550216774e-13,5.33612607385551e-12,3.02640340502243e-11,5.09714407306367e-10,9.0569140414531e-08,0.00264056370715279
50.545081,5.9339753044092e-13,5.28743597403008e-12,2.99933262413362e-11,5.05338368109255e-10,8.98730508396438e-08,0.00262979191625302
50.563414,5.87876402550452e-13,5.23919015265463e-12,2.97250379229891e-11,5.00999799555267e-10,8.9182264288614e-08,0.00261905924355754
50.581747,5.82406682978784e-13,5.19138455585903e-12,2.94591474895421e-11,4.96698381717234e-10,8.84967407590694e-08,0.00260836557235432
50.60008,5.76987892669448e-13,5.14401516676316e-12,2.91956335281055e-11,4.9243379739094e-10,8.7816440547024e-08,0.0025977107861463
50.618413,5.71619557033995e-13,5.09707800513941e-12,2.89344748168238e-11,4.88205732072029e-10,8.71413242446827e-08,0.00258709476865169
50.636746,5.66301205910273e-13,5.05056912707819e-12,2.86756503231722e-11,4.84013873933096e-10,8.64713527382575e-08,0.00257651740380435
50.655079,5.61032373521116e-13,5.00448462465656e-12,2.84191392022696e-11,4.79857913800989e-10,8.58064872058034e-08,0.00256597857575409
50.673412,5.55812598433405e-13,4.95882062560989e-12,2.81649207952065e-11,4.75737545134288e-10,8.51466891150678e-08,0.00255547816886707
50.691745,5.5064142351752e-13,4.91357329300649e-12,2.79129746273871e-11,4.71652464000993e-10,8.44919202213575e-08,0.00254501606772611
50.710078,5.45518395907161e-13,4.86873882492519e-12,2.7663280406887e-11,4.67602369056371e-10,8.3842142565418e-08,0.002534592157131
50.728411,5.40443066959554e-13,4.82431345413587e-12,2.74158180228248e-11,4.63586961521021e-10,8.3197318471332e-08,0.00252420632209885
50.746744,5.35414992216019e-13,4.78029344778294e-12,2.71705675437483e-11,4.59605945159102e-10,8.25574105444295e-08,0.00251385844786437
50.765077,5.30433731362928e-13,4.73667510707173e-12,2.69275092160363e-11,4.55659026256765e-10,8.19223816692172e-08,0.00250354841988024
50.78341,5.25498848192991e-13,4.69345476695759e-12,2.66866234623124e-11,4.51745913600744e-10,8.12921950073179e-08,0.00249327612381735
50.801743,5.20609910566941e-13,4.65062879583802e-12,2.64478908798747e-11,4.47866318457146e-10,8.06668139954297e-08,0.00248304144556517
50.820076,5.15766490375553e-13,4.60819359524749e-12,2.62112922391389e-11,4.44019954550416e-10,8.00462023432966e-08,0.00247284427123198
50.838409,5.10968163502029e-13,4.56614559955508e-12,2.5976808482095e-11,4.40206538042472e-10,7.94303240316956e-08,0.0024626844871452
50.856742,5.06214509784734e-13,4.52448127566493e-12,2.57444207207787e-11,4.36425787512032e-10,7.88191433104388e-08,0.00245256197985168
50.875075,5.01505112980272e-13,4.48319712271926e-12,2.55141102357548e-11,4.32677423934098e-10,7.82126246963876e-08,0.00244247663611794
50.893408,4.96839560726913e-13,4.44228967180429e-12,2.52858584746156e-11,4.28961170659623e-10,7.76107329714837e-08,0.00243242834293048
50.911741,4.92217444508366e-13,4.40175548565875e-12,2.50596470504918e-11,4.25276753395351e-10,7.70134331807936e-08,0.00242241698749604
50.930074,4.87638359617885e-13,4.36159115838508e-12,2.48354577405775e-11,4.21623900183828e-10,7.6420690630568e-08,0.00241244245724188
50.948407,4.83101905122704e-13,4.3217933151632e-12,2.46132724846669e-11,4.1800234138357e-10,7.58324708863133e-08,0.00240250463981599
50.96674,4.78607683828821e-13,4.28235861196696e-12,2.43930733837057e-11,4.14411809649416e-10,7.52487397708793e-08,0.00239260342308739
50.985073,4.74155302246093e-13,4.24328373528317e-12,2.41748426983541e-11,4.10852039913034e-10,7.46694633625599e-08,0.00238273869514636
51.003406,4.69744370553676e-13,4.20456540183321e-12,2.39585628475636e-11,4.073227693636e-10,7.40946079932082e-08,0.00237291034430469
51.021739,4.65374502565765e-13,4.16620035829706e-12,2.37442164071653e-11,4.03823737428635e-10,7.35241402463634e-08,0.00236311825909593
51.040072,4.61045315697676e-13,4.12818538104004e-12,2.35317861084721e-11,4.00354685755005e-10,7.29580269553941e-08,0.00235336232827558
51.058405,4.5675643093223e-13,4.09051727584186e-12,2.33212548368923e-11,3.96915358190086e-10,7.23962352016532e-08,0.00234364244082136
51.076738,4.52507472786459e-13,4.05319287762827e-12,2.31126056305561e-11,3.93505500763079e-10,7.18387323126466e-08,0.00233395848593342
51.095071,4.48298069278623e-13,4.01620905020515e-12,2.29058216789542e-11,3.90124861666501e-10,7.12854858602164e-08,0.00232431035303457
51.113404,4.44127851895527e-13,3.97956268599491e-12,2.27008863215882e-11,3.86773191237805e-10,7.07364636587345e-08,0.00231469793177046
51.131737,4.39996455560152e-13,3.94325070577539e-12,2.24977830466339e-11,3.83450241941181e-10,7.01916337633129e-08,0.00230512111200981
51.15007,4.35903518599584e-13,3.90727005842118e-12,2.2296495489615e-11,3.80155768349498e-10,6.96509644680242e-08,0.00229557978384464
51.168403,4.31848682713251e-13,3.87161772064724e-12,2.20970074320908e-11,3.76889527126405e-10,6.91144243041373e-08,0.00228607383759042
51.186736,4.27831592941437e-13,3.83629069675478e-12,2.18993028003528e-11,3.73651277008573e-10,6.85819820383636e-08,0.0022766031637863
51.205069,4.23851897634113e-13,3.80128601837967e-12,2.17033656641357e-11,3.70440778788099e-10,6.80536066711176e-08,0.00226716765319526
51.223402,4.19909248420046e-13,3.76660074424292e-12,2.15091802353379e-11,3.67257795295055e-10,6.75292674347903e-08,0.00225776719680434
51.241735,4.16003300176198e-13,3.73223195990359e-12,2.13167308667542e-11,3.6410209138018e-10,6.70089337920334e-08,0.00224840168582479
51.260068,4.12133710997419e-13,3.69817677751392e-12,2.112600205082e-11,3.60973433897725e-10,6.64925754340592e-08,0.00223907101169227
51.278401,4.08300142166406e-13,3.66443233557664e-12,2.0936978418366e-11,3.57871591688438e-10,6.5980162278949e-08,0.00222977506606699
51.296734,4.04502258123961e-13,3.63099579870451e-12,2.07496447373842e-11,3.54796335562699e-10,6.54716644699765e-08,0.00222051374083387
51.315067,4.00739726439517e-13,3.59786435738214e-12,2.05639859118055e-11,3.51747438283785e-10,6.49670523739425e-08,0.00221128692810275
51.3334,3.97012217781944e-13,3.5650352277299e-12,2.03799869802877e-11,3.487246745513e-10,6.4466296579523e-08,0.0022020945202085
51.351733,3.9331940589062e-13,3.53250565126996e-12,2.01976331150137e-11,3.45727820984715e-10,6.39693678956265e-08,0.00219293640971119
51.370066,3.89660967546779e-13,3.50027289469455e-12,2.00169096205019e-11,3.42756656107073e-10,6.3476237349766e-08,0.00218381248939624
51.388399,3.86036582545127e-13,3.46833424963629e-12,1.98378019324254e-11,3.39810960328816e-10,6.29868761864418e-08,0.00217472265227454
51.406732,3.82445933665723e-13,3.43668703244063e-12,1.96602956164436e-11,3.36890515931764e-10,6.25012558655367e-08,0.00216566679158262
51.425065,3.78888706646114e-13,3.40532858394029e-12,1.94843763670424e-11,3.33995107053206e-10,6.20193480607212e-08,0.00215664480078276
51.443398,3.75364590153742e-13,3.3742562692319e-12,1.93100300063859e-11,3.3112451967015e-10,6.15411246578725e-08,0.00214765657356311
51.461731,3.71873275758603e-13,3.34346747745457e-12,1.91372424831781e-11,3.28278541583694e-10,6.10665577535039e-08,0.00213870200383787
51.480064,3.68414457906161e-13,3.3129596215705e-12,1.89659998715345e-11,3.25456962403529e-10,6.05956196532052e-08,0.00212978098574733
51.498397,3.64987833890519e-13,3.28273013814764e-12,1.8796288369864e-11,3.2265957353258e-10,6.01282828700967e-08,0.00212089341365805
51.51673,3.61593103827834e-13,3.25277648714425e-12,1.86280942997605e-11,3.19886168151766e-10,5.96645201232909e-08,0.00211203918216294
51.535063,3.58229970629985e-13,3.22309615169549e-12,1.84614041049044e-11,3.17136541204903e-10,5.92043043363686e-08,0.00210321818608136
51.553396,3.54898139978488e-13,3.19368663790196e-12,1.82962043499744e-11,3.14410489383718e-10,5.87476086358646e-08,0.00209443032045926
51.571729,3.51597320298654e-13,3.16454547462014e-12,1.81324817195684e-11,3.11707811113012e-10,5.82944063497657e-08,0.00208567548056925
51.590062,3.48327222733981e-13,3.13567021325472e-12,1.79702230171339e-11,3.09028306535921e-10,5.78446710060171e-08,0.00207695356191067
51.608395,3.45087561120795e-13,3.10705842755291e-12,1.78094151639086e-11,3.06371777499329e-10,5.73983763310425e-08,0.00206826446020976
51.626728,3.41878051963122e-13,3.07870771340051e-12,1.765004519787e-11,3.0373802753938e-10,5.69554962482737e-08,0.00205960807141964
51.645061,3.38698414407806e-13,3.05061568861997e-12,1.74921002726944e-11,3.0112686186714e-10,5.65160048766916e-08,0.00205098429172048
51.663394,3.35548370219833e-13,3.02277999277019e-12,1.73355676567251e-11,2.98538087354349e-10,5.60798765293761e-08,0.00204239301751954
51.681727,3.32427643757919e-13,2.99519828694816e-12,1.718043473195e-11,2.9597151251932e-10,5.56470857120693e-08,0.00203383414545122
51.70006,3.29335961950298e-13,2.9678682535925e-12,1.70266889929881e-11,2.93426947512942e-10,5.52176071217467e-08,0.00202530757237718
51.718393,3.26273054270754e-13,2.94078759628865e-12,1.68743180460852e-11,2.90904204104809e-10,5.47914156452006e-08,0.00201681319538637
51.736726,3.23238652714872e-13,2.913954039576e-12,1.67233096081185e-11,2.88403095669464e-10,5.43684863576332e-08,0.00200835091179511
51.755059,3.20232491776501e-13,2.88736532875658e-12,1.65736515056098e-11,2.85923437172758e-10,5.39487945212594e-08,0.00199992061914711
51.773392,3.17254308424454e-13,2.86101922970572e-12,1.64253316737482e-11,2.83465045158327e-10,5.35323155839208e-08,0.00199152221521357
51.791725,3.1430384207941e-13,2.83491352868426e-12,1.62783381554203e-11,2.81027737734178e-10,5.31190251777092e-08,0.0019831555979932
51.810058,3.11380834591047e-13,2.80904603215257e-12,1.61326591002505e-11,2.78611334559403e-10,5.27088991176009e-08,0.00197482066571229
51.828391,3.08485030215368e-13,2.78341456658622e-12,1.59882827636489e-11,2.76215656830985e-10,5.23019134000998e-08,0.00196651731682471
51.846724,3.05616175592261e-13,2.75801697829334e-12,1.58451975058675e-11,2.73840527270734e-10,5.18980442018912e-08,0.00195824545001197
51.865057,3.02774019723254e-13,2.7328511332337e-12,1.57033917910657e-11,2.71485770112318e-10,5.14972678785056e-08,0.00195000496418327
51.88339,2.99958313949482e-13,2.70791491683934e-12,1.55628541863834e-11,2.69151211088421e-10,5.10995609629921e-08,0.0019417957584755
51.901723,2.97168811929862e-13,2.68320623383695e-12,1.54235733610228e-11,2.66836677417994e-10,5.07049001646011e-08,0.00193361773225328
51.920056,2.94405269619466e-13,2.65872300807175e-12,1.52855380853378e-11,2.64541997793623e-10,5.0313262367477e-08,0.00192547078510898
51.938389,2.91667445248102e-13,2.63446318233311e-12,1.51487372299321e-11,2.62267002368999e-10,4.99246246293606e-08,0.00191735481686273
51.956722,2.88955099299093e-13,2.6104247181816e-12,1.50131597647654e-11,2.600115227465e-10,4.95389641803005e-08,0.00190926972756245
51.975055,2.86267994488253e-13,2.58660559577784e-12,1.48787947582667e-11,2.57775391964874e-10,4.9156258421375e-08,0.00190121541748384
51.993388,2.8360589574306e-13,2.56300381371267e-12,1.47456313764565e-11,2.55558444487025e-10,4.87764849234217e-08,0.0018931917871304
52.011721,2.80968570182021e-13,2.539617388839e-12,1.46136588820762e-11,2.53360516187907e-10,4.83996214257776e-08,0.00188519873723342
52.030054,2.78355787094238e-13,2.51644435610522e-12,1.44828666337257e-11,2.51181444342516e-10,4.80256458350286e-08,0.001877236168752
52.048387,2.75767317919155e-13,2.49348276839007e-12,1.43532440850082e-11,2.49021067613989e-10,4.76545362237672e-08,0.00186930398287304
52.06672,2.73202936226497e-13,2.47073069633901e-12,1.42247807836829e-11,2.46879226041799e-10,4.728627082936e-08,0.0018614020810112
52.085053,2.70662417696401e-13,2.44818622820211e-12,1.40974663708252e-11,2.44755761030049e-10,4.69208280527238e-08,0.00185353036480892
52.103386,2.68145540099727e-13,2.42584746967344e-12,1.39712905799946e-11,2.42650515335874e-10,4.65581864571113e-08,0.00184568873613641
52.121719,2.65652083278555e-13,2.40371254373186e-12,1.38462432364094e-11,2.40563333057928e-10,4.61983247669048e-08,0.0018378770970916
52.140052,2.63181829126865e-13,2.38177959048336e-12,1.37223142561298e-11,2.38494059624984e-10,4.58412218664198e-08,0.00183009535000015
52.158385,2.60734561571394e-13,2.36004676700473e-12,1.3599493645247e-11,2.36442541784615e-10,4.54868567987164e-08,0.0018223433974154
52.176718,2.58310066552676e-13,2.33851224718872e-12,1.34777714990802e-11,2.34408627591981e-10,4.51352087644196e-08,0.00181462114211834
52.195051,2.55908132006256e-13,2.31717422159061e-12,1.33571380013813e-11,2.32392166398711e-10,4.47862571205491e-08,0.00180692848711759
52.213384,2.53528547844084e-13,2.29603089727619e-12,1.32375834235455e-11,2.30393008841872e-10,4.44399813793565e-08,0.00179926533564938
52.231717,2.51171105936073e-13,2.27508049767105e-12,1.311909812383e-11,2.28411006833039e-10,4.4096361207172e-08,0.00179163159117747
52.25005,2.4883560009184e-13,2.25432126241137e-12,1.30016725465786e-11,2.26446013547454e-10,4.37553764232584e-08,0.00178402715739311
52.268383,2.46521826042612e-13,2.23375144719595e-12,1.28852972214546e-11,2.24497883413275e-10,4.34170069986752e-08,0.00177645193821503
52.286716,2.44229581423299e-13,2.21336932363966e-12,1.27699627626789e-11,2.22566472100923e-10,4.30812330551491e-08,0.00176890583778936
52.305049,2.41958665754745e-13,2.19317317912828e-12,1.26556598682765e-11,2.20651636512513e-10,4.27480348639547e-08,0.0017613887604896
52.323382,2.39708880426126e-13,2.17316131667446e-12,1.25423793193285e-11,2.18753234771375e-10,4.24173928448013e-08,0.0017539006109165
52.341715,2.37480028677532e-13,2.15333205477525e-12,1.24301119792312e-11,2.16871126211669e-10,4.20892875647303e-08,0.00174644129389811
52.360048,2.35271915582697e-13,2.13368372727077e-12,1.2318848792962e-11,2.15005171368077e-10,4.17636997370182e-08,0.00173901071448959
52.378381,2.33084348031903e-13,2.11421468320418e-12,1.22085807863516e-11,2.13155231965602e-10,4.14406102200899e-08,0.00173160877797327
52.396714,2.30917134715029e-13,2.09492328668303e-12,1.20992990653628e-11,2.11321170909428e-10,4.11200000164381e-08,0.00172423538985846
52.415047,2.28770086104769e-13,2.07580791674172e-12,1.19909948153755e-11,2.09502852274888e-10,4.08018502715521e-08,0.00171689045588146
52.43338,2.26643014440006e-13,2.05686696720535e-12,1.18836593004783e-11,2.07700141297505e-10,4.04861422728533e-08,0.00170957388200544
52.451713,2.24535733709338e-13,2.03809884655476e-12,1.17772838627666e-11,2.05912904363122e-10,4.01728574486397e-08,0.00170228557442042
52.470046,2.22448059634754e-13,2.01950197779278e-12,1.16718599216463e-11,2.04141008998112e-10,3.98619773670368e-08,0.00169502543954309
52.488379,2.20379809655473e-13,2.00107479831174e-12,1.15673789731443e-11,2.02384323859677e-10,3.95534837349572e-08,0.0016877933840168
52.506712,2.18330802911925e-13,1.98281575976216e-12,1.14638325892252e-11,2.0064271872622e-10,3.92473583970677e-08,0.00168058931471146
52.525045,2.16300860229883e-13,1.96472332792264e-12,1.13612124171133e-11,1.98916064487812e-10,3.89435833347635e-08,0.00167341313872341
52.543378,2.14289804104751e-13,1.946795982571e-12,1.12595101786219e-11,1.97204233136726e-10,3.8642140665151e-08,0.00166626476337539
52.561711,2.12297458685984e-13,1.92903221735646e-12,1.11587176694871e-11,1.95507097758058e-10,3.83430126400362e-08,0.00165914409621636
52.580044,2.10323649761666e-13,1.91143053967314e-12,1.1058826758709e-11,1.93824532520432e-10,3.80461816449224e-08,0.00165205104502148
52.598377,2.08368204743228e-13,1.8939894705346e-12,1.09598293878975e-11,1.9215641266677e-10,3.77516301980146e-08,0.00164498551779194
52.61671,2.06430952650307e-13,1.87670754444959e-12,1.08617175706249e-11,1.90502614505159e-10,3.74593409492311e-08,0.0016379474227549
52.635043,2.04511724095749e-13,1.8595833092989e-12,1.07644833917839e-11,1.88863015399777e-10,3.71692966792218e-08,0.00163093666836336
52.653376,2.02610351270749e-13,1.84261532621337e-12,1.06681190069508e-11,1.87237493761909e-10,3.68814802983953e-08,0.00162395316329603
52.671709,2.0072666793013e-13,1.82580216945292e-12,1.05726166417554e-11,1.85625929041033e-10,3.65958748459515e-08,0.00161699681645724
52.690042,1.98860509377767e-13,1.80914242628686e-12,1.04779685912559e-11,1.84028201715985e-10,3.63124634889225e-08,0.00161006753697684
52.708375,1.97011712452134e-13,1.79263469687508e-12,1.03841672193193e-11,1.82444193286196e-10,3.60312295212194e-08,0.00160316523421
52.726708,1.95180115511997e-13,1.7762775941505e-12,1.02912049580073e-11,1.80873786263001e-10,3.57521563626875e-08,0.00159628981773718
52.745041,1.93365558422233e-13,1.76006974370247e-12,1.01990743069686e-11,1.79316864161034e-10,3.54752275581672e-08,0.00158944119736393
52.763374,1.91567882539786e-13,1.74400978366132e-12,1.01077678328348e-11,1.77773311489678e-10,3.52004267765625e-08,0.00158261928312082
52.781707,1.89786930699758e-13,1.72809636458394e-12,1.00172781686239e-11,1.76243013744601e-10,3.49277378099166e-08,0.00157582398526324
52.80004,1.88022547201614e-13,1.71232814934034e-12,9.92759801314709e-12,1.74725857399362e-10,3.46571445724929e-08,0.00156905521427132
52.818373,1.86274577795535e-13,1.69670381300133e-12,9.83872013042206e-12,1.7322172989708e-10,3.43886310998646e-08,0.00156231288084978
52.836706,1.84542869668885e-13,1.68122204272719e-12,9.75063734909118e-12,1.71730519642183e-10,3.41221815480099e-08,0.00155559689592777
52.855039,1.82827271432814e-13,1.66588153765738e-12,9.66334256184496e-12,1.70252115992225e-10,3.3857780192414e-08,0.00154890717065871
52.873372,1.81127633108975e-13,1.6506810088012e-12,9.57682872485035e-12,1.68786409249766e-10,3.3595411427178e-08,0.00154224361642023
52.891705,1.79443806116375e-13,1.63561917892947e-12,9.49108885718453e-12,1.6733329065433e-10,3.33350597641338e-08,0.00153560614481389
52.910038,1.77775643258345e-13,1.62069478246728e-12,9.40611604027347e-12,1.65892652374426e-10,3.30767098319665e-08,0.00152899466766516
52.928371,1.76122998709627e-13,1.60590656538756e-12,9.32190341733564e-12,1.64464387499636e-10,3.28203463753419e-08,0.00152240909702316
52.946704,1.74485728003592e-13,1.59125328510579e-12,9.23844419283069e-12,1.63048390032775e-10,3.2565954254042e-08,0.00151584934516057
52.965037,1.72863688019567e-13,1.57673371037555e-12,9.15573163191285e-12,1.61644554882111e-10,3.23135184421055e-08,0.00150931532457343
52.98337,1.71256736970287e-13,1.56234662118505e-12,9.07375905988942e-12,1.60252777853658e-10,3.20630240269751e-08,0.00150280694798102
53.001703,1.69664734389459e-13,1.54809080865465e-12,8.99251986168398e-12,1.58872955643525e-10,3.18144562086516e-08,0.00149632412832563
53.020036,1.68087541119446e-13,1.53396507493529e-12,8.91200748130453e-12,1.57504985830345e-10,3.15678002988535e-08,0.00148986677877246
53.038369,1.66525019299067e-13,1.51996823310779e-12,8.83221542131602e-12,1.5614876686775e-10,3.13230417201832e-08,0.00148343481270942
53.056702,1.64977032351502e-13,1.50609910708318e-12,8.75313724231803e-12,1.54804198076923e-10,3.10801660052991e-08,0.00147702814374695
53.075035,1.63443444972325e-13,1.49235653150383e-12,8.67476656242673e-12,1.53471179639209e-10,3.0839158796094e-08,0.00147064668571786
53.093368,1.61924123117633e-13,1.47873935164556e-12,8.59709705676181e-12,1.52149612588791e-10,3.06000058428796e-08,0.00146429035267714
53.111701,1.60418933992296e-13,1.46524642332062e-12,8.52012245693758e-12,1.50839398805418e-10,3.03626930035769e-08,0.00145795905890179
53.130034,1.58927746038313e-13,1.45187661278149e-12,8.44383655055895e-12,1.49540441007213e-10,3.01272062429119e-08,0.00145165271889063
53.148367,1.57450428923277e-13,1.4386287966257e-12,8.36823318072174e-12,1.48252642743525e-10,2.98935316316192e-08,0.00144537124736414
53.1667,1.55986853528947e-13,1.42550186170138e-12,8.29330624551745e-12,1.46975908387851e-10,2.96616553456489e-08,0.00143911455926422
53.185033,1.54536891939929e-13,1.41249470501375e-12,8.21904969754258e-12,1.45710143130814e-10,2.94315636653815e-08,0.00143288256975406
53.203366,1.53100417432462e-13,1.39960623363243e-12,8.14545754341207e-12,1.44455252973204e-10,2.92032429748471e-08,0.0014266751942179
53.221699,1.51677304463303e-13,1.3868353645996e-12,8.07252384327729e-12,1.43211144719076e-10,2.89766797609515e-08,0.00142049234826089
53.240032,1.50267428658726e-13,1.37418102483903e-12,8.00024271034827e-12,1.41977725968903e-10,2.87518606127068e-08,0.00141433394770882
53.258365,1.48870666803614e-13,1.36164215106589e-12,7.92860831042024e-12,1.40754905112798e-10,2.85287722204692e-08,0.00140819990860799
53.276698,1.47486896830659e-13,1.34921768969741e-12,7.85761486140419e-12,1.39542591323781e-10,2.8307401375181e-08,0.00140209014722497
53.295031,1.46115997809662e-13,1.33690659676438e-12,7.78725663286186e-12,1.38340694551109e-10,2.80877349676188e-08,0.00139600458004642
53.313364,1.44757849936926e-13,1.32470783782338e-12,7.71752794554474e-12,1.37149125513666e-10,2.78697599876474e-08,0.00138994312377885
53.331697,1.43412334524763e-13,1.3126203878699e-12,7.64842317093728e-12,1.35967795693402e-10,2.76534635234792e-08,0.00138390569534846
53.35003,1.42079333991077e-13,1.30064323125222e-12,7.57993673080399e-12,1.34796617328832e-10,2.74388327609385e-08,0.00137789221190089
53.368363,1.40758731849069e-13,1.28877536158601e-12,7.51206309674077e-12,1.33635503408589e-10,2.72258549827316e-08,0.00137190259080102
53.386696,1.39450412697017e-13,1.27701578166986e-12,7.44479678973018e-12,1.32484367665034e-10,2.70145175677229e-08,0.00136593674963278
53.405029,1.38154262208163e-13,1.26536350340139e-12,7.37813237970057e-12,1.31343124567916e-10,2.6804807990215e-08,0.00135999460619888
53.423362,1.36870167120695e-13,1.25381754769432e-12,7.31206448508939e-12,1.30211689318091e-10,2.65967138192357e-08,0.00135407607852066
53.441695,1.35598015227811e-13,1.24237694439613e-12,7.24658777241004e-12,1.29089977841289e-10,2.63902227178288e-08,0.00134818108483781
53.460028,1.34337695367891e-13,1.23104073220657e-12,7.18169695582295e-12,1.27977906781936e-10,2.61853224423509e-08,0.00134230954360818
53.478361,1.3308909741475e-13,1.21980795859689e-12,7.11738679671015e-12,1.26875393497033e-10,2.59820008417735e-08,0.00133646137350753
53.496694,1.31852112267984e-13,1.2086776797298e-12,7.05365210325399e-12,1.25782356050078e-10,2.57802458569899e-08,0.00133063649342934
53.515027,1.30626631843412e-13,1.19764896038017e-12,6.99048773001923e-12,1.24698713205049e-10,2.55800455201275e-08,0.00132483482248456
53.53336,1.29412549063596e-13,1.18672087385642e-12,6.92788857753917e-12,1.23624384420431e-10,2.53813879538647e-08,0.00131905628000137
53.551693,1.28209757848464e-13,1.17589250192268e-12,6.86584959190527e-12,1.22559289843295e-10,2.51842613707535e-08,0.00131330078552495
53.570026,1.27018153106003e-13,1.16516293472165e-12,6.80436576436057e-12,1.21503350303435e-10,2.49886540725467e-08,0.00130756825881726
53.588359,1.25837630723058e-13,1.15453127069811e-12,6.74343213089669e-12,1.20456487307542e-10,2.47945544495304e-08,0.00130185861985682
53.606692,1.24668087556201e-13,1.14399661652318e-12,6.68304377185428e-12,1.19418623033437e-10,2.46019509798608e-08,0.0012961717888384
53.625025,1.2350942142269e-13,1.13355808701928e-12,6.6231958115273e-12,1.18389680324349e-10,2.44108322289063e-08,0.00129050768617286
53.643358,1.22361531091521e-13,1.12321480508572e-12,6.56388341777059e-12,1.17369582683244e-10,2.42211868485949e-08,0.00128486623248686
53.661691,1.2122431627455e-13,1.11296590162503e-12,6.50510180161115e-12,1.163582542672e-10,2.40330035767659e-08,0.00127924734862263
53.680024,1.20097677617704e-13,1.1028105154699e-12,6.44684621686263e-12,1.15355619881832e-10,2.38462712365262e-08,0.00127365095563773
53.698357,1.1898151669228e-13,1.09274779331087e-12,6.3891119597435e-12,1.14361604975759e-10,2.36609787356117e-08,0.00126807697480478
53.71669,1.17875735986311e-13,1.08277688962458e-12,6.33189436849849e-12,1.13376135635126e-10,2.34771150657537e-08,0.00126252532761124
53.735023,1.16780238896027e-13,1.07289696660274e-12,6.2751888230235e-12,1.1239913857817e-10,2.32946693020496e-08,0.00125699593575913
53.753356,1.15694929717387e-13,1.06310719408176e-12,6.21899074449368e-12,1.11430541149825e-10,2.31136306023379e-08,0.00125148872116479
53.771689,1.14619713637693e-13,1.05340674947297e-12,6.16329559499506e-12,1.10470271316381e-10,2.29339882065787e-08,0.00124600360595863
53.790022,1.13554496727279e-13,1.04379481769349e-12,6.10809887715929e-12,1.09518257660191e-10,2.27557314362383e-08,0.00124054051248487
53.808355,1.12499185931287e-13,1.03427059109776e-12,6.05339613380167e-12,1.08574429374409e-10,2.2578849693678e-08,0.00123509936330125
53.826688,1.11453689061504e-13,1.02483326940969e-12,5.99918294756258e-12,1.0763871625779e-10,2.24033324615485e-08,0.00122968008117883
53.845021,1.10417914788291e-13,1.01548205965539e-12,5.94545494055174e-12,1.06711048709521e-10,2.22291693021875e-08,0.00122428258910166
53.863354,1.09391772632578e-13,1.00621617609657e-12,5.89220777399605e-12,1.057913577241e-10,2.20563498570224e-08,0.00121890681026658
53.881687,1.08375172957934e-13,9.97034840164462e-13,5.83943714789027e-12,1.04879574886265e-10,2.18848638459777e-08,0.00121355266808291
53.90002,1.07368026962718e-13,9.87937280394483e-13,5.78713880065104e-12,1.03975632365956e-10,2.17147010668865e-08,0.00120822008617218
53.918353,1.06370246672293e-13,9.7892273236134e-13,5.73530850877376e-12,1.03079462913322e-10,2.15458513949059e-08,0.0012029089883679
53.936686,1.0538174493132e-13,9.69990438614835e-13,5.68394208649272e-12,1.02190999853781e-10,2.13783047819376e-08,0.00119761929871525
53.955019,1.04402435396124e-13,9.61139648616209e-13,5.63303538544416e-12,1.01310177083104e-10,2.12120512560518e-08,0.00119235094147082
53.973352,1.03432232527126e-13,9.52369618675088e-13,5.5825842943324e-12,1.00436929062558e-10,2.10470809209169e-08,0.00118710384110235
53.991685,1.02471051581347e-13,9.4367961188698e-13,5.53258473859886e-12,9.9571190814079e-11,2.08833839552312e-08,0.00118187792228844
54.010018,1.01518808604991e-13,9.35068898071367e-13,5.4830326800941e-12,9.87128979154901e-11,2.07209506121611e-08,0.00117667310991827
54.028351,1.00575420426079e-13,9.26536753710343e-13,5.43392411675278e-12,9.78619864957614e-11,2.05597712187819e-08,0.00117148932909132
54.046684,9.96408046471731e-14,9.18082461887828e-13,5.3852550822715e-12,9.70183932303072e-11,2.03998361755234e-08,0.00116632650511709
54.065017,9.87148796381502e-14,9.0970531222933e-13,5.33702164578955e-12,9.61820553363266e-11,2.02411359556193e-08,0.00116118456351486
54.08335,9.77975645290537e-14,9.01404600842245e-13,5.2892199115724e-12,9.53529105681797e-11,2.00836611045613e-08,0.00115606343001332
54.101683,9.68887792030088e-14,8.9317963025672e-13,5.24184601869817e-12,9.45308972128069e-11,1.99274022395564e-08,0.00115096303055036
54.120016,9.59884442892029e-14,8.85029709367043e-13,5.19489614074677e-12,9.37159540851845e-11,1.97723500489885e-08,0.00114588329127275
54.138349,9.50964811559346e-14,8.76954153373588e-13,5.14836648549191e-12,9.29080205238215e-11,1.96184952918849e-08,0.00114082413853588
54.156682,9.4212811903723e-14,8.6895228372525e-13,5.10225329459574e-12,9.21070363862912e-11,1.9465828797385e-08,0.0011357854989034
54.175015,9.33373593584851e-14,8.61023428062446e-13,5.05655284330632e-12,9.13129420448042e-11,1.93143414642145e-08,0.00113076729914703
54.193348,9.24700470647756e-14,8.53166920160618e-13,5.01126144015776e-12,9.05256783818169e-11,1.9164024260163e-08,0.00112576946624619
54.211681,9.16107992790887e-14,8.45382099874245e-13,4.96637542667298e-12,8.97451867856782e-11,1.90148682215648e-08,0.00112079192738772
54.230014,9.07595409632248e-14,8.3766831308139e-13,4.92189117706926e-12,8.89714091463141e-11,1.8866864452785e-08,0.00111583460996563
54.248347,8.99161977777162e-14,8.3002491162872e-13,4.87780509796618e-12,8.8204287850946e-11,1.87200041257078e-08,0.00111089744158074
54.26668,8.90806960753158e-14,8.22451253277054e-13,4.83411362809642e-12,8.74437657798491e-11,1.85742784792297e-08,0.00110598035004042
54.285013,8.82529628945466e-14,8.14946701647393e-13,4.79081323801898e-12,8.66897863021442e-11,1.84296788187561e-08,0.00110108326335828
54.303346,8.74329259533115e-14,8.07510626167461e-13,4.74790042983505e-12,8.59422932716272e-11,1.82861965157017e-08,0.00109620610975388
54.321679,8.66205136425608e-14,8.00142402018704e-13,4.70537173690631e-12,8.52012310226323e-11,1.81438230069945e-08,0.0010913488176524
54.340012,8.58156550200212e-14,7.928414100838e-13,4.66322372357581e-12,8.44665443659314e-11,1.80025497945835e-08,0.00108651131568437
54.358345,8.50182798039816e-14,7.85607036894629e-13,4.62145298489137e-12,8.37381785846682e-11,1.78623684449501e-08,0.00108169353268535
54.376678,8.42283183671391e-14,7.78438674580744e-13,4.58005614633141e-12,8.3016079430328e-11,1.77232705886234e-08,0.0010768953976956
54.395011,8.34457017304986e-14,7.71335720818273e-13,4.53902986353319e-12,8.23001931187388e-11,1.75852479196984e-08,0.00107211683995983
54.413344,8.26703615573327e-14,7.64297578779318e-13,4.49837082202352e-12,8.15904663261095e-11,1.74482921953586e-08,0.00106735778892683
54.431677,8.19022301471967e-14,7.57323657081809e-13,4.45807573695188e-12,8.08868461851005e-11,1.73123952354015e-08,0.00106261817424921
54.45001,8.11412404299992e-14,7.50413369739807e-13,4.41814135282586e-12,8.01892802809273e-11,1.71775489217678e-08,0.00105789792578303
54.468343,8.03873259601292e-14,7.43566136114276e-13,4.37856444324912e-12,7.9497716647499e-11,1.70437451980747e-08,0.00105319697358757
54.486676,7.96404209106352e-14,7.36781380864283e-13,4.3393418106614e-12,7.88121037635871e-11,1.69109760691517e-08,0.00104851524792494
54.505009,7.8900460067462e-14,7.3005853389866e-13,4.30047028608116e-12,7.81323905490286e-11,1.67792336005802e-08,0.00104385267925979
54.523342,7.81673788237387e-14,7.23397030328099e-13,4.26194672885026e-12,7.74585263609614e-11,1.66485099182368e-08,0.00103920919825902
54.541675,7.74411131741225e-14,7.167963104177e-13,4.22376802638121e-12,7.67904609900917e-11,1.65187972078401e-08,0.00103458473579142
54.560008,7.67215997091913e-14,7.10255819539919e-13,4.18593109390628e-12,7.61281446569917e-11,1.63900877145001e-08,0.0010299792229274
54.578341,7.6008775609893e-14,7.03775008127978e-13,4.14843287422922e-12,7.54715280084309e-11,1.62623737422717e-08,0.00102539259093861
54.596674,7.53025786420432e-14,6.97353331629685e-13,4.111270337479e-12,7.48205621137369e-11,1.6135647653711e-08,0.00102082477129768
54.615007,7.46029471508772e-14,6.9099025046168e-13,4.07444048086579e-12,7.41751984611895e-11,1.60099018694356e-08,0.00101627569567785
54.63334,7.39098200556492e-14,6.8468522996409e-13,4.0379403284391e-12,7.35353889544417e-11,1.58851288676873e-08,0.00101174529595269
54.651673,7.3223136844285e-14,6.7843774035561e-13,4.00176693084811e-12,7.29010859089749e-11,1.57613211838986e-08,0.00100723350419573
54.670006,7.25428375680834e-14,6.72247256688984e-13,3.96591736510414e-12,7.22722420485826e-11,1.56384714102623e-08,0.00100274025268018
54.688339,7.18688628364663e-14,6.66113258806898e-13,3.93038873434517e-12,7.16488105018832e-11,1.55165721953044e-08,0.000998265473878565
54.706672,7.12011538117798e-14,6.60035231298279e-13,3.89517816760259e-12,7.10307447988653e-11,1.539561624346e-08,0.000993809100462424
54.725005,7.0539652204141e-14,6.54012663454975e-13,3.86028281956988e-12,7.04179988674586e-11,1.52755963146522e-08,0.000989371065301972
54.743338,6.9884300266335e-14,6.48045049228853e-13,3.82569987037346e-12,6.98105270301369e-11,1.51565052238749e-08,0.000984951301465772
54.761671,6.92350407887583e-14,6.42131887189271e-13,3.79142652534556e-12,6.9208284000549e-11,1.50383358407774e-08,0.000980549742220399
54.780004,6.85918170944114e-14,6.36272680480958e-13,3.75746001479912e-12,6.86112248801787e-11,1.49210810892539e-08,0.000976166321030122
54.798337,6.79545730339342e-14,6.30466936782247e-13,3.72379759380464e-12,6.80193051550319e-11,1.48047339470338e-08,0.000971800971556561
54.81667,6.73232529806919e-14,6.2471416826372e-13,3.6904365419691e-12,6.74324806923538e-11,1.46892874452772e-08,0.00096745362765835
54.835003,6.66978018259037e-14,6.19013891547217e-13,3.65737416321684e-12,6.68507077373726e-11,1.45747346681722e-08,0.000963124223390815
54.853336,6.60781649738188e-14,6.13365627665213e-13,3.62460778557231e-12,6.62739429100714e-11,1.44610687525353e-08,0.000958812693005631
54.871669,6.54642883369367e-14,6.07768902020586e-13,3.59213476094495e-12,6.57021432019885e-11,1.4348282887415e-08,0.000954518970950489
54.890002,6.48561183312712e-14,6.02223244346723e-13,3.55995246491571e-12,6.51352659730428e-11,1.42363703136985e-08,0.000950242991868755
54.908335,6.42536018716603e-14,5.96728188668016e-13,3.52805829652575e-12,6.45732689483884e-11,1.41253243237211e-08,0.000945984690599136
54.926668,6.3656686367118e-14,5.91283273260701e-13,3.49644967806682e-12,6.40161102152943e-11,1.40151382608781e-08,0.000941744002175336
54.945001,6.30653197162318e-14,5.85888040614076e-13,3.46512405487368e-12,6.34637482200528e-11,1.39058055192408e-08,0.000937520861825726
54.963334,6.24794503026001e-14,5.80542037392039e-13,3.43407889511821e-12,6.29161417649111e-11,1.37973195431737e-08,0.000933315204972991
54.981667,6.18990269903146e-14,5.75244814395009e-13,3.40331168960549e-12,6.23732500050321e-11,1.36896738269563e-08,0.000929126967233797
55,6.13239991194836e-14,5.69995926522178e-13,3.3728199515716e-12,6.18350324454793e-11,1.35828619144063e-08,0.000924956084418445
