"x","F_3_10","F_5_10","F_10_10","F_5_5","F_5_30"
0.001,0.0701937441640153,0.00032664964066231,6.2373451184919e-10,0.000427334990712665,0.00026421770025719
0.0039995,0.139560643452946,0.00258352004170716,1.54891786427345e-07,0.00336728527572183,0.00209494486999813
0.006999,0.183544803669788,0.00591405922127422,1.40991889488596e-06,0.00767975978776591,0.00480753077446114
0.0099985,0.218101063391387,0.00998549563253106,5.69997125221927e-06,0.0129192551273123,0.00813722434597494
0.012998,0.247227716010757,0.0146360900546179,1.58037736480635e-05,0.0188673411228798,0.0119562953906143
0.0159975,0.272681547906409,0.0197623510069387,3.52064821033518e-05,0.0253836355660677,0.0161833985779814
0.018997,0.295423655348296,0.0252897963067591,6.7975370941943e-05,0.0323669553902408,0.0207601597237966
0.0219965,0.316049328880499,0.0311610962484416,0.000118648102389969,0.0397394794843658,0.0256417122784984
0.024996,0.334958435726275,0.0373301599616685,0.000192132532675834,0.0474388074968821,0.0307919930087651
0.0279955,0.35243546849275,0.0437587885061353,0.000293617088211146,0.0554134407095795,0.036181088557658
0.030995,0.368691729209273,0.0504146090573382,0.000428490819217443,0.0636199770018938,0.0417836033646251
0.0339945,0.383889495270647,0.057269716007012,0.000602272306545345,0.072021255125945,0.0475775899159484
0.036994,0.398156774749681,0.0642997322559849,0.000820546660801411,0.0805850653855885,0.0535438124822274
0.0399935,0.411596781602181,0.0714831350739953,0.00108890991161505,0.0892832183317868,0.0596652203391878
0.042993,0.424294274476256,0.0788007563875192,0.00141292013927897,0.0980908504456828,0.0659265587690682
0.0459925,0.436319943706774,0.0862354024879793,0.00179805475139274,0.106985892744778,0.0723140741602695
0.048992,0.447733535637441,0.0937715581174147,0.00224967335381983,0.115948654993699,0.0788152854253342
0.0519915,0.458586132820423,0.10139515178785,0.00277298570850103,0.124961494176563,0.0854188034225319
0.054991,0.468921853771076,0.109093366572733,0.00337302431070137,0.134008545820827,0.0921141859304683
0.0579905,0.478779143704706,0.116854485348212,0.00405462115533381,0.143075503153921,0.098891819484796
0.06099,0.488191770805388,0.124667762596255,0.00482238829631546,0.152149433310301,0.10574282186898
0.0639895,0.497189606438137,0.132523317008723,0.00568070183467079,0.161218622688425,0.11265896073374
0.066989,0.505799244136909,0.140412040608474,0.00663368900048442,0.170272445562886,0.119632584986503
0.0699885,0.51404449645025,0.148325521150102,0.00768521802099648,0.179301251481694,0.12665656641769
0.072988,0.521946797981217,0.156255975318138,0.00883889049228474,0.188296268009353,0.133724249625527
0.0759875,0.529525535487445,0.164196190794433,0.0100980359952373,0.197249516134234,0.140829408736665
0.078987,0.536798320623388,0.172139475678828,0.0114657087180256,0.206153736224494,0.147966209743764
0.0819865,0.543781217110871,0.180079614058385,0.0129446858671655,0.215002322844737,0.155129177525167
0.084986,0.550488931358111,0.188010826758137,0.0145374676676261,0.223789267073468,0.162313166797858
0.0879855,0.556934973505289,0.19592773648996,0.0162462787694141,0.232509105215399,0.169513336398481
0.090985,0.56313179434901,0.203825336759581,0.0180730708937395,0.241156873001496,0.176725126399063
0.0939845,0.569090902445199,0.2116989640047,0.020019526566338,0.249728064526925,0.183944237652138
0.096984,0.574822964810028,0.219544272527143,0.0220870637988822,0.258218595302388,0.191166613429915
0.0999835,0.580337893960339,0.227357211854007,0.0242768415917404,0.266624768895295,0.198388422878065
0.102983,0.585644923507738,0.235134006221039,0.0265897661427069,0.274943246718923,0.205606046049904
0.1059825,0.590752674107113,0.242871135918904,0.0290264976568061,0.283171020594553,0.21281606032343
0.108982,0.595669211233658,0.250565320281877,0.0315874576619342,0.291305387766456,0.220015228033699
0.1119815,0.600402096002505,0.258213502130539,0.0342728367439941,0.299343928095033,0.227200485177751
0.114981,0.604958430036629,0.265812833506673,0.0370826026233739,0.307284483191278,0.234368931069779
0.1179805,0.609344895220668,0.273360662560749,0.0400165085021552,0.315125137287351,0.241517818841275
0.12098,0.613567789041847,0.280854521470999,0.0430741016183709,0.322864199664759,0.248644546695182
0.1239795,0.617633056107864,0.288292115288808,0.0462547319500073,0.330500188484168,0.255746649835084
0.126979,0.621546316340208,0.295671311618425,0.0495575610172996,0.338031815880064,0.262821793000643
0.1299785,0.625312890266012,0.302990131050329,0.0529815707372468,0.345457974199838,0.269867763549111
0.132978,0.628937821769015,0.310246738277262,0.0565255722892029,0.352777723280938,0.276882465030116
0.1359775,0.632425898608182,0.317439433830239,0.0601882149549297,0.359990278671814,0.283863911207203
0.138977,0.63578167096897,0.324566646378996,0.0639679949006315,0.367095000712851,0.290810220485074
0.1419765,0.639009468275646,0.331626925547533,0.0678632638722929,0.374091384402556,0.297719610706101
0.144976,0.642113414462189,0.338618935200765,0.0718722377791065,0.380979049982169,0.304590394283767
0.1479755,0.645097441873199,0.345541447162973,0.0759930051429461,0.387757734178801,0.311420973644202
0.150975,0.647965303944002,0.352393335332833,0.0802235353947379,0.39442728205322,0.318209836950044
0.1539745,0.650720586790197,0.35917357016338,0.0845616870012185,0.400987639403774,0.324955554083542
0.156974,0.653366719820697,0.365881213478389,0.0890052154079709,0.40743884568261,0.331656772868164
0.1599735,0.655906985474364,0.372515413599464,0.0935517807868173,0.413781027384525,0.338312215510057
0.162973,0.658344528168382,0.379075400760538,0.0981989555776338,0.420014391872457,0.344920675242509
0.1659725,0.66068236253613,0.385560482788683,0.102944231816448,0.426139221606914,0.351481013158185
0.168972,0.662923381023363,0.391970041032049,0.107785028243317,0.432155868749562,0.357992155215354
0.1719715,0.665070360903696,0.398303526517457,0.112718697184959,0.438064750113792,0.364453089405558
0.174971,0.667125970767618,0.404560456321736,0.11774253120843,0.443866342437444,0.37086286307134
0.1779705,0.669092776533324,0.410740410142224,0.122853769543348,0.44956117795496,0.377220580363646
0.18097,0.670973247022453,0.416843027053125,0.128049604271239,0.455149840248116,0.3835253998294
0.1839695,0.672769759139291,0.42286800243548,0.133327186281538,0.460632960356214,0.389776532120594
0.186969,0.67448460268798,0.428815085069536,0.13868363099464,0.466011213128115,0.395973237816934
0.1899685,0.676119984858723,0.434684074379179,0.144116023853171,0.471285313799929,0.402114825354754
0.192968,0.677678034410902,0.440474817818912,0.149621425583311,0.476456014783398,0.408200649055482
0.1959675,0.679160805578224,0.44618720839459,0.155196877228629,0.481524102651199,0.414230107247505
0.198967,0.680570281718577,0.4518211823098,0.160839404959385,0.486490395306383,0.420202640475719
0.2019665,0.681908378729116,0.457376716730367,0.166546024660737,0.491355739324178,0.426117729793532
0.204966,0.683176948245127,0.462853827660034,0.172313746303698,0.496121007455189,0.431974895132448
0.2079655,0.684377780639526,0.468252567920841,0.178139578103006,0.500787096279867,0.437773693744744
0.210965,0.685512607838293,0.473573025232222,0.184020530466392,0.505354924004825,0.443513718715069
0.2139645,0.686583105965726,0.478815320383223,0.189953619739973,0.509825428392237,0.449194597537099
0.216964,0.687590897832232,0.483979605492657,0.195935871754692,0.514199564814185,0.454815990751646
0.2199635,0.688537555276181,0.48906606235234,0.201964325178912,0.518478304424357,0.460377590642893
0.222963,0.689424601370408,0.494074900848897,0.208036034682411,0.522662632440042,0.465879119989616
0.2259625,0.690253512503004,0.499006357459916,0.214148073917097,0.526753546527807,0.471320330868513
0.228962,0.691025720341257,0.503860693820484,0.220297538319877,0.530752055286722,0.476701003506914
0.2319615,0.691742613686847,0.508638195356436,0.226481547743154,0.53465917682336,0.482020945182337
0.234961,0.692405540229731,0.513339169980826,0.232697248918421,0.538475937413216,0.487279989166531
0.2379605,0.693015808207586,0.517963946850392,0.238941817758486,0.542203370243489,0.492477993711777
0.24096,0.693574687977076,0.522512875178959,0.245212461503805,0.54584251423254,0.497614841077369
0.2439595,0.694083413502769,0.526986323104914,0.251506420718386,0.549394412921594,0.502690436594322
0.246959,0.694543183769039,0.531384676610064,0.257820971140705,0.552860113434553,0.507704707766487
0.2499585,0.694955164119889,0.535708338487345,0.264153425394982,0.556240665502049,0.512657603406325
0.252958,0.69532048753127,0.539957727354994,0.270501134568144,0.559537120546067,0.517549092803749
0.2559575,0.695640255820103,0.544133276714927,0.276861489657681,0.562750530821749,0.522379164926482
0.258957,0.695915540793919,0.54823543405323,0.283231922895564,0.565881948613133,0.52714782765052
0.2619565,0.696147385344734,0.552264659980719,0.289609908953252,0.568932425479825,0.531855107019315
0.264956,0.69633680449053,0.556221427411726,0.295992966032771,0.571903011551746,0.536501046530431
0.2679555,0.696484786367445,0.560106220779286,0.302378656848692,0.574794754869283,0.541085706448432
0.270955,0.696592293175579,0.563919535285061,0.308764589505758,0.577608700766328,0.545609163142889
0.2739545,0.696660262081122,0.567661876182393,0.315148418276812,0.580345891293821,0.550071508450406
0.276954,0.696689606077296,0.571333758090968,0.321527844285505,0.583007364681568,0.554472849059651
0.2799535,0.696681214806462,0.574935704341675,0.327900616098216,0.585594154836219,0.558813305918424
0.282953,0.696635955345572,0.578468246350277,0.334264530229455,0.588107290873427,0.563093013661837
0.2859525,0.696554672957003,0.581931923018628,0.340617431564896,0.590547796682295,0.567312120060748
0.288952,0.696438191806659,0.585327280162194,0.346957213706106,0.592916690520353,0.571470785489603
0.2919515,0.69628731565114,0.588654869962737,0.353281819240861,0.595214984637391,0.57556918241293
0.294951,0.696102828495628,0.591915250445036,0.359589239942862,0.597443684926557,0.579607494889703
0.2979505,0.695885495224042,0.595108984976614,0.365877516904536,0.599603790601247,0.583585918094905
0.30095,0.695636062202927,0.598236641789469,0.372144740606446,0.601696293896351,0.587504657857581
0.3039495,0.695355257860441,0.601298793522857,0.378389050926795,0.603722179792554,0.591363930214765
0.306949,0.695043793241718,0.604296016786231,0.384608637094295,0.605682425762396,0.595163960980657
0.3099485,0.694702362541808,0.607228891741473,0.390801737587653,0.607578001536921,0.598904985330463
0.312948,0.694331643617338,0.610098001703595,0.39696663998472,0.609409868891789,0.60258724739836
0.3159475,0.693932298477933,0.612903932759145,0.403101680764319,0.611178981451763,0.606210999889035
0.318947,0.693504973758413,0.615647273401555,0.409205245063594,0.612886284512576,0.609776503702302
0.3219465,0.693050301172701,0.618328614182736,0.415275766393643,0.614532714879221,0.61328402757032
0.324946,0.692568897950323,0.62094854738024,0.421311726316104,0.616119200719746,0.616733847706939
0.3279455,0.692061367256335,0.623507666679332,0.427311654083222,0.617646661433713,0.620126247468738
0.330945,0.691528298595467,0.626006566869382,0.433274126243854,0.619116007534485,0.623461517027332
0.3339445,0.690970268201225,0.628445843553956,0.439197766217764,0.620528140544593,0.626739953052549
0.336944,0.690387839410639,0.630826092874067,0.445081243840452,0.621883952903443,0.629961858406081
0.3399435,0.689781563025338,0.63314791124404,0.450923274880682,0.62318432788666,0.633127541845252
0.342943,0.689151977659557,0.635411895099472,0.456722620532769,0.62443013953644,0.636237317736535
0.3459425,0.68849961007568,0.637618640656813,0.462478086885615,0.625622252602252,0.639291505778488
0.348942,0.687824975507866,0.639768743684071,0.468188524370359,0.626761522491339,0.642290430733785
0.3519415,0.687128577974301,0.64186279928222,0.473852827188487,0.62784879522842,0.645234422170016
0.354941,0.686410910578557,0.643901401676855,0.479469932722091,0.628884907424099,0.648123814208974
0.3579405,0.685672455800554,0.645885144019701,0.485038820927946,0.629870686251444,0.650958945284128
0.36094,0.68491368577755,0.647814618199574,0.490558513716973,0.630806949430287,0.653740157906019
0.3639395,0.684135062575608,0.649690414662406,0.496028074320571,0.631694505218772,0.656467798435296
0.366939,0.683337038451931,0.651513122239998,0.501446606645272,0.63253415241173,0.659142216863155
0.3699385,0.682520056108449,0.653283327987119,0.50681325461704,0.633326680345473,0.661763766598928
0.372938,0.681684548937023,0.655001617026647,0.51212720151654,0.634072868908621,0.664332804264583
0.3759375,0.680830941256621,0.656668572402423,0.51738766930657,0.634773488558588,0.666849689495917
0.378937,0.679959648542781,0.658284774939505,0.522593917952845,0.635429300343388,0.669314784750223
0.3819365,0.67907107764968,0.659850803111541,0.527745244739223,0.636041055928422,0.671728455120207
0.384936,0.678165627025112,0.661367232914966,0.532840983578424,0.636609497627939,0.674091068153977
0.3879355,0.677243686918648,0.662834637749766,0.537880504319232,0.637135358440871,0.676402993680892
0.390935,0.676305639583251,0.664253588306543,0.542863212051112,0.637619362090751,0.678664603643089
0.3939345,0.67535185947061,0.665624652459629,0.547788546407142,0.638062223069468,0.680876271932508
0.396934,0.674382713420427,0.666948395166017,0.552655980866079,0.638464646684573,0.683038374233242
0.3999335,0.673398560843892,0.668225378369874,0.557465022054358,0.638827329109929,0.685151287869044
0.402933,0.672399753901583,0.669456160912416,0.562215209048768,0.639150957439441,0.687215391655821
0.4059325,0.671386637675972,0.67064129844694,0.5669061126805,0.639436209743685,0.689231065758982
0.408932,0.670359550338781,0.671781343358799,0.571537334841223,0.639683755129193,0.691198691555459
0.4119315,0.669318823313337,0.672876844690129,0.576108507791816,0.63989425380023,0.69311865150028
0.414931,0.668264781432152,0.673928348069148,0.580619293474321,0.640068357122859,0.694991328997543
0.4179305,0.667197743089865,0.674936395643828,0.585069382827666,0.640206707691119,0.696817108275658
0.42093,0.666118020391758,0.675901526019789,0.589458495107665,0.640309939395162,0.698596374266724
0.4239295,0.665025919297959,0.676824274202225,0.593786377211765,0.640378677491174,0.700329512489922
0.426929,0.663921739763527,0.67770517154172,0.598052803008975,0.640413538672941,0.702016908938789
0.4299285,0.662805775874544,0.678544745683793,0.602257572675401,0.640415131144916,0.703658949972275
0.432928,0.661678315980362,0.679343520522015,0.606400512035747,0.640384054696648,0.705256022209444
0.4359275,0.660539642822138,0.680102016154573,0.610481471911145,0.640320900778451,0.706808512427732
0.438927,0.659390033657791,0.680820748844123,0.614500327473637,0.640226252578187,0.70831680746464
0.4419265,0.658229760383496,0.681500230980822,0.618456977607602,0.64010068509905,0.709781294122771
0.444926,0.657059089651844,0.682140971048387,0.622351344278412,0.639944765238249,0.711202359078095
0.4479255,0.655878282986773,0.68274347359308,0.626183371908546,0.639759051866474,0.712580388791364
0.450925,0.65468759689539,0.683308239195491,0.629953026761419,0.639544095908059,0.713915769422574
0.4539245,0.653487282976773,0.683835764445007,0.633660296333112,0.639300440421747,0.715208886748382
0.456924,0.652277588027871,0.684326541916853,0.637305188752185,0.639028620681968,0.716460126082394
0.4599235,0.651058754146584,0.684781060151611,0.640887732187766,0.638729164260547,0.717669872198243
0.462923,0.649831018832121,0.685199803637108,0.644407974266042,0.638402591108774,0.718838509255362
0.4659225,0.648594615082734,0.685583252792574,0.647865981495286,0.638049413639744,0.719966420727395
0.468922,0.647349771490896,0.685931883954983,0.651261838699547,0.637670136810922,0.72105398933314
0.4719215,0.646096712336012,0.686246169367476,0.654595648461093,0.637265258206837,0.722101596969975
0.474921,0.644835657674759,0.686526577169798,0.657867530571692,0.63683526812188,0.723109624649684
0.4779205,0.643566823429095,0.68677357139064,0.66107762149281,0.636380649643112,0.72407845243661
0.48092,0.642290421472048,0.686987611941821,0.664226073824769,0.635901878733055,0.725008459388071
0.4839195,0.641006659711327,0.687169154614241,0.667313055784928,0.635399424312392,0.725900023496977
0.486919,0.63971574217084,0.6873186510755,0.670338750694904,0.63487374834255,0.726753521636575
0.4899185,0.638417869070169,0.687436548869142,0.673303356476866,0.634325305908097,0.727569329507269
0.492918,0.637113236902086,0.687523291415441,0.676207085158911,0.633754545298932,0.72834782158545
0.4959175,0.635802038508142,0.687579318013657,0.679050162389518,0.633161908092206,0.729089371074279
0.498917,0.634484463152414,0.687605063845709,0.681832826961079,0.632547829233956,0.729794349856363
0.5019165,0.633160696593447,0.687600959981193,0.684555330342491,0.631912737120402,0.730463128448282
0.504916,0.631830921154454,0.687567433383693,0.68721793622078,0.631257053678884,0.731096075956893
0.5079155,0.630495315791827,0.687504906918324,0.689820920051724,0.630581194448396,0.731693560037379
0.510915,0.629154056161998,0.687413799360447,0.692364568619441,0.629885568659704,0.732255946852982
0.5139145,0.627807314686715,0.687294525405509,0.694849179604895,0.629170579315002,0.732783601036374
0.516914,0.626455260616764,0.68714749567996,0.697275061163256,0.6284366232671,0.733276885652615
0.5199135,0.625098060094193,0.68697311675318,0.699642531510077,0.627684091298102,0.733736162163669
0.522913,0.623735876213074,0.686771791150386,0.701951918516203,0.626913368197567,0.734161790394402
0.5259125,0.622368869078848,0.686543917366473,0.704203559311352,0.626124832840127,0.734554128500053
0.528912,0.620997195866298,0.686289889880723,0.706397799896296,0.625318858262534,0.73491353293511
0.5319115,0.619621010876176,0.686010099172369,0.708534994763566,0.624495811740141,0.735240358423568
0.534911,0.618240465590535,0.685704931736948,0.71061550652658,0.623656054862773,0.735534957930514
0.5379105,0.6168557087268,0.685374770103421,0.712639705557143,0.62279994361,0.735797682635016
0.54091,0.615466886290604,0.685019992852006,0.714607969631189,0.62192782842578,0.736028881904266
0.5439095,0.614074141627433,0.684640974632704,0.716520683582711,0.62104005429246,0.736228903268943
0.546909,0.612677615473109,0.684238086184466,0.718378238965751,0.620136960804146,0.736398092399774
0.5499085,0.611277446003146,0.683811694354982,0.720181033724376,0.619218882239392,0.736536793085234
0.552908,0.609873768880998,0.683362162121045,0.721929471870528,0.618286147633247,0.736645347210375
0.5559075,0.608466717305251,0.682889848609469,0.723623963169651,0.617339080848605,0.736724094736738
0.558907,0.607056422055762,0.682395109118524,0.725264922833985,0.616378000646888,0.736773373683322
0.5619065,0.605643011538792,0.681878295139864,0.726852771223428,0.615403220758028,0.736793520108575
0.564906,0.604226611831149,0.681339754380916,0.728387933553855,0.614415049949762,0.736784868093385
0.5679055,0.60280734672338,0.680779830787699,0.729870839612792,0.613413792096227,0.73674774972503
0.570905,0.601385337762015,0.680198864568058,0.731301923482319,0.612399746245842,0.73668249508207
0.5739045,0.599960704290911,0.679597192215275,0.732681623269115,0.611373206688495,0.736589432220152
0.576904,0.59853356349171,0.678975146532045,0.734010380841519,0.610334463022008,0.736468887158691
0.5799035,0.597104030423424,0.678333056654777,0.73528864157349,0.6092838002179,0.736321183868415
0.582903,0.595672218061189,0.67767124807822,0.736516854095379,0.60822149868642,0.736146644259738
0.5859025,0.594238237334196,0.676990042680372,0.737695470051369,0.607147834340885,0.735945588171947
0.588902,0.592802197162819,0.676289758747661,0.738824943863494,0.60606307866128,0.735718333363164
0.5919015,0.591364204494974,0.675570711000372,0.739905732502117,0.604967498757161,0.735465195501079
0.594901,0.589924364341705,0.674833210618318,0.740938295262748,0.603861357429823,0.735186488154411
0.5979005,0.588482779812045,0.674077565266702,0.741923093549103,0.602744913233768,0.734882522785092
0.6009,0.587039552147149,0.673304079122197,0.742860590662279,0.601618420537451,0.734553608741145
0.6038995,0.585594780753716,0.67251305289918,0.743751251595941,0.600482129583314,0.734200053250233
0.606899,0.584148563236742,0.671704783876146,0.744595542837412,0.599336286547109,0.733822161413865
0.6098985,0.582700995431586,0.670879565922252,0.745393932174544,0.598181133596512,0.733420236202232
0.612898,0.581252171435396,0.670037689524004,0.746146888508272,0.597016908949036,0.732994578449662
0.6158975,0.579802183637891,0.669179441812043,0.746854881670741,0.595843846929228,0.732545486850671
0.618897,0.578351122751524,0.668305106588046,0.74751838224888,0.594662178025183,0.732073257956585
0.6218965,0.576899077841037,0.667414964351707,0.748137861413346,0.593472128944345,0.731578186172734
0.624896,0.575446136352428,0.666509292327793,0.748713790752704,0.592273922668625,0.731060563756175
0.6278955,0.573992384141331,0.665588364493259,0.749246642112743,0.591067778508828,0.730520680813958
0.630895,0.572537905500844,0.664652451604422,0.749736887440843,0.58985391215839,0.729958825301884
0.6338945,0.571082783188796,0.663701821224162,0.750184998635251,0.58863253574644,0.729375283023773
0.636894,0.569627098454481,0.662736737749156,0.75059144739921,0.587403857890185,0.728770337631198
0.6398935,0.568170931064867,0.66175746243713,0.750956705099792,0.586168083746617,0.728144270623692
0.642893,0.566714359330288,0.660764253434112,0.751281242631371,0.584925415063563,0.727497361349401
0.6458925,0.56525746012964,0.659757365801687,0.751565530283618,0.583676050230063,0.726829887006164
0.648892,0.563800308935082,0.658737051544235,0.751810037613924,0.582420184326099,0.726142122643031
0.6518915,0.562342979836267,0.657703559636154,0.752015233324153,0.581158009171671,0.725434341162171
0.654891,0.560885545564093,0.656657136049043,0.752181585141635,0.579889713375221,0.724706813321182
0.6578905,0.559428077514011,0.655598023778857,0.752309559704295,0.578615482381423,0.723959807735785
0.66089,0.557970645768876,0.654526462873007,0.752399622449829,0.577335498518338,0.723193590882879
0.6638895,0.556513319121367,0.653442690457418,0.752452237508842,0.576049941043933,0.722408427103963
0.666889,0.555056165095982,0.65234694076351,0.752467867601842,0.574758986191982,0.721604578608892
0.6698885,0.55359924997061,0.651239445155127,0.752446973940017,0.573462807217347,0.720782305479976
0.672888,0.552142638797701,0.650120432155381,0.752390016129697,0.57216157444065,0.719941865676392
0.6758875,0.550686395425035,0.648990127473425,0.752297452080414,0.57085545529233,0.719083515038919
0.678887,0.549230582516101,0.647848754031129,0.752169737916483,0.569544614356112,0.718207507294962
0.6818865,0.547775261570097,0.646696531989671,0.75200732789201,0.568229213411874,0.717314094063872
0.684886,0.546320492941554,0.645533678776033,0.751810674309249,0.566909411477924,0.71640352486255
0.6878855,0.544866335859598,0.644360409109386,0.751580227440235,0.565585364852703,0.715476047111312
0.690885,0.543412848446855,0.643176935027372,0.75131643545159,0.56425722715591,0.714531906140024
0.6938845,0.541960087738003,0.641983465912277,0.751019744332453,0.562925149369045,0.713571345194482
0.696884,0.540508109697991,0.64078020851708,0.750690597825428,0.561589279875409,0.712594605443043
0.6998835,0.539056969239913,0.63956736699139,0.750329437360504,0.560249764499532,0.711601925983478
0.702883,0.537606720242565,0.638345142907246,0.749936701991843,0.558906746546052,0.710593543850061
0.7058825,0.536157415567673,0.637113735284803,0.74951282833738,0.557560366838052,0.709569694020872
0.708882,0.534709107076818,0.635873340617873,0.749058250521162,0.556210763754858,0.708530609425301
0.7118815,0.533261845648044,0.634624152899337,0.748573400118353,0.554858073269301,0.707476520951769
0.714881,0.53181568119217,0.633366363646417,0.748058706102831,0.553502428984456,0.706407657455624
0.7178805,0.530370662668812,0.632100161925804,0.747514594797318,0.552143962169859,0.705324245767237
0.72088,0.528926838102113,0.630825734378644,0.746941489825968,0.550782801797207,0.70422651070027
0.7238795,0.527484254596188,0.629543265245372,0.746339812069355,0.549419074575555,0.703114675060114
0.726879,0.526042958350301,0.628252936390401,0.745709979621791,0.548052904986009,0.701988959652495
0.7298785,0.524602994673768,0.626954927326657,0.745052407750915,0.54668441531592,0.700849583292237
0.732878,0.523164408000592,0.625649415239954,0.744367508859486,0.545313725692593,0.699696762812173
0.7358775,0.521727241903845,0.624336575013219,0.743655692449326,0.543940954116507,0.698530713072208
0.738877,0.520291539109791,0.623016579250557,0.742917365087355,0.54256621649406,0.697351646968508
0.7418765,0.518857341511762,0.621689598301148,0.742152930373645,0.541189626669844,0.696159775442839
0.744876,0.517424690183792,0.620355800282993,0.741362788911458,0.539811296458447,0.694955307492014
0.7478755,0.51599362539401,0.619015351106488,0.740547338279195,0.538431335675803,0.693738450177474
0.750875,0.514564186617798,0.617668414497831,0.739706973004213,0.537049852170081,0.69250940863498
0.7538745,0.513136412550724,0.616315152022273,0.738842084538443,0.535666951852131,0.691268386084415
0.756874,0.511710341121244,0.614955723107187,0.737953061235778,0.534282738725481,0.69001558383969
0.7598735,0.510286009503193,0.613590285064978,0.737040288331153,0.532897314915903,0.688751201318749
0.762873,0.508863454128045,0.612218993115818,0.736104147921294,0.531510780700544,0.687475436053674
0.7658725,0.507442710696982,0.610842000410212,0.735145018947065,0.53012323453663,0.686188483700871
0.768872,0.506023814192736,0.609459458051389,0.73416327717738,0.528734773089755,0.684890538051349
0.7718715,0.504606798891238,0.608071515117526,0.733159295194624,0.527345491261752,0.683581791041074
0.774871,0.503191698373068,0.606678318683793,0.732133442381541,0.525955482218152,0.6822624327614
0.7778705,0.501778545534703,0.605280013844222,0.731086084909551,0.524564837415245,0.680932651469576
0.78087,0.500367372599581,0.603876743733415,0.730017585728432,0.52317364662674,0.679592633599312
0.7838695,0.498958211128972,0.602468649548058,0.728928304557349,0.52178199797003,0.678242563771418
0.786869,0.497551092032665,0.601055870568278,0.727818597877172,0.520389977932075,0.676882624804493
0.7898685,0.496146045579477,0.599638544178807,0.726688818924048,0.518997671394895,0.675512997725678
0.792868,0.49474310140758,0.598216805889989,0.725539317684182,0.517605161660692,0.67413386178145
0.7958675,0.49334228853466,0.596790789358594,0.724370440889799,0.516212530476597,0.672745394448478
0.798867,0.4919436353679,0.595360626408469,0.723182532016237,0.51481985805905,0.671347771444511
0.8018665,0.4905471697138,0.593926447051006,0.721975931280136,0.513427223117819,0.669941166739311
0.804866,0.489152918787829,0.592488379505435,0.7207509756387,0.512034702879666,0.668525752565627
0.8078655,0.487760909223918,0.591046550218945,0.719507998789971,0.510642373111648,0.667101699430198
0.810865,0.486371167083794,0.589601083886628,0.71824733117411,0.509250308144085,0.66566917612479
0.8138645,0.484983717866161,0.588152103471242,0.716969299975624,0.507858580893182,0.66422834973726
0.816864,0.483598586515723,0.58669973022281,0.71567422912653,0.506467262883305,0.662779385662648
0.8198635,0.482215797432069,0.585244083698033,0.714362439310402,0.505076424268938,0.661322447614284
0.822863,0.480835374478397,0.583785281779538,0.713034247967286,0.503686133856298,0.659857697634922
0.8258625,0.479457340990103,0.582323440694946,0.71168996929945,0.502296459124639,0.658385296107887
0.828862,0.478081719783232,0.580858675035768,0.710329914277923,0.500907466247226,0.656905401768233
0.8318615,0.476708533162779,0.579391097776132,0.708954390649824,0.499519220112003,0.655418171713918
0.834861,0.475337802930863,0.577920820291329,0.707563702946418,0.498131784341943,0.653923761416986
0.8378605,0.473969550394767,0.576447952376196,0.7061581524919,0.496745221315104,0.65242232473475
0.84086,0.472603796374841,0.574972602263324,0.704738037412867,0.495359592184369,0.650914013920985
0.8438595,0.471240561212281,0.573494876641096,0.70330365264845,0.493974956896903,0.649398979637124
0.846859,0.469879864776782,0.572014880671549,0.701855289961084,0.492591374213303,0.647877370963444
0.8498585,0.468521726474065,0.570532718008081,0.700393237947894,0.491208901726477,0.646349335410258
0.852858,0.467166165253282,0.569048490812972,0.69891778205267,0.489827595880221,0.6448150189291
0.8558575,0.465813199614301,0.567562299774754,0.697429204578403,0.488447511987526,0.643274565923903
0.858857,0.464462847614877,0.5660742441254,0.69592778470036,0.487068704248608,0.641728119262164
0.8618565,0.463115126877702,0.564584421657352,0.694413798479696,0.485691225768662,0.640175820286103
0.864856,0.461770054597346,0.56309292874039,0.692887518877537,0.484315128575349,0.638617808823811
0.8678555,0.460427647547086,0.561599860338326,0.691349215769564,0.482940463636023,0.637054223200376
0.870855,0.459087922085625,0.56010531002554,0.689799155961036,0.481567280874687,0.635485200249
0.8738545,0.4577508941637,0.558609370003353,0.688237603202259,0.480195629188706,0.633910875322092
0.876854,0.456416579330592,0.557112131116238,0.686664818204464,0.478825556465254,0.632331382302349
0.8798535,0.455084992740528,0.555613682867866,0.685081058656087,0.477457109597519,0.63074685361381
0.882853,0.453756149158979,0.554114113436998,0.683486579239426,0.476090334500663,0.629157420232888
0.8858525,0.452430062968862,0.552613509693218,0.681881631647653,0.474725276127532,0.627563211699378
0.888852,0.451106748176641,0.551111957212498,0.680266464602183,0.473361978484137,0.625964356127446
0.8918515,0.449786218418336,0.549609540292618,0.678641323870351,0.472000484644893,0.624360980216577
0.894851,0.448468486965428,0.548106341968428,0.677006452283411,0.470640836767631,0.622753209262509
0.8978505,0.447153566730682,0.546602444026944,0.675362089754827,0.469283076108377,0.621141167168132
0.90085,0.445841470273868,0.545097927022304,0.673708473298834,0.467927243035912,0.619524976454351
0.9038495,0.4445322098074,0.543592870290562,0.672045837049272,0.466573377046101,0.617904758270926
0.906849,0.443225797201881,0.542087351964337,0.67037441227866,0.465221516776017,0.616280632407273
0.9098485,0.441922243991565,0.5405814489873,0.668694427417505,0.463871700017838,0.614652717303234
0.912848,0.440621561379732,0.539075237128523,0.667006108073834,0.462523963732538,0.613021130059806
0.9158475,0.439323760243974,0.537568790996675,0.665309677052929,0.461178344063367,0.611385986449842
0.918847,0.43802885114141,0.536062184054066,0.663605354377255,0.459834876349128,0.609747400928708
0.9218465,0.436736844313807,0.53455548863055,0.661893357306568,0.458493595137246,0.608105486644902
0.924846,0.43544774969263,0.53304877593728,0.660173900358197,0.457154534196648,0.606460355450641
0.9278455,0.434161576904011,0.53154211608032,0.658447195327469,0.455817726530432,0.604812117912394
0.930845,0.432878335273638,0.53003557807411,0.656713451308293,0.454483204388349,0.603160883321389
0.9338445,0.431598033831573,0.528529229854796,0.654972874713867,0.453150999279105,0.601506759704069
0.936844,0.430320681316992,0.527023138293407,0.653225669297511,0.45182114198245,0.599849853832505
0.9398435,0.429046286182853,0.525517369208905,0.651472036173612,0.45049366256111,0.59819027123477
0.942843,0.42777485660049,0.52401198738109,0.64971217383867,0.449168590372514,0.596528116205268
0.9458425,0.426506400464143,0.522507056563363,0.647946278192434,0.447845954080353,0.594863491815015
0.948842,0.425240925395406,0.521002639495362,0.646174542559124,0.446525781665961,0.593196499921873
0.9518415,0.423978438747618,0.519498797915453,0.644397157708718,0.445208100439518,0.591527241180748
0.954841,0.422718947610183,0.517995592573092,0.642614311878314,0.443892937051084,0.589855815053728
0.9578405,0.42146245881282,0.516493083241054,0.640826190793533,0.442580317501461,0.58818231982018
0.96084,0.420208978929752,0.514991328727526,0.639032977689982,0.441270267152893,0.586506852586803
0.9638395,0.418958514283831,0.513490386888073,0.637234853334749,0.439962810739598,0.584829509297621
0.966839,0.417711070950594,0.511990314637468,0.635431996047923,0.438657972378139,0.583150384743938
0.9698385,0.41646665476227,0.510491167961401,0.633624581724149,0.437355775577636,0.581469572574238
0.972838,0.415225271311709,0.508993001928058,0.631812783854188,0.436056243249823,0.579787165304038
0.9758375,0.413986925956263,0.507495870699565,0.629996773546493,0.434759397718946,0.578103254325681
0.978837,0.412751623821608,0.505999827543319,0.62817671954878,0.433465260731513,0.576417929918097
0.9818365,0.411519369805498,0.504504924843188,0.626352788269596,0.432173853465893,0.574731281256489
0.984836,0.410290168581472,0.503011214110585,0.62452514379988,0.430885196541769,0.573043396421988
0.9878355,0.409064024602504,0.501518745995429,0.6226939479345,0.429599310029437,0.571354362411242
0.990835,0.407840942104588,0.500027570296974,0.62085936019377,0.428316213458976,0.569664265145963
0.9938345,0.406620925110283,0.498537735974525,0.619021537844935,0.427035925829264,0.567973189482408
0.996834,0.405403977432192,0.497049291158035,0.617180635923622,0.425758465616863,0.566281219220823
0.9998335,0.404190102676394,0.495562283158578,0.615336807255257,0.424483850784763,0.564588437114822
1.002833,0.402979304245828,0.494076758478717,0.613490202476421,0.423212098790997,0.562894924880712
1.0058325,0.401771585343614,0.492592762822742,0.611640970056174,0.42194322659711,0.561200763206776
1.008832,0.40056694897634,0.491110341106801,0.60978925631731,0.420677250676517,0.559506031762488
1.0118315,0.399365397957285,0.489629537468924,0.607935205457561,0.419414187022713,0.557810809207681
1.014831,0.398166934909604,0.488150395278919,0.606078959570731,0.41815405115737,0.556115173201659
1.0178305,0.396971562269455,0.486672957148171,0.604220658667765,0.4168968581383,0.554419200412255
1.02083,0.395779282289091,0.485197264939321,0.602360440697743,0.415642622567303,0.552722966524832
1.0238295,0.394590097039897,0.483723359775842,0.600498441568803,0.414391358597887,0.551026546251232
1.026829,0.393404008415383,0.482251282051506,0.598634795168976,0.413143079942871,0.549330013338668
1.0298285,0.392221018134136,0.480781071439736,0.596769633386945,0.411897799881871,0.547633440578561
1.032828,0.39104112774272,0.479312766902865,0.594903086132711,0.410655531268672,0.545936899815318
1.0358275,0.389864338618544,0.477846406701281,0.593035281358173,0.409416286538485,0.544240461955066
1.038827,0.388690651972676,0.476382028402467,0.591166345077613,0.408180077715085,0.542544196974314
1.0418265,0.387520068852622,0.474919668889944,0.589296401388082,0.406946916417853,0.540848173928573
1.044826,0.386352590145059,0.47345936437211,0.587425572489689,0.405716813868692,0.539152460960914
1.0478255,0.385188216578535,0.472001150390973,0.585553978705791,0.404489780898851,0.537457125310472
1.050825,0.384026948726117,0.47054506183079,0.583681738503072,0.403265827955635,0.53576223332089
1.0538245,0.382868787008009,0.469091132926607,0.581808968511517,0.40204496510901,0.534067850448718
1.056824,0.381713731694131,0.467639397272696,0.579935783544281,0.400827202058114,0.532374041271742
1.0598235,0.380561782906649,0.466189887830897,0.578062296617436,0.399612548137654,0.530680869497268
1.062823,0.379412940622484,0.464742636938869,0.576188618969618,0.398401012324219,0.528988397970344
1.0658225,0.378267204675769,0.463297676318237,0.574314860081542,0.397192603242484,0.527296688681934
1.068822,0.377124574760277,0.461855037082652,0.572441127695413,0.395987329171319,0.525605802777023
1.0718215,0.375985050431814,0.460414749745756,0.570567527834208,0.39478519804981,0.523915800562679
1.074821,0.374848631110569,0.458976844229052,0.568694164820844,0.39358621748318,0.522226741516056
1.0778205,0.373715316083438,0.457541349869686,0.566821141297211,0.392390394748616,0.520538684292334
1.08082,0.372585104506311,0.456108295428138,0.564948558243097,0.391197736801018,0.518851686732616
1.0838195,0.371457995406319,0.454677709095822,0.56307651499497,0.390008250278641,0.517165805871758
1.086819,0.370333987684059,0.4532496185026,0.561205109264645,0.388821941508666,0.515481097946151
1.0898185,0.369213080115774,0.451824050724204,0.559334437157817,0.387638816512669,0.513797618401442
1.092818,0.36809527135551,0.450401032289578,0.55746459319246,0.386458881012021,0.512115421900208
1.0958175,0.36698055993724,0.44898058918813,0.555595670317106,0.385282140433189,0.510434562329565
1.098817,0.365868944276948,0.447562746876896,0.553727759928982,0.384108599912965,0.508755092808729
1.1018165,0.364760422674696,0.44614753028763,0.551860951892016,0.382938264303606,0.507077065696521
1.104816,0.363654993316649,0.444734963833798,0.549995334554714,0.381771138177902,0.505400532598812
1.1078155,0.362552654277076,0.443325071417501,0.548130994767895,0.380607225834157,0.503725544375924
1.110815,0.361453403520318,0.441917876436311,0.546268017902298,0.379446531301099,0.502052151149964
1.1138145,0.360357238902734,0.440513401790026,0.544406487866046,0.378289058342706,0.500380402312111
1.116814,0.359264158174607,0.43911166988735,0.542546487121977,0.377134810462966,0.498710346529853
1.1198135,0.358174158982036,0.437712702652489,0.54068809670484,0.375983790910555,0.497042031754155
1.122813,0.357087238868783,0.436316521531669,0.538831396238346,0.374836002683444,0.495375505226592
1.1258125,0.356003395278113,0.434923147499584,0.536976463952089,0.373691448533437,0.493710813486412
1.128812,0.354922625554586,0.433532601065759,0.535123376698323,0.372550130970635,0.492048002377558
1.1318115,0.353844926945842,0.432144902280845,0.533272209968602,0.37141205226783,0.490387117055624
1.134811,0.352770296604345,0.43076007074283,0.531423037910282,0.370277214464834,0.488728201994773
1.1378105,0.35169873158911,0.429378125603185,0.529575933342882,0.369145619372733,0.487071300994586
1.14081,0.350630228867401,0.427999085572937,0.527730967774303,0.368017268578084,0.485416457186875
1.1438095,0.349564785316404,0.42662296892866,0.525888211416917,0.366892163447038,0.483763713042424
1.146809,0.348502397724879,0.425249793518402,0.524047733203504,0.365770305129405,0.482113110377697
1.1498085,0.347443062794782,0.423879576767548,0.522209600803059,0.364651694562647,0.480464690361479
1.152808,0.346386777142868,0.422512335684593,0.520373880636452,0.363536332475817,0.478818493521474
1.1558075,0.34533353730227,0.421148086866866,0.518540637891958,0.362424219393433,0.477174559750847
1.158807,0.344283339724051,0.419786846506178,0.516709936540635,0.361315355639289,0.475532928314716
1.1618065,0.343236180778738,0.418428630394397,0.514881839351574,0.36020974134021,0.473893637856589
1.164806,0.34219205675783,0.417073453928965,0.513056407907005,0.359107376429741,0.47225672640476
1.1678055,0.341150963875287,0.415721332118341,0.51123370261726,0.35800826065179,0.470622231378638
1.170805,0.340112898268993,0.414372279587387,0.50941378273561,0.356912393564202,0.468990189595041
1.1738045,0.339077856002204,0.413026310582682,0.507596706372946,0.355819774542283,0.467360637274431
1.176804,0.338045833064967,0.411683438977771,0.50578253051234,0.354730402782268,0.4657336100471
1.1798035,0.337016825375522,0.410343678278362,0.503971311023453,0.35364427730473,0.464109142959307
1.182803,0.335990828781687,0.409007041627444,0.502163102676818,0.352561396957943,0.462487270479366
1.1858025,0.334967839062217,0.407673541810357,0.500357959157977,0.351481760421184,0.46086802650368
1.188802,0.333947851928144,0.406343191259795,0.498555933081486,0.350405366207989,0.459251444362735
1.1918015,0.332930863024103,0.405016002060745,0.496757076004783,0.349332212669355,0.457637556827031
1.194801,0.331916867929625,0.403691985955373,0.494961438441923,0.348262297996891,0.45602639611298
1.1978005,0.330905862160435,0.402371154347846,0.493169069877173,0.34719562022592,0.454417993888745
1.2008,0.3298978411697,0.401053518309097,0.491380018778475,0.34613217723853,0.452812381280031
1.2037995,0.328892800349286,0.399739088581535,0.489594332610778,0.345071966766583,0.451209588875833
1.206799,0.327890735030981,0.39842787558369,0.487812057849233,0.344014986394669,0.449609646734134
1.2097985,0.326891640487708,0.397119889414808,0.486033239992254,0.342961233563015,0.448012584387554
1.212798,0.32589551193471,0.395815139859389,0.484257923574452,0.341910705570353,0.446418430848951
1.2157975,0.324902344530732,0.394513636391668,0.482486152179433,0.340863399576733,0.444827214616981
1.218797,0.323912133379173,0.393215388180044,0.480717968452469,0.339819312606304,0.443238963681605
1.2217965,0.322924873529228,0.391920404091448,0.478953414113035,0.338778441550037,0.441653705529549
1.224796,0.321940559977011,0.390628692695667,0.477192529967217,0.337740783168418,0.440071467149726
1.2277955,0.320959187666662,0.389340262269608,0.475435355919996,0.336706334094085,0.438492275038602
1.230795,0.319980751491438,0.388055120801516,0.4736819309874,0.335675090834435,0.43691615520552
1.2337945,0.319005246294785,0.386773275995129,0.471932293308524,0.334647049774183,0.435343133177983
1.236794,0.318032666871402,0.385494735273799,0.470186480157435,0.333622207177881,0.433773234006886
1.2397935,0.317063007968278,0.384219505784541,0.468444527954942,0.332600559192397,0.432206482271704
1.242793,0.316096264285726,0.382947594402056,0.466706472280244,0.331582101849356,0.430642902085638
1.2457925,0.315132430478388,0.381679007732684,0.464972347882452,0.330566831067541,0.429082517100715
1.248792,0.314171501156242,0.380413752118321,0.463242188691991,0.329554742655253,0.427525350512844
1.2517915,0.31321347088558,0.379151833640278,0.461516027831878,0.32854583231264,0.425971425066827
1.254791,0.312258334189974,0.377893258123106,0.459793897628874,0.327540095633981,0.42442076306133
1.2577905,0.311306085551236,0.376638031138357,0.458075829624519,0.32653752810994,0.422873386353804
1.26079,0.310356719410359,0.375386158008309,0.456361854586051,0.325538125129778,0.421329316365372
1.2637895,0.309410230168434,0.374137643809646,0.454652002517193,0.324541881983533,0.419788574085667
1.266789,0.308466612187575,0.372892493377087,0.452946302668834,0.323548793864166,0.418251180077627
1.2697885,0.307525859791809,0.37165071130697,0.451244783549586,0.322558855869672,0.41671715448225
1.272788,0.306587967267968,0.370412301960794,0.449547472936227,0.321572063005152,0.41518651702331
1.2757875,0.305652928866559,0.369177269468719,0.447854397884023,0.320588410184856,0.413659287012027
1.278787,0.304720738802624,0.367945617733017,0.446165584736938,0.3196078922342,0.412135483351693
1.2817865,0.303791391256588,0.366717350431485,0.444481059137738,0.318630503891732,0.410615124542265
1.284786,0.302864880375094,0.36549247102081,0.442800846037963,0.317656239811088,0.40909822868491
1.2877855,0.301941200271824,0.3642709827399,0.441124969707801,0.316685094562899,0.407584813486516
1.290785,0.301020345028314,0.363052888613165,0.439453453745849,0.315717062636678,0.406074896264152
1.2937845,0.300102308694744,0.36183819145376,0.437786321088756,0.31475213844267,0.404568493949502
1.296784,0.299187085290731,0.360626893866793,0.436123594020763,0.313790316313677,0.403065623093246
1.2997835,0.298274668806102,0.359418998252481,0.434465294183133,0.31283159050685,0.401566299869412
1.302783,0.297365053201655,0.35821450680928,0.432811442583468,0.311875955205454,0.400070540079683
1.3057825,0.296458232409913,0.357013421536965,0.431162059604921,0.3109234045206,0.398578359157663
1.308782,0.295554200335866,0.355815744239677,0.42951716501531,0.309973932492957,0.39708977217311
1.3117815,0.294652950857696,0.354621476528926,0.42787677797611,0.309027533094429,0.39560479383613
1.314781,0.2937544778275,0.353430619826571,0.426240917051359,0.308084200229806,0.394123438501328
1.3177805,0.292858775071995,0.352243175367736,0.424609600216442,0.307143927738393,0.392645720171923
1.32078,0.291965836393218,0.351059144203719,0.422982844866787,0.306206709395603,0.391171652503831
1.3237795,0.29107565556921,0.349878527204842,0.42136066782645,0.305272538914533,0.389701248809699
1.326779,0.290188226354697,0.348701325063278,0.419743085356608,0.304341409947513,0.388234522062917
1.3297785,0.28930354248175,0.347527538295834,0.418130113163939,0.303413316087622,0.386771484901577
1.332778,0.28842159766045,0.346357167246705,0.416521766408914,0.302488250870188,0.385312149632409
1.3357775,0.287542385579525,0.345190212090187,0.414918059713984,0.301566207774257,0.383856528234673
1.338777,0.286665899906997,0.344026672833363,0.413319007171676,0.300647180224046,0.382404632364017
1.3417765,0.285792134290802,0.342866549318748,0.411724622352585,0.299731161590363,0.380956473356297
1.344776,0.284921082359411,0.341709841226906,0.410134918313277,0.298818145192005,0.37951206223137
1.3477755,0.284052737722438,0.340556548079027,0.408549907604091,0.297908124297142,0.378071409696836
1.350775,0.28318709397124,0.339406669239481,0.406969602276851,0.297001092124667,0.376634526151765
1.3537745,0.282324144679505,0.338260203918327,0.405394013892484,0.296097041845529,0.37520142169037
1.356774,0.28146388340384,0.337117151173803,0.403823153528551,0.295195966584043,0.373772106105657
1.3597735,0.280606303684336,0.335977509914774,0.402257031786672,0.294297859419179,0.372346588893039
1.362773,0.279751399045136,0.334841278903153,0.400695658799878,0.293402713385829,0.370924879253915
1.3657725,0.278899162994989,0.333708456756292,0.399139044239862,0.292510521476053,0.369506986099211
1.368772,0.278049589027799,0.332579041949341,0.397587197324148,0.291621276640304,0.368092918052897
1.3717715,0.277202670623162,0.331453032817577,0.396040126823166,0.290734971788632,0.366682683455464
1.374771,0.276358401246896,0.330330427558701,0.394497841067244,0.289851599791871,0.365276290367365
1.3777705,0.275516774351568,0.32921122423511,0.392960347953514,0.288971153482801,0.363873746572434
1.38077,0.274677783377,0.328095420776133,0.39142765495273,0.288093625657295,0.362475059581263
1.3837695,0.273841421750782,0.326983014980251,0.389899769116007,0.287219009075446,0.36108023663455
1.386769,0.273007682888772,0.32587400451727,0.388376697081466,0.286347296462672,0.359689284706414
1.3897685,0.27217656019558,0.324768386930484,0.386858445080811,0.285478480510807,0.358302210507684
1.392768,0.271348047065059,0.323666159638795,0.385345018945809,0.284612553879169,0.356919020489145
1.3957675,0.270522136880777,0.322567319938818,0.3838364241147,0.283749509195613,0.355539720844765
1.398767,0.269698823016487,0.321471865006952,0.382332665638522,0.28288933905757,0.354164317514884
1.4017665,0.268878098836589,0.320379791901423,0.380833748187355,0.282032036033053,0.352792816189372
1.404766,0.268059957696582,0.319291097564308,0.379339676056492,0.28117759266167,0.35142522231076
1.4077655,0.267244392943518,0.318205778823521,0.377850453172523,0.280326001455598,0.35006154107734
1.410765,0.266431397916432,0.317123832394787,0.376366083099357,0.279477254900549,0.34870177744623
1.4137645,0.265620965946787,0.31604525488358,0.374886569044147,0.278631345456725,0.347345936136418
1.416764,0.264813090358893,0.314970042787038,0.373411913863159,0.277788265559748,0.345994021631769
1.4197635,0.264007764470329,0.313898192495858,0.371942120067556,0.276948007621577,0.344646038184006
1.422763,0.263204981592359,0.312829700296158,0.37047718982911,0.27611056403141,0.343301989815659
1.4257625,0.262404735030338,0.311764562371322,0.36901712498584,0.27527592715657,0.341961880322992
1.428762,0.261607018084112,0.310702774803818,0.367561927047583,0.27444408934338,0.340625713278891
1.4317615,0.260811824048414,0.309644333576992,0.366111597201485,0.273615042918011,0.339293492035735
1.434761,0.260019146213248,0.308589234576837,0.364666136317428,0.27278878018733,0.337965219728228
1.4377605,0.259228977864281,0.307537473593743,0.363225544953384,0.271965293439725,0.336640899276211
1.44076,0.258441312283207,0.306489046324221,0.361789823360701,0.271144574945915,0.335320533387445
1.4437595,0.257656142748127,0.305443948372605,0.36035897148932,0.27032661695975,0.33400412456036
1.446759,0.256873462533908,0.304402175252729,0.358932988992921,0.269511411718997,0.332691675086786
1.4497585,0.256093264912544,0.303363722389589,0.357511875234009,0.268698951446107,0.331383187054653
1.452758,0.255315543153508,0.302328585120975,0.35609562928893,0.267889228348974,0.330078662350661
1.4557575,0.254540290524099,0.301296758699087,0.354684249952816,0.26708223462168,0.328778102662925
1.458757,0.253767500289785,0.300268238292124,0.353277735744474,0.266277962445223,0.327481509483601
1.4617565,0.252997165714537,0.299243018985863,0.351876084911208,0.265476403988239,0.326188884111476
1.464756,0.252229280061162,0.2982210957852,0.350479295433573,0.264677551407704,0.324900227654534
1.4677555,0.251463836591628,0.297202463615689,0.349087365030074,0.263881396849628,0.3236155410325
1.470755,0.250700828567384,0.296187117325047,0.347700291161795,0.263087932449734,0.322334824979359
1.4737545,0.249940249249674,0.295175051684643,0.346318071036974,0.262297150334131,0.321058080045842
1.476754,0.24918209189985,0.294166261390972,0.344940701615509,0.261509042619966,0.319785306601897
1.4797535,0.248426349779674,0.293160741067101,0.343568179613415,0.260723601416071,0.318516504839128
1.482753,0.247673016151618,0.292158485264104,0.342200501507212,0.259940818823596,0.31725167477321
1.4857525,0.246922084279162,0.29115948846247,0.340837663538255,0.259160686936632,0.315990816246287
1.488752,0.246173547427081,0.2901637450735,0.339479661717015,0.258383197842818,0.314733928929331
1.4917515,0.245427398861733,0.289171249440675,0.338126491827293,0.257608343623948,0.313481012324496
1.494751,0.244683631851337,0.288181995841019,0.33677814943038,0.256836116356553,0.312232065767427
1.4977505,0.243942239666252,0.287195978486433,0.335434629869166,0.256066508112482,0.310987088429568
1.50075,0.243203215579248,0.286213191525016,0.334095928272183,0.255299510959472,0.309746079320426
1.5037495,0.24246655286577,0.285233629042362,0.332762039557606,0.254535116961701,0.308509037289823
1.506749,0.241732244804207,0.284257285062852,0.331432958437191,0.253773318180339,0.307275961030126
1.5097485,0.241000284676142,0.283284153550917,0.33010867942016,0.253014106674084,0.306046849078448
1.512748,0.240270665766613,0.282314228412286,0.32878919681704,0.25225747449969,0.304821699818827
1.5157475,0.239543381364361,0.281347503495222,0.327474504743441,0.251503413712482,0.303600511484389
1.518747,0.23881842476207,0.280383972591738,0.326164597123787,0.250751916366867,0.302383282159484
1.5217465,0.238095789256618,0.279423629438793,0.324859467694996,0.250002974516834,0.301170009781796
1.524746,0.237375468149305,0.278466467719482,0.323559110010109,0.249256580216439,0.29996069214444
1.5277455,0.236657454746093,0.277512481064196,0.322263517441869,0.248512725520287,0.298755326898033
1.530745,0.23594174235783,0.276561663051778,0.320972683186249,0.247771402484006,0.297553911552738
1.5337445,0.235228324300478,0.275614007210658,0.319686600265935,0.247032603164706,0.296356443480299
1.536744,0.234517193895338,0.274669507019971,0.318405261533757,0.246296319621434,0.295162919916043
1.5397435,0.233808344469258,0.273728155910664,0.317128659676077,0.24556254391562,0.293973337960869
1.542743,0.233101769354855,0.272789947266584,0.315856787216122,0.244831268111512,0.29278769458321
1.5457425,0.232397461890726,0.271854874425555,0.314589636517282,0.244102484276606,0.29160598662098
1.548742,0.231695415421645,0.270922930680434,0.313327199786352,0.243376184482064,0.2904282107835
1.5517415,0.230995623298777,0.269994109280159,0.312069469076734,0.24265236080313,0.289254363653397
1.554741,0.23029807887987,0.269068403430781,0.310816436291592,0.24193100531953,0.288084441688491
1.5577405,0.229602775529454,0.268145806296477,0.309568093186965,0.241212110115871,0.286918441223661
1.56074,0.228909706619033,0.267226311000553,0.308324431374831,0.240495667282029,0.285756358472686
1.5637395,0.228218865527272,0.266309910626438,0.307085442326137,0.239781668913529,0.284598189530072
1.566739,0.227530245640186,0.265396598218652,0.305851117373777,0.239070107111922,0.283443930372855
1.5697385,0.226843840351319,0.264486366783769,0.304621447715533,0.238360973985148,0.282293576862394
1.572738,0.226159643061925,0.263579209291369,0.303396424416973,0.237654261647896,0.28114712474613
1.5757375,0.225477647181141,0.262675118674969,0.302176038414307,0.236949962221958,0.280004569659341
1.578737,0.224797846126165,0.261774087832943,0.300960280517205,0.236248067836571,0.278865907126869
1.5817365,0.22412023332242,0.260876109629437,0.299749141411572,0.235548570628758,0.277731132564832
1.584736,0.223444802203722,0.259981176895258,0.298542611662284,0.234851462743657,0.27660024128232
1.5877355,0.222771546212444,0.259089282428762,0.297340681715885,0.234156736334847,0.275473228483065
1.590735,0.222100458799677,0.258200418996724,0.296143341903248,0.233464383564667,0.274350089267102
1.5937345,0.221431533425384,0.257314579335196,0.294950582442193,0.232774396604526,0.273230818632409
1.596734,0.220764763558558,0.256431756150354,0.293762393440067,0.232086767635208,0.272115411476523
1.5997335,0.220100142677373,0.255551942119332,0.292578764896296,0.231401488847176,0.271003862598151
1.602733,0.219437664269329,0.254675129891046,0.291399686704887,0.230718552440857,0.269896166698753
1.6057325,0.218777321831403,0.253801312087005,0.290225148656905,0.230037950626934,0.268792318384113
1.608732,0.218119108870188,0.252930481302109,0.289055140442903,0.229359675626627,0.26769231216589
1.6117315,0.217463018902034,0.252062630105439,0.287889651655329,0.228683719671967,0.266596142463155
1.614731,0.21680904545319,0.251197751041034,0.286728671790887,0.228010075006063,0.26550380360391
1.6177305,0.216157182059932,0.250335836628654,0.28557219025287,0.227338733883369,0.26441528982659
1.62073,0.215507422268699,0.24947687936454,0.284420196353457,0.226669688569941,0.263330595281549
1.6237295,0.214859759636225,0.248620871722153,0.283272679315971,0.226002931343689,0.26224971403253
1.626729,0.214214187729662,0.24776780615291,0.28212962827712,0.225338454494622,0.261172640058119
1.6297285,0.213570700126707,0.246917675086906,0.280991032289178,0.224676250325095,0.260099367253182
1.632728,0.212929290415724,0.246070470933629,0.279856880322163,0.224016311150038,0.259029889430286
1.6357275,0.212289952195863,0.245226186082654,0.278727161265963,0.223358629297195,0.257964200321109
1.638727,0.211652679077178,0.244384812904346,0.277601863932436,0.222703197107344,0.256902293577825
1.6417265,0.211017464680743,0.243546343750535,0.27648097705748,0.222050006934522,0.255844162774484
1.644726,0.210384302638764,0.242710770955188,0.275364489303072,0.221399051146238,0.25478980140837
1.6477255,0.209753186594686,0.241878086835073,0.274252389259274,0.220750322123688,0.253739202901345
1.650725,0.209124110203307,0.241048283690411,0.273144665446215,0.220103812261959,0.252692360601184
1.6537245,0.208497067130882,0.240221353805518,0.272041306316031,0.21945951397023,0.251649267782883
1.656724,0.207872051055223,0.239397289449441,0.270942300254791,0.218817419671974,0.250609917649963
1.6597235,0.207249055665805,0.238576082876578,0.269847635584384,0.218177521805144,0.249574303335757
1.662723,0.206628074663862,0.237757726327295,0.268757300564376,0.217539812822367,0.248542417904682
1.6657225,0.206009101762488,0.236942212028534,0.26767128339385,0.216904285191125,0.247514254353491
1.668722,0.205392130686726,0.236129532194408,0.266589572213206,0.216270931393935,0.246489805612524
1.6717215,0.20477715517367,0.235319679026786,0.265512155105937,0.215639743928524,0.245469064546931
1.674721,0.204164168972547,0.234512644715878,0.264439020100383,0.215010715308001,0.244452023957888
1.6777205,0.203553165844811,0.233708421440801,0.263370155171453,0.214383838061023,0.243438676583804
1.68072,0.202944139564229,0.232907001370143,0.262305548242319,0.213759104731958,0.2424290151015
1.6837195,0.202337083916966,0.23210837666252,0.261245187186091,0.213136507881043,0.241423032127393
1.686719,0.20173199270167,0.231312539467112,0.260189059827458,0.212516040084541,0.24042072021865
1.6897185,0.201128859729547,0.230519481924211,0.25913715394431,0.211897693934891,0.239422071874337
1.692718,0.20052767882445,0.229729196165743,0.258089457269331,0.211281462040855,0.238427079536558
1.6957175,0.199928443822948,0.228941674315791,0.257045957491567,0.210667337027662,0.237435735591573
1.698717,0.199331148574408,0.22815690849111,0.256006642257974,0.210055311537146,0.236448032370906
1.7017165,0.198735786941063,0.227374890801629,0.254971499174937,0.209445378227885,0.235463962152445
1.704716,0.19814235279809,0.226595613350952,0.253940515809765,0.208837529775333,0.234483517161523
1.7077155,0.197550840033677,0.225819068236845,0.25291367969217,0.208231758871946,0.23350668957199
1.710715,0.196961242549093,0.22504524755172,0.251890978315709,0.207628058227314,0.232533471507273
1.7137145,0.196373554258755,0.224274143383111,0.250872399139218,0.207026420568275,0.231563855041417
1.716714,0.195787769090293,0.223505747814141,0.249857929588215,0.206426838639042,0.230597832200128
1.7197135,0.195203880984612,0.222740052923981,0.248847557056278,0.205829305201313,0.229635394961788
1.722713,0.19462188389596,0.221977050788306,0.24784126890641,0.205233813034387,0.228676535258469
1.7257125,0.194041771791982,0.22121673347974,0.246839052472375,0.204640354935271,0.227721244976931
1.728712,0.193463538653783,0.220459093068297,0.245840895060018,0.204048923718787,0.22676951595961
1.7317115,0.192887178475982,0.21970412162181,0.244846783948554,0.203459512217675,0.22582134000559
1.734711,0.192312685266772,0.218951811206361,0.24385670639185,0.202872113282693,0.224876708871572
1.7377105,0.191740053047972,0.218202153886697,0.242870649619676,0.202286719782715,0.223935614272823
1.74071,0.191169275855081,0.217455141726645,0.241888600838938,0.201703324604823,0.222998047884118
1.7437095,0.190600347737327,0.216710766789516,0.240910547234894,0.201121920654402,0.222064001340672
1.746709,0.190033262757722,0.215969021138505,0.239936475972347,0.200542500855223,0.221133466239057
1.7497085,0.189468014993104,0.215229896837084,0.238966374196816,0.199965058149534,0.220206434138112
1.752708,0.18890459853419,0.214493385949392,0.238000229035699,0.199389585498139,0.219282896559842
1.7557075,0.188343007485618,0.21375948054061,0.237038027599401,0.198816075880483,0.218362844990301
1.758707,0.187783235965995,0.213028172677341,0.236079756982457,0.198244522294723,0.217446270880473
1.7617065,0.187225278107937,0.212299454427974,0.235125404264625,0.19767491775781,0.216533165647131
1.764706,0.186669128058112,0.211573317863052,0.234174956511975,0.197107255305556,0.215623520673703
1.7677055,0.18611477997728,0.210849755055623,0.233228400777941,0.196541527992706,0.214717327311108
1.770705,0.185562228040332,0.210128758081595,0.232285724104375,0.195977728893007,0.213814576878593
1.7737045,0.185011466436333,0.209410319020079,0.231346913522568,0.19541585109927,0.212915260664562
1.776704,0.184462489368549,0.20869442995373,0.230411956054262,0.194855887723437,0.212019369927388
1.7797035,0.183915291054491,0.207981082969079,0.229480838712644,0.194297831896636,0.211126895896217
1.782703,0.183369865725945,0.207270270156866,0.22855354850332,0.193741676769243,0.210237829771766
1.7857025,0.182826207629007,0.206561983612355,0.227630072425275,0.193187415510937,0.209352162727107
1.788702,0.182284311024113,0.20585621543566,0.226710397471814,0.19263504131075,0.208469885908445
1.7917015,0.181744170186073,0.205152957732053,0.225794510631492,0.192084547377127,0.207590990435881
1.794701,0.181205779404097,0.204452202612271,0.224882398889023,0.191535926937963,0.206715467404174
1.7977005,0.180669132981826,0.203753942192819,0.223974049226175,0.190989173240662,0.205843307883485
1.8007,0.180134225237358,0.203058168596267,0.223069448622649,0.190444279552173,0.204974502920116
1.8036995,0.179601050503275,0.202364873951543,0.222168584056944,0.189901239159039,0.204109043537244
1.806699,0.179069603126667,0.201674050394214,0.221271442507206,0.189360045367434,0.203246920735636
1.8096985,0.17853987746916,0.200985690066776,0.220378010952063,0.188820691503204,0.202388125494362
1.812698,0.178011867906934,0.200299785118927,0.219488276371441,0.188283170911904,0.201532648771501
1.8156975,0.177485568830747,0.199616327707838,0.218602225747375,0.187747476958832,0.200680481504832
1.818697,0.17696097464596,0.198935309998423,0.217719846064792,0.187213603029063,0.199831614612521
1.8216965,0.17643807977255,0.198256724163603,0.216841124312296,0.18668154252748,0.198986038993794
1.824696,0.175916878645135,0.19758056238456,0.215966047482924,0.186151288878804,0.198143745529611
1.8276955,0.17539736571299,0.196906816850996,0.2150946025749,0.185622835527622,0.197304725083322
1.830695,0.174879535440062,0.196235479761378,0.214226776592365,0.185096175938413,0.19646896850132
1.8336945,0.174363382304992,0.195566543323186,0.213362556546107,0.184571303595573,0.195636466613685
1.836694,0.173848900801124,0.194899999753152,0.21250192945426,0.184048212003433,0.194807210234815
1.8396935,0.173336085436524,0.194235841277499,0.211644882343012,0.183526894686288,0.193981190164059
1.842693,0.17282493073399,0.193574060132168,0.210791402247276,0.18300734518841,0.193158397186332
1.8456925,0.172315431231068,0.19291464856305,0.20994147621137,0.18248955707407,0.192338822072729
1.848692,0.171807581480063,0.19225759882621,0.209095091289672,0.181973523927549,0.191522455581124
1.8516915,0.171301376048047,0.191602903188104,0.208252234547266,0.18145923935316,0.190709288456772
1.854691,0.170796809516874,0.190950553925796,0.207412893060576,0.180946696975253,0.18989931143289
1.8576905,0.170293876483183,0.190300543327172,0.206577053917987,0.180435890438235,0.189092515231242
1.86069,0.169792571558414,0.189652863691143,0.205744704220458,0.179926813406572,0.188288890562711
1.8636895,0.169292889368808,0.189007507327852,0.204915831082121,0.179419459564804,0.187488428127863
1.866689,0.168794824555422,0.188364466558876,0.204090421630862,0.178913822617552,0.186691118617507
1.8696885,0.168298371774126,0.187723733717419,0.203268463008907,0.178409896289518,0.185896952713244
1.872688,0.167803525695616,0.187085301148504,0.202449942373378,0.177907674325497,0.185105921088009
1.8756875,0.167310281005414,0.186449161209166,0.201634846896854,0.177407150490377,0.184318014406614
1.878687,0.166818632403875,0.185815306268634,0.200823163767909,0.176908318569141,0.183533223326269
1.8816865,0.166328574606186,0.185183728708516,0.200014880191649,0.176411172366866,0.182751538497109
1.884686,0.165840102342373,0.184554420922974,0.19920998339023,0.175915705708728,0.181972950562709
1.8876855,0.165353210357299,0.183927375318899,0.198408460603373,0.175421912439993,0.181197450160593
1.890685,0.164867893410666,0.183302584316086,0.197610299088866,0.174929786426022,0.180425027922733
1.8936845,0.164384146277018,0.182680040347398,0.196815486123054,0.17443932155226,0.179655674476047
1.896684,0.163901963745737,0.182059735858935,0.19602400900132,0.173950511724232,0.178889380442885
1.8996835,0.16342134062104,0.181441663310189,0.195235855038559,0.173463350867541,0.178126136441515
1.902683,0.162942271721986,0.180825815174209,0.19445101156964,0.172977832927855,0.177365933086593
1.9056825,0.162464751882465,0.180212183937752,0.193669465949859,0.172493951870901,0.176608760989635
1.908682,0.161988775951197,0.179600762101437,0.192891205555383,0.172011701682456,0.175854610759481
1.9116815,0.161514338791731,0.178991542179891,0.192116217783681,0.171531076368332,0.175103473002746
1.914681,0.161041435282439,0.178384516701898,0.191344490053955,0.171052069954371,0.174355338324277
1.9176805,0.160570060316512,0.177779678210539,0.190576009807552,0.170574676486425,0.17361019732759
1.92068,0.160100208801951,0.177177019263331,0.189810764508375,0.170098890030346,0.172868040615314
1.9236795,0.159631875661568,0.17657653243237,0.189048741643279,0.16962470467197,0.172128858789617
1.926679,0.159165055832971,0.175978210304454,0.188289928722463,0.169152114517103,0.171392642452637
1.9296785,0.158699744268564,0.175382045481225,0.187534313279852,0.168681113691502,0.170659382206898
1.932678,0.158235935935534,0.174788030579289,0.186781882873468,0.168211696340856,0.169929068655726
1.9356775,0.157773625815848,0.174196158230346,0.186032625085801,0.167743856630773,0.169201692403655
1.938677,0.157312808906238,0.173606421081309,0.185286527524163,0.167277588746753,0.168477244056835
1.9416765,0.156853480218197,0.173018811794429,0.184543577821036,0.166812886894174,0.16775571422342
1.944676,0.156395634777966,0.172433323047407,0.183803763634416,0.166349745298267,0.167037093513967
1.9476755,0.155939267626524,0.171849947533508,0.183067072648148,0.165888158204096,0.166321372541818
1.950675,0.15548437381958,0.17126867796168,0.182333492572249,0.165428119876533,0.165608541923482
1.9536745,0.155030948427557,0.170689507056656,0.18160301114323,0.164969624600238,0.164898592279007
1.956674,0.154578986535584,0.170112427559062,0.180875616124405,0.164512666679628,0.164191514232353
1.9596735,0.15412848324348,0.169537432225527,0.180151295306199,0.164057240438859,0.163487298411752
1.962673,0.153679433665746,0.168964513828778,0.17943003650644,0.163603340221796,0.16278593545007
1.9656725,0.153231832931546,0.168393665157741,0.178711827570652,0.163150960391986,0.162087415985162
1.968672,0.1527856761847,0.167824879017641,0.17799665637234,0.162700095332633,0.161391730660213
1.9716715,0.152340958583664,0.167258148230095,0.177284510813262,0.162250739446567,0.16069887012409
1.974671,0.151897675301516,0.166693465633203,0.176575378823701,0.161802887156217,0.160008825031677
1.9776705,0.151455821525945,0.166130824081639,0.175869248362729,0.16135653290358,0.159321586044206
1.98067,0.151015392459231,0.16557021644674,0.17516610741846,0.160911671150193,0.15863714382959
1.9836695,0.150576383318233,0.165011635616589,0.174465944008303,0.1604682963771,0.157955489062741
1.986669,0.150138789334369,0.164455074496101,0.173768746179204,0.160026403084822,0.157276612425895
1.9896685,0.149702605753603,0.163900526007103,0.173074502007884,0.159585985793321,0.156600504608921
1.992668,0.149267827836422,0.163347983088411,0.172383199601069,0.159147039041975,0.155927156309633
1.9956675,0.148834450857828,0.162797438695912,0.171694827095718,0.158709557389536,0.155256558234093
1.998667,0.14840247010731,0.162248885802634,0.171009372659239,0.158273535414101,0.154588701096913
2.0016665,0.147971880888832,0.16170231739882,0.170326824489704,0.157838967713079,0.153923575621547
2.004666,0.147542678520813,0.161157726492,0.169647170816055,0.157405848903149,0.153261172540586
2.0076655,0.147114858336107,0.160615106107058,0.168970399898308,0.156974173620233,0.152601482596041
2.010665,0.146688415681984,0.160074449286303,0.168296500027749,0.156543936519453,0.151944496539627
2.0136645,0.146263345920113,0.159535749089527,0.167625459527121,0.156115132275098,0.151290205133039
2.016664,0.145839644426538,0.158998998594073,0.166957266750816,0.155687755580585,0.15063859914823
2.0196635,0.145417306591658,0.158464190894896,0.166291910085048,0.155261801148424,0.149989669367671
2.022663,0.14499632782021,0.157931319104619,0.165629377948031,0.154837263710175,0.149343406584626
2.0256625,0.144576703531244,0.157400376353593,0.16496965879015,0.154414138016415,0.148699801603405
2.028662,0.144158429158104,0.156871355789953,0.16431274109412,0.153992418836695,0.148058845239624
2.0316615,0.143741500148406,0.156344250579669,0.163658613375151,0.153572100959502,0.147420528320459
2.034661,0.143325911964015,0.155819053906601,0.163007264181101,0.153153179192218,0.146784841684888
2.0376605,0.142911660081024,0.155295758972549,0.162358682092623,0.152735648361081,0.146151776183944
2.04066,0.142498739989729,0.154774358997298,0.161712855723311,0.152319503311144,0.145521322680948
2.0436595,0.142087147194611,0.15425484721867,0.161069773719841,0.151904738906231,0.14489347205175
2.046659,0.141676877214308,0.153737216892566,0.160429424762106,0.1514913500289,0.144268215184959
2.0496585,0.141267925581595,0.153221461293011,0.159791797563345,0.151079331580397,0.143645542982174
2.052658,0.140860287843356,0.152707573712196,0.159156880870272,0.150668678480614,0.143025446358209
2.0556575,0.140453959560566,0.152195547460519,0.158524663463195,0.15025938566805,0.14240791624131
2.058657,0.140048936308262,0.15168537586662,0.157895134156136,0.149851448099763,0.14179294357338
2.0616565,0.139645213675522,0.151177052277426,0.157268281796942,0.149444860751328,0.141180519310186
2.064656,0.139242787265437,0.150670570058179,0.156644095267397,0.149039618616796,0.140570634421573
2.0676555,0.138841652695088,0.150165922592476,0.156022563483323,0.148635716708644,0.139963279891671
2.070655,0.13844180559552,0.149663103282298,0.155403675394682,0.148233150057739,0.139358446719096
2.0736545,0.138043241611718,0.149162105548045,0.154787419985677,0.147831913713283,0.138756125917152
2.076654,0.137645956402581,0.148662922828563,0.154173786274835,0.147432002742776,0.138156308514026
2.0796535,0.137249945640893,0.148165548581175,0.153562763315108,0.147033412231966,0.137558985552981
2.082653,0.136855205013302,0.147669976281706,0.152954340193948,0.146636137284807,0.136964148092545
2.0856525,0.136461730220289,0.147176199424511,0.152348506033393,0.146240173023408,0.1363717872067
2.088652,0.136069516976144,0.1466842115225,0.151745249990145,0.145845514587991,0.135781893985059
2.0916515,0.135678561008941,0.146194006107157,0.151144561255641,0.145452157136844,0.135194459533053
2.094651,0.135288858060506,0.145705576728567,0.150546429056126,0.145060095846271,0.134609474972103
2.0976505,0.134900403886393,0.145218916955435,0.149950842652719,0.144669325910548,0.134026931439791
2.10065,0.134513194255858,0.144734020375102,0.149357791341474,0.144279842541876,0.133446820090035
2.1036495,0.134127224951828,0.144250880593569,0.148767264453445,0.14389164097033,0.132869132093255
2.106649,0.133742491770876,0.143769491235511,0.148179251354739,0.143504716443816,0.132293858636533
2.1096485,0.133358990523193,0.143289845944291,0.147593741446567,0.143119064228018,0.131720990923779
2.112648,0.132976717032556,0.142811938381977,0.147010724165302,0.142734679606355,0.131150520175883
2.1156475,0.132595667136307,0.142335762229356,0.146430188982516,0.142351557879927,0.130582437630876
2.118647,0.132215836685317,0.141861311185942,0.145852125405033,0.141969694367472,0.130016734544077
2.1216465,0.131837221543962,0.141388578969993,0.145276522974961,0.141589084405313,0.129453402188245
2.124646,0.131459817590094,0.140917559318516,0.144703371269736,0.141209723347311,0.128892431853723
2.1276455,0.13108362071501,0.140448245987279,0.144132659902154,0.140831606564815,0.128333814848582
2.130645,0.130708626823424,0.139980632750816,0.143564378520405,0.140454729446612,0.127777542498764
2.1336445,0.130334831833438,0.139514713402437,0.142998516808098,0.140079087398882,0.127223606148213
2.136644,0.129962231676513,0.13905048175423,0.142435064484288,0.139704675845141,0.126671997159017
2.1396435,0.129590822297438,0.138587931637071,0.141874011303503,0.139331490226197,0.126122706911538
2.142643,0.129220599654302,0.13812705690062,0.14131534705576,0.138959526000098,0.12557572680454
2.1456425,0.128851559718464,0.13766785141333,0.140759061566586,0.13858877864208,0.125031048255316
2.148642,0.128483698474521,0.137210309062446,0.14020514469703,0.138219243644521,0.124488662699813
2.1516415,0.128117011920282,0.136754423754008,0.139653586343677,0.137850916516887,0.123948561592757
2.154641,0.127751496066732,0.136300189412846,0.139104376438661,0.137483792785684,0.123410736407764
2.1576405,0.127387146938008,0.135847599982583,0.138557504949668,0.137117867994403,0.122875178637467
2.16064,0.127023960571364,0.135396649425631,0.138012961879943,0.136753137703477,0.12234187979362
2.1636395,0.126661933017143,0.134947331723189,0.137470737268293,0.136389597490222,0.121810831407216
2.166639,0.126301060338744,0.134499640875239,0.136930821189086,0.136027242948791,0.121282025028597
2.1696385,0.125941338612596,0.134053570900538,0.136393203752253,0.13566606969012,0.120755452227555
2.172638,0.12558276392812,0.13360911583662,0.135857875103276,0.135306073341879,0.120231104593441
2.1756375,0.125225332387703,0.133166269739778,0.135324825423189,0.134947249548422,0.119708973735267
2.178637,0.124869040106667,0.132725026685069,0.134794044928566,0.134589593970731,0.119189051281803
2.1816365,0.124513883213236,0.132285380766295,0.13426552387151,0.134233102286369,0.118671328881678
2.184636,0.124159857848505,0.131847326096003,0.133739252539639,0.133877770189425,0.118155798203472
2.1876355,0.123806960166408,0.131410856805467,0.133215221256074,0.133523593390467,0.117642450935813
2.190635,0.12345518633369,0.130975967044685,0.132693420379419,0.133170567616484,0.11713127878746
2.1936345,0.12310453252987,0.130542650982363,0.132173840303742,0.132818688610842,0.116622273487403
2.196634,0.122754994947216,0.130110902805902,0.131656471458556,0.132467952133225,0.116115426784939
2.1996335,0.122406569790706,0.129680716721389,0.131141304308792,0.132118353959587,0.115610730449762
2.202633,0.122059253278002,0.129252086953582,0.130628329354778,0.131769889882101,0.115108176272044
2.2056325,0.121713041639415,0.128825007745893,0.130117537132212,0.131422555709105,0.114607756062514
2.208632,0.121367931117876,0.128399473360378,0.129608918212128,0.131076347265049,0.114109461652538
2.2116315,0.121023917968899,0.127975478077716,0.129102463200871,0.130731260390447,0.113613284894192
2.214631,0.120680998460555,0.127553016197196,0.128598162740063,0.130387290941822,0.113119217660341
2.2176305,0.120339168873435,0.1271320820367,0.128096007506568,0.130044434791655,0.112627251844706
2.22063,0.119998425500621,0.126712669932681,0.127595988212459,0.12970268782833,0.112137379361936
2.2236295,0.119658764647651,0.126294774240152,0.127098095604976,0.129362045956089,0.111649592147677
2.226629,0.11932018263249,0.12587838933266,0.126602320466492,0.129022505094973,0.111163882158637
2.2296285,0.118982675785495,0.12546350960227,0.126108653614469,0.128684061180771,0.110680241372652
2.232628,0.118646240449382,0.125050129459545,0.125617085901417,0.128346710164973,0.110198661788746
2.2356275,0.118310872979197,0.124638243333523,0.12512760821485,0.128010448014711,0.109719135427194
2.238627,0.11797656974228,0.124227845671695,0.124640211477242,0.12767527071271,0.10924165432958
2.2416265,0.117643327118234,0.123818930939988,0.124154886645978,0.127341174257238,0.108766210558855
2.244626,0.117311141498893,0.123411493622737,0.123671624713309,0.127008154662051,0.108292796199388
2.2476255,0.116980009288287,0.123005528222663,0.123190416706298,0.12667620795634,0.107821403357027
2.250625,0.116649926902613,0.122601029260852,0.122711253686773,0.126345330184682,0.107352024159145
2.2536245,0.116320890770198,0.122197991276728,0.122234126751274,0.126015517406986,0.106884650754691
2.256624,0.11599289733147,0.121796408828027,0.121759027030998,0.125686765698443,0.106419275314241
2.2596235,0.115665943038922,0.121396276490777,0.121285945691744,0.125359071149468,0.105955890030042
2.262623,0.115340024357082,0.120997588859267,0.120814873933858,0.125032429865657,0.10549448711606
2.2656225,0.115015137762477,0.120600340546021,0.120345802992174,0.124706837967727,0.105035058808019
2.268622,0.114691279743605,0.120204526181776,0.119878724135959,0.124382291591469,0.104577597363449
2.2716215,0.114368446800895,0.119810140415448,0.119413628668847,0.124058786887693,0.10412209506172
2.274621,0.114046635446683,0.119417177914109,0.118950507928783,0.123736320022179,0.103668544204086
2.2776205,0.113725842205169,0.119025633362958,0.118489353287959,0.12341488717562,0.103216937113721
2.28062,0.113406063612393,0.11863550146529,0.118030156152749,0.123094484543579,0.102767266135753
2.2836195,0.113087296216196,0.118246776942467,0.117572907963648,0.122775108336426,0.102319523637297
2.286619,0.11276953657619,0.117859454533893,0.117117600195204,0.122456754779297,0.101873702007494
2.2896185,0.112452781263723,0.117473528996979,0.11666422435595,0.122139420112033,0.101429793657535
2.292618,0.112137026861849,0.117088995107114,0.116212771988341,0.121823100589136,0.100987791020698
2.2956175,0.111822269965291,0.116705847657633,0.115763234668681,0.121507792479712,0.100547686552369
2.298617,0.11150850718041,0.116324081459789,0.115315604007056,0.121193492067422,0.100109472730075
2.3016165,0.111195735125174,0.115943691342717,0.114869871647261,0.12088019565043,0.0996731420535057
2.304616,0.11088395042912,0.115564672153408,0.114426029266731,0.120567899541351,0.0992386870445419
2.3076155,0.110573149733325,0.115187018756668,0.113984068576467,0.120256600067201,0.0988061002472741
2.310615,0.110263329690371,0.114810726035093,0.113543981320964,0.119946293569343,0.0983753742280281
2.3136145,0.109954486964313,0.11443578888903,0.113105759278133,0.119636976403439,0.0979465015753814
2.316614,0.109646618230644,0.114062202236549,0.112669394259232,0.119328644939397,0.0975194749001857
2.3196135,0.109339720176266,0.113689961013404,0.112234878108785,0.119021295561319,0.0970942868355831
2.322613,0.109033789499451,0.113319060173001,0.111802202704506,0.118714924667452,0.0966709300370217
2.3256125,0.108728822909813,0.112949494686363,0.111371359957226,0.118409528670136,0.0962493971822734
2.328612,0.108424817128272,0.112581259542097,0.110942341810807,0.118105103995753,0.0958296809714449
2.3316115,0.108121768887022,0.112214349746353,0.110515140242071,0.117801647084676,0.095411774126994
2.334611,0.107819674929499,0.111848760322797,0.110089747260712,0.117499154391217,0.0949956693937365
2.3376105,0.107518532010344,0.111484486312568,0.109666154909223,0.117197622383581,0.0945813595388623
2.34061,0.107218336895377,0.111121522774244,0.109244355262811,0.11689704754381,0.0941688373519399
2.3436095,0.106919086361555,0.110759864783805,0.108824340429314,0.116597426367734,0.0937580956449273
2.346609,0.106620777196946,0.110399507434601,0.108406102549122,0.116298755364923,0.0933491272521779
2.3496085,0.106323406200694,0.110040445837305,0.10798963379509,0.116001031058634,0.0929419250304468
2.352608,0.106026970182985,0.109682675119886,0.107574926372457,0.115704249985761,0.0925364818588957
2.3556075,0.105731465965015,0.109326190427566,0.10716197251876,0.115408408696786,0.0921327906390961
2.358607,0.105436890378955,0.10897098692278,0.106750764503748,0.115113503755728,0.0917308442950321
2.3616065,0.105143240267923,0.108617059785145,0.106341294629299,0.114819531740094,0.091330635773103
2.364606,0.104850512485945,0.108264404211414,0.105933555229333,0.114526489240826,0.0909321580421226
2.3676055,0.104558703897925,0.107913015415443,0.105527538669723,0.114234372862257,0.0905354040933185
2.370605,0.104267811379615,0.107562888628148,0.10512323734821,0.113943179222055,0.0901403669403326
2.3736045,0.103977831817576,0.107214019097471,0.104720643694314,0.113652904951178,0.0897470396192167
2.376604,0.10368876210915,0.106866402088332,0.104319750169246,0.113363546693821,0.0893554151884294
2.3796035,0.103400599162425,0.106520032882601,0.10392054926582,0.11307510110737,0.0889654867288334
2.382603,0.103113339896203,0.106174906779046,0.103523033508362,0.112787564862349,0.0885772473436866
2.3856025,0.102826981239968,0.105831019093304,0.103127195452622,0.112500934642375,0.08819069015864
2.388602,0.102541520133852,0.105488365157832,0.102733027685682,0.112215207144105,0.0878058083217272
2.3916015,0.102256953528601,0.105146940321873,0.102340522825865,0.111930379077188,0.0874225950033582
2.394601,0.101973278385546,0.10480673995141,0.101949673522649,0.111646447164219,0.0870410433963089
2.3976005,0.101690491676568,0.104467759429131,0.101560472456569,0.111363408140686,0.0866611467157127
2.4006,0.101408590384067,0.104129994154383,0.101172912339127,0.111081258754924,0.0862828981990483
2.4035995,0.101127571500925,0.103793439543132,0.100786985912703,0.110799995768066,0.0859062911061293
2.406599,0.100847432030481,0.103458091027923,0.100402685950458,0.110519615953994,0.0855313187190905
2.4095985,0.100568168986491,0.10312394405784,0.100020005256245,0.110240116099289,0.0851579743423755
2.412598,0.100289779393101,0.102790994098459,0.099638936664511,0.109961493003187,0.0847862513027218
2.4155975,0.100012260284812,0.102459236631811,0.0992594730402085,0.109683743477528,0.0844161429491464
2.418597,0.099735608706447,0.102128667156337,0.0988816072786981,0.109406864346707,0.0840476426529298
2.4215965,0.0994598217131219,0.101799281186848,0.0985053323056555,0.109130852447631,0.0836807438075992
2.424596,0.0991848963702099,0.101471074254482,0.0981306410769764,0.108855704629663,0.083315439828912
2.4275955,0.0989108297533108,0.10114404190666,0.0977575265786824,0.108581417754582,0.0829517241548365
2.430595,0.0986376189482185,0.100818179707046,0.0973859818268253,0.108307988696534,0.0825895902455334
2.4335945,0.0983652610508891,0.100493483235503,0.0970159998673921,0.108035414341979,0.0822290315833375
2.436594,0.0980937531674081,0.100169948088049,0.096647573776209,0.107763691589652,0.0818700416727353
2.4395935,0.0978230924139597,0.0998475698768158,0.0962806966588462,0.107492817350509,0.0815126140403458
2.442593,0.0975532759167929,0.0995263442300051,0.0959153616505214,0.107222788547684,0.0811567422348969
2.4455925,0.0972843008121915,0.0992062667918452,0.0955515619160035,0.10695360211644,0.0808024198272053
2.448592,0.0970161642464406,0.0988873332225482,0.095189290649516,0.106685255004123,0.0804496404101507
2.4515915,0.0967488633757958,0.0985695391982658,0.094828541074641,0.106417744170116,0.0800983975986549
2.454591,0.0964823953664505,0.0982528804110463,0.0944693064442214,0.10615106658579,0.0797486850296544
2.4575905,0.0962167573945048,0.0979373525687908,0.094111580040265,0.10588521923446,0.0794004963620772
2.46059,0.0959519466459336,0.0976229513952091,0.093755355173846,0.105620199111338,0.0790538252768169
2.4635895,0.0956879603165548,0.0973096726297764,0.0934006251850085,0.105356003223486,0.0787086654767055
2.466589,0.0954247956119978,0.0969975120276892,0.093047383442669,0.105092628589773,0.0783650106864869
2.4695885,0.0951624497476717,0.0966864653598207,0.0926956233445182,0.104830072240822,0.0780228546527892
2.472588,0.0949009199487341,0.0963765284126775,0.0923453383169238,0.104568331218974,0.0776821911440965
2.4755875,0.0946402034500593,0.096067696988355,0.0919965218148323,0.104307402578233,0.0773430139507201
2.478587,0.0943802974962073,0.095759966904493,0.0916491673216711,0.104047283384227,0.077005316884769
2.4815865,0.0941211993413922,0.095453333994232,0.0913032683492505,0.10378797071416,0.0766690937801197
2.484586,0.0938629062494507,0.0951477941061677,0.090958818437665,0.103529461656765,0.0763343384923862
2.4875855,0.0936054154938112,0.0948433431043074,0.0906158111551958,0.103271753312263,0.0760010448988884
2.490585,0.0933487243574625,0.0945399768680254,0.0902742400982117,0.103014842792314,0.0756692068986209
2.4935845,0.0930928301329226,0.094237691292018,0.0899340988910712,0.102758727219976,0.0753388184122203
2.496584,0.0928377301222077,0.093936482286259,0.0895953811860238,0.102503403729654,0.0750098733819332
2.4995835,0.092583421636801,0.0936363457759552,0.0892580806631114,0.102248869467065,0.0746823657715817
2.502583,0.0923299019976218,0.0933372777015013,0.0889221910300696,0.101995121589182,0.0743562895665312
2.5055825,0.0920771685349951,0.0930392740184354,0.0885877060222293,0.1017421572642,0.0740316387736558
2.508582,0.09182521858862,0.0927423306973938,0.0882546194024181,0.101489973671485,0.0737084074213022
2.5115815,0.0915740495075393,0.0924464437240668,0.0879229249608613,0.101238568001532,0.0733865895592563
2.514581,0.0913236586501086,0.0921516090991528,0.0875926165150832,0.100987937455922,0.0730661792587064
2.5175805,0.0910740433839659,0.0918578228383138,0.0872636879098088,0.100738079247278,0.0727471706122078
2.52058,0.0908252010860007,0.091565080972131,0.0869361330168644,0.10048899059922,0.0724295577336452
2.5235795,0.090577129142324,0.0912733795460585,0.0866099457350796,0.10024066874632,0.0721133347581964
2.526579,0.0903298249482368,0.0909827146203795,0.0862851199901881,0.0999931109340636,0.0717984958422949
2.5295785,0.0900832859082009,0.0906930822701604,0.0859616497347291,0.0997463144188027,0.0714850351635916
2.532578,0.0898375094358075,0.0904044785852059,0.0856395289479487,0.099500276467713,0.0711729469209158
2.5355775,0.0895924929537477,0.0901168996700143,0.0853187516357011,0.0992549943587518,0.0708622253342378
2.538577,0.0893482338937817,0.0898303416437317,0.0849993118303499,0.0990104653806143,0.0705528646446292
2.5415765,0.089104729696709,0.0895448006401073,0.0846812035906704,0.0987666868326914,0.0702448591142223
2.544576,0.088861977812338,0.089260272807448,0.0843644210017496,0.0985236560250268,0.0699382030261716
2.5475755,0.0886199756994563,0.0889767543085736,0.0840489581748887,0.0982813702782746,0.0696328906846123
2.550575,0.0883787208258005,0.0886942413207714,0.0837348092475044,0.0980398269236569,0.0693289164146202
2.5535745,0.0881382106680263,0.0884127300357506,0.0834219683830308,0.0977990233029217,0.06902627456217
2.556574,0.0878984427116788,0.0881322166595978,0.0831104297708208,0.0975589567683009,0.0687249594940948
2.5595735,0.0876594144511626,0.0878526974127316,0.0828001876260479,0.0973196246824678,0.0684249655980426
2.562573,0.0874211233897122,0.0875741685298572,0.0824912361896078,0.0970810244184963,0.0681262872824356
2.5655725,0.087183567039362,0.0872966262599218,0.0821835697280213,0.0968431533598182,0.067828918976427
2.568572,0.0869467429209173,0.0870200668660684,0.081877182533335,0.0966060089001825,0.0675328551298582
2.5715715,0.0867106485639247,0.0867444866255921,0.0815720689230247,0.0963695884436134,0.0672380902132152
2.574571,0.0864752815066419,0.0864698818298933,0.0812682232398968,0.0961338894043695,0.0669446187175852
2.5775705,0.0862406392960093,0.0861962487844341,0.0809656398519904,0.0958989092069023,0.0666524351546136
2.58057,0.0860067194876202,0.0859235838086923,0.0806643131524808,0.0956646452858156,0.0663615340564584
2.5835695,0.0857735196456917,0.0856518832361165,0.0803642375595814,0.0954310950858247,0.0660719099757468
2.586569,0.0855410373430354,0.0853811434140811,0.0800654075164455,0.095198256061715,0.0657835574855294
2.5895685,0.0853092701610287,0.0851113607038412,0.0797678174910712,0.0949661256783024,0.0654964711792361
2.592568,0.0850782156895848,0.0848425314804878,0.0794714619762021,0.0947347014103922,0.0652106456706302
2.5955675,0.084847871527125,0.0845746521329022,0.0791763354892315,0.0945039807427391,0.064926075593763
2.598567,0.0846182352805493,0.0843077190637119,0.0788824325721059,0.094273961170007,0.0646427556029269
2.6015665,0.0843893045652072,0.0840417286892448,0.0785897477912269,0.0940446401967292,0.0643606803726111
2.604566,0.084161077004869,0.083776677439485,0.0782982757373562,0.0938160153372679,0.0640798445974531
2.6075655,0.083933550231698,0.0835125617580272,0.0780080110255182,0.0935880841157751,0.0638002429921933
2.610565,0.0837067218862209,0.0832493781020327,0.0777189482949042,0.0933608440661529,0.0635218702916274
2.6135645,0.0834805896172997,0.082987122942184,0.077431082208776,0.0931342927320141,0.0632447212505597
2.616564,0.0832551510821032,0.0827257927626401,0.0771444074543701,0.0929084276666422,0.0629687906437546
2.6195635,0.0830304039460785,0.082465384060992,0.0768589187428021,0.0926832464329533,0.0626940732658904
2.622563,0.0828063458829228,0.082205893348218,0.0765746108089708,0.0924587466034561,0.0624205639315103
2.6255625,0.0825829745745552,0.0819473171486386,0.0762914784114628,0.0922349257602136,0.0621482574749741
2.628562,0.0823602877110881,0.0816896519998726,0.0760095163324573,0.0920117814948043,0.061877148750411
2.6315615,0.0821382829907998,0.0814328944527921,0.0757287193776311,0.0917893114082832,0.0616072326316692
2.634561,0.0819169581201058,0.081177041071478,0.0754490823760632,0.0915675131111434,0.0613385040122696
2.6375605,0.0816963108135312,0.0809220884331759,0.0751706001801407,0.091346384223278,0.0610709578053539
2.64056,0.0814763387936827,0.0806680331282511,0.0748932676654636,0.0911259223739419,0.0608045889436381
2.6435595,0.0812570397912209,0.080414871760145,0.0746170797307511,0.0909061252017133,0.0605393923793609
2.646559,0.0810384115448322,0.0801626009453304,0.0743420312977468,0.0906869903544563,0.060275363084236
2.6495585,0.0808204518012018,0.0799112173132669,0.0740681173111249,0.0904685154892826,0.060012496049401
2.652558,0.0806031583149853,0.0796607175063574,0.0737953327383965,0.090250698272514,0.0597507862853678
2.6555575,0.0803865288487815,0.0794110981799036,0.0735236725698159,0.0900335363796451,0.0594902288219729
2.658557,0.0801705611731054,0.0791623560020622,0.0732531318182872,0.0898170274953056,0.0592308187083272
2.6615565,0.07995525306636,0.0789144876538004,0.0729837055192715,0.0896011693132231,0.0589725510127642
2.664556,0.0797406023148097,0.0786674898288524,0.0727153887306929,0.0893859595361864,0.0587154208227913
2.6675555,0.0795266067125525,0.0784213592336755,0.0724481765328467,0.0891713958760075,0.058459423245038
2.670555,0.0793132640614934,0.0781760925874059,0.0721820640283063,0.0889574760534857,0.0582045534052051
2.6735545,0.0791005721713168,0.0779316866218156,0.0719170463418312,0.0887441977983708,0.0579508064480137
2.676554,0.0788885288594598,0.0776881380812682,0.0716531186202744,0.0885315588493259,0.057698177537154
2.6795535,0.0786771319510851,0.0774454437226752,0.0713902760324909,0.0883195569538916,0.0574466618552341
2.682553,0.0784663792790544,0.0772036003154528,0.0711285137692457,0.0881081898684492,0.0571962546037287
2.6855525,0.0782562686839011,0.0769626046414786,0.0708678270431225,0.087897455358185,0.0569469510029267
2.688552,0.078046798013804,0.0767224534950476,0.0706082110884322,0.0876873511970535,0.0566987462918807
2.6915515,0.0778379651245607,0.0764831436828292,0.0703496611611221,0.0874778751677428,0.0564516357283543
2.694551,0.0776297678795609,0.076244672023824,0.0700921725386851,0.0872690250616373,0.05620561458877
2.6975505,0.0774222041497595,0.0760070353493205,0.0698357405200688,0.087060798678783,0.0559606781681584
2.70055,0.077215271813651,0.075770230502852,0.0695803604255855,0.0868531938278518,0.0557168217801042
2.7035495,0.0770089687572423,0.0755342543401536,0.0693260275968219,0.086646208326106,0.0554740407566961
2.706549,0.0768032928740273,0.0752991037291193,0.0690727373965493,0.0864398399993632,0.055232330448472
2.7095485,0.0765982420649599,0.0750647755497588,0.0688204852086338,0.0862340866819613,0.0549916862243688
2.712548,0.0763938142384284,0.0748312666941555,0.0685692664379473,0.0860289462167232,0.0547521034716681
2.7155475,0.0761900073102292,0.0745985740664225,0.068319076510278,0.0858244164549221,0.0545135775959448
2.718547,0.0759868192035408,0.0743666945826615,0.0680699108722412,0.0856204952562468,0.054276104021014
2.7215465,0.0757842478488983,0.0741356251709187,0.0678217649911914,0.0854171804887673,0.0540396781888772
2.724546,0.0755822911841669,0.0739053627711437,0.0675746343551333,0.0852144700289001,0.0538042955596713
2.7275455,0.0753809471545165,0.073675904335146,0.0673285144726334,0.0850123617613738,0.0535699516116138
2.730545,0.0751802137123967,0.0734472468265535,0.0670834008727331,0.0848108535791953,0.0533366418409512
2.7335445,0.0749800888175098,0.0732193872207699,0.0668392891048598,0.0846099433836155,0.0531043617619045
2.736544,0.0747805704367862,0.0729923225049326,0.0665961747387404,0.0844096290840955,0.0528731069066182
2.7395435,0.0745816565443589,0.0727660496778707,0.0663540533643131,0.0842099085982724,0.0526428728251039
2.742543,0.0743833451215382,0.0725405657500629,0.0661129205916419,0.0840107798519264,0.0524136550851902
2.7455425,0.0741856341567857,0.0723158677435959,0.0658727720508284,0.0838122407789465,0.0521854492724673
2.748542,0.0739885216456898,0.0720919526921227,0.0656336033919267,0.0836142893212975,0.0519582509902344
2.7515415,0.0737920055909402,0.0718688176408203,0.0653954102848561,0.0834169234289867,0.0517320558594465
2.754541,0.0735960840023031,0.0716464596463486,0.0651581884193163,0.083220141060031,0.0515068595186598
2.7575405,0.0734007548965959,0.0714248757768088,0.0649219335047005,0.0830239401804228,0.0512826576239798
2.76054,0.0732060162976624,0.071204063111702,0.0646866412700117,0.0828283187640989,0.0510594458490064
2.7635395,0.0730118662363479,0.0709840187418877,0.0644523074637755,0.082633274792906,0.0508372198847808
2.766539,0.0728183027504745,0.070764739769543,0.0642189278539572,0.0824388062565692,0.0506159754397321
2.7695385,0.0726253238848163,0.0705462233081208,0.0639864982278758,0.0822449111526591,0.0503957082396232
2.772538,0.0724329276910748,0.0703284664823094,0.0637550143921207,0.0820515874865592,0.0501764140274973
2.7755375,0.0722411122278545,0.0701114664279911,0.0635244721724667,0.0818588332714342,0.0499580885636244
2.778537,0.072049875560638,0.0698952202922013,0.0632948674137911,0.0816666465281976,0.0497407276254474
2.7815365,0.0718592157617622,0.0696797252330886,0.0630661959799893,0.0814750252854791,0.049524327007528
2.784536,0.0716691309103932,0.0694649784198728,0.0628384537538922,0.0812839675795942,0.0493088825214937
2.7875355,0.0714796190925029,0.0692509770328053,0.0626116366371829,0.0810934714545108,0.0490943899959833
2.790535,0.0712906784008442,0.0690377182631286,0.0623857405503141,0.0809035349618189,0.0488808452765936
2.7935345,0.0711023069349268,0.0688251993130351,0.0621607614324257,0.0807141561606982,0.0486682442258253
2.796534,0.0709145028009939,0.0686134173956281,0.0619366952412621,0.0805253331178873,0.0484565827230293
2.7995335,0.0707272641119975,0.0684023697348802,0.0617135379530911,0.080337063907652,0.0482458566643532
2.802533,0.0705405889875749,0.0681920535655948,0.0614912855626216,0.0801493466117548,0.0480360619626868
2.8055325,0.0703544755540244,0.0679824661333645,0.0612699340829225,0.0799621793194231,0.047827194547609
2.808532,0.0701689219442826,0.0677736046945325,0.0610494795453416,0.0797755601273192,0.0476192503653337
2.8115315,0.0699839262978993,0.0675654665161521,0.0608299179994249,0.0795894871395087,0.0474122253786559
2.814531,0.0697994867610151,0.0673580488759476,0.0606112455128357,0.0794039584674306,0.0472061155668983
2.8175305,0.0696156014863373,0.0671513490622741,0.0603934581712742,0.0792189722298663,0.047000916925857
2.82053,0.0694322686331168,0.0669453643740783,0.0601765520783985,0.0790345265529094,0.0467966254677481
2.8235295,0.0692494863671241,0.0667400921208596,0.0599605233557436,0.0788506195699354,0.0465932372211543
2.826529,0.0690672528606267,0.0665355296226299,0.0597453681426427,0.0786672494215718,0.0463907482309703
2.8295285,0.0688855662923655,0.0663316742098752,0.059531082596148,0.0784844142556677,0.04618915455835
2.832528,0.0687044248475319,0.0661285232235165,0.0593176628909513,0.078302112227264,0.045988452280652
2.8355275,0.0685238267177442,0.0659260740148701,0.059105105219306,0.078120341498564,0.0457886374913866
2.838527,0.0683437701010251,0.0657243239456099,0.0588934057909481,0.0779391002389031,0.0455897063001619
2.8415265,0.0681642532017789,0.0655232703877276,0.0586825608330189,0.0777583866247197,0.0453916548326307
2.844526,0.0679852742307679,0.0653229107234948,0.0584725665899866,0.0775781988395261,0.0451944792304357
2.8475255,0.0678068314050902,0.065123242345424,0.0582634193235688,0.0773985350738781,0.0449981756511574
2.850525,0.0676289229481571,0.0649242626562305,0.0580551153126556,0.077219393525347,0.0448027402682599
2.8535245,0.0674515470896698,0.0647259690687939,0.0578476508532323,0.0770407723984899,0.0446081692710373
2.856524,0.0672747020655974,0.0645283590061197,0.057641022258303,0.0768626699048207,0.0444144588645607
2.8595235,0.0670983861181543,0.0643314299013016,0.057435225857814,0.076685084262782,0.0442216052696248
2.862523,0.0669225974957777,0.0641351791974835,0.0572302579985777,0.0765080136977153,0.044029604722694
2.8655225,0.0667473344531049,0.063939604347821,0.0570261150441966,0.0763314564418333,0.04383845347585
2.868522,0.066572595250952,0.0637447028154442,0.056822793374988,0.0761554107341911,0.0436481477967378
2.8715215,0.0663983781562905,0.0635504720734198,0.0566202893879089,0.0759798748206575,0.043458683968513
2.874521,0.066224681442226,0.0633569096047137,0.0564185994964799,0.0758048469538875,0.0432700582897884
2.8775205,0.0660515033879758,0.063164012902153,0.0562177201307119,0.0756303253932936,0.043082267074581
2.88052,0.0658788422788468,0.0629717794683895,0.0560176477370304,0.0754563084050179,0.0428953066522588
2.8835195,0.065706696406214,0.0627802068158616,0.0558183787782023,0.0752827942619043,0.0427091733674882
2.886519,0.065535064067498,0.0625892924667576,0.0556199097332612,0.0751097812434706,0.0425238635801806
2.8895185,0.0653639435661442,0.0623990339529787,0.0554222370974343,0.0749372676358811,0.0423393736654405
2.892518,0.0651933332116,0.0622094288161018,0.0552253573820689,0.0747652517319186,0.0421557000135108
2.8955175,0.0650232313192939,0.0620204746073429,0.0550292671145587,0.0745937318309572,0.0419728390297221
2.898517,0.0648536362106134,0.0618321688875203,0.0548339628382722,0.0744227062389352,0.0417907871344391
2.9015165,0.0646845462128841,0.0616445092270182,0.0546394411124793,0.0742521732683273,0.0416095407630077
2.904516,0.0645159596593481,0.0614574932057497,0.0544456985122791,0.0740821312381182,0.0414290963657031
2.9075155,0.064347874889142,0.0612711184131208,0.0542527316285285,0.073912578473775,0.0412494504076772
2.910515,0.0641802902472765,0.0610853824479942,0.0540605370677696,0.0737435133072204,0.0410705993689055
2.9135145,0.0640132040846148,0.0609002829186529,0.0538691114521593,0.0735749340768066,0.0408925397441354
2.916514,0.0638466147578514,0.0607158174427643,0.0536784514193972,0.0734068391272875,0.0407152680428344
2.9195135,0.0636805206294913,0.0605319836473441,0.0534885536226553,0.0732392268097933,0.0405387807891365
2.922513,0.0635149200678283,0.0603487791687205,0.0532994147305077,0.0730720954818032,0.0403630745217914
2.9255125,0.0633498114469252,0.0601662016524986,0.0531110314268593,0.0729054435071196,0.040188145794112
2.928512,0.0631851931465919,0.0599842487535248,0.0529234004108764,0.0727392692558413,0.040013991173922
2.9315115,0.0630210635523653,0.0598029181358509,0.0527365183969171,0.0725735711043383,0.0398406072435045
2.934511,0.062857421055488,0.0596222074726991,0.0525503821144615,0.0724083474352248,0.0396679905995505
2.9375105,0.0626942640528881,0.0594421144464268,0.0523649883080424,0.072243596637334,0.0394961378531066
2.94051,0.0625315909471583,0.0592626367484909,0.0521803337371766,0.072079317105692,0.0393250456295229
2.9435095,0.062369400146536,0.0590837720794131,0.0519964151762963,0.0719155072414921,0.0391547105684031
2.946509,0.0622076900648817,0.0589055181487451,0.05181322941468,0.0717521654520693,0.038985129323551
2.9495085,0.0620464591216599,0.0587278726750331,0.0516307732563854,0.071589290150875,0.038816298562921
2.952508,0.0618857057419177,0.058550833385784,0.051449043520181,0.0714268797574513,0.038648214968565
2.9555075,0.0617254283562655,0.0583743980174298,0.0512680370394782,0.071264932697406,0.0384808752365828
2.958507,0.0615656254008563,0.0581985643152939,0.0510877506622647,0.0711034474023874,0.0383142760770701
2.9615065,0.0614062953173655,0.058023330033556,0.050908181251037,0.070942422310059,0.0381484142140671
2.964506,0.0612474365529709,0.0578486929352181,0.0507293256827338,0.070781855864075,0.0379832863855088
2.9675055,0.0610890475603335,0.0576746507920708,0.0505511808486692,0.0706217465140552,0.037818889343173
2.970505,0.0609311267975762,0.0575012013846582,0.050373743654467,0.0704620927155602,0.03765521985263
2.9735045,0.0607736727282655,0.0573283425022448,0.0501970110199945,0.0703028929300668,0.0374922746931919
2.976504,0.0606166838213903,0.0571560719427809,0.0500209798792964,0.0701441456249438,0.0373300506578624
2.9795035,0.0604601585513434,0.0569843875128699,0.0498456471805299,0.0699858492734272,0.0371685445532853
2.982503,0.0603040953979011,0.0568132870277335,0.0496710098858996,0.0698280023545959,0.0370077531996954
2.9855025,0.0601484928462037,0.0566427683111788,0.0494970649715922,0.0696706033533476,0.036847673430867
2.988502,0.0599933493867366,0.0564728291955648,0.049323809427712,0.0695136507603748,0.0366883020940652
2.9915015,0.0598386635153103,0.0563034675217689,0.0491512402582169,0.0693571430721405,0.036529636049994
2.994501,0.0596844337330411,0.0561346811391542,0.0489793544808537,0.0692010787908544,0.036371672172748
2.9975005,0.0595306585463318,0.0559664679055358,0.0488081491270949,0.0690454564244493,0.0362144073497613
3.0005,0.0593773364668528,0.055798825687148,0.0486376212420745,0.0688902744865571,0.0360578384817586
3.0034995,0.0592244660115227,0.0556317523586115,0.0484677678845253,0.0687355314964852,0.0359019624827047
3.006499,0.059072045702489,0.0554652458029007,0.0482985861267159,0.068581225979193,0.0357467762797562
3.0094985,0.0589200740671093,0.0552993039113111,0.048130073054387,0.0684273564652689,0.0355922768132104
3.012498,0.0587685496379326,0.0551339245834262,0.0479622257666899,0.0682739214909063,0.0354384610364573
3.0154975,0.0586174709526797,0.054969105727086,0.0477950413761242,0.0681209195978809,0.0352853259159296
3.018497,0.058466836554225,0.0548048452583536,0.0476285170084749,0.0679683493335272,0.035132868431054
3.0214965,0.0583166449905773,0.0546411411014841,0.0474626498027518,0.067816209250716,0.0349810855742018
3.024496,0.0581668948148615,0.0544779911888915,0.0472974369111273,0.0676644979078307,0.03482997435064
3.0274955,0.0580175845852998,0.0543153934611172,0.0471328754988755,0.0675132138687453,0.0346795317784831
3.030495,0.0578687128651926,0.0541533458667981,0.0469689627443111,0.0673623557028012,0.0345297548886435
3.0334945,0.0577202782229008,0.0539918463626347,0.046805695838729,0.0672119219847845,0.0343806407247836
3.036494,0.0575722792318271,0.0538308929133595,0.0466430719863437,0.0670619112949037,0.0342321863432669
3.0394935,0.0574247144703974,0.0536704834917051,0.0464810884042287,0.0669123222187672,0.0340843888131099
3.042493,0.0572775825220425,0.0535106160783736,0.0463197423222573,0.0667631533473609,0.0339372452159335
3.0454925,0.05713088197518,0.0533512886620041,0.0461590309830428,0.0666144032770259,0.0337907526459154
3.048492,0.0569846114231961,0.0531924992391422,0.0459989516418787,0.0664660706094365,0.0336449082097417
3.0514915,0.0568387694644276,0.053034245814209,0.0458395015666797,0.0663181539515781,0.0334997090265587
3.054491,0.0566933547021434,0.0528765263994693,0.0456806780379233,0.066170651915725,0.033355152227926
3.0574905,0.0565483657445265,0.0527193390150014,0.0455224783485902,0.0660235631194187,0.0332112349577679
3.06049,0.0564038012046571,0.052562681688666,0.0453648998041067,0.0658768861854461,0.0330679543723261
3.0634895,0.0562596597004933,0.0524065524560754,0.0452079397222864,0.065730619741818,0.0329253076401127
3.066489,0.0561159398548541,0.052250949360563,0.0450515954332723,0.065584762421747,0.0327832919418622
3.0694885,0.0559726402954015,0.0520958704531531,0.0448958642794789,0.0654393128636266,0.0326419044704849
3.072488,0.0558297596546229,0.0519413137925299,0.044740743615535,0.0652942697110093,0.0325011424310191
3.0754875,0.0556872965698134,0.0517872774450077,0.0445862308082266,0.0651496316125855,0.0323610030405848
3.078487,0.0555452496830579,0.0516337594845006,0.0444323232364401,0.0650053972221623,0.0322214835283365
3.0814865,0.055403617641214,0.0514807579924923,0.0442790182911055,0.064861565198642,0.0320825811354167
3.084486,0.0552623990958949,0.0513282710580063,0.0441263133751398,0.0647181342060017,0.0319442931149086
3.0874855,0.0551215927034509,0.051176296777576,0.0439742059033914,0.0645751029132716,0.0318066167317907
3.090485,0.0549811971249533,0.0510248332552151,0.0438226933025837,0.0644324699945149,0.0316695492628893
3.0934845,0.0548412110261764,0.0508738786023873,0.0436717730112598,0.0642902341288062,0.0315330879968331
3.096484,0.0547016330775807,0.0507234309379776,0.0435214424797267,0.0641483940002112,0.0313972302340067
3.0994835,0.0545624619542952,0.0505734883882627,0.0433716991700004,0.0640069482977666,0.0312619732865044
3.102483,0.0544236963361011,0.0504240490868812,0.0432225405557509,0.0638658957154583,0.0311273144780846
3.1054825,0.0542853349074142,0.0502751111748046,0.0430739641222478,0.0637252349522024,0.0309932511441242
3.108482,0.0541473763572683,0.0501266728003084,0.0429259673663051,0.0635849647118238,0.0308597806315725
3.1114815,0.0540098193792981,0.0499787321189429,0.0427785477962278,0.0634450837030366,0.0307269002989058
3.114481,0.0538726626717224,0.0498312872935044,0.0426317029317575,0.0633055906394234,0.0305946075160822
3.1174805,0.0537359049373273,0.0496843364940061,0.0424854303040187,0.0631664842394156,0.0304628996644964
3.12048,0.0535995448834498,0.0495378778976497,0.0423397274554653,0.0630277632262732,0.0303317741369339
3.1234795,0.0534635812219605,0.0493919096887967,0.0421945919398279,0.0628894263280651,0.030201228337527
3.126479,0.0533280126692478,0.04924643005894,0.0420500213220599,0.0627514722776491,0.0300712596817088
3.1294785,0.0531928379462007,0.0491014372066752,0.0419060131782851,0.0626138998126519,0.0299418655961695
3.132478,0.0530580557781928,0.0489569293376728,0.0417625650957453,0.0624767076754502,0.0298130435188109
3.1354775,0.0529236648950656,0.0488129046646494,0.041619674672748,0.0623398946131502,0.0296847908987021
3.138477,0.0527896640311121,0.0486693614073401,0.0414773395186138,0.0622034593775688,0.0295571051960355
3.1414765,0.0526560519250608,0.0485262977924704,0.0413355572536256,0.0620674007252141,0.0294299838820822
3.144476,0.0525228273200593,0.0483837120537284,0.0411943255089757,0.0619317174172655,0.0293034244391476
3.1474755,0.052389988963658,0.0482416024317365,0.0410536419267152,0.0617964082195552,0.0291774243605281
3.150475,0.052257535607794,0.0480999671740247,0.0409135041597031,0.0616614719025486,0.0290519811504663
3.1534745,0.0521254660087755,0.0479588045350018,0.0407739098715545,0.0615269072413255,0.0289270923241081
3.156474,0.0519937789272651,0.0478181127759291,0.0406348567365907,0.0613927130155607,0.0288027554074586
3.1594735,0.0518624731282641,0.0476778901648922,0.0404963424397881,0.0612588880095056,0.0286789679373386
3.162473,0.051731547381097,0.0475381349767741,0.0403583646767287,0.061125431011969,0.0285557274613413
3.1654725,0.0516010004593949,0.0473988454932282,0.0402209211535494,0.0609923408162984,0.0284330315377891
3.168472,0.0514708311410807,0.0472600200026506,0.0400840095868926,0.0608596162203614,0.0283108777356907
3.1714715,0.0513410382083523,0.0471216568001537,0.0399476277038564,0.0607272560265272,0.0281892636346972
3.174471,0.0512116204476679,0.0469837541875392,0.0398117732419453,0.060595259041648,0.0280681868250604
3.1774705,0.0510825766497297,0.046846310473271,0.0396764439490219,0.0604636240770402,0.0279476449075894
3.18047,0.0509539056094687,0.0467093239724493,0.0395416375832563,0.060332349948467,0.027827635493608
3.1834695,0.0508256061260291,0.0465727930067831,0.0394073519130791,0.060201435476119,0.0277081562049125
3.186469,0.050697677002753,0.0464367159045642,0.0392735847171319,0.0600708794845969,0.027589204673729
3.1894685,0.0505701170471646,0.0463010910006409,0.0391403337842197,0.0599406808028928,0.0274707785426715
3.192468,0.0504429250709557,0.0461659166363915,0.0390075969132626,0.0598108382643724,0.0273528754646998
3.1954675,0.0503160998899693,0.0460311911596985,0.0388753719132481,0.0596813507067571,0.0272354931030772
3.198467,0.0501896403241852,0.0458969129249217,0.0387436566031832,0.0595522169721061,0.0271186291313288
3.2014665,0.0500635451977048,0.0457630802928733,0.0386124488120477,0.0594234359067984,0.0270022812332003
3.204466,0.0499378133387358,0.0456296916307911,0.0384817463787465,0.0592950063615152,0.0268864471026154
3.2074655,0.0498124435795767,0.0454967453123133,0.0383515471520629,0.0591669271912225,0.0267711244436355
3.210465,0.0496874347566029,0.0453642397174525,0.038221848990612,0.0590391972551529,0.0266563109704175
3.2134645,0.0495627857102507,0.0452321732325703,0.0380926497627938,0.0589118154167888,0.026542004407173
3.216464,0.0494384952850029,0.0451005442503514,0.0379639473467474,0.0587847805438444,0.0264282024881273
3.2194635,0.0493145623293741,0.044969351169779,0.0378357396303049,0.0586580915082488,0.0263149029574783
3.222463,0.0491909856958954,0.0448385923961084,0.0377080245109449,0.0585317471861284,0.0262021035693557
3.2254625,0.0490677642411002,0.044708266340843,0.0375807998957479,0.05840574645779,0.0260898020877806
3.228462,0.0489448968255094,0.0445783714217081,0.0374540637013497,0.0582800882077031,0.0259779962866245
3.2314615,0.0488223823136164,0.0444489060626265,0.0373278138538975,0.0581547713244837,0.0258666839495692
3.234461,0.0487002195738731,0.0443198686936935,0.0372020482890035,0.0580297947008767,0.0257558628700667
3.2374605,0.0485784074786752,0.0441912577511521,0.037076764951701,0.057905157233739,0.0256455308512987
3.24046,0.0484569449043472,0.0440630716773678,0.0369519617963996,0.057780857824023,0.0255356857061366
3.2434595,0.048335830731129,0.0439353089208047,0.0368276367868408,0.0576568953767597,0.0254263252571018
3.246459,0.0482150638431606,0.0438079679360003,0.0367037878960536,0.0575332688010417,0.0253174473363258
3.2494585,0.0480946431284684,0.0436810471835415,0.0365804131063107,0.0574099770100071,0.0252090497855108
3.252458,0.0479745674789508,0.0435545451300401,0.0364575104090849,0.0572870189208228,0.0251011304558898
3.2554575,0.0478548357903637,0.0434284602481084,0.0363350778050053,0.0571643934546677,0.0249936872081878
3.258457,0.0477354469623069,0.0433027910163351,0.0362131133038134,0.0570420995367166,0.0248867179125817
3.2614565,0.0476163998982095,0.0431775359192614,0.0360916149243212,0.056920136096124,0.0247802204486623
3.264456,0.0474976935053162,0.0430526934473568,0.0359705806943671,0.0567985020660072,0.0246741927053942
3.2674555,0.0473793266946732,0.0429282620969951,0.0358500086507737,0.0566771963834311,0.0245686325810779
3.270455,0.0472612983811141,0.042804240370431,0.0357298968393047,0.0565562179893912,0.0244635379833103
3.2734545,0.0471436074832463,0.0426806267757762,0.0356102433146233,0.0564355658287979,0.0243589068289467
3.276454,0.047026252923437,0.0425574198269754,0.0354910461402494,0.0563152388504606,0.0242547370440622
3.2794535,0.0469092336277992,0.0424346180437834,0.0353723033885176,0.0561952360070716,0.0241510265639129
3.282453,0.0467925485261787,0.0423122199517413,0.035254013140536,0.0560755562551905,0.0240477733328982
3.2854525,0.0466761965521394,0.0421902240821532,0.0351361734861438,0.055956198555228,0.0239449753045228
3.288452,0.0465601766429504,0.0420686289720629,0.0350187825238706,0.0558371618714307,0.0238426304413583
3.2914515,0.0464444877395723,0.0419474331642311,0.034901838360895,0.0557184451718651,0.0237407367150057
3.294451,0.0463291287866434,0.0418266352071114,0.0347853391130033,0.0556000474284023,0.0236392921060576
3.2974505,0.0462140987324665,0.0417062336548287,0.034669282904549,0.055481967616702,0.0235382946040608
3.30045,0.0460993965289951,0.0415862270671549,0.0345536678684117,0.0553642047161978,0.0234377422074784
3.3034495,0.0459850211318206,0.041466614009487,0.0344384921459578,0.0552467577100812,0.0233376329236533
3.306449,0.0458709715001584,0.0413473930528242,0.0343237538869985,0.0551296255852865,0.0232379647687701
3.3094485,0.0457572465968349,0.0412285627737448,0.0342094512497516,0.0550128073324759,0.0231387357678189
3.312448,0.0456438453882742,0.0411101217543847,0.0340955824008001,0.0548963019460237,0.0230399439545576
3.3154475,0.0455307668444849,0.0409920685824134,0.0339821455150535,0.0547801084240014,0.0229415873714759
3.318447,0.0454180099390469,0.0408744018510132,0.0338691387757079,0.0546642257681632,0.022843664069758
3.3214465,0.0453055736490986,0.0407571201588559,0.0337565603742066,0.0545486529839303,0.0227461721092462
3.324446,0.0451934569553233,0.040640222110081,0.0336444085102012,0.0544333890803763,0.0226491095584048
3.3274455,0.0450816588419369,0.0405237063142735,0.0335326813915127,0.0543184330702124,0.0225524744942835
3.330445,0.0449701782966743,0.040407571386442,0.0334213772340926,0.0542037839697725,0.0224562650024814
3.3334445,0.044859014310777,0.0402918159469966,0.0333104942619841,0.0540894407989986,0.0223604791771109
3.336444,0.0447481658789799,0.0401764386217269,0.0332000307072842,0.0539754025814259,0.0222651151207619
3.3394435,0.0446376319994987,0.0400614380417809,0.033089984810105,0.0538616683441685,0.0221701709444658
3.342443,0.0445274116740171,0.0399468128436426,0.0329803548185364,0.0537482371179049,0.0220756447676601
3.3454425,0.0444175039076741,0.0398325616691107,0.0328711389886071,0.053635107936863,0.0219815347181528
3.348442,0.0443079077090511,0.0397186831652771,0.032762335584248,0.0535222798388064,0.021887838932087
3.3514415,0.0441986220901598,0.0396051759845056,0.0326539428772541,0.0534097518650195,0.0217945555539055
3.354441,0.0440896460664293,0.03949203878441,0.0325459591472476,0.0532975230602938,0.021701682736316
3.3574405,0.0439809786566933,0.039379270227834,0.0324383826816403,0.0531855924729129,0.0216092186402556
3.36044,0.0438726188831782,0.0392668689828286,0.0323312117755968,0.0530739591546391,0.0215171614348564
3.3634395,0.0437645657714905,0.039154833722632,0.0322244447319981,0.0529626221606988,0.0214255092974104
3.366439,0.043656818350604,0.0390431631256484,0.0321180798614043,0.0528515805497687,0.021334260413335
3.3694385,0.0435493756528479,0.0389318558754269,0.0320121154820188,0.0527408333839619,0.0212434129761384
3.372438,0.0434422367138946,0.0388209106606408,0.0319065499196516,0.0526303797288137,0.0211529651873853
3.3754375,0.043335400572747,0.0387103261750666,0.0318013815076832,0.0525202186532678,0.0210629152566627
3.378437,0.0432288662717267,0.0386001011175638,0.0316966085870291,0.0524103492296629,0.0209732614015455
3.3814365,0.0431226328564617,0.0384902341920539,0.0315922295061036,0.0523007705337184,0.0208840018475625
3.384436,0.0430166993758742,0.0383807241075002,0.0314882426207847,0.0521914816445213,0.0207951348281631
3.3874355,0.0429110648821685,0.0382715695778869,0.0313846462943779,0.052082481644512,0.0207066585846826
3.390435,0.0428057284308194,0.0381627693221994,0.0312814388975817,0.0519737696194712,0.0206185713663093
3.3934345,0.0427006890805598,0.0380543220644036,0.0311786188084522,0.0518653446585061,0.0205308714300506
3.396434,0.0425959458933689,0.0379462265334256,0.0310761844123682,0.0517572058540371,0.0204435570406996
3.3994335,0.0424914979344602,0.037838481463132,0.0309741341019967,0.0516493523017846,0.0203566264708023
3.402433,0.04238734427227,0.0377310855923098,0.0308724662772578,0.0515417831007554,0.0202700780006235
3.4054325,0.0422834839784451,0.0376240376646462,0.0307711793452908,0.0514344973532292,0.0201839099181148
3.408432,0.0421799161278316,0.0375173364287088,0.0306702717204196,0.0513274941647461,0.020098120518881
3.4114315,0.0420766397984628,0.037410980637926,0.0305697418241191,0.0512207726440929,0.0200127081061476
3.414431,0.0419736540715475,0.0373049690505675,0.0304695880849806,0.0511143319032902,0.019927670990728
3.4174305,0.0418709580314589,0.0371993004297236,0.0303698089386784,0.0510081710575791,0.0198430074909911
3.42043,0.0417685507657222,0.0370939735432872,0.0302704028279365,0.0509022892254088,0.0197587159328288
3.4234295,0.0416664313650038,0.0369889871639331,0.0301713682024945,0.0507966855284232,0.0196747946496238
3.426429,0.0415645989230996,0.0368843400690993,0.0300727035190748,0.0506913590914478,0.0195912419822169
3.4294285,0.0414630525369231,0.0367800310409673,0.0299744072413493,0.0505863090424776,0.0195080562788757
3.432428,0.0413617913064947,0.0366760588664429,0.0298764778399067,0.0504815345126639,0.0194252358952623
3.4354275,0.0412608143349299,0.0365724223371375,0.0297789137922192,0.0503770346363014,0.0193427791944014
3.438427,0.041160120728428,0.0364691202493484,0.0296817135826102,0.0502728085508162,0.0192606845466486
3.4414265,0.0410597095962611,0.0363661514040401,0.0295848757022218,0.0501688553967525,0.0191789503296591
3.444426,0.0409595800507623,0.0362635146068254,0.0294883986489824,0.0500651743177605,0.0190975749283559
3.4474255,0.0408597312073154,0.0361612086679463,0.0293922809275747,0.0499617644605836,0.0190165567348985
3.450425,0.0407601621843428,0.0360592324022556,0.0292965210494031,0.0498586249750466,0.0189358941486519
3.4534245,0.0406608721032949,0.0359575846291979,0.0292011175325627,0.0497557550140422,0.0188555855761555
3.456424,0.0405618600886389,0.0358562641727911,0.0291060689018068,0.04965315373352,0.0187756294310916
3.4594235,0.0404631252678479,0.0357552698616079,0.0290113736885158,0.0495508202924731,0.0186960241342551
3.462423,0.0403646667713898,0.0356546005287569,0.0289170304306655,0.0494487538529266,0.0186167681135226
3.4654225,0.0402664837327164,0.0355542550118651,0.0288230376727962,0.0493469535799251,0.0185378598038216
3.468422,0.0401685752882523,0.0354542321530584,0.0287293939659812,0.0492454186415206,0.0184592976471002
3.4714215,0.0400709405773845,0.0353545307989445,0.0286360978677961,0.0491441482087606,0.0183810800922963
3.474421,0.039973578742451,0.0352551498005938,0.0285431479422878,0.0490431414556759,0.018303205595308
3.4774205,0.0398764889287303,0.0351560880135218,0.028450542759944,0.0489423975592688,0.0182256726189626
3.48042,0.039779670284431,0.035057344297671,0.0283582808976626,0.0488419156995013,0.0181484796329874
3.4834195,0.0396831219606803,0.0349589175173927,0.0282663609387213,0.0487416950592826,0.018071625113979
3.486419,0.039586843111514,0.0348608065414295,0.0281747814727473,0.0486417348244582,0.017995107545374
3.4894185,0.0394908328938657,0.034763010242897,0.0280835410956877,0.0485420341837976,0.0179189254174189
3.492418,0.0393950904675562,0.0346655274992667,0.0279926384097788,0.0484425923289825,0.017843077227141
3.4954175,0.0392996149952829,0.0345683571923476,0.0279020720235169,0.0483434084545956,0.0177675614783184
3.498417,0.0392044056426093,0.0344714982082691,0.0278118405516284,0.0482444817581088,0.017692376681451
3.5014165,0.0391094615779545,0.0343749494374635,0.0277219426150405,0.0481458114398712,0.0176175213537309
3.504416,0.0390147819725831,0.034278709774648,0.0276323768408514,0.0480473967030984,0.0175429940190139
3.5074155,0.0389203660005944,0.0341827781188079,0.0275431418623017,0.0479492367538605,0.0174687932077896
3.510415,0.0388262128389122,0.034087153373179,0.0274542363187448,0.0478513308010708,0.0173949174571533
3.5134145,0.0387323216672745,0.0339918344452306,0.0273656588556182,0.0477536780564745,0.0173213653107766
3.516414,0.0386386916682234,0.033896820246648,0.0272774081244148,0.0476562777346375,0.0172481353188792
3.5194135,0.0385453220270946,0.0338021096933154,0.0271894827826539,0.0475591290529348,0.0171752260381998
3.522413,0.0384522119320073,0.0337077017052993,0.027101881493853,0.0474622312315396,0.0171026360319683
3.5254125,0.0383593605738541,0.0336135952068309,0.0270146029274992,0.0473655834934121,0.0170303638698769
3.528412,0.0382667671462909,0.0335197891262898,0.0269276457590212,0.0472691850642883,0.016958408128052
3.5314115,0.0381744308457267,0.0334262823961869,0.026841008669761,0.0471730351726689,0.0168867673890263
3.534411,0.0380823508713136,0.0333330739531475,0.0267546903469458,0.0470771330498086,0.0168154402417103
3.5374105,0.0379905264249369,0.0332401627378949,0.0266686894836607,0.0469814779297045,0.0167444252813653
3.54041,0.0378989567112053,0.0331475476952334,0.0265830047788203,0.0468860690490858,0.0166737211095743
3.5434095,0.0378076409374402,0.0330552277740323,0.0264976349371414,0.0467909056474027,0.0166033263342157
3.546409,0.0377165783136668,0.0329632019272088,0.0264125786691161,0.0466959869668154,0.0165332395694345
3.5494085,0.0376257680526037,0.0328714691117121,0.0263278346909835,0.0466013122521837,0.0164634594356157
3.552408,0.0375352093696532,0.0327800282885066,0.0262434017247034,0.0465068807510558,0.0163939845593567
3.5554075,0.0374449014828913,0.032688878422556,0.0261592784979287,0.0464126917136579,0.0163248135734398
3.558407,0.0373548436130585,0.0325980184828069,0.0260754637439788,0.0463187443928836,0.0162559451168054
3.5614065,0.0372650349835494,0.0325074474421724,0.0259919562018127,0.0462250380442831,0.0161873778345247
3.564406,0.0371754748204038,0.0324171642775165,0.0259087546160023,0.0461315719260528,0.0161191103777729
3.5674055,0.0370861623522964,0.0323271679696378,0.0258258577367062,0.0460383452990248,0.0160511414038026
3.570405,0.0369970968105273,0.0322374575032536,0.025743264319643,0.0459453574266562,0.0159834695759168
3.5734045,0.0369082774290132,0.0321480318669838,0.0256609731260647,0.045852607575019,0.0159160935634421
3.576404,0.0368197034442766,0.0320588900533356,0.0255789829227315,0.0457600950127896,0.0158490120417028
3.5794035,0.0367313740954375,0.031970031058687,0.0254972924818849,0.0456678190112384,0.0157822236919942
3.582403,0.0366432886242031,0.0318814538832718,0.0254159005812225,0.0455757788442195,0.0157157272015561
3.5854025,0.036555446274859,0.0317931575311637,0.0253348060038716,0.0454839737881606,0.015649521263547
3.588402,0.0364678462942594,0.0317051410102603,0.0252540075383641,0.0453924031220529,0.0155836045770177
3.5914015,0.036380487931818,0.0316174033322684,0.0251735039786107,0.0453010661274406,0.0155179758468858
3.594401,0.0362933704394984,0.0315299435126881,0.0250932941238755,0.0452099620884109,0.0154526337839093
3.5974005,0.0362064930718052,0.0314427605707973,0.025013376778751,0.0451190902915842,0.0153875771046611
3.6004,0.0361198550857745,0.0313558535296367,0.0249337507531329,0.0450284500261039,0.0153228045315035
3.6033995,0.0360334557409649,0.0312692214159943,0.0248544148621945,0.0449380405836262,0.0152583147925622
3.606399,0.035947294299448,0.0311828632603905,0.024775367926363,0.0448478612583107,0.0151941066217015
3.6093985,0.0358613700257995,0.0310967780970626,0.0246966087712933,0.0447579113468097,0.0151301787584983
3.612398,0.0357756821870902,0.0310109649639501,0.0246181362278444,0.0446681901482592,0.0150665299482171
3.6153975,0.0356902300528768,0.0309254229026792,0.0245399491320547,0.0445786969642688,0.0150031589417854
3.618397,0.0356050128951927,0.0308401509585487,0.0244620463251171,0.0444894310989114,0.0149400644957675
3.6213965,0.0355200299885392,0.0307551481805142,0.0243844266533551,0.0444003918587145,0.0148772453723409
3.624396,0.0354352806098766,0.0306704136211738,0.0243070889681987,0.0443115785526493,0.0148147003392705
3.6273955,0.0353507640386152,0.0305859463367532,0.0242300321261599,0.0442229904921223,0.014752428169884
3.630395,0.0352664795566061,0.0305017453870911,0.0241532549888093,0.0441346269909648,0.0146904276430479
3.6333945,0.0351824264481329,0.0304178098356245,0.0240767564227518,0.0440464873654236,0.0146286975431423
3.636394,0.0350986039999025,0.030334138749374,0.0240005352996033,0.0439585709341515,0.0145672366600368
3.6393935,0.0350150115010363,0.0302507311989296,0.0239245904959668,0.0438708770181981,0.0145060437890658
3.642393,0.0349316482430615,0.0301675862584357,0.0238489208934088,0.0437834049409999,0.014445117731005
3.6453925,0.0348485135199025,0.0300847030055776,0.0237735253784366,0.043696154028371,0.0143844572920465
3.648392,0.034765606627872,0.0300020805215661,0.0236984028424743,0.0436091236084942,0.0143240612837752
3.6513915,0.0346829268656625,0.0299197178911239,0.0236235521818399,0.0435223130119109,0.0142639285231448
3.654391,0.0346004735343374,0.0298376142024714,0.0235489722977226,0.0434357215715124,0.0142040578324538
3.6573905,0.0345182459373228,0.0297557685473121,0.0234746620961595,0.0433493486225308,0.0141444480393222
3.66039,0.0344362433803986,0.0296741800208189,0.0234006204880127,0.0432631935025291,0.0140850979766672
3.6633895,0.0343544651716901,0.0295928477216198,0.0233268463889473,0.0431772555513927,0.0140260064826803
3.666389,0.0342729106216595,0.0295117707517843,0.0232533387194078,0.04309153411132,0.0139671724008034
3.6693885,0.0341915790430975,0.0294309482168087,0.0231800964045964,0.0430060285268132,0.0139085945797058
3.672388,0.0341104697511145,0.0293503792256033,0.0231071183744506,0.0429207381446696,0.0138502718732606
3.6753875,0.0340295820631328,0.0292700628904776,0.0230344035636204,0.0428356623139723,0.0137922031405221
3.678387,0.0339489152988776,0.0291899983271271,0.0229619509114468,0.0427508003860814,0.0137343872457019
3.6813865,0.033868468780369,0.0291101846546195,0.0228897593619391,0.0426661517146249,0.0136768230581469
3.684386,0.0337882418319139,0.0290306209953809,0.0228178278637538,0.0425817156554901,0.0136195094523156
3.6873855,0.033708233780097,0.0289513064751825,0.0227461553701718,0.0424974915668145,0.013562445307756
3.690385,0.0336284439537735,0.0288722402231267,0.0226747408390777,0.0424134788089769,0.0135056295090823
3.6933845,0.0335488716840599,0.028793421371634,0.0226035832329372,0.042329676744589,0.013449060945953
3.696384,0.0334695163043267,0.0287148490564294,0.0225326815187765,0.0422460847384863,0.0133927385130478
3.6993835,0.0333903771501895,0.0286365224165289,0.0224620346681601,0.0421627021577197,0.0133366611100455
3.702383,0.0333114535595014,0.0285584405942264,0.0223916416571701,0.0420795283715464,0.0132808276416018
3.7053825,0.0332327448723447,0.0284806027350805,0.0223215014663847,0.0419965627514219,0.0132252370173269
3.708382,0.0331542504310229,0.0284030079879011,0.0222516130808571,0.0419138046709908,0.0131698881517632
3.7113815,0.0330759695800525,0.0283256555047362,0.0221819754900947,0.0418312535060786,0.0131147799643639
3.714381,0.0329979016661551,0.0282485444408592,0.0221125876880382,0.041748908634683,0.0130599113794706
3.7173805,0.0329200460382496,0.0281716739547556,0.0220434486730404,0.0416667694369657,0.0130052813262914
3.72038,0.0328424020474439,0.0280950432081099,0.0219745574478463,0.0415848352952436,0.0129508887388795
3.7233795,0.0327649690470274,0.0280186513657928,0.0219059130195717,0.0415031055939806,0.0128967325561113
3.726379,0.0326877463924627,0.0279424975958486,0.0218375143996831,0.0414215797197791,0.0128428117216648
3.7293785,0.032610733441378,0.0278665810694819,0.0217693606039775,0.0413402570613717,0.0127891251839986
3.732378,0.0325339295535594,0.0277909009610452,0.0217014506525617,0.0412591370096133,0.0127356718963296
3.7353775,0.0324573340909426,0.0277154564480258,0.0216337835698324,0.0411782189574719,0.0126824508166127
3.738377,0.0323809464176057,0.0276402467110336,0.0215663583844561,0.0410975023000215,0.012629460907519
3.7413765,0.0323047658997612,0.0275652709337884,0.021499174129349,0.0410169864344329,0.0125767011364149
3.744376,0.0322287919057483,0.0274905283031069,0.0214322298416572,0.0409366707599662,0.0125241704753408
3.7473755,0.0321530238060252,0.0274160180088907,0.0213655245627368,0.0408565546779623,0.0124718679009909
3.750375,0.0320774609731614,0.0273417392441137,0.0212990573381343,0.0407766375918352,0.0124197923946912
3.7533745,0.0320021027818305,0.0272676912048095,0.0212328272175669,0.0406969189070634,0.0123679429423798
3.756374,0.0319269486088019,0.0271938730900595,0.0211668332549032,0.0406173980311823,0.0123163185345859
3.7593735,0.0318519978329339,0.0271202841019801,0.0211010745081436,0.0405380743737762,0.0122649181664088
3.762373,0.0317772498351658,0.0270469234457107,0.0210355500394009,0.04045894734647,0.0122137408374979
3.7653725,0.0317027039985103,0.0269737903294014,0.0209702589148815,0.0403800163629215,0.0121627855520321
3.768372,0.0316283597080465,0.0269008839642013,0.0209052002048657,0.0403012808388138,0.0121120513186997
3.7713715,0.031554216350912,0.0268282035642456,0.0208403729836891,0.0402227401918467,0.0120615371506778
3.774371,0.0314802733162957,0.0267557483466443,0.0207757763297235,0.0401443938417298,0.0120112420656122
3.7773705,0.0314065299954302,0.0266835175314696,0.020711409325358,0.040066241210174,0.0119611650855977
3.78037,0.0313329857815847,0.0266115103417448,0.0206472710569803,0.0399882817208838,0.0119113052371579
3.7833695,0.0312596400700576,0.0265397260034313,0.020583360614958,0.03991051479955,0.011861661551225
3.786369,0.0311864922581691,0.0264681637454175,0.0205196770936202,0.0398329398738419,0.0118122330631207
3.7893685,0.0311135417452537,0.026396822799507,0.0204562195912387,0.0397555563733991,0.0117630188125357
3.792368,0.0310407879326536,0.0263257024004065,0.0203929872100099,0.0396783637298245,0.0117140178435105
3.7953675,0.0309682302237107,0.0262548017857143,0.0203299790560363,0.0396013613766766,0.011665229204416
3.798367,0.0308958680237601,0.0261841201959088,0.0202671942393084,0.0395245487494616,0.0116166519479335
3.8013665,0.0308237007401224,0.0261136568743364,0.0202046318736864,0.0394479252856262,0.0115682851310358
3.804366,0.0307517277820968,0.0260434110672007,0.0201422910768824,0.0393714904245501,0.0115201278149677
3.8073655,0.0306799485609539,0.0259733820235502,0.0200801709704424,0.0392952436075381,0.0114721790652266
3.810365,0.0306083624899287,0.0259035689952673,0.0200182706797281,0.0392191842778132,0.0114244379515437
3.8133645,0.0305369689842135,0.0258339712370571,0.0199565893338997,0.0391433118805092,0.0113769035478647
3.816364,0.0304657674609507,0.0257645880064355,0.0198951260658976,0.0390676258626626,0.0113295749323308
3.8193635,0.0303947573392262,0.025695418563718,0.0198338800124254,0.0389921256732064,0.0112824511872603
3.822363,0.0303239380400618,0.0256264621720088,0.0197728503139319,0.0389168107629615,0.011235531399129
3.8253625,0.030253308986409,0.0255577180971893,0.0197120361145937,0.0388416805846307,0.011188814658552
3.828362,0.0301828696031412,0.0254891856079071,0.0196514365622984,0.0387667345927903,0.0111423000602648
3.8313615,0.0301126193170476,0.0254208639755644,0.0195910508086265,0.0386919722438838,0.011095986703105
3.834361,0.0300425575568259,0.0253527524743075,0.0195308780088349,0.0386173929962141,0.0110498736899936
3.8373605,0.0299726837530754,0.0252848503810156,0.0194709173218395,0.0385429963099367,0.0110039601279165
3.84036,0.0299029973382904,0.0252171569752895,0.0194111679101982,0.0384687816470525,0.0109582451279065
3.8433595,0.0298334977468532,0.0251496715394412,0.019351628940094,0.0383947484714003,0.0109127278050246
3.846359,0.0297641844150275,0.0250823933584825,0.0192922995813183,0.0383208962486505,0.0108674072783422
3.8493585,0.0296950567809515,0.0250153217201145,0.0192331790072537,0.0382472244462974,0.010822282670923
3.852358,0.0296261142846314,0.0249484559147164,0.0191742663948581,0.0381737325336525,0.0107773531098045
3.8553575,0.0295573563679342,0.0248817952353352,0.019115560924647,0.0381004199818373,0.0107326177259808
3.858357,0.0294887824745816,0.0248153389776746,0.0190570617806781,0.0380272862637768,0.010688075654384
3.8613565,0.0294203920501431,0.0247490864400848,0.018998768150534,0.0379543308541921,0.0106437260338669
3.864356,0.0293521845420293,0.0246830369235513,0.0189406792253065,0.0378815532295937,0.0105995680071853
3.8673555,0.0292841593994855,0.0246171897316845,0.0188827941995796,0.0378089528682746,0.0105556007209799
3.870355,0.029216316073585,0.0245515441707096,0.0188251122714141,0.0377365292503034,0.0105118233257594
3.8733545,0.0291486540172224,0.0244860995494555,0.0187676326423308,0.037664281857518,0.0104682349758823
3.876354,0.0290811726851074,0.0244208551793447,0.0187103545172949,0.0375922101735179,0.0104248348295403
3.8793535,0.029013871533758,0.0243558103743826,0.0186532771046997,0.0375203136836583,0.0103816220487402
3.882353,0.0289467500214944,0.0242909644511475,0.018596399616351,0.0374485918750428,0.0103385957992872
3.8853525,0.0288798076084321,0.0242263167287802,0.0185397212674511,0.0373770442365174,0.0102957552507673
3.888352,0.0288130437564756,0.0241618665289734,0.0184832412765831,0.0373056702586628,0.0102530995765307
3.8913515,0.0287464579293124,0.0240976131759618,0.0184269588656954,0.0372344694337887,0.0102106279536743
3.894351,0.028680049592406,0.0240335559965118,0.0183708732600858,0.0371634412559269,0.010168339563025
3.8973505,0.02861381821299,0.0239696943199113,0.0183149836883864,0.0370925852208246,0.0101262335891225
3.90035,0.0285477632600616,0.0239060274779598,0.0182592893825476,0.0370219008259377,0.0100843092202033
3.9033495,0.0284818842043752,0.0238425548049579,0.0182037895778234,0.0369513875704248,0.0100425656481828
3.906349,0.0284161805184364,0.0237792756376978,0.0181484835127556,0.0368810449551403,0.0100010020686396
3.9093485,0.0283506516764955,0.023716189315453,0.0180933704291591,0.036810872482628,0.00995961768079842
3.912348,0.0282852971545413,0.0236532951799683,0.018038449572106,0.0367408696571145,0.00991841168751381
3.9153475,0.0282201164302947,0.0235905925754501,0.0179837201899115,0.0366710359845034,0.00987738329525356
3.918347,0.0281551089832033,0.0235280808485566,0.017929181534118,0.0366013709723681,0.00983653171408238
3.9213465,0.028090274294434,0.0234657593483878,0.0178748328594808,0.0365318741299459,0.00979585615764567
3.924346,0.028025611846868,0.0234036274264755,0.0178206734239532,0.0364625449681318,0.00975535584315312
3.9273455,0.0279611211250941,0.0233416844367743,0.0177667024886712,0.0363933829994717,0.00971502999136279
3.930345,0.0278968016154024,0.0232799297356511,0.0177129193179396,0.0363243877381564,0.00967487782656479
3.9333445,0.027832652805779,0.0232183626818759,0.0176593231792167,0.0362555587000155,0.00963489857656539
3.936344,0.0277686741858991,0.0231569826366122,0.0176059133431002,0.0361868954025109,0.00959509147267106
3.9393435,0.0277048652471216,0.023095788963407,0.0175526890833123,0.0361183973647307,0.00955545574967262
3.942343,0.0276412254824828,0.0230347810281819,0.0174996496766858,0.0360500641073831,0.0095159906458293
3.9453425,0.0275777543866902,0.0229739581992232,0.0174467944031493,0.0359818951527899,0.00947669540285321
3.948342,0.0275144514561173,0.0229133198471724,0.0173941225457131,0.035913890024881,0.0094375692658935
3.9513415,0.0274513161887967,0.022852865345017,0.0173416333904549,0.0358460482491876,0.00939861148352082
3.954341,0.027388348084415,0.022792594068081,0.017289326226506,0.0357783693528367,0.0093598213077118
3.9573405,0.0273255466443063,0.0227325053940156,0.0172372003460369,0.0357108528645448,0.00932119799383358
3.96034,0.0272629113714468,0.0226725987027899,0.0171852550442432,0.0356434983146116,0.00928274080062847
3.9633395,0.0272004417704486,0.0226128733766817,0.0171334896193321,0.0355763052349147,0.00924444899019844
3.966339,0.027138137347554,0.0225533288002681,0.0170819033725082,0.0355092731589028,0.0092063218279901
3.9693385,0.02707599761063,0.0224939643604167,0.0170304956079597,0.0354424016215904,0.00916835858277941
3.972338,0.0270140220691619,0.0224347794462757,0.016979265632845,0.0353756901595517,0.00913055852665641
3.9753375,0.026952210234248,0.0223757734492659,0.0169282127572785,0.0353091383109143,0.00909292093501044
3.978337,0.0268905616185936,0.0223169457630705,0.0168773362943177,0.0352427456153539,0.00905544508651493
3.9813365,0.0268290757365057,0.0222582957836268,0.0168266355599488,0.0351765116140882,0.00901813026311254
3.984336,0.0267677521038869,0.0221998229091171,0.0167761098730742,0.0351104358498709,0.00898097575000036
3.9873355,0.0267065902382296,0.0221415265399596,0.0167257585554983,0.0350445178669863,0.00894398083561501
3.990335,0.0266455896586109,0.0220834060787993,0.0166755809319144,0.034978757211243,0.00890714481161803
3.9933345,0.0265847498856865,0.0220254609304997,0.0166255763298919,0.0349131534299687,0.00887046697288102
3.996334,0.0265240704416854,0.0219676905021333,0.0165757440798624,0.0348477060720042,0.00883394661747135
3.9993335,0.026463550850404,0.0219100942029733,0.0165260835151069,0.0347824146876973,0.00879758304663735
4.002333,0.0264031906372007,0.0218526714444846,0.0164765939717427,0.034717278828898,0.00876137556479393
4.0053325,0.0263429893289904,0.0217954216403149,0.0164272747887105,0.034652298048952,0.0087253234795082
4.008332,0.0262829464542389,0.0217383442062865,0.0163781253077611,0.0345874719026956,0.00868942610148517
4.0113315,0.0262230615429574,0.0216814385603871,0.0163291448734429,0.0345227999464498,0.00865368274455329
4.014331,0.0261633341266972,0.0216247041227616,0.0162803328330888,0.0344582817380148,0.00861809272565053
4.0173305,0.0261037637385437,0.0215681403157031,0.0162316885368036,0.0343939168366646,0.0085826553648099
4.02033,0.0260443499131116,0.0215117465636449,0.0161832113374512,0.0343297048031409,0.0085473699851456
4.0233295,0.0259850921865391,0.0214555222931513,0.0161349005906421,0.0342656451996484,0.0085122359128389
4.026329,0.0259259900964826,0.0213994669329098,0.0160867556547204,0.0342017375898487,0.00847725247712414
4.0293285,0.0258670431821113,0.021343579913722,0.016038775890752,0.034137981538855,0.00844241901027502
4.032328,0.0258082509841018,0.0212878606684959,0.0159909606625116,0.0340743766132265,0.00840773484759046
4.0353275,0.0257496130446329,0.0212323086322368,0.0159433093364702,0.0340109223809633,0.00837319932738102
4.038327,0.0256911289073801,0.0211769232420394,0.0158958212817834,0.0339476184115008,0.00833881179095516
4.0413265,0.0256327981175104,0.0211217039370796,0.0158484958702784,0.0338844642757042,0.00830457158260561
4.044326,0.0255746202216769,0.0210666501586059,0.0158013324764423,0.0338214595458634,0.0082704780495956
4.0473255,0.0255165947680139,0.0210117613499312,0.0157543304774096,0.0337586037956873,0.00823653054214561
4.050325,0.0254587213061312,0.0209570369564247,0.0157074892529504,0.0336958966002989,0.00820272841341961
4.0533245,0.0254009993871089,0.0209024764255039,0.0156608081854581,0.0336333375362296,0.00816907101951183
4.056324,0.0253434285634927,0.0208480792066261,0.0156142866599376,0.0335709261814145,0.00813555771943336
4.0593235,0.0252860083892882,0.0207938447512804,0.0155679240639931,0.0335086621151862,0.00810218787509875
4.062323,0.0252287384199558,0.0207397725129802,0.0155217197878166,0.0334465449182705,0.00806896085131308
4.0653225,0.0251716182124059,0.0206858619472541,0.0154756732241759,0.0333845741727809,0.00803587601575832
4.068322,0.0251146473249933,0.0206321125116388,0.0154297837684028,0.033322749462213,0.00800293273898056
4.0713215,0.0250578253175126,0.0205785236656708,0.0153840508183816,0.03326107037144,0.00797013039437696
4.074321,0.0250011517511928,0.0205250948708785,0.015338473774537,0.033199536486707,0.00793746835818246
4.0773205,0.024944626188692,0.0204718255907741,0.0152930520398232,0.0331381473956262,0.00790494600945714
4.08032,0.0248882481940928,0.0204187152908462,0.0152477850197117,0.0330769026871715,0.00787256273007317
4.0833195,0.0248320173328972,0.0203657634385514,0.0152026721221805,0.0330158019516741,0.00784031790470199
4.086319,0.0247759331720214,0.020312969503307,0.0151577127577018,0.0329548447808164,0.00780821092080168
4.0893185,0.0247199952797908,0.020260332956483,0.0151129063392317,0.0328940307676277,0.00777624116860399
4.092318,0.0246642032259353,0.0202078532713943,0.015068252282198,0.032833359506479,0.00774440804110196
4.0953175,0.0246085565815841,0.0201555299232931,0.0150237500044893,0.0327728305930781,0.00771271093403718
4.098317,0.0245530549192607,0.0201033623893611,0.0149793989264439,0.0327124436244642,0.00768114924588715
4.1013165,0.0244976978128782,0.0200513501487022,0.0149351984708386,0.0326521981990036,0.00764972237785307
4.104316,0.0244424848377343,0.0199994926823344,0.0148911480628775,0.0325920939163842,0.00761842973384709
4.1073155,0.0243874155705066,0.0199477894731826,0.0148472471301809,0.0325321303776109,0.00758727072048023
4.110315,0.0243324895892472,0.019896240006071,0.0148034951027745,0.0324723071850004,0.00755624474704974
4.1133145,0.0242777064733785,0.0198448437677154,0.0147598914130784,0.0324126239421766,0.00752535122552717
4.116314,0.0242230658036879,0.0197936002467159,0.0147164354958965,0.0323530802540658,0.00749458957054598
4.1193135,0.0241685671623235,0.0197425089335492,0.0146731267884049,0.0322936757268915,0.00746395919938934
4.122313,0.0241142101327886,0.0196915693205617,0.0146299647301419,0.03223440996817,0.00743345953197816
4.1253125,0.0240599942999374,0.0196407809019614,0.0145869487629971,0.0321752825867052,0.00740308999085891
4.128312,0.0240059192499705,0.0195901431738113,0.0145440783312005,0.0321162931925842,0.0073728500011918
4.1313115,0.0239519845704294,0.0195396556340213,0.0145013528813119,0.0320574413971722,0.00734273899073865
4.134311,0.0238981898501925,0.0194893177823414,0.0144587718622106,0.0319987268131081,0.00731275638985119
4.1373105,0.0238445346794698,0.0194391291203546,0.0144163347250847,0.0319401490542995,0.00728290163145903
4.14031,0.0237910186497989,0.019389089151469,0.0143740409234206,0.0318817077359179,0.00725317415105808
4.1433095,0.0237376413540395,0.0193391973809112,0.0143318899129927,0.0318234024743947,0.0072235733866987
4.146309,0.0236844023863697,0.0192894533157187,0.014289881151853,0.0317652328874157,0.00719409877897409
4.1493085,0.0236313013422806,0.0192398564647332,0.0142480141003207,0.0317071985939167,0.00716474977100859
4.152308,0.0235783378185718,0.0191904063385931,0.014206288220972,0.0316492992140794,0.00713552580844622
4.1553075,0.0235255114133472,0.0191411024497265,0.0141647029786299,0.0315915343693261,0.0071064263394391
4.158307,0.0234728217260101,0.0190919443123442,0.014123257840354,0.0315339036823153,0.00707745081463596
4.1613065,0.0234202683572588,0.0190429314424327,0.0140819522754303,0.0314764067769376,0.00704859868717084
4.164306,0.0233678509090819,0.0189940633577472,0.0140407857553615,0.0314190432783104,0.00701986941265162
4.1673055,0.0233155689847537,0.0189453395778044,0.0139997577538562,0.0313618128127739,0.00699126244914872
4.170305,0.02326342218883,0.018896759623876,0.01395886774682,0.0313047150078865,0.00696277725718393
4.1733045,0.0232114101271435,0.0188483230189813,0.0139181152123445,0.0312477494924202,0.00693441329971914
4.176304,0.023159532406799,0.0188000292878806,0.0138774996306982,0.031190915896356,0.00690617004214512
4.1793035,0.0231077886361694,0.0187518779570684,0.0138370204843163,0.0311342138508799,0.00687804695227056
4.182303,0.023056178424891,0.0187038685547664,0.0137966772577911,0.0310776429883778,0.00685004350031092
4.1853025,0.0230047013838589,0.0186560006109167,0.0137564694378619,0.0310212029424319,0.00682215915887741
4.188302,0.0229533571252233,0.018608273657175,0.0137163965134059,0.0309648933478153,0.00679439340296613
4.1913015,0.022902145262384,0.0185606872269043,0.0136764579754279,0.0309087138404886,0.00676674570994701
4.194301,0.0228510654099872,0.0185132408551675,0.0136366533170515,0.030852664057595,0.00673921555955315
4.1973005,0.0228001171839202,0.0184659340787212,0.0135969820335085,0.0307967436374558,0.00671180243386978
4.2003,0.0227493002013075,0.0184187664360088,0.0135574436221303,0.0307409522195667,0.00668450581732372
4.2032995,0.0226986140805064,0.0183717374671541,0.0135180375823383,0.0306852894445926,0.00665732519667256
4.206299,0.0226480584411028,0.0183248467139543,0.0134787634156338,0.0306297549543643,0.00663026006099398
4.2092985,0.0225976329039065,0.018278093719874,0.0134396206255895,0.0305743483918732,0.00660330990167521
4.212298,0.0225473370909476,0.0182314780300381,0.0134006087178398,0.0305190694012681,0.00657647421240234
4.2152975,0.0224971706254714,0.0181849991912255,0.0133617272000714,0.03046391762785,0.00654975248915002
4.218297,0.0224471331319348,0.0181386567518628,0.0133229755820141,0.0304088927180685,0.00652314423017069
4.2212965,0.022397224236002,0.0180924502620174,0.013284353375432,0.0303539943195171,0.00649664893598446
4.224296,0.0223474435645397,0.0180463792733915,0.0132458600941138,0.0302992220809296,0.00647026610936851
4.2272955,0.0222977907456138,0.0180004433393154,0.013207495253864,0.0302445756521755,0.00644399525534693
4.230295,0.0222482654084843,0.0179546420147412,0.0131692583724939,0.0301900546842559,0.00641783588118024
4.2332945,0.022198867183602,0.0179089748562365,0.0131311489698123,0.0301356588292992,0.00639178749635534
4.236294,0.0221495957026036,0.0178634414219778,0.0130931665676168,0.0300813877405576,0.00636584961257524
4.2392935,0.0221004505983078,0.0178180412717447,0.0130553106896848,0.0300272410724021,0.00634002174374894
4.242293,0.0220514315047117,0.017772773966913,0.0130175808617644,0.0299732184803193,0.00631430340598131
4.2452925,0.0220025380569858,0.0177276390704491,0.012979976611566,0.0299193196209066,0.00628869411756305
4.248292,0.0219537698914704,0.0176826361469032,0.0129424974687529,0.0298655441518685,0.00626319339896063
4.2512915,0.0219051266456716,0.0176377647624032,0.0129051429649333,0.0298118917320126,0.00623780077280651
4.254291,0.021856607958257,0.017593024484649,0.0128679126336507,0.0297583620212453,0.00621251576388899
4.2572905,0.0218082134690519,0.0175484148829056,0.012830806010376,0.0297049546805681,0.00618733789914249
4.26029,0.0217599428190349,0.0175039355279978,0.0127938226324985,0.0296516693720733,0.00616226670763768
4.2632895,0.0217117956503342,0.0174595859923032,0.012756962039317,0.0295985057589404,0.00613730172057175
4.266289,0.0216637716062234,0.0174153658497468,0.012720223772032,0.0295454635054316,0.00611244247125853
4.2692885,0.0216158703311179,0.0173712746757949,0.0126836073737367,0.0294925422768886,0.00608768849511899
4.272288,0.0215680914705702,0.0173273120474485,0.0126471123894084,0.0294397417397278,0.00606303932967148
4.2752875,0.0215204346712667,0.0172834775432381,0.0126107383659004,0.0293870615614372,0.00603849451452215
4.278287,0.0214728995810232,0.0172397707432171,0.0125744848519335,0.0293345014105718,0.00601405359135535
4.2812865,0.0214254858487814,0.0171961912289561,0.0125383513980876,0.0292820609567503,0.00598971610392422
4.284286,0.0213781931246047,0.0171527385835369,0.0125023375567934,0.0292297398706509,0.00596548159804108
4.2872855,0.0213310210596742,0.0171094123915468,0.0124664428823242,0.0291775378240074,0.00594134962156815
4.290285,0.0212839693062852,0.0170662122390724,0.0124306669307875,0.0291254544896058,0.005917319724408
4.2932845,0.0212370375178431,0.017023137713694,0.0123950092601171,0.0290734895412798,0.00589339145849435
4.296284,0.0211902253488595,0.0169801884044796,0.0123594694300645,0.0290216426539076,0.00586956437778268
4.2992835,0.0211435324549485,0.0169373639019793,0.0123240470021913,0.0289699135034079,0.00584583803824099
4.302283,0.0210969584928226,0.0168946637982193,0.0122887415398608,0.0289183017667358,0.00582221199784064
4.3052825,0.0210505031202893,0.0168520876866962,0.0122535526082298,0.0288668071218798,0.00579868581654705
4.308282,0.0210041659962469,0.0168096351623713,0.0122184797742412,0.0288154292478572,0.00577525905631076
4.3112815,0.0209579467806811,0.0167673058216649,0.0121835226066154,0.028764167824711,0.00575193128105806
4.314281,0.0209118451346607,0.0167250992624507,0.0121486806758428,0.0287130225335057,0.00572870205668226
4.3172805,0.0208658607203344,0.0166830150840499,0.0121139535541756,0.0286619930563243,0.00570557095103442
4.32028,0.0208199932009267,0.0166410528872258,0.0120793408156203,0.0286110790762637,0.00568253753391455
4.3232795,0.0207742422407344,0.016599212274178,0.0120448420359296,0.0285602802774317,0.00565960137706259
4.326279,0.0207286075051227,0.0165574928485368,0.0120104567925947,0.0285095963449431,0.0056367620541495
4.3292785,0.0206830886605214,0.0165158942153579,0.0119761846648375,0.0284590269649162,0.00561401914076862
4.332278,0.0206376853744217,0.0164744159811166,0.0119420252336032,0.028408571824469,0.00559137221442651
4.3352775,0.0205923973153718,0.0164330577537023,0.0119079780815523,0.0283582306117156,0.00556882085453456
4.338277,0.020547224152974,0.016391819142413,0.0118740427930531,0.0283080030157628,0.00554636464240001
4.3412765,0.0205021655578805,0.0163506997579501,0.011840218954174,0.0282578887267063,0.00552400316121736
4.344276,0.0204572212017899,0.0163096992124123,0.0118065061526762,0.0282078874356272,0.00550173599605969
4.3472755,0.0204123907574438,0.016268817119291,0.011772903978006,0.0281579988345885,0.00547956273387014
4.350275,0.0203676738986229,0.0162280530934642,0.0117394120212872,0.0281082226166316,0.00545748296345322
4.3532745,0.0203230703001435,0.0161874067511914,0.0117060298753139,0.0280585584757725,0.00543549627546636
4.356274,0.020278579637854,0.0161468777101082,0.0116727571345431,0.0280090061069985,0.00541360226241142
4.3592735,0.0202342015886312,0.0161064655892209,0.011639593395087,0.0279595652062651,0.0053918005186262
4.362273,0.0201899358303771,0.0160661700089016,0.0116065382547058,0.0279102354704914,0.00537009064027606
4.3652725,0.0201457820420147,0.016025990590882,0.0115735913128007,0.027861016597558,0.00534847222534555
4.368272,0.020101739903485,0.015985926958249,0.0115407521704062,0.0278119082863025,0.00532694487363008
4.3712715,0.0200578090957434,0.015945978735439,0.0115080204301831,0.0277629102365165,0.00530550818672757
4.374271,0.0200139893007561,0.0159061455482327,0.0114753956964111,0.0277140221489421,0.00528416176803027
4.3772705,0.0199702802014965,0.0158664270237502,0.011442877574982,0.0276652437252686,0.00526290522271644
4.38027,0.0199266814819422,0.0158268227904452,0.0114104656733921,0.0276165746681289,0.00524173815774235
4.3832695,0.0198831928270707,0.0157873324781004,0.0113781596007355,0.0275680146810962,0.00522066018183392
4.386269,0.0198398139228569,0.015747955717822,0.0113459589676966,0.0275195634686806,0.00519967090547869
4.3892685,0.0197965444562691,0.015708692142035,0.0113138633865436,0.0274712207363259,0.00517876994091781
4.392268,0.0197533841152654,0.0156695413844774,0.011281872471121,0.0274229861904059,0.00515795690213798
4.3952675,0.019710332588791,0.0156305030801959,0.0112499858368429,0.0273748595382215,0.00513723140486338
4.398267,0.0196673895667741,0.0155915768655401,0.011218203100686,0.0273268404879972,0.00511659306654781
4.4012665,0.0196245547401229,0.015552762378158,0.0111865238811829,0.0272789287488775,0.00509604150636669
4.404266,0.0195818278007219,0.0155140592569907,0.0111549477984146,0.027231124030924,0.00507557634520922
4.4072655,0.019539208441429,0.0154754671422676,0.0111234744740045,0.027183426045112,0.00505519720567048
4.410265,0.0194966963560718,0.0154369856755011,0.0110921035311109,0.0271358345033273,0.00503490371204368
4.4132645,0.0194542912394444,0.015398614499482,0.0110608345944207,0.0270883491183627,0.00501469549031236
4.416264,0.0194119927873038,0.0153603532582743,0.0110296672901424,0.027040969603915,0.00499457216814256
4.4192635,0.0193698006963671,0.0153222015972104,0.0109986012459994,0.0269936956745816,0.00497453337487524
4.422263,0.0193277146643079,0.0152841591628862,0.0109676360912234,0.0269465270458575,0.00495457874151853
4.4252625,0.0192857343897527,0.015246225603156,0.0109367714565478,0.0268994634341319,0.00493470790074014
4.428262,0.0192438595722784,0.0152084005671281,0.010906006974201,0.0268525045566851,0.00491492048685968
4.4312615,0.0192020899124081,0.0151706837051594,0.0108753422778997,0.0268056501316852,0.00489521613584116
4.434261,0.0191604251116088,0.0151330746688512,0.0108447770028427,0.0267588998781852,0.00487559448528547
4.4372605,0.0191188648722875,0.0150955731110438,0.0108143107857039,0.0267122535161196,0.00485605517442279
4.44026,0.0190774088977879,0.015058178685812,0.0107839432646262,0.0266657107663012,0.00483659784410523
4.4432595,0.0190360568923879,0.0150208910484604,0.0107536740792149,0.0266192713504183,0.00481722213679934
4.446259,0.0189948085612956,0.0149837098555185,0.0107235028705312,0.0265729349910314,0.00479792769657868
4.4492585,0.0189536636106465,0.0149466347647362,0.0106934292810859,0.0265267014115699,0.00477871416911661
4.452258,0.0189126217475004,0.0149096654350788,0.0106634529548331,0.0264805703363293,0.00475958120167876
4.4552575,0.018871682679838,0.0148728015267225,0.0106335735371636,0.026434541490468,0.00474052844311587
4.458257,0.0188308461165577,0.0148360427010497,0.0106037906748987,0.0263886146000044,0.0047215555438565
4.4612565,0.0187901117674729,0.0147993886206443,0.0105741040162842,0.0263427893918135,0.00470266215589978
4.464256,0.0187494793433082,0.0147628389492874,0.0105445132109838,0.0262970655936241,0.00468384793280822
4.4672555,0.0187089485556968,0.014726393351952,0.0105150179100728,0.0262514429340157,0.00466511252970058
4.470255,0.0186685191171773,0.0146900514947991,0.0104856177660323,0.0262059211424156,0.00464645560324474
4.4732545,0.0186281907411903,0.0146538130451729,0.0104563124327428,0.0261604999490956,0.00462787681165048
4.476254,0.0185879631420758,0.014617677671596,0.0104271015654781,0.0261151790851696,0.00460937581466264
4.4792535,0.0185478360350694,0.0145816450437653,0.0103979848208992,0.0260699582825896,0.00459095227355392
4.482253,0.0185078091363002,0.014545714832547,0.0103689618570481,0.026024837274144,0.00457260585111795
4.4852525,0.0184678821627868,0.0145098867099726,0.0103400323333419,0.0259798157934534,0.00455433621166224
4.488252,0.0184280548324349,0.0144741603492342,0.010311195910567,0.0259348935749687,0.00453614302100138
4.4912515,0.0183883268640341,0.0144385354246798,0.0102824522508724,0.0258900703539674,0.00451802594645005
4.494251,0.0183486979772545,0.0144030116118094,0.0102538010177645,0.025845345866551,0.00449998465681615
4.4972505,0.0183091678926444,0.0143675885872699,0.0102252418761009,0.0258007198496423,0.00448201882239399
4.50025,0.0182697363316267,0.0143322660288514,0.0101967744920841,0.025756192040982,0.0044641281149575
4.5032495,0.0182304030164961,0.0142970436154822,0.0101683985332563,0.0257117621791261,0.00444631220775338
4.506249,0.0181911676704162,0.0142619210272251,0.010140113668493,0.025667430003443,0.00442857077549438
4.5092485,0.0181520300174166,0.0142268979452722,0.0101119195679975,0.0256231952541108,0.00441090349435272
4.512248,0.0181129897823894,0.0141919740519413,0.010083815903295,0.025579057672114,0.00439331004195315
4.5152475,0.0180740466910873,0.0141571490306712,0.0100558023472267,0.025535016999241,0.00437579009736654
4.518247,0.0180352004701195,0.0141224225660177,0.0100278785739442,0.0254910729780813,0.0043583433411031
4.5212465,0.0179964508469496,0.0140877943436489,0.0100000442589038,0.0254472253520224,0.0043409694551059
4.524246,0.0179577975498923,0.0140532640503413,0.00997229907886069,0.0254034738652472,0.00432366812274419
4.5272455,0.0179192403081106,0.0140188313739753,0.00994464271186347,0.0253598182627311,0.00430643902880702
4.530245,0.017880778851613,0.0139844960035313,0.00991707483724827,0.0253162582902393,0.00428928185949658
4.5332445,0.0178424129112504,0.0139502576290852,0.00988959513563335,0.0252727936943241,0.00427219630242185
4.536244,0.0178041422187135,0.0139161159418043,0.00986220328891338,0.0252294242223216,0.00425518204659209
4.5392435,0.0177659665065296,0.013882070633943,0.00983489898025396,0.0251861496223498,0.00423823878241046
4.542243,0.0177278855080601,0.0138481213988389,0.00980768189408609,0.0251429696433052,0.00422136620166763
4.5452425,0.0176898989574975,0.0138142679309085,0.00978055171610053,0.0250998840348602,0.00420456399753545
4.548242,0.0176520065898626,0.0137805099256432,0.00975350813324256,0.0250568925474605,0.00418783186456056
4.5512415,0.0176142081410015,0.0137468470796048,0.00972655083370627,0.0250139949323224,0.0041711694986582
4.554241,0.0175765033475831,0.0137132790904219,0.00969967950692931,0.0249711909414299,0.00415457659710582
4.5572405,0.0175388919470961,0.0136798056567857,0.00967289384358741,0.024928480327532,0.00413805285853697
4.56024,0.0175013736778462,0.0136464264784457,0.00964619353558899,0.0248858628441405,0.00412159798293502
4.5632395,0.0174639482789536,0.0136131412562058,0.00961957827606984,0.0248433382455267,0.00410521167162696
4.566239,0.0174266154903499,0.0135799496919205,0.0095930477593878,0.0248009062867191,0.00408889362727731
4.5692385,0.0173893750527753,0.0135468514884905,0.00956660168111737,0.0247585667235005,0.00407264355388202
4.572238,0.0173522267077763,0.0135138463498589,0.00954023973804456,0.0247163193124057,0.00405646115676222
4.5752375,0.0173151701977024,0.0134809339810074,0.00951396162816153,0.0246741638107187,0.00404034614255838
4.578237,0.0172782052657039,0.013448114087952,0.00948776705066141,0.0246320999764697,0.00402429821922407
4.5812365,0.0172413316557288,0.0134153863777392,0.00946165570593308,0.0245901275684334,0.00400831709602009
4.584236,0.0172045491125203,0.0133827505584422,0.00943562729555595,0.0245482463461253,0.00399240248350844
4.5872355,0.0171678573816139,0.0133502063391569,0.00940968152229491,0.0245064560698001,0.00397655409354629
4.590235,0.0171312562093349,0.0133177534299977,0.00938381809009502,0.0244647565004483,0.00396077163928018
4.5932345,0.0170947453427959,0.0132853915420944,0.00935803670407663,0.0244231473997943,0.00394505483514008
4.596234,0.0170583245298934,0.0132531203875873,0.00933233707053004,0.0243816285302934,0.00392940339683347
4.5992335,0.017021993519306,0.0132209396796243,0.00930671889691067,0.0243401996551294,0.00391381704133951
4.602233,0.0169857520604914,0.0131888491323564,0.00928118189183385,0.024298860538212,0.0038982954869033
4.6052325,0.0169495999036837,0.0131568484609343,0.00925572576506992,0.0242576109441744,0.00388283845302996
4.608232,0.0169135367998906,0.0131249373815044,0.0092303502275391,0.0242164506383708,0.00386744566047897
4.6112315,0.0168775625008912,0.013093115611205,0.0092050549913067,0.0241753793868734,0.00385211683125839
4.614231,0.0168416767592333,0.0130613828681627,0.00917983976957803,0.0241343969564709,0.00383685168861916
4.6172305,0.0168058793282304,0.0130297388714883,0.00915470427669351,0.0240935031146647,0.00382164995704936
4.62023,0.0167701699619596,0.0129981833412735,0.00912964822812385,0.0240526976296677,0.00380651136226866
4.6232295,0.0167345484152588,0.012966715998587,0.00910467134046504,0.0240119802704009,0.00379143563122258
4.626229,0.0166990144437241,0.0129353365654705,0.0090797733314336,0.0239713508064913,0.00377642249207697
4.6292285,0.0166635678037073,0.0129040447649356,0.00905495391986172,0.0239308090082696,0.00376147167421234
4.632228,0.0166282082523132,0.0128728403209593,0.00903021282569237,0.0238903546467674,0.00374658290821838
4.6352275,0.0165929355473974,0.0128417229584814,0.00900554976997467,0.023849987493715,0.00373175592588841
4.638227,0.0165577494475634,0.0128106924033998,0.00898096447485897,0.023809707321539,0.00371699046021384
4.6412265,0.0165226497121603,0.0127797483825675,0.0089564566635922,0.0237695139033596,0.00370228624537875
4.644226,0.01648763610128,0.0127488906237889,0.00893202606051313,0.0237294070129886,0.00368764301675436
4.6472255,0.0164527083757553,0.0127181188558159,0.00890767239104763,0.0236893864249267,0.00367306051089372
4.650225,0.0164178662971564,0.0126874328083447,0.00888339538170403,0.0236494519143613,0.00365853846552619
4.6532245,0.0163831096277897,0.012656832212012,0.00885919476006846,0.0236096032571638,0.00364407661955208
4.656224,0.0163484381306942,0.0126263167983913,0.00883507025480022,0.0235698402298878,0.00362967471303737
4.6592235,0.0163138515696393,0.0125958862999897,0.00881102159562714,0.0235301626097662,0.00361533248720833
4.662223,0.016279349709123,0.0125655404502443,0.00878704851334097,0.023490570174709,0.0036010496844462
4.6652225,0.0162449323143685,0.0125352789835182,0.00876315073979291,0.023451062703301,0.00358682604828193
4.668222,0.0162105991513224,0.0125051016350978,0.00873932800788894,0.0234116399747998,0.00357266132339098
4.6712215,0.016176349986652,0.0124750081411885,0.00871558005158538,0.0233723017691327,0.00355855525558793
4.674221,0.016142184587743,0.0124449982389119,0.00869190660588433,0.0233330478668952,0.0035445075918215
4.6772205,0.0161081027226968,0.0124150716663019,0.00866830740682917,0.0232938780493481,0.00353051808016914
4.68022,0.0160741041603286,0.0123852281623013,0.00864478219150017,0.0232547920984154,0.00351658646983207
4.6832195,0.0160401886701644,0.0123554674667588,0.00862133069800996,0.0232157897966823,0.00350271251112999
4.686219,0.0160063560224393,0.0123257893204249,0.00859795266549913,0.0231768709273925,0.00348889595549603
4.6892185,0.0159726059880943,0.0122961934649489,0.00857464783413188,0.023138035274446,0.00347513655547171
4.692218,0.0159389383387746,0.0122666796428755,0.00855141594509155,0.0230992826223971,0.00346143406470179
4.6952175,0.0159053528468268,0.0122372475976414,0.00852825674057635,0.023060612756452,0.0034477882379293
4.698217,0.015871849285297,0.0122078970735718,0.00850516996379486,0.0230220254624662,0.00343419883099047
4.7012165,0.015838427427928,0.0121786278158772,0.00848215535896188,0.022983520526943,0.00342066560080976
4.704216,0.0158050870491571,0.01214943957065,0.00845921267129407,0.0229450977370307,0.0034071883053949
4.7072155,0.0157718279241139,0.0121203320848613,0.0084363416470056,0.0229067568805205,0.00339376670383191
4.710215,0.0157386498286178,0.012091305106357,0.00841354203330395,0.0228684977458444,0.00338040055628022
4.7132145,0.0157055525391759,0.0120623583838557,0.00839081357838567,0.0228303201220729,0.00336708962396774
4.716214,0.0156725358329804,0.0120334916669441,0.00836815603143207,0.0227922237989128,0.00335383366918594
4.7192135,0.0156395994879066,0.0120047047060745,0.00834556914260513,0.0227542085667052,0.00334063245528509
4.722213,0.0156067432825104,0.0119759972525615,0.00832305266304325,0.0227162742164231,0.00332748574666935
4.7252125,0.0155739669960259,0.0119473690585784,0.00830060634485705,0.0226784205396692,0.00331439330879195
4.728212,0.0155412704083638,0.0119188198771542,0.00827822994112535,0.0226406473286741,0.00330135490815049
4.7312115,0.0155086533001081,0.0118903494621706,0.00825592320589084,0.0226029543762935,0.00328837031228204
4.734211,0.0154761154525148,0.0118619575683583,0.00823368589415616,0.0225653414760069,0.00327543928975853
4.7372105,0.015443656647509,0.0118336439512942,0.00821151776187973,0.0225278084219147,0.00326256161018189
4.74021,0.015411276667683,0.011805408367398,0.00818941856597162,0.0224903550087366,0.0032497370441795
4.7432095,0.015378975296294,0.0117772505739292,0.00816738806428961,0.022452981031809,0.00323696536339937
4.746209,0.0153467523172617,0.0117491703289837,0.00814542601563506,0.0224156862870834,0.00322424634050554
4.7492085,0.0153146075151664,0.011721167391491,0.00812353217974895,0.0223784705711241,0.00321157974917347
4.752208,0.0152825406752465,0.0116932415212109,0.00810170631730786,0.0223413336811057,0.00319896536408538
4.7552075,0.0152505515833966,0.0116653924787301,0.00807994818991997,0.0223042754148117,0.0031864029609257
4.758207,0.0152186400261647,0.0116376200254598,0.00805825756012115,0.0222672955706321,0.00317389231637641
4.7612065,0.0151868057907508,0.0116099239236319,0.00803663419137097,0.0222303939475612,0.0031614332081126
4.764206,0.0151550486650044,0.0115823039362961,0.00801507784804878,0.0221935703451955,0.00314902541479786
4.7672055,0.0151233684374221,0.0115547598273173,0.00799358829544981,0.0221568245637321,0.00313666871607982
4.770205,0.0150917648971457,0.0115272913613718,0.0079721652997813,0.0221201564039662,0.0031243628925856
4.7732045,0.0150602378339599,0.0114998983039448,0.0079508086281586,0.0220835656672892,0.00311210772591742
4.776204,0.0150287870382903,0.0114725804213273,0.00792951804860132,0.0220470521556868,0.00309990299864809
4.7792035,0.0149974123012013,0.0114453374806128,0.00790829333002948,0.0220106156717368,0.00308774849431659
4.782203,0.0149661134143936,0.0114181692496947,0.00788713424225974,0.021974256018607,0.00307564399742372
4.7852025,0.0149348901702026,0.0113910754972628,0.00786604055600153,0.0219379730000534,0.00306358929342762
4.788202,0.0149037423615958,0.0113640559928009,0.00784501204285337,0.0219017664204184,0.0030515841687395
4.7912015,0.0148726697821711,0.0113371105065834,0.00782404847529892,0.0218656360846281,0.00303962841071922
4.794201,0.0148416722261544,0.0113102388096725,0.00780314962670345,0.021829581798191,0.00302772180767101
4.7972005,0.0148107494883977,0.0112834406739152,0.00778231527130992,0.0217936033671957,0.00301586414883913
4.8002,0.0147799013643767,0.0112567158719405,0.00776154518423542,0.0217577005983091,0.00300405522440364
4.8031995,0.0147491276501894,0.0112300641771562,0.00774083914146734,0.0217218732987742,0.00299229482547606
4.806199,0.0147184281425532,0.0112034853637464,0.00772019691985976,0.0216861212764083,0.00298058274409516
4.8091985,0.0146878026388034,0.0111769792066682,0.00769961829712977,0.021650444339601,0.00296891877322277
4.812198,0.0146572509368908,0.0111505454816491,0.0076791030518538,0.0216148422973125,0.00295730270673949
4.8151975,0.0146267728353801,0.0111241839651839,0.00765865096346404,0.0215793149590711,0.00294573433944061
4.818197,0.0145963681334474,0.011097894434532,0.00763826181224478,0.0215438621349719,0.00293421346703182
4.8211965,0.0145660366308783,0.0110716766677145,0.00761793537932881,0.0215084836356745,0.00292273988612516
4.824196,0.0145357781280661,0.0110455304435113,0.00759767144669384,0.0214731792724012,0.00291131339423485
4.8271955,0.0145055924260094,0.0110194555414585,0.007577469797159,0.0214379488569351,0.00289993378977316
4.830195,0.0144754793263104,0.0109934517418451,0.00755733021438117,0.0214027922016182,0.00288860087204637
4.8331945,0.0144454386311729,0.0109675188257108,0.00753725248285154,0.0213677091193494,0.00287731444125066
4.836194,0.0144154701434,0.0109416565748426,0.00751723638789207,0.0213326994235829,0.00286607429846805
4.8391935,0.0143855736663923,0.0109158647717727,0.00749728171565196,0.0212977629283259,0.0028548802456624
4.842193,0.0143557490041461,0.0108901431997749,0.00747738825310419,0.0212628994481371,0.00284373208567536
4.8451925,0.014325995961251,0.0108644916428626,0.00745755578804205,0.0212281087981248,0.00283262962222242
4.848192,0.0142963143428884,0.0108389098857856,0.00743778410907567,0.0211933907939447,0.00282157265988883
4.8511915,0.0142667039548292,0.0108133977140276,0.00741807300562861,0.0211587452517985,0.00281056100412578
4.854191,0.014237164603432,0.0107879549138032,0.0073984222679344,0.0211241719884319,0.00279959446124633
4.8571905,0.0142076960956409,0.0107625812720554,0.00737883168703315,0.0210896708211325,0.00278867283842156
4.86019,0.0141782982389842,0.0107372765764529,0.00735930105476818,0.0210552415677283,0.00277779594367666
4.8631895,0.0141489708415716,0.0107120406153873,0.00733983016378259,0.0210208840465858,0.00276696358588699
4.866189,0.0141197137120929,0.0106868731779704,0.00732041880751598,0.0209865980766083,0.00275617557477428
4.8691885,0.014090526659816,0.0106617740540315,0.00730106678020099,0.0209523834772336,0.00274543172090272
4.872188,0.0140614094945846,0.0106367430341152,0.00728177387686008,0.0209182400684329,0.00273473183567516
4.8751875,0.0140323620268167,0.0106117799094777,0.00726253989330217,0.0208841676707085,0.00272407573132929
4.878187,0.0140033840675027,0.0105868844720855,0.00724336462611929,0.0208501661050921,0.0027134632209338
4.8811865,0.0139744754282033,0.0105620565146117,0.00722424787268339,0.0208162351931433,0.00270289411838469
4.884186,0.0139456359210476,0.0105372958304337,0.00720518943114301,0.0207823747569474,0.00269236823840139
4.8871855,0.0139168653587313,0.0105126022136308,0.00718618910042002,0.0207485846191141,0.00268188539652312
4.890185,0.0138881635545149,0.0104879754589815,0.0071672466802064,0.0207148646027752,0.00267144540910506
4.8931845,0.0138595303222219,0.0104634153619607,0.00714836197096102,0.0206812145315833,0.00266104809331476
4.896184,0.0138309654762365,0.0104389217187373,0.00712953477390638,0.02064763422971,0.00265069326712833
4.8991835,0.0138024688315025,0.0104144943261718,0.00711076489102549,0.0206141235218438,0.0026403807493268
4.902183,0.0137740402035207,0.0103901329818132,0.00709205212505859,0.0205806822331888,0.00263011035949252
4.9051825,0.0137456794083473,0.010365837483897,0.00707339627950007,0.0205473101894627,0.00261988191800543
4.908182,0.0137173862625924,0.0103416076313425,0.0070547971585953,0.0205140072168952,0.00260969524603945
4.9111815,0.0136891605834178,0.01031744322375,0.0070362545673374,0.0204807731422262,0.00259955016555893
4.914181,0.0136610021885352,0.0102933440613988,0.00701776831146425,0.0204476077927044,0.00258944649931501
4.9171805,0.0136329108962048,0.0102693099452441,0.00699933819745528,0.0204145109960849,0.00257938407084202
4.92018,0.0136048865252329,0.010245340676915,0.00698096403252841,0.0203814825806283,0.00256936270445398
4.9231795,0.0135769288949704,0.0102214360587118,0.00696264562463696,0.0203485223750986,0.00255938222524101
4.926179,0.013549037825311,0.0101975958936032,0.00694438278246655,0.0203156302087614,0.00254944245906583
4.9291785,0.0135212131366895,0.0101738199852246,0.00692617531543215,0.0202828059113826,0.0025395432325602
4.932178,0.0134934546500798,0.010150108137875,0.00690802303367485,0.0202500493132264,0.00252968437312152
4.9351775,0.0134657621869934,0.0101264601565146,0.00688992574805904,0.0202173602450539,0.00251986570890927
4.938177,0.0134381355694772,0.0101028758467627,0.00687188327016923,0.0201847385381212,0.00251008706884156
4.9411765,0.0134105746201122,0.0100793550148949,0.00685389541230718,0.0201521840241778,0.0025003482825917
4.944176,0.0133830791620116,0.0100558974678411,0.00683596198748876,0.0201196965354652,0.00249064918058479
4.9471755,0.0133556490188189,0.0100325030131826,0.00681808280944113,0.0200872759047148,0.00248098959399424
4.950175,0.0133282840147063,0.01000917145915,0.0068002576925997,0.0200549219651469,0.00247136935473843
4.9531745,0.0133009839743729,0.00998590261462086,0.00678248645210517,0.0200226345504684,0.00246178829547735
4.956174,0.0132737487230429,0.00996269628911695,0.00676476890380063,0.0199904134948715,0.00245224624960912
4.9591735,0.0132465780864642,0.00993955229280235,0.00674710486422864,0.0199582586330324,0.00244274305126676
4.962173,0.0132194718909064,0.00991647043648071,0.00672949415062829,0.019926169800109,0.0024332785353148
4.9651725,0.0131924299631588,0.00989345053159318,0.00671193658093232,0.0198941468317397,0.00242385253734594
4.968172,0.0131654521305295,0.0098704923902158,0.00669443197376425,0.0198621895640421,0.00241446489367778
4.9711715,0.0131385382208429,0.00984759582505738,0.00667698014843551,0.0198302978336106,0.00240511544134953
4.974171,0.0131116880624385,0.00982476064945705,0.00665958092494256,0.0197984714775157,0.0023958040181187
4.9771705,0.0130849014841689,0.00980198667738197,0.00664223412396407,0.0197667103333017,0.00238653046245788
4.98017,0.0130581783153985,0.00977927372342505,0.00662493956685808,0.0197350142389856,0.00237729461355148
4.9831695,0.0130315183860014,0.0097566216028026,0.00660769707565915,0.0197033830330554,0.00236809631129248
4.986169,0.0130049215263599,0.00973403013135212,0.00659050647307566,0.0196718165544684,0.00235893539627925
4.9891685,0.012978387567363,0.00971149912552988,0.00657336758248687,0.0196403146426499,0.00234981170981233
4.992168,0.0129519163404044,0.00968902840240883,0.00655628022794023,0.0196088771374911,0.00234072509389124
4.9951675,0.0129255076773812,0.00966661777967618,0.00653924423414864,0.0195775038793485,0.00233167539121133
4.998167,0.0128991614106919,0.00964426707563123,0.00652225942648758,0.0195461947090415,0.00232266244516062
5.0011665,0.0128728773732353,0.00962197610918309,0.0065053256309925,0.0195149494678511,0.00231368609981663
5.004166,0.0128466553984082,0.00959974469984844,0.00648844267435597,0.0194837679975188,0.00230474619994327
5.0071655,0.0128204953201041,0.00957757266774937,0.00647161038392507,0.0194526501402444,0.00229584259098777
5.010165,0.0127943969727118,0.00955545983361105,0.00645482858769856,0.019421595738685,0.00228697511907751
5.0131645,0.0127683601911132,0.00953340601875959,0.00643809711432433,0.0193906046359532,0.002278143631017
5.016164,0.0127423848106823,0.00951141104511985,0.00642141579309657,0.0193596766756157,0.00226934797428474
5.0191635,0.0127164706672833,0.0094894747352132,0.00640478445395325,0.019328811701692,0.00226058799703026
5.022163,0.0126906175972688,0.00946759691215535,0.00638820292747331,0.0192980095586525,0.00225186354807098
5.0251625,0.0126648254374788,0.00944577739965421,0.00637167104487411,0.0192672700914172,0.00224317447688927
5.028162,0.0126390940252384,0.00942401602200766,0.00635518863800883,0.0192365931453544,0.00223452063362936
5.0311615,0.0126134231983566,0.00940231260410147,0.00633875553936365,0.0192059785662789,0.00222590186909442
5.034161,0.0125878127951249,0.00938066697140708,0.00632237158205542,0.0191754262004508,0.00221731803474349
5.0371605,0.0125622626543153,0.00935907894997947,0.00630603659982884,0.0191449358945738,0.00220876898268857
5.04016,0.0125367726151789,0.00933754836645507,0.00628975042705396,0.019114507495794,0.00220025456569166
5.0431595,0.0125113425174446,0.00931607504804958,0.00627351289872362,0.0190841408516983,0.00219177463716177
5.046159,0.0124859722013171,0.00929465882255594,0.00625732385045079,0.0190538358103128,0.00218332905115207
5.0491585,0.0124606615074756,0.00927329951834207,0.00624118311846614,0.0190235922201015,0.00217491766235686
5.052158,0.0124354102770723,0.00925199696434897,0.00622509053961545,0.0189934099299652,0.00216654032610878
5.0551575,0.0124102183517307,0.00923075099008841,0.00620904595135701,0.0189632887892392,0.00215819689837585
5.058157,0.0123850855735442,0.00920956142564103,0.00619304919175921,0.0189332286476929,0.00214988723575861
5.0611565,0.0123600117850745,0.00918842810165419,0.00617710009949793,0.0189032293555277,0.0021416111954873
5.064156,0.0123349968293501,0.00916735084933988,0.00616119851385415,0.0188732907633755,0.0021333686354189
5.0671555,0.0123100405498647,0.00914632950047272,0.00614534427471136,0.018843412722298,0.00212515941403445
5.070155,0.0122851427905758,0.00912536388738783,0.00612953722255318,0.0188135950837846,0.00211698339043608
5.0731545,0.0122603033959032,0.00910445384297888,0.00611377719846078,0.0187838376997511,0.0021088404243443
5.076154,0.0122355222107275,0.00908359920069599,0.00609806404411053,0.0187541404225387,0.00210073037609512
5.0791535,0.0122107990803883,0.00906279979454374,0.00608239760177156,0.0187245031049122,0.00209265310663735
5.082153,0.0121861338506832,0.0090420554590791,0.00606677771430319,0.0186949256000588,0.00208460847752977
5.0851525,0.0121615263678659,0.00902136602940946,0.0060512042251527,0.0186654077615867,0.0020765963509384
5.088152,0.0121369764786452,0.00900073134119067,0.00603567697835276,0.0186359494435235,0.00206861658963372
5.0911515,0.0121124840301828,0.00898015123062494,0.00602019581851915,0.0186065505003154,0.00206066905698797
5.094151,0.0120880488700926,0.00895962553445894,0.00600476059084831,0.018577210786825,0.00205275361697245
5.0971505,0.0120636708464386,0.00893915408998178,0.00598937114111492,0.0185479301583308,0.00204487013415471
5.10015,0.0120393498077338,0.00891873673502302,0.00597402731566968,0.0185187084705251,0.002037018473696
5.1031495,0.0120150856029389,0.0088983733079508,0.00595872896143673,0.0184895455795133,0.00202919850134845
5.106149,0.0119908780814602,0.00887806364766977,0.00594347592591154,0.018460441341812,0.0020214100834525
5.1091485,0.0119667270931489,0.00885780759361918,0.00592826805715842,0.0184313956143479,0.00201365308693418
5.112148,0.0119426324882992,0.00883760498577098,0.0059131052038082,0.0184024082544566,0.0020059273793025
5.1151475,0.011918594117647,0.00881745566462787,0.00589798721505602,0.018373479119881,0.00199823282864678
5.118147,0.0118946118323683,0.00879735947122127,0.00588291394065891,0.0183446080687702,0.00199056930363407
5.1211465,0.0118706854840783,0.00877731624710961,0.00586788523093355,0.0183157949596779,0.00198293667350651
5.124146,0.0118468149248292,0.00875732583437622,0.00585290093675398,0.0182870396515613,0.00197533480807874
5.1271455,0.0118230000071096,0.00873738807562753,0.00583796090954931,0.0182583420037799,0.00196776357773532
5.130145,0.0117992405838423,0.00871750281399118,0.00582306500130148,0.0182297018760939,0.00196022285342814
5.1331445,0.0117755365083836,0.00869766989311406,0.00580821306454298,0.018201119128663,0.00195271250667389
5.136144,0.0117518876345214,0.00867788915716046,0.0057934049523546,0.0181725936220451,0.00194523240955149
5.1391435,0.0117282938164739,0.00865816045081029,0.00577864051836322,0.0181441252171951,0.00193778243469952
5.142143,0.0117047549088887,0.00863848361925705,0.0057639196167396,0.0181157137754636,0.00193036245531376
5.1451425,0.0116812707668405,0.0086188585082061,0.0057492421021961,0.0180873591585955,0.00192297234514463
5.148142,0.0116578412458306,0.00859928496387275,0.00573460782998454,0.0180590612287286,0.00191561197849467
5.1511415,0.011634466201785,0.00857976283298039,0.00572001665589395,0.0180308198483927,0.00190828123021612
5.154141,0.0116111454910532,0.00856029196275876,0.00570546843624844,0.0180026348805082,0.00190097997570837
5.1571405,0.0115878789704068,0.008540872200942,0.00569096302790496,0.0179745061883844,0.00189370809091551
5.16014,0.0115646664970382,0.00852150339576691,0.00567650028825121,0.017946433635719,0.0018864654523239
5.1631395,0.0115415079285591,0.00850218539597106,0.00566208007520339,0.0179184170865962,0.00187925193695967
5.166139,0.0115184031229994,0.00848291805079104,0.00564770224720414,0.0178904564054858,0.00187206742238636
5.1691385,0.0114953519388055,0.00846370120996064,0.00563336666322034,0.0178625514572417,0.00186491178670241
5.172138,0.0114723542348394,0.0084445347237091,0.00561907318274102,0.017834702107101,0.00185778490853883
5.1751375,0.0114494098703769,0.00842541844275921,0.0056048216657752,0.0178069082206823,0.00185068666705673
5.178137,0.0114265187051065,0.00840635221832559,0.00559061197284982,0.017779169663985,0.00184361694194498
5.1811365,0.0114036805991282,0.00838733590211302,0.00557644396500762,0.0177514863033875,0.0018365756134178
5.184136,0.0113808954129518,0.00836836934631449,0.00556231750380506,0.0177238580056465,0.00182956256221242
5.1871355,0.0113581630074961,0.00834945240360954,0.00554823245131018,0.0176962846378955,0.00182257766958668
5.190135,0.0113354832440871,0.0083305849271625,0.00553418867010064,0.0176687660676434,0.00181562081731673
5.1931345,0.0113128559844569,0.00831176677062078,0.00552018602326153,0.0176413021627739,0.00180869188769467
5.196134,0.0112902810907424,0.00829299778811299,0.00550622437438339,0.0176138927915435,0.00180179076352621
5.1991335,0.011267758425484,0.00827427783424739,0.00549230358756017,0.0175865378225809,0.00179491732812841
5.202133,0.0112452878516242,0.00825560676411006,0.00547842352738716,0.0175592371248857,0.00178807146532731
5.2051325,0.0112228692325065,0.00823698443326316,0.00546458405895891,0.017531990567827,0.00178125305945569
5.208132,0.0112005024318739,0.0082184106977433,0.00545078504786737,0.0175047980211422,0.00177446199535076
5.2111315,0.0111781873138677,0.00819988541405976,0.00543702636019972,0.017477659354936,0.00176769815835188
5.214131,0.0111559237430265,0.00818140843919286,0.00542330786253641,0.0174505744396793,0.00176096143429834
5.2171305,0.0111337115842842,0.00816297963059217,0.00540962942194924,0.0174235431462078,0.00175425170952707
5.22013,0.0111115507029697,0.00814459884617492,0.00539599090599928,0.0173965653457206,0.00174756887087041
5.2231295,0.0110894409648046,0.00812626594432428,0.00538239218273493,0.0173696409097796,0.0017409128056539
5.226129,0.011067382235903,0.00810798078388769,0.00536883312068998,0.0173427697103082,0.00173428340169402
5.2291285,0.0110453743827694,0.00808974322417516,0.0053553135888816,0.0173159516195896,0.00172768054729602
5.232128,0.0110234172722977,0.00807155312495768,0.00534183345680845,0.0172891865102664,0.00172110413125169
5.2351275,0.0110015107717702,0.0080534103464655,0.00532839259444868,0.0172624742553388,0.0017145540428372
5.238127,0.0109796547488561,0.00803531474938654,0.00531499087225803,0.017235814728164,0.0017080301718109
5.2411265,0.0109578490716102,0.00801726619486468,0.0053016281611679,0.0172092078024545,0.00170153240841116
5.244126,0.0109360936084721,0.00799926454449818,0.00528830433258342,0.0171826533522775,0.0016950606433542
5.2471255,0.0109143882282643,0.00798130966033808,0.00527501925838158,0.0171561512520535,0.00168861476783197
5.250125,0.0108927328001915,0.00796340140488644,0.00526177281090928,0.0171297013765549,0.00168219467350994
5.2531245,0.0108711271938393,0.00794553964109491,0.00524856486298148,0.0171033036009055,0.00167580025252509
5.256124,0.0108495712791728,0.00792772423236298,0.00523539528787926,0.0170769578005789,0.00166943139748366
5.2591235,0.0108280649265354,0.00790995504253644,0.00522226395934805,0.0170506638513975,0.00166308800145914
5.262123,0.0108066080066478,0.00789223193590577,0.00520917075159564,0.0170244216295313,0.00165676995799012
5.2651225,0.0107852003906067,0.00787455477720451,0.00519611553929041,0.016998231011497,0.00165047716107819
5.268122,0.0107638419498833,0.00785692343160777,0.00518309819755944,0.0169720918741568,0.00164420950518592
5.2711215,0.0107425325563227,0.00783933776473057,0.00517011860198669,0.0169460040947172,0.00163796688523471
5.274121,0.0107212720821422,0.00782179764262626,0.00515717662861114,0.016919967550728,0.00163174919660279
5.2771205,0.0107000603999302,0.00780430293178506,0.00514427215392495,0.0168939821200812,0.00162555633512313
5.28012,0.0106788973826453,0.00778685349913235,0.00513140505487175,0.0168680476810096,0.00161938819708143
5.2831195,0.0106577829036149,0.00776944921202721,0.00511857520884463,0.0168421641120865,0.00161324467921405
5.286119,0.0106367168365338,0.00775208993826087,0.00510578249368458,0.0168163312922237,0.00160712567870603
5.2891185,0.0106156990554635,0.00773477554605514,0.00509302678767846,0.016790549100671,0.00160103109318903
5.292118,0.0105947294348308,0.00771750590406088,0.00508030796955741,0.0167648174170149,0.00159496082073934
5.2951175,0.0105738078494266,0.00770028088135649,0.00506762591849491,0.0167391361211775,0.0015889147598759
5.298117,0.0105529341744047,0.00768310034744631,0.00505498051410513,0.0167135050934157,0.00158289280955831
5.3011165,0.0105321082852808,0.00766596417225924,0.00504237163644112,0.0166879242143198,0.00157689486918484
5.304116,0.0105113300579312,0.00764887222614708,0.005029799165993,0.0166623933648126,0.00157092083859044
5.3071155,0.0104905993685918,0.00763182437988314,0.00501726298368632,0.0166369124261482,0.00156497061804485
5.310115,0.0104699160938569,0.00761482050466062,0.00500476297088026,0.0166114812799114,0.00155904410825058
5.3131145,0.0104492801106779,0.00759786047209127,0.00499229900936586,0.0165860998080161,0.00155314121034099
5.316114,0.0104286912963625,0.00758094415420373,0.00497987098136436,0.0165607678927043,0.00154726182587837
5.3191135,0.0104081495285732,0.00756407142344219,0.00496747876952545,0.0165354854165455,0.00154140585685201
5.322113,0.0103876546853263,0.00754724215266482,0.00495512225692556,0.0165102522624354,0.00153557320567627
5.3251125,0.010367206644991,0.00753045621514231,0.00494280132706616,0.0164850683135946,0.00152976377518872
5.328112,0.010346805286288,0.00751371348455647,0.00493051586387208,0.0164599334535681,0.00152397746864815
5.3311115,0.0103264504882885,0.00749701383499867,0.00491826575168977,0.0164348475662238,0.00151821418973281
5.334111,0.0103061421304129,0.00748035714096844,0.00490605087528568,0.0164098105357517,0.00151247384253839
5.3371105,0.0102858800924301,0.00746374327737205,0.00489387111984458,0.0163848222466629,0.00150675633157629
5.34011,0.0102656642544561,0.00744717211952101,0.00488172637096781,0.0163598825837886,0.00150106156177164
5.3431095,0.0102454944969527,0.00743064354313062,0.00486961651467173,0.0163349914322788,0.0014953894384615
5.346109,0.010225370700727,0.00741415742431863,0.00485754143738602,0.0163101486776017,0.00148973986739302
5.3491085,0.0102052927469297,0.00739771363960366,0.00484550102595201,0.0162853542055424,0.00148411275472157
5.352108,0.0101852605170544,0.00738131206590396,0.00483349516762106,0.0162606079022021,0.00147850800700895
5.3551075,0.0101652738929363,0.00736495258053584,0.00482152375005298,0.0162359096539969,0.00147292553122156
5.358107,0.0101453327567512,0.00734863506121232,0.00480958666131431,0.0162112593476569,0.00146736523472854
5.3611065,0.0101254369910145,0.00733235938604175,0.00479768378987678,0.0161866568702253,0.00146182702530004
5.364106,0.01010558647858,0.00731612543352634,0.00478581502461564,0.0161621021090572,0.00145631081110538
5.3671055,0.0100857811026387,0.00729993308256084,0.00477398025480814,0.0161375949518189,0.00145081650071128
5.370105,0.0100660207467182,0.00728378221243109,0.00476217937013185,0.0161131352864866,0.00144534400308005
5.3731045,0.0100463052946812,0.00726767270281271,0.00475041226066309,0.0160887230013456,0.00143989322756788
5.376104,0.0100266346307244,0.0072516044337696,0.0047386788168754,0.0160643579849894,0.00143446408392302
5.3791035,0.0100070086393779,0.00723557728575268,0.00472697892963787,0.0160400401263186,0.00142905648228405
5.382103,0.00998742720550373,0.00721959113959845,0.00471531249021367,0.0160157693145398,0.00142367033317812
5.3851025,0.00996789021429494,0.00720364587652769,0.00470367939025843,0.015991545439165,0.00141830554751924
5.388102,0.00994839755127454,0.00718774137814405,0.00469207952181868,0.0159673683900105,0.00141296203660654
5.3911015,0.0099289491022945,0.00717187752643269,0.00468051277733032,0.0159432380571955,0.00140763971212251
5.394101,0.00990954475353465,0.00715605420375899,0.0046689790496171,0.0159191543311419,0.00140233848613134
5.3971005,0.00989018439150169,0.00714027129286714,0.00465747823188904,0.0158951171025728,0.00139705827107718
5.4001,0.00987086790302812,0.00712452867687886,0.00464601021774091,0.0158711262625119,0.00139179897978244
5.4030995,0.00985159517527123,0.00710882623929202,0.00463457490115075,0.0158471817022821,0.00138656052544613
5.406099,0.00983236609571214,0.00709316386397935,0.00462317217647828,0.0158232833135051,0.00138134282164214
5.4090985,0.0098131805521546,0.00707754143518709,0.00461180193846346,0.0157994309881001,0.00137614578231759
5.412098,0.00979403843272419,0.00706195883753367,0.00460046408222495,0.0157756246182828,0.00137096932179114
5.4150975,0.00977493962586715,0.00704641595600845,0.00458915850325861,0.015751864096565,0.00136581335475136
5.418097,0.00975588402034942,0.00703091267597035,0.00457788509743605,0.0157281493157531,0.00136067779625504
5.4210965,0.00973687150525567,0.00701544888314655,0.0045666437610031,0.0157044801689473,0.00135556256172559
5.424096,0.00971790196998821,0.00700002446363126,0.00455543439057835,0.015680856549541,0.00135046756695135
5.4270955,0.0096989753042661,0.00698463930388432,0.00454425688315168,0.0156572783512194,0.00134539272808402
5.430095,0.00968009139812403,0.00696929329073004,0.0045331111360828,0.0156337454679591,0.00134033796163696
5.4330945,0.00966125014191143,0.00695398631135581,0.00452199704709978,0.0156102577940266,0.00133530318448367
5.436094,0.00964245142629143,0.00693871825331088,0.00451091451429761,0.0155868152239779,0.00133028831385611
5.4390935,0.00962369514223987,0.00692348900450506,0.00449986343613674,0.0155634176526575,0.00132529326734311
5.442093,0.00960498118104432,0.00690829845320746,0.00448884371144165,0.0155400649751973,0.00132031796288881
5.4450925,0.00958630943430316,0.00689314648804523,0.00447785523939942,0.0155167570870157,0.00131536231879105
5.448092,0.00956767979392449,0.00687803299800231,0.0044668979195583,0.015493493883817,0.0013104262536998
5.4510915,0.00954909215212523,0.00686295787241817,0.00445597165182625,0.0154702752615902,0.00130550968661557
5.454091,0.00953054640143014,0.00684792100098653,0.00444507633646961,0.0154471011166083,0.00130061253688788
5.4570905,0.00951204243467087,0.00683292227375417,0.0044342118741116,0.0154239713454272,0.00129573472421368
5.46009,0.00949358014498497,0.00681796158111966,0.00442337816573099,0.0154008858448852,0.0012908761686358
5.4630895,0.00947515942581491,0.00680303881383211,0.00441257511266064,0.0153778445121016,0.00128603679054141
5.466089,0.00945678017090718,0.00678815386299001,0.00440180261658615,0.0153548472444764,0.0012812165106605
5.4690885,0.00943844227431124,0.00677330662003988,0.00439106057954446,0.0153318939396888,0.00127641525006432
5.472088,0.00942014563037875,0.00675849697677516,0.00438034890392248,0.015308984495697,0.00127163293016392
5.4750875,0.00940189013376241,0.006743724825335,0.00436966749245571,0.0152861188107368,0.00126686947270855
5.478087,0.00938367567941514,0.00672899005820293,0.00435901624822684,0.0152632967833208,0.00126212479978421
5.4810865,0.00936550216258912,0.00671429256820578,0.00434839507466446,0.015240518312238,0.00125739883381213
5.484086,0.00934736947883482,0.0066996322485124,0.00433780387554164,0.0152177832965523,0.00125269149754732
5.4870855,0.00932927752400012,0.00668500899263252,0.00432724255497461,0.015195091635602,0.00124800271407699
5.490085,0.00931122619422936,0.00667042269441549,0.0043167110174214,0.0151724432289991,0.00124333240681917
5.4930845,0.00929321538596235,0.00665587324804913,0.00430620916768052,0.0151498379766281,0.00123868049952117
5.496084,0.00927524499593351,0.0066413605480586,0.00429573691088962,0.0151272757786452,0.00123404691625814
5.4990835,0.009257314921171,0.00662688448930507,0.00428529415252412,0.0151047565354777,0.00122943158143162
5.502083,0.0092394250589956,0.00661244496698474,0.00427488079839597,0.015082280147823,0.00122483441976805
5.5050825,0.00922157530702006,0.00659804187662747,0.00426449675465226,0.0150598465166477,0.00122025535631737
5.508082,0.009203765563148,0.00658367511409579,0.00425414192777396,0.0150374555431869,0.00121569431645155
5.5110815,0.00918599572557304,0.00656934457558362,0.00424381622457458,0.0150151071289433,0.00121115122586316
5.514081,0.00916826569277795,0.00655505015761515,0.00423351955219889,0.0149928011756864,0.00120662601056395
5.5170805,0.00915057536353367,0.0065407917570437,0.00422325181812162,0.0149705375854516,0.00120211859688342
5.52008,0.00913292463689851,0.00652656927105057,0.00421301293014615,0.0149483162605394,0.00119762891146745
5.5230795,0.0091153134122171,0.00651238259714386,0.00420280279640327,0.0149261371035148,0.00119315688127681
5.526079,0.00909774158911964,0.00649823163315739,0.00419262132534988,0.014904000017206,0.00118870243358583
5.5290785,0.00908020906752096,0.0064841162772495,0.00418246842576772,0.0148819049047042,0.00118426549598099
5.532078,0.0090627157476196,0.00647003642790195,0.00417234400676207,0.0148598516693622,0.0011798459963595
5.5350775,0.009045261529897,0.0064559919839188,0.00416224797776055,0.0148378402147939,0.00117544386292797
5.538077,0.0090278463151165,0.0064419828444253,0.00415218024851183,0.0148158704448736,0.00117105902420099
5.5410765,0.0090104700043226,0.00642800890886671,0.00414214072908438,0.0147939422637348,0.00116669140899979
5.544076,0.00899313249883995,0.00641407007700725,0.00413212932986519,0.0147720555757699,0.00116234094645085
5.5470755,0.00897583370027259,0.00640016624892897,0.00412214596155863,0.014750210285629,0.00115800756598459
5.550075,0.00895857351050301,0.00638629732503057,0.0041121905351851,0.0147284062982192,0.00115369119733396
5.5530745,0.00894135183169133,0.00637246320602651,0.00410226296207987,0.014706643518704,0.00114939177053313
5.556074,0.00892416856627438,0.00635866379294561,0.00409236315389184,0.0146849218525023,0.00114510921591617
5.5590735,0.00890702361696487,0.00634489898713023,0.00408249102258231,0.0146632412052876,0.00114084346411567
5.562073,0.00888991688675056,0.00633116869023502,0.00407264648042376,0.0146416014829875,0.00113659444606146
5.5650725,0.00887284827889333,0.00631747280422588,0.00406282943999867,0.0146200025917824,0.00113236209297926
5.568072,0.00885581769692844,0.00630381123137886,0.00405303981419831,0.0145984444381053,0.00112814633638937
5.5710715,0.00883882504466354,0.00629018387427916,0.00404327751622148,0.0145769269286407,0.00112394710810539
5.574071,0.00882187022617793,0.00627659063581996,0.00403354245957342,0.0145554499703238,0.00111976434023288
5.5770705,0.00880495314582171,0.00626303141920139,0.00402383455806456,0.0145340134703399,0.0011155979651681
5.58007,0.00878807370821484,0.00624950612792946,0.0040141537258093,0.0145126173361234,0.00111144791559668
5.5830695,0.00877123181824641,0.00623601466581503,0.0040044998772249,0.0144912614753574,0.00110731412449238
5.586069,0.00875442738107384,0.00622255693697269,0.00399487292703029,0.0144699457959726,0.00110319652511578
5.5890685,0.00873766030212183,0.00620913284581979,0.0039852727902449,0.0144486702061466,0.00109909505101302
5.592068,0.00872093048708177,0.00619574229707529,0.00397569938218745,0.0144274346143032,0.00109500963601453
5.5950675,0.00870423784191081,0.0061823851957588,0.00396615261847483,0.0144062389291118,0.00109094021423377
5.598067,0.00868758227283103,0.00616906144718952,0.00395663241502098,0.0143850830594863,0.001086886720066
5.6010665,0.00867096368632862,0.00615577095698515,0.00394713868803567,0.0143639669145846,0.00108284908818697
5.604066,0.00865438198915308,0.00614251363106093,0.00393767135402341,0.0143428904038078,0.00107882725355174
5.6070655,0.00863783708831643,0.00612928937562856,0.00392823032978227,0.0143218534367996,0.00107482115139341
5.610065,0.00862132889109231,0.0061160980971952,0.00391881553240277,0.014300855923445,0.0010708307172219
5.6130645,0.00860485730501525,0.00610293970256245,0.00390942687926675,0.0142798977738705,0.0010668558868227
5.616064,0.00858842223787986,0.00608981409882528,0.00390006428804624,0.0142589788984423,0.00106289659625569
5.6190635,0.00857202359773994,0.0060767211933711,0.00389072767670231,0.0142380992077665,0.0010589527818539
5.622063,0.0085556612929078,0.00606366089387867,0.00388141696348402,0.0142172586126877,0.00105502438022228
5.6250625,0.00853933523195337,0.00605063310831717,0.00387213206692724,0.0141964570242886,0.00105111132823654
5.628062,0.00852304532370342,0.00603763774494514,0.00386287290585359,0.0141756943538893,0.00104721356304192
5.6310615,0.0085067914772408,0.00602467471230947,0.0038536393993693,0.0141549705130464,0.00104333102205201
5.634061,0.00849057360190363,0.00601174391924447,0.00384443146686418,0.0141342854135523,0.00103946364294756
5.6370605,0.00847439160728447,0.00599884527487081,0.0038352490280104,0.0141136389674346,0.00103561136367528
5.64006,0.00845824540322962,0.00598597868859461,0.00382609200276157,0.0140930310869554,0.00103177412244672
5.6430595,0.00844213489983824,0.00597314407010632,0.0038169603113515,0.0140724616846103,0.001027951857737
5.646059,0.00842606000746167,0.00596034132937992,0.00380785387429323,0.0140519306731281,0.00102414450828375
5.6490585,0.00841002063670255,0.0059475703766718,0.00379877261237787,0.0140314379654697,0.00102035201308587
5.652058,0.0083940166984141,0.00593483112251987,0.00378971644667365,0.0140109834748277,0.00101657431140243
5.6550575,0.00837804810369936,0.00592212347774249,0.0037806852985247,0.0139905671146255,0.00101281134275146
5.658057,0.00836211476391037,0.00590944735343767,0.0037716790895501,0.0139701887985168,0.00100906304690886
5.6610565,0.00834621659064748,0.00589680266098192,0.0037626977416428,0.0139498484403845,0.00100532936390726
5.664056,0.00833035349575848,0.00588418931202944,0.00375374117696851,0.0139295459543406,0.00100161023403481
5.6670555,0.00831452539133789,0.00587160721851106,0.00374480931796479,0.0139092812547249,0.000997905597834156
5.670055,0.00829873218972626,0.00585905629263336,0.0037359020873398,0.0138890542561046,0.000994215396101237
5.6730545,0.00828297380350932,0.00584653644687769,0.00372701940807148,0.0138688648732738,0.000990539569884199
5.676054,0.00826725014551724,0.00583404759399924,0.00371816120340635,0.0138487130212524,0.000986878060482272
5.6790535,0.00825156112882393,0.00582158964702606,0.00370932739685854,0.0138285986152858,0.000983230809444673
5.682053,0.00823590666674621,0.00580916251925818,0.00370051791220881,0.0138085215708437,0.00097959775856948
5.6850525,0.0082202866728432,0.00579676612426663,0.00369173267350345,0.0137884818036201,0.000975978849902553
5.688052,0.00820470106091536,0.00578440037589255,0.00368297160505329,0.0137684792295321,0.000972374025736424
5.6910515,0.00818914974500397,0.0057720651882462,0.00367423463143269,0.0137485137647194,0.000968783228609229
5.694051,0.00817363263939025,0.00575976047570611,0.00366552167747856,0.0137285853255437,0.000965206401303597
5.6970505,0.00815814965859464,0.00574748615291812,0.0036568326682893,0.0137086938285878,0.000961643486845589
5.70005,0.00814270071737615,0.00573524213479447,0.00364816752922382,0.0136888391906551,0.000958094428503627
5.7030495,0.0081272857307315,0.00572302833651287,0.00363952618590058,0.0136690213287692,0.000954559169787408
5.706049,0.00811190461389452,0.00571084467351561,0.00363090856419653,0.0136492401601725,0.000951037654446851
5.7090485,0.00809655728233528,0.00569869106150866,0.00362231459024617,0.0136294956023263,0.000947529826471029
5.712048,0.0080812436517595,0.00568656741646075,0.00361374419044058,0.0136097875729096,0.000944035630087136
5.7150475,0.00806596363810777,0.00567447365460248,0.00360519729142637,0.0135901159898189,0.000940555009759399
5.718047,0.00805071715755477,0.00566240969242541,0.00359667382010476,0.0135704807711671,0.00093708791018807
5.7210465,0.00803550412650866,0.00565037544668118,0.00358817370363062,0.0135508818352831,0.000933634276308366
5.724046,0.00802032446161033,0.00563837083438061,0.00357969686941143,0.0135313191007112,0.000930194053289432
5.7270455,0.0080051780797326,0.00562639577279285,0.00357124324510641,0.0135117924862103,0.000926767186533322
5.730045,0.00799006489797964,0.00561445017944441,0.00356281275862547,0.0134923019107531,0.000923353621673956
5.7330445,0.00797498483368618,0.0056025339721184,0.00355440533812832,0.013472847293526,0.000919953304576119
5.736044,0.00795993780441683,0.00559064706885353,0.00354602091202349,0.0134534285539278,0.000916566181334422
5.7390435,0.00794492372796536,0.00557878938794333,0.00353765940896737,0.0134340456115697,0.000913192198272308
5.742043,0.00792994252235401,0.00556696084793524,0.00352932075786331,0.0134146983862739,0.00090983130194103
5.7450425,0.00791499410583281,0.00555516136762975,0.00352100488786061,0.0133953867980738,0.000906483439118655
5.748042,0.00790007839687882,0.00554339086607953,0.00351271172835365,0.0133761107672128,0.000903148556809068
5.7510415,0.00788519531419551,0.00553164926258858,0.00350444120898095,0.0133568702141438,0.000899826602240969
5.754041,0.00787034477671206,0.00551993647671136,0.00349619325962417,0.0133376650595286,0.000896517522866885
5.7570405,0.00785552670358259,0.00550825242825193,0.00348796781040727,0.0133184952242373,0.000893221266362197
5.76004,0.00784074101418554,0.00549659703726314,0.00347976479169558,0.0132993606293478,0.000889937780624147
5.7630395,0.007825987628123,0.00548497022404572,0.00347158413409479,0.0132802611961446,0.000886667013770855
5.766039,0.00781126646522001,0.00547337190914751,0.00346342576845017,0.0132611968461191,0.000883408914140369
5.7690385,0.00779657744552379,0.00546180201336254,0.00345528962584557,0.0132421675009681,0.000880163430289682
5.772038,0.00778192048930325,0.00545026045773023,0.00344717563760255,0.0132231730825937,0.000876930510993771
5.7750375,0.00776729551704809,0.00543874716353457,0.00343908373527942,0.0132042135131027,0.000873710105244631
5.778037,0.00775270244946834,0.00542726205230327,0.00343101385067048,0.0131852887148056,0.000870502162250345
5.7810365,0.00773814120749352,0.00541580504580693,0.00342296591580495,0.0131663986102163,0.000867306631434112
5.784036,0.00772361171227207,0.00540437606605818,0.0034149398629462,0.0131475431220515,0.000864123462433301
5.7870355,0.00770911388517064,0.00539297503531093,0.00340693562459082,0.0131287221732298,0.000860952605098522
5.790035,0.00769464764777342,0.00538160187605952,0.00339895313346774,0.0131099356868716,0.00085779400949268
5.7930345,0.00768021292188154,0.00537025651103784,0.00339099232253736,0.0130911835862978,0.000854647625890054
5.796034,0.00766580962951231,0.00535893886321863,0.00338305312499066,0.01307246579503,0.000851513404775343
5.7990335,0.00765143769289863,0.00534764885581256,0.00337513547424832,0.0130537822367893,0.000848391296842777
5.802033,0.00763709703448834,0.0053363864122675,0.00336723930395987,0.0130351328354959,0.000845281252995157
5.8050325,0.0076227875769435,0.0053251514562677,0.00335936454800284,0.0130165175152686,0.000842183224342977
5.808032,0.0076085092431398,0.00531394391173291,0.00335151114048184,0.0129979362004238,0.000839097162203485
5.8110315,0.0075942619561659,0.00530276370281772,0.00334367901572776,0.0129793888154758,0.000836023018099785
5.814031,0.00758004563932277,0.00529161075391062,0.00333586810829688,0.012960875285135,0.000832960743759938
5.8170305,0.00756586021612303,0.00528048498963333,0.00332807835297003,0.0129423955343083,0.000829910291116054
5.82003,0.00755170561029034,0.00526938633483992,0.00332030968475175,0.0129239494880983,0.000826871612303398
5.8230295,0.00753758174575872,0.00525831471461606,0.00331256203886942,0.0129055370718021,0.000823844659659504
5.826029,0.00752348854667198,0.00524727005427824,0.00330483535077247,0.0128871582109117,0.000820829385723286
5.8290285,0.00750942593738297,0.00523625227937297,0.00329712955613147,0.0128688128311125,0.000817825743234143
5.832028,0.00749539384245306,0.00522526131567603,0.00328944459083734,0.0128505008582834,0.000814833685131098
5.8350275,0.00748139218665145,0.00521429708919166,0.00328178039100054,0.0128322222184959,0.000811853164551914
5.838027,0.00746742089495451,0.0052033595261518,0.0032741368929502,0.0128139768380135,0.000808884134832214
5.8410265,0.00745347989254523,0.00519244855301533,0.00326651403323331,0.0127957646432914,0.000805926549504631
5.844026,0.00743956910481256,0.00518156409646728,0.00325891174861389,0.0127775855609756,0.000802980362297928
5.8470255,0.00742568845735073,0.00517070608341808,0.0032513299760722,0.0127594395179025,0.000800045527136147
5.850025,0.00741183787595869,0.00515987444100283,0.00324376865280392,0.0127413264410983,0.000797121998137754
5.8530245,0.00739801728663951,0.00514906909658047,0.0032362277162193,0.0127232462577786,0.00079420972961479
5.856024,0.00738422661559967,0.00513828997773307,0.00322870710394241,0.0127051988953475,0.000791308676071999
5.8590235,0.00737046578924854,0.0051275370122651,0.00322120675381029,0.0126871842813973,0.000788418792206024
5.862023,0.00735673473419771,0.0051168101282026,0.00321372660387217,0.0126692023437079,0.000785540032904529
5.8650225,0.00734303337726039,0.0051061092537925,0.00320626659238869,0.0126512530102462,0.000782672353245387
5.868022,0.00732936164545081,0.00509543431750186,0.00319882665783106,0.0126333362091656,0.000779815708495838
5.8710215,0.0073157194659836,0.00508478524801712,0.0031914067388803,0.0126154518688052,0.000776970054111654
5.874021,0.00730210676627315,0.00507416197424337,0.00318400677442647,0.0125975999176897,0.000774135345736327
5.8770205,0.00728852347393313,0.00506356442530358,0.00317662670356784,0.0125797802845285,0.000771311539200239
5.88002,0.00727496951677572,0.00505299253053792,0.00316926646561013,0.0125619928982153,0.000768498590519839
5.8830195,0.00726144482281112,0.00504244621950296,0.00316192600006575,0.0125442376878274,0.000765696455896847
5.886019,0.00724794932024692,0.00503192542197104,0.00315460524665301,0.0125265145826255,0.000762905091717423
5.8890185,0.00723448293748752,0.00502143006792943,0.00314730414529532,0.0125088235120527,0.000760124454551373
5.892018,0.00722104560313349,0.00501096008757968,0.00314002263612049,0.0124911644057343,0.000757354501151336
5.8950175,0.00720763724598103,0.00500051541133688,0.00313276065945989,0.0124735371934771,0.000754595188451999
5.898017,0.00719425779502136,0.00499009596982893,0.00312551815584774,0.012455941805269,0.00075184647356929
5.9010165,0.00718090717944012,0.00497970169389587,0.00311829506602032,0.0124383781712782,0.000749108313799584
5.904016,0.00716758532861679,0.00496933251458907,0.00311109133091523,0.012420846221853,0.000746380666618917
5.9070155,0.00715429217212413,0.00495898836317064,0.00310390689167063,0.0124033458875211,0.000743663489682209
5.910015,0.00714102763972755,0.00494866917111263,0.00309674168962451,0.0123858770989891,0.000740956740822469
5.9130145,0.00712779166138456,0.00493837487009637,0.00308959566631391,0.0123684397871419,0.000738260378050028
5.916014,0.00711458416724418,0.00492810539201173,0.00308246876347418,0.0123510338830422,0.00073557435955176
5.9190135,0.0071014050876464,0.00491786066895649,0.0030753609230383,0.01233365931793,0.000732898643690302
5.922013,0.00708825435312153,0.00490764063323557,0.00306827208713601,0.0123163160232223,0.000730233189003303
5.9250125,0.00707513189438972,0.00489744521736036,0.00306120219809325,0.0122990039305121,0.000727577954202649
5.928012,0.00706203764236028,0.00488727435404802,0.00305415119843128,0.0122817229715683,0.000724932898173703
5.9310115,0.00704897152813121,0.00487712797622084,0.00304711903086603,0.012264473078335,0.000722297979974553
5.934011,0.00703593348298857,0.00486700601700547,0.00304010563830735,0.0122472541829309,0.00071967315883525
5.9370105,0.00702292343840596,0.00485690840973228,0.00303311096385826,0.0122300662176491,0.000717058394157068
5.94001,0.0070099413260439,0.00484683508793469,0.00302613495081431,0.0122129091149562,0.000714453645511745
5.9430095,0.00699698707774932,0.00483678598534847,0.00301917754266278,0.0121957828074921,0.000711858872640747
5.946009,0.00698406062555498,0.00482676103591106,0.003012238683082,0.0121786872280692,0.000709274035454528
5.9490085,0.00697116190167891,0.00481676017376092,0.00300531831594064,0.0121616223096724,0.000706699094031787
5.952008,0.00695829083852382,0.0048067833332368,0.00299841638529701,0.0121445879854579,0.000704134008618743
5.9550075,0.00694544736867664,0.00479683044887713,0.00299153283539832,0.0121275841887532,0.000701578739628396
5.958007,0.00693263142490786,0.00478690145541935,0.00298466761068002,0.0121106108530565,0.0006990332476398
5.9610065,0.00691984294017103,0.0047769962877992,0.00297782065576506,0.0120936679120361,0.000696497493397355
5.964006,0.00690708184760224,0.00476711488115008,0.00297099191546324,0.0120767552995298,0.000693971437810058
5.9670055,0.00689434808051947,0.0047572571708024,0.00296418133477047,0.0120598729495448,0.00069145504195081
5.970005,0.00688164157242219,0.00474742309228291,0.00295738885886809,0.0120430207962569,0.000688948267055694
5.9730045,0.00686896225699071,0.00473761258131405,0.00295061443312222,0.0120261987740099,0.000686451074523262
5.976004,0.00685631006808562,0.00472782557381331,0.002943858003083,0.0120094068173155,0.00068396342591383
5.9790035,0.00684368493974737,0.0047180620058925,0.00293711951448399,0.0119926448608524,0.000681485282948771
5.982003,0.0068310868061956,0.00470832181385726,0.00293039891324144,0.0119759128394661,0.000679016607509812
5.9850025,0.0068185156018287,0.00469860493420625,0.00292369614545359,0.0119592106881682,0.000676557361638344
5.988002,0.0068059712612232,0.00468891130363058,0.00291701115740009,0.0119425383421361,0.000674107507534723
5.9910015,0.00679345371913329,0.00467924085901319,0.00291034389554119,0.0119258957367125,0.000671667007557568
5.994001,0.00678096291049027,0.00466959353742816,0.00290369430651722,0.0119092828074047,0.000669235824223091
5.9970005,0.00676849877040201,0.00465996927614011,0.0028970623371478,0.0118926994898844,0.000666813920204393
6,0.00675606123415245,0.00465036801260353,0.00289044793443124,0.011876145719987,0.000664401258330799
