x,df_1,df_2,df_3,df_5,df_10,df_30
0.001,12.6093563554908,0.499750062489585,0.0126093563554908,4.20311878516359e-06,1.30143245439995e-15,3.4988438899338e-58
0.019333,2.84159599986971,0.495190035216315,0.054936575465481,0.000354029604491382,1.80151414373954e-10,3.5329144296641e-40
0.037666,2.01723384825384,0.490671616439559,0.0759811301283292,0.00095396841580455,2.57192156698866e-09,3.97425449350738e-36
0.055999,1.63930552136792,0.486194426497776,0.091799469891082,0.00171355950481023,1.24508740043781e-08,1.01509219408093e-33
0.074332,1.40987681254034,0.48175808919369,0.104798963229749,0.00259663884493123,3.83002019690413e-08,5.30227415661843e-32
0.092665,1.25121012957209,0.477362231762682,0.115943386656798,0.00358129797485072,9.16599785319756e-08,1.15037645665928e-30
0.110998,1.13279045140066,0.473006484841466,0.125737474524571,0.0046522027324261,1.86980572371894e-07,1.42708865554653e-29
0.129331,1.03986001331181,0.468690482437053,0.13448613538163,0.00579774212501385,3.41480141355438e-07,1.20197308103875e-28
0.147664,0.964290573522344,0.464413861896001,0.142391003248603,0.00700867503456726,5.75006116402823e-07,7.61941596898154e-28
0.165997,0.901185417583054,0.46017626387394,0.149594075762534,0.00827738926478446,9.09900589728099e-07,3.88596846777678e-27
0.18433,0.84739384139207,0.455977332305382,0.1562001067838,0.0095974552278193,1.3708695231215e-06,1.66901133153184e-26
0.202663,0.800783509097569,0.451816714373796,0.162289188304241,0.0109633379231008,1.98485569349354e-06,6.23701146250161e-26
0.220996,0.759852309176791,0.447694060481969,0.167924320918834,0.0123702010752596,2.78091529442725e-06,2.07747030340114e-25
0.239329,0.723507055616304,0.443609024222626,0.173156220113594,0.0138137683345222,3.79009811398609e-06,6.28212606831269e-25
0.257662,0.69093037644798,0.439561262349328,0.178026502656339,0.0152902215758126,5.04533121050192e-06,1.74942911370806e-24
0.275995,0.661497041056266,0.435550434747625,0.182569875846324,0.0167961242947354,6.58130600951898e-06,4.53760994465157e-24
0.294328,0.634719385997128,0.431576204406483,0.186815687441763,0.0183283625511197,8.43436874649811e-06,1.10629592006813e-23
0.312661,0.610210583847688,0.427638237389963,0.190789051356402,0.0198840985287147,1.06424141812895e-05,2.55434888862225e-23
0.330994,0.587659242941812,0.423736202809163,0.194511683458282,0.0214607333848635,1.32447825117628e-05,5.62016385131573e-23
0.349327,0.56681142357986,0.419869772794416,0.198002534164882,0.0230558770840719,1.62821594153419e-05,1.18450385229647e-22
0.36766,0.547457638580295,0.416038622467738,0.201278275400431,0.0246673235779075,1.97964791485254e-05,2.40189887334002e-22
0.385993,0.529423282561958,0.412242429915534,0.204353681105938,0.0262930301437081,2.38308306357892e-05,4.70366519333209e-22
0.404326,0.512561469156639,0.408480876161545,0.207241928578227,0.0279311000047735,2.84293664805543e-05,8.92455989201495e-22
0.422659,0.496747590845319,0.404753645140049,0.209954839999092,0.0295797675730587,3.36372148321777e-05,1.645220732446e-21
0.440992,0.481875131843221,0.401060423669301,0.212503078141806,0.0312373858119704,3.95003940441661e-05,2.95400666888784e-21
0.459325,0.467852406296151,0.397400901425221,0.21489630652198,0.0329024153310694,4.60657300600441e-05,5.17704247822852e-21
0.477658,0.454599989193949,0.393774770915315,0.217143321638403,0.0345734149090521,5.33807764645122e-05,8.87275272632836e-21
0.495991,0.442048672400838,0.39018172745284,0.219252163072764,0.0362490332048744,6.14937371387165e-05,1.48960726187523e-20
0.514324,0.430137823344174,0.386621469131204,0.221230205853669,0.0379280014651608,7.04533914596173e-05,2.45342474082706e-20
0.532657,0.418814055736671,0.383093696798596,0.223084238486528,0.0396091270731728,8.03090219845925e-05,3.96957176180063e-20
0.55099,0.408030144471948,0.37959811403285,0.224820529302598,0.0412912878134796,9.11103445635355e-05,6.31695510793856e-20
0.569323,0.397744133323936,0.376134427116537,0.226444883216383,0.0429734267491336,0.000102907440821815,9.89776190966574e-20
0.587656,0.387918596169913,0.372702345012289,0.227962690550826,0.0446545476261121,0.00011575069295856,1.52847478798594e-19
0.605989,0.378520021418103,0.369301579338342,0.229378969259135,0.0463337107341247,0.000129690720805788,2.32840887316526e-19
0.624322,0.36951829603217,0.365931844344303,0.230698401615396,0.0480100291644424,0.000144778321094972,3.50181225911979e-19
0.642655,0.360886270619857,0.362592856887142,0.231925366245204,0.0496826654147706,0.000161064408878642,5.20333064575365e-19
0.660988,0.35259939092533,0.359284336407402,0.233063966208952,0.0513508282988409,0.000178599961055674,7.64398883116481e-19
0.679321,0.344635384044279,0.356006004905621,0.234118053724344,0.0530137701246916,0.000197435961949874,1.11091183996913e-18
0.697654,0.336973989991841,0.352757586918978,0.235091252013768,0.0546707841108044,0.000217623350892495,1.59811972607272e-18
0.715987,0.329596731059099,0.349538809498141,0.235986974680811,0.0563212020135967,0.000239212971760242,2.27687416534705e-18
0.73432,0.322486712814903,0.346349402184338,0.236808442954239,0.0579643919433857,0.000262255524421307,3.21426105952853e-18
0.752653,0.31562845173535,0.343189096986628,0.237558701083967,0.0595997563489836,0.000286801518042894,4.49813358573721e-18
0.770986,0.30900772534055,0.340057628359387,0.23824063012941,0.061226730153651,0.00031290122621459,6.24273813161476e-18
0.789319,0.302611441437785,0.33695473317999,0.238856960344231,0.062844779027316,0.000340604643842898,8.5956568170917e-18
0.807652,0.296427523650459,0.333880150726706,0.239410282331341,0.0644533977818239,0.000369961445773042,1.1746328157063e-17
0.825985,0.290444810882657,0.330833622656789,0.239903057116911,0.0660521088775707,0.00040102094709513,1.59364504511091e-17
0.844318,0.284652968752512,0.327814892984773,0.240337625271184,0.0676404610312384,0.000433832065092509,2.14726211638327e-17
0.862651,0.279042411341548,0.324823708060957,0.240716215186197,0.0692180279155295,0.000468443282791086,2.87416204355224e-17
0.880984,0.273604231865418,0.321859816550101,0.241040950605723,0.0707844069428108,0.000504902614069125,3.82288085258615e-17
0.899317,0.268330141084931,0.3189229694103,0.241313857490077,0.0723392181254678,0.000543257570287913,5.05401760671992e-17
0.91765,0.263212412453337,0.31601291987206,0.241536870287805,0.0738821030065348,0.00058355512840443,6.64286631489372e-17
0.935983,0.258243833143441,0.313129423417565,0.241711837677097,0.0754127236548408,0.000625841700527996,8.68254491684008e-17
0.954316,0.25341766022155,0.310272237760131,0.241840527831989,0.0769307617195041,0.000670163104883554,1.12877010801393e-16
0.972649,0.248727581338898,0.307441122823843,0.241924633261697,0.0784359175391189,0.000716564538145117,1.45988851140965e-16
0.990982,0.24416767939849,0.304635840723392,0.241965775265675,0.0799279093014429,0.000765090549103549,1.87876919837728e-16
1.009315,0.239732400729172,0.301856155744077,0.241965508041964,0.0814064722497916,0.00081578501363361,2.40627872800484e-16
1.027648,0.23541652636129,0.299101834322004,0.241925322482127,0.0828713579327043,0.00086869111092597,3.06769461572034e-16
1.045981,0.231215146051659,0.29637264502446,0.241846649682261,0.0843223334937669,0.000923851300950482,3.89352497811801e-16
1.064314,0.227123634750966,0.293668358530467,0.241730864196339,0.0857591809987542,0.000981307303117835,4.92046008363262e-16
1.082647,0.22313763124571,0.290988747611513,0.241579287055274,0.0871816967975103,0.00104110007610724,6.19247382169111e-16
1.10098,0.219253018740186,0.288333587112457,0.24139318857257,0.0885896909182094,0.00110326979882863,7.76209512869067e-16
1.119313,0.215465907172771,0.285702653932614,0.241173790955276,0.0899829864918409,0.00116785585248835,9.69187161361618e-16
1.137646,0.211772617085607,0.283095727007006,0.240922270736973,0.0913614192049448,0.00123489680372807,1.20560500205925e-15
1.155979,0.208169664888264,0.280512587287789,0.240639761047871,0.0927248367787855,0.00130443038880725,1.49425007618225e-15
1.174312,0.204653749374568,0.277953017725845,0.240327353735547,0.0940730984732993,0.00137649349880011,1.84549165642387e-15
1.192645,0.20122173936801,0.275416803252547,0.23998610134856,0.0954060746142843,0.0014511221657786,2.2715318309208e-15
1.210978,0.197870662385239,0.272903730761687,0.239617018993951,0.0967236461424191,0.00152835154995366,2.7866904419597e-15
1.229311,0.194597694219482,0.270413589091567,0.239221086078646,0.0980257041828086,0.00160821592774734,3.40772836755656e-15
1.247644,0.191400149356521,0.26794616900726,0.238799247943767,0.0993121496338511,0.00169074868076929,4.15421351331798e-15
1.265977,0.188275472145312,0.265501263183028,0.238352417400106,0.100582892774311,0.0017759822856713,5.04893428921544e-15
1.28431,0.185221228653663,0.263078666184898,0.237881476172186,0.101837852887567,0.00186394830485461,6.11836578250518e-15
1.302643,0.182235099146683,0.260678174453407,0.237387276257733,0.103076957902067,0.00195467737800466,7.39319430545426e-15
1.320976,0.179314871132207,0.25829958628649,0.236870641208738,0.104300144047118,0.00204819921442909,8.90890649628891e-15
1.339309,0.176458432923077,0.255942701822538,0.236332367339773,0.105507355523155,0.00214454258617489,1.07064496853736e-14
1.357642,0.173663767671244,0.253607323023602,0.235773224868724,0.106698544185741,0.00224373532190131,1.28329708076153e-14
1.375975,0.170928947833122,0.251293253658753,0.23519395899468,0.107873669242568,0.00234580430148566,1.53426417480486e-14
1.394308,0.168252130029607,0.249000299287593,0.234595290917321,0.109032696962783,0.00245077545133952,1.82975796520947e-14
1.412641,0.165631550267739,0.246728267243921,0.233977918801769,0.110175600398017,0.00255867374041343,2.1768871416743e-14
1.430974,0.163065519494123,0.244476966619536,0.233342518692583,0.111302359114533,0.0026695231768687,2.58377123055263e-14
1.449307,0.160552419453052,0.242246208248206,0.232689745380244,0.112412958935935,0.00278334680539525,3.05966694003501e-14
1.46764,0.158090698824812,0.240035804689765,0.232020233223247,0.113507391695922,0.00290016670515509,3.61510814186672e-14
1.485973,0.155678869621884,0.237845570214368,0.23133459692864,0.114585655000614,0.00302000398833118,4.26206072869259e-14
1.504306,0.153315503822805,0.235675320786883,0.230633432293668,0.115647751999986,0.00314287879926238,5.01409367723573e-14
1.522639,0.15099923022525,0.233524874051426,0.229917316910945,0.116693691167988,0.00326881031414496,5.88656774368169e-14
1.540972,0.148728731501553,0.231394049316044,0.229186810839412,0.117723486090943,0.00339781674128224,6.89684331902846e-14
1.559305,0.146502741441333,0.229282667537527,0.228442457243177,0.118737155263858,0.00352991532186377,8.0645090789566e-14
1.577638,0.14432004236724,0.227190551306364,0.227684783000167,0.119734721894272,0.00366512233125634,9.4116331751543e-14
1.595971,0.142179462711027,0.225117524831839,0.22691429928238,0.120716213713333,0.00380345308078928,1.09630388331736e-13
1.614304,0.140079874738228,0.22306341392726,0.226131502109421,0.121681662793749,0.00394492192001683,1.27466063459889e-13
1.632637,0.138020192410721,0.221028045995318,0.225336872876862,0.122631105374354,0.00408954223944104,1.47936035826426e-13
1.65097,0.135999369377316,0.219011250013593,0.224530878860867,0.123564581690975,0.00423732647367872,1.71390472679006e-13
1.669303,0.13401639708335,0.217012856520174,0.223713973700428,0.124482135813348,0.00438828610505665,1.98220974318579e-13
1.687636,0.132070302990968,0.215032697599428,0.222886597858465,0.125383815487823,0.00454243166761925,2.28864875781386e-13
1.705969,0.130160148902447,0.213070606867886,0.222049179062959,0.126269671985619,0.00469977275153378,2.63809932758883e-13
1.724302,0.128285029379537,0.211126419460266,0.221202132729195,0.127139759956405,0.00486031800787794,3.03599420443577e-13
1.742635,0.126444070252321,0.209199972015616,0.220345862364153,0.127994137286985,0.00502407515379548,3.48837675696878e-13
1.760968,0.124636427211616,0.207291102663592,0.219480759953984,0.128832864964883,0.00519105097800566,4.00196114717232e-13
1.779301,0.122861284479394,0.205399651010853,0.218607206335471,0.129656006946636,0.00536125134665277,4.58419760244726e-13
1.797634,0.121117853552111,0.203525458127587,0.217725571552295,0.130463630030613,0.00553468120948198,5.24334314273844e-13
1.815967,0.119405372012221,0.201668366534155,0.216836215196918,0.131255803734167,0.00571134460632862,5.98853814260779e-13
1.8343,0.117723102403519,0.199828220187859,0.215939486738774,0.132032600174978,0.00589124467390787,6.82988912907541e-13
1.852633,0.116070331166237,0.19800486446983,0.215035725839499,0.132794093956403,0.00607438365289232,7.77855823783581e-13
1.870966,0.114446367628173,0.196198146172038,0.214125262655813,0.133540362056698,0.00626076289526514,8.84685977308684e-13
1.889299,0.112850543048338,0.194407913484417,0.213208418130682,0.13427148372196,0.00645038287193704,1.00483643396991e-12
1.907632,0.111282209709905,0.19263401598211,0.212285504273325,0.134987540362644,0.00664324318061511,1.13980110408214e-12
1.925965,0.10974074005945,0.190876304612827,0.211356824428598,0.135688615453542,0.00683934255391241,1.29122282592785e-12
1.944298,0.10822552588969,0.189134631684324,0.210422673536272,0.136374794437075,0.00703867886768709,1.46090635672888e-12
1.962631,0.106735977563114,0.187408850851994,0.209483338380672,0.137046164629799,0.00724124914960029,1.65083233361233e-12
1.980964,0.105271523274093,0.185698817106565,0.208539097831139,0.137702815131988,0.00744704958788223,1.86317226453599e-12
1.999297,0.103831608347196,0.184004386761922,0.207590223073725,0.13834483674021,0.00765607554029621,2.10030461203772e-12
2.01763,0.102415694569632,0.182325417443027,0.206636977834527,0.138972321862759,0.00786832154329055,2.36483203566862e-12
2.035963,0.101023259555824,0.180661768073963,0.205679618595053,0.13958536443788,0.00808378132132872,2.6595998620635e-12
2.054296,0.0996537961423029,0.179013298866075,0.204718394799948,0.140184059854651,0.00830244779638811,2.98771585479586e-12
2.072629,0.0983068118112057,0.177379871306224,0.203753549057447,0.140768504876463,0.00852431309761801,3.35257135945795e-12
2.090962,0.0969818281407602,0.175761348145155,0.20278531733286,0.141338797566984,0.00874936857114829,3.75786390280334e-12
2.109295,0.0956783802812749,0.174157593385954,0.201813929135392,0.141895037218545,0.00897760479003924,4.20762132828781e-12
2.127628,0.0943960164552218,0.17256847227263,0.200839607698591,0.142437324282846,0.00920901156436474,4.70622755394939e-12
2.145961,0.0931342974801005,0.170993851278789,0.199862570154694,0.142965760303912,0.00944357795141995,5.25845004227498e-12
2.164294,0.0918927963128509,0.169433598096411,0.198883027703125,0.143480447853236,0.00968129226604549,5.86946907551902e-12
2.182627,0.090671097614661,0.167887581624739,0.197901185773395,0.143981490467009,0.00992214209106048,6.54490893386053e-12
2.20096,0.0894687973350849,0.166355671959259,0.196917244182629,0.144468992585399,0.0101661142877964,7.29087107781606e-12
2.219293,0.0882855023144543,0.164837740380785,0.195931397287952,0.14494305949379,0.0104131950067244,8.11396944046633e-12
2.237626,0.0871208299036275,0.163333659344645,0.194943834133934,0.145403797265926,0.0106633696981692,9.02136793930433e-12
2.255959,0.0859744076001789,0.161843302469962,0.193954738595292,0.145851312708899,0.0109166231231016,1.00208203218714e-11
2.274292,0.0848458727001836,0.160366544529037,0.192964289515046,0.146285713309918,0.0111729393640037,1.11207124638208e-11
2.292625,0.0837348719648025,0.158903261436826,0.191972660838305,0.146707107184807,0.0114323018357999,1.23301072426298e-11
2.310958,0.0826410613009219,0.157453330240512,0.190980021741856,0.147115603028172,0.0116946932968463,1.36587921148785e-11
2.329291,0.0815641054551412,0.156016629109177,0.189986536759711,0.147511310065188,0.0119600958599733,1.51173295298159e-11
2.347624,0.080503677720447,0.15459303732356,0.188992365904787,0.147894338004953,0.0122284910035753,1.67171103168618e-11
2.365957,0.0794594596549472,0.153182435265921,0.18799766478684,0.148264796995359,0.0124998595827405,1.84704101897194e-11
2.38429,0.0784311408120752,0.151784704409983,0.187002584726823,0.148622797579439,0.0127741818404159,2.03904495149235e-11
2.402623,0.0774184184817092,0.150399727310978,0.18600727286778,0.148968450653134,0.0130514374186014,2.24914564979109e-11
2.420956,0.0764209974416787,0.149027387595773,0.185011872282417,0.14930186742445,0.0133316053695681,2.47887339450655e-11
2.439289,0.0754385897191641,0.147667569953099,0.18401652207747,0.149623159373943,0.0136146641670952,2.72987297656883e-11
2.457622,0.0744709143615199,0.146320160123855,0.183021357494987,0.149932438216515,0.0139005917177199,3.00391113834315e-11
2.475955,0.0735176972160776,0.144985044891513,0.182026510010634,0.150229815864459,0.0141893653719964,3.30288442324549e-11
2.494288,0.0725786707185112,0.143662112072599,0.181032107429134,0.150515404391733,0.014480961935758,3.62882745193845e-11
2.512621,0.071653573689366,0.142351250507274,0.180038273976948,0.150789315999411,0.0147753576813787,3.98392164380952e-11
2.530954,0.0707421511383779,0.141052350049986,0.179045130392282,0.151051662982289,0.0150725283590292,4.37050440303782e-11
2.549287,0.0698441540762271,0.139765301560222,0.178052794012523,0.151302557696601,0.0153724492079223,4.79107878917255e-11
2.56762,0.0689593393333885,0.138489996893332,0.177061378859195,0.151542112528815,0.0156750949675455,5.24832369277283e-11
2.585953,0.0680874693857615,0.137226328891446,0.176070995720518,0.151770439865487,0.015980439888874,5.7451045372958e-11
2.604286,0.0672283121867755,0.135974191374467,0.175081752231649,0.151987652064117,0.0162884577455623,6.28448452907076e-11
2.622619,0.0663816410056851,0.134733479131152,0.174093752952689,0.152193861425009,0.0165991218451093,6.86973647785408e-11
2.640952,0.0655472342717823,0.133504087910269,0.173107099444532,0.152389180164079,0.0169124050399942,7.50435521113243e-11
2.659285,0.0647248754242679,0.132285914411838,0.172121890342624,0.152573720386595,0.017228279738778,8.19207060602053e-11
2.677618,0.0639143527675365,0.131078856278454,0.171138221428706,0.152747594061829,0.0175467179171695,8.93686126329289e-11
2.695951,0.0631154593316421,0.129882812086681,0.1701561857006,0.152910912998573,0.0178676911290497,9.74296884878857e-11
2.714284,0.0623279927377237,0.128697681338535,0.16917587344012,0.153063788821514,0.018191170517454,1.06149131281418e-10
2.732617,0.0615517550681789,0.127523364453037,0.168197372279142,0.153206332948437,0.018517126825507,1.15575077215115e-10
2.75095,0.060786552741388,0.126359762757845,0.167220767263921,0.153338656568228,0.0188455304073081,1.25758766057147e-10
2.769283,0.0600321963907948,0.125206778480966,0.166246140917689,0.153460870619654,0.0191763512387648,1.36754713919115e-10
2.787616,0.059288500748167,0.124064314742538,0.165273573301602,0.153573085770906,0.0195095589283703,1.48620894077366e-10
2.805949,0.0585552845308601,0.122932275546691,0.164303142074083,0.153675412399877,0.0198451227279237,1.61418926135386e-10
2.824282,0.0578323703329235,0.121810565773479,0.16333492254861,0.153767960575144,0.0201830115431892,1.75214273831493e-10
2.842615,0.0571195845198904,0.120699091170889,0.162368987750008,0.153850840037663,0.0205231939444928,1.90076451803926e-10
2.860948,0.0564167571271042,0.119597758346925,0.161405408469275,0.153924160183118,0.0208656381772527,2.06079241633202e-10
2.879281,0.0557237217614383,0.118506474761752,0.160444253316996,0.153988030044938,0.0212103121724434,2.23300917489659e-10
2.897614,0.0550403155062739,0.117425148719929,0.159485588775396,0.154042558277944,0.0215571835569888,2.41824481722055e-10
2.915947,0.0543663788296079,0.116353689362699,0.158529479249059,0.154087853142618,0.0219062196640834,2.61737910731283e-10
2.93428,0.0537017554951658,0.115292006660357,0.157575987114355,0.15412402248997,0.0222573875434398,2.83134411481383e-10
2.952613,0.0530462924764039,0.114240011404685,0.156625172767632,0.154151173746986,0.0226106539714606,3.06112689008385e-10
2.970946,0.0523998398732871,0.113197615201453,0.155677094672183,0.154169413902648,0.0229659854613314,3.30777225295779e-10
2.989279,0.0517622508317366,0.112164730462997,0.154731809404043,0.154178849494502,0.023323348273035,3.57238569893856e-10
3.007612,0.051133381465643,0.111141270400857,0.153789371696645,0.154179586595764,0.0236827084232842,3.85613642668683e-10
3.025945,0.0505130907813497,0.110127149018482,0.152849834484371,0.154171730802937,0.0240440316953718,4.16026049074898e-10
3.044278,0.0499012406045103,0.109122281104009,0.151913248945017,0.154155387223946,0.0244072836489356,4.48606408355269e-10
3.062611,0.0492976955092332,0.108126582223099,0.150979664541228,0.154130660466758,0.0247724296296381,4.83492695078501e-10
3.080944,0.0487023227494257,0.107139968711844,0.150049129060907,0.154097654628475,0.0251394347787591,5.20830594435513e-10
3.099277,0.0481149921922574,0.106162357669737,0.149121688656643,0.154056473284898,0.0255082640426985,5.60773871723259e-10
3.11761,0.0475355762536639,0.105193666952707,0.148197387884185,0.154007219480538,0.0258788821823909,6.03484756453832e-10
3.135943,0.046963949835816,0.104233815166216,0.147276269739978,0.153949995719066,0.0262512537826278,6.49134341535606e-10
3.154276,0.0463999902664832,0.10328272165842,0.146358375697801,0.153884903954186,0.0266253432612884,6.97902997981958e-10
3.172609,0.0458435772402214,0.102340306513389,0.145443745744522,0.153812045580927,0.0270011148784772,7.49980805612069e-10
3.190942,0.0452945927613218,0.101406490544401,0.144532418414998,0.15373152142733,0.0273785327455667,8.0556800021732e-10
3.209275,0.0447529210884542,0.100481195287277,0.143624430826149,0.15364343174653,0.027757560834146,8.64875437675878e-10
3.227608,0.0442184486809482,0.099564342993796,0.142719818710218,0.153547876209216,0.0281381629848723,9.28125075506714e-10
3.245941,0.0436910641466512,0.0986558566251598,0.141818616447245,0.153444953896462,0.0285203029162271,9.95550472363934e-10
3.264274,0.0431706581913099,0.0977556598455187,0.14092085709678,0.153334763292911,0.0289039442331732,1.06739730598089e-09
3.282607,0.0426571235694209,0.0968636770155589,0.140026572428846,0.153217402280312,0.0292890504357143,1.14392391008283e-09
3.30094,0.0421503550364995,0.095979833186146,0.139135792954183,0.153092968131393,0.029675584927356,1.22540183079592e-09
3.319273,0.0416502493027181,0.0951040540920276,0.138248547953781,0.152961557504063,0.0300635110234665,1.31211640308955e-09
3.337606,0.0411567049878667,0.0942362661455935,0.137364865507734,0.152823266435935,0.0304527919595381,1.40436734779794e-09
3.355939,0.0406696225775906,0.0933763964306918,0.136484772523417,0.152678190339154,0.0308433908993473,1.50246938977623e-09
3.374272,0.0401889043808618,0.0925243726965027,0.135608294763019,0.152526423995534,0.0312352709430146,1.60675289775517e-09
3.392605,0.0397144544886424,0.0916801233514673,0.134735456870441,0.15236806155198,0.031628395134963,1.71756454646785e-09
3.410938,0.0392461787337001,0.0908435774572721,0.133866282397569,0.1522031965162,0.0320227264717738,1.83526800163074e-09
3.429271,0.0387839846515376,0.0900146647228886,0.133000793829963,0.15203192175269,0.0324182279099418,1.96024462837048e-09
3.447604,0.0383277814423982,0.0891933154986668,0.132139012611938,0.151854329478989,0.0328148623735267,2.0928942236971e-09
3.465937,0.037877479934313,0.0883794607704831,0.131280959171093,0.151670511262193,0.0332125927617033,2.23363577363267e-09
3.48427,0.0374329925471542,0.087573032153941,0.130426652942273,0.151480558015724,0.0336113819562082,2.38290823561431e-09
3.502603,0.0369942332576636,0.0867739618886256,0.129576112390992,0.151284559996342,0.0340111928286835,2.54117134679865e-09
3.520936,0.0365611175654229,0.0859821828324098,0.12872935503633,0.151082606801398,0.0344119882479185,2.70890645890395e-09
3.539269,0.0361335624597358,0.0851976284558123,0.127886397473307,0.150874787366318,0.0348137310869871,2.88661740023516e-09
3.557602,0.0357114863873937,0.0844202328364081,0.127047255394765,0.150661189962309,0.0352163842302829,3.07483136554561e-09
3.575935,0.0352948092212951,0.0836499306532886,0.126211943612752,0.150441902194289,0.0356199105804515,3.27409983439809e-09
3.594268,0.0348834522298931,0.0828866571815738,0.125380476079433,0.150217010999024,0.0360242730652188,3.48499951869655e-09
3.612601,0.0344773380474439,0.082130348286973,0.124552865907534,0.149986602643474,0.0364294346441169,3.70813334006817e-09
3.630934,0.0340763906450313,0.0813809404203966,0.123729125390326,0.149750762723333,0.0368353583151076,3.94413143778462e-09
3.649267,0.0336805353023439,0.0806383706126158,0.122909266021179,0.14950957616177,0.0372420071211022,4.19365220791887e-09
3.6676,0.0332896985801797,0.0799025764689718,0.122093298512667,0.149263127208353,0.0376493441563791,4.45738337444335e-09
3.685933,0.0329038082936575,0.0791734961641331,0.121281232815266,0.149011499438157,0.0380573325728996,4.73604309298282e-09
3.704266,0.0325227934861123,0.0784510684369008,0.120473078135627,0.148754775751049,0.0384659355865205,5.03038108794327e-09
3.722599,0.0321465844036545,0.0777352325850605,0.11966884295446,0.148493038371143,0.0388751164831056,5.34117982374791e-09
3.740932,0.0317751124703713,0.0770259284602827,0.118868535044011,0.148226368846421,0.0392848386245353,5.66925571091687e-09
3.759265,0.0314083102641535,0.0763230964630678,0.118072161485173,0.14795484804852,0.0396950654546145,6.01546034773716e-09
3.777598,0.0310461114931253,0.075626677537739,0.117279728684207,0.147678556172668,0.0401057605048802,6.38068179827632e-09
3.795931,0.0306884509726623,0.0749366131674798,0.116491242389109,0.147397572737778,0.0405168874003074,6.76584590750121e-09
3.814264,0.0303352646029786,0.0742528453694171,0.115706707705616,0.147111976586684,0.0409284098649159,7.17191765427069e-09
3.832597,0.0299864893472659,0.0735753166897494,0.114926129112863,0.146821845886524,0.0413402917272763,7.59990254297804e-09
3.85093,0.0296420632103693,0.0729039701989189,0.114149510478707,0.146527258129256,0.0417524969259165,8.05084803462773e-09
3.869263,0.0293019252179828,0.0722387494868281,0.113376855074708,0.14622829013231,0.0421649895146297,8.52584501813665e-09
3.887596,0.0289660153963512,0.0715795986581002,0.112608165590793,0.145925018039368,0.0425777336676834,9.02602932265746e-09
3.905929,0.0286342747524614,0.070926462327382,0.111843444149607,0.145617517321276,0.0429906936849301,9.55258327172949e-09
3.924262,0.0283066452547107,0.0702792856146904,0.111082692320542,0.145305862777064,0.0434038339968208,1.0106737280068e-08
3.942595,0.0279830698140377,0.0696380141408012,0.110325911133476,0.144990128535095,0.0438171191693208,1.06897714938104e-08
3.960928,0.0276634922655022,0.0690025940226797,0.109573101092211,0.144670388054323,0.0442305139087294,1.13030174750431e-08
3.979261,0.0273478573503026,0.0683729718689529,0.108824262187623,0.14434671412566,0.0446439830664035,1.19478599314416e-08
3.997594,0.0270361106982165,0.0677490947754238,0.108079393910526,0.144019178873452,0.0450574916433849,1.26257384918573e-08
4.015927,0.0267281988104543,0.0671309103206261,0.107338495264271,0.143687853757053,0.0454710047949338,1.33381495286985e-08
4.03426,0.0264240690429134,0.0665183665614187,0.106601564777064,0.143352809572506,0.0458844878349673,1.40866480279493e-08
4.052593,0.0261236695898219,0.0659114120286221,0.105868600514025,0.143014116454311,0.0462979062404042,1.48728495076844e-08
4.070926,0.0258269494677605,0.0653099957226932,0.105139600088992,0.142671843877294,0.0467112256554164,1.56984319859369e-08
4.089259,0.0255338585000535,0.06471406710944,0.10441456067607,0.142326060658556,0.0471244118955891,1.65651379987849e-08
4.107592,0.0252443473015172,0.0641235761157757,0.103693479020934,0.141976834959518,0.047537430951987,1.74747766695262e-08
4.125925,0.0249583672635568,0.0635384731255112,0.10297635145189,0.141624234288047,0.0479502489951316,1.84292258298157e-08
4.144258,0.0246758705396019,0.0629587089751859,0.102263173890709,0.141268325500655,0.0483628323788861,1.94304341936447e-08
4.162591,0.0243968100308721,0.0623842349499372,0.101553941863218,0.140909174804785,0.0487751476442516,2.04804235850452e-08
4.180924,0.0241211393724626,0.0618150027794065,0.100848650509674,0.140546847761169,0.0491871615230737,2.15812912204069e-08
4.199257,0.0238488129197421,0.061250964633684,0.100147294594918,0.140181409286257,0.0495988409416607,2.2735212046299e-08
4.21759,0.0235797857350546,0.0606920731192892,0.099449868518309,0.139812923654712,0.0500101530243141,2.39444411336913e-08
4.235923,0.0233140135747165,0.0601382812751891,0.0987563663234537,0.139441454501981,0.050421065096772,2.52113161294738e-08
4.254256,0.0230514528763015,0.059589542568852,0.0980667817077229,0.139067064826923,0.0508315446895659,2.65382597661764e-08
4.272589,0.022792060746206,0.0590458108923376,0.0973811080315717,0.138689816994502,0.0512415595412925,2.79277824307949e-08
4.290922,0.0225357949474869,0.0585070405584229,0.0966993383276604,0.138309772738534,0.0516510776018006,2.938248479363e-08
4.309255,0.0222826138879651,0.0579731862967633,0.0960214653097833,0.137926993164503,0.0520600670352931,3.09050604980491e-08
4.327588,0.0220324766085882,0.0574442032500886,0.0953474813816069,0.137541538752422,0.0524684962233465,3.24982989120862e-08
4.345921,0.0217853427720443,0.0569200469704341,0.0946773786452255,0.137153469359746,0.0528763337678476,3.41650879427925e-08
4.364254,0.0215411726516226,0.0564006734154055,0.0940111489095347,0.136762844224344,0.0532835484938481,3.59084169142529e-08
4.382587,0.0212999271203123,0.0558860389444785,0.0933487836984282,0.136369721967514,0.0536901094523387,3.77313795101915e-08
4.40092,0.0210615676401346,0.055376100315332,0.0926902742588212,0.135974160597044,0.0540959859229422,3.96371767820794e-08
4.419253,0.0208260562517025,0.0548708146802142,0.0920356115685051,0.135576217510317,0.0545011474165278,4.16291202236694e-08
4.437586,0.0205933555640015,0.0543701395823425,0.0913847863438354,0.135175949497465,0.0549055636777464,4.37106349128759e-08
4.455919,0.0203634287443863,0.0538740329523366,0.0907377890472571,0.134773412744555,0.0553092046874877,4.58852627219252e-08
4.474252,0.0201362395087877,0.0533824531046826,0.0900946098946726,0.134368662836819,0.0557120406652607,4.81566655966918e-08
4.492585,0.0199117521121251,0.0528953587342312,0.0894552388626516,0.133961754761922,0.0561140420714977,5.05286289061501e-08
4.510918,0.0196899313389184,0.0524127089127267,0.0888196656954911,0.133552742913258,0.0565151796097825,5.30050648628539e-08
4.529251,0.0194707424940954,0.0519344630853678,0.0881878799121242,0.133141681093289,0.0569154242290045,5.55900160153746e-08
4.547584,0.0192541513939895,0.0514605810674004,0.0875598708128842,0.132728622516913,0.0573147471254377,5.82876588136059e-08
4.565917,0.0190401243575223,0.0509910230407407,0.086935627486125,0.132313619814855,0.0577131197447482,6.11023072478636e-08
4.58425,0.0188286281975681,0.0505257495506297,0.0863151388147017,0.131896725037099,0.0581105137839282,6.40384165626908e-08
4.602583,0.0186196302124945,0.0500647215023179,0.0856983934823138,0.131477989656336,0.0585069011931588,6.71005870462883e-08
4.620916,0.0184130981778753,0.0496079001577803,0.0850853799797149,0.131057464571448,0.0589022541776021,7.02935678964771e-08
4.639249,0.0182090003383716,0.0491552471324616,0.08447608661079,0.130635200111007,0.059296545199124,7.36222611641069e-08
4.657582,0.018007305399777,0.0487067243920507,0.0838705014985042,0.130211246036802,0.059689746977947,7.70917257748222e-08
4.675915,0.0178079825212233,0.0482622942492851,0.083268612590726,0.129785651547388,0.0600818324942352,8.07071816300795e-08
4.694248,0.0176110013075419,0.0478219193607839,0.0826704076659257,0.129358465281652,0.0604727749896123,8.44740137883294e-08
4.712581,0.017416331801778,0.0473855627239104,0.0820758743387547,0.128929735322401,0.0608625479686121,8.83977767272493e-08
4.730914,0.0172239444778544,0.0469531876736626,0.081485000065504,0.128499509199965,0.0612511252000641,9.24841986879317e-08
4.749247,0.0170338102333799,0.0465247578795926,0.0808977721494487,0.128067833895818,0.0616384807184134,9.67391861019058e-08
4.76758,0.0168459003826003,0.046100237342754,0.0803141777460774,0.127634755846215,0.0620245888249766,1.01168828101886e-07
4.785913,0.016660186649488,0.0456795903926767,0.0797342038682108,0.12720032094584,0.0624094240891349,1.05779401117122e-07
4.804246,0.016476641160967,0.0452627816843702,0.0791578373910112,0.126764574551472,0.0627929613494637,1.10577373554224e-07
4.822579,0.0162952364402708,0.0448497761953532,0.0785850650568846,0.126327561485655,0.0631751757148015,1.15569410564337e-07
4.840912,0.0161159454004284,0.0444405392227112,0.0780158734802785,0.125889326040387,0.0635560425652563,1.20762378897521e-07
4.859245,0.015938741337878,0.0440350363801806,0.0774502491523769,0.125449911980814,0.0639355375531545,1.26163351845195e-07
4.877578,0.0157635979262033,0.043633233595259,0.076888178445695,0.125009362548932,0.064313636603927,1.31779614271494e-07
4.895911,0.0155904892099907,0.0432350971063427,0.0763296476185747,0.124567720467301,0.0646903159169401,1.37618667734393e-07
4.914244,0.0154193895988039,0.0428405934598894,0.0757746428195846,0.124125027942762,0.0650655519662663,1.43688235697406e-07
4.932577,0.0152502738612746,0.0424496895076078,0.0752231500918242,0.12368132667016,0.0654393215013997,1.49996268832725e-07
4.95091,0.0150831171193047,0.0420623524036718,0.0746751553771366,0.123236657836073,0.065811601547914,1.56550950416587e-07
4.969243,0.0149178948423793,0.0416785496019611,0.0741306445202295,0.122791062122546,0.0661823694080664,1.63360701817696e-07
4.987576,0.0147545828419873,0.0412982488533259,0.0735896032727077,0.122344579710826,0.0665516026613458,1.70434188079506e-07
5.005909,0.0145931572661464,0.0409214182028777,0.0730520172970179,0.121897250285099,0.0669192791649683,1.77780323597148e-07
5.024242,0.014433594594032,0.0405480259873042,0.0725178721703085,0.121449113036232,0.0672853770543187,1.85408277889802e-07
5.042575,0.0142758716307057,0.0401780408322083,0.0719871533882057,0.12100020666551,0.0676498747433408,1.93327481469265e-07
5.060908,0.0141199655019428,0.0398114316494727,0.0714598463685066,0.120550569388382,0.0680127509248753,2.01547631805511e-07
5.079241,0.013965853649156,0.0394481676346466,0.070935936454793,0.120100238938193,0.0683739845709478,2.10078699389968e-07
5.097574,0.0138135138244125,0.0390882182643587,0.0704154089199658,0.119649252569929,0.0687335549330066,2.18930933897294e-07
5.115907,0.0136629240855437,0.038731553293751,0.0698982489697018,0.119197647063947,0.0690914415421112,2.28114870446333e-07
5.13424,0.013514062791345,0.0383781427539389,0.0693844417458354,0.118745458729713,0.0694476242090728,2.37641335961027e-07
5.152573,0.0133669085968632,0.0380279569494918,0.0688739723296654,0.118292723409527,0.0698020830245474,2.47521455631968e-07
5.170906,0.0132214404487704,0.0376809664559387,0.0683668257451897,0.117839476482252,0.070154798359081,2.57766659479282e-07
5.189239,0.0130776375808222,0.0373371421172958,0.067862986962268,0.117385752867031,0.07050575086311,2.68388689017558e-07
5.207572,0.0129354795093981,0.0369964550436161,0.0673624408997151,0.116931587027004,0.0708549214669153,2.79399604023461e-07
5.225905,0.0127949460291232,0.0366588766085625,0.0668651724283253,0.116477012973016,0.0712022913805325,2.90811789406733e-07
5.244238,0.0126560172085687,0.036324378447002,0.0663711663738297,0.11602206426732,0.0715478420936176,3.02637962185187e-07
5.262571,0.012518673386029,0.0359929324526229,0.0658804075197879,0.115566774027273,0.0718915553752699,3.14891178564355e-07
5.280904,0.012382895165376,0.0356645107755724,0.0653928806104148,0.115111174929021,0.0722334132738126,3.27584841122408e-07
5.299237,0.0122486634119863,0.0353390858201171,0.064908570353344,0.114655299211181,0.0725733981165311,3.40732706100944e-07
5.31757,0.0121159592487414,0.0350166302423241,0.0644274614223298,0.114199178678513,0.0729114925093712,3.5434889080223e-07
5.335903,0.0119847640520991,0.0346971169477634,0.0639495384598877,0.113742844705577,0.0732476793365966,3.68447881093519e-07
5.354236,0.0118550594482342,0.034380519089231,0.0634747860798757,0.11328632824039,0.0735819417604063,3.83044539018925e-07
5.372569,0.0117268273092475,0.0340668100644936,0.0630031888700168,0.112829659808066,0.0739142632205144,3.98154110519484e-07
5.390902,0.0116000497494417,0.0337559635140529,0.0625347313943645,0.112372869514447,0.0742446274336904,4.1379223326187e-07
5.409235,0.0114747091216617,0.033447953318931,0.062069398195712,0.111915987049727,0.074573018393263,4.29974944576321e-07
5.427568,0.0113507880137009,0.0331427535984756,0.0616071737979463,0.111459041692057,0.0748994203685869,4.46718689504232e-07
5.445901,0.0112282692447675,0.0328403387081854,0.0611480427083485,0.111002062311146,0.075223817904473,4.64040328955945e-07
5.464234,0.0111071358620148,0.0325406832375553,0.0606919894198407,0.110545077371845,0.075546195820584,4.81957147979153e-07
5.482567,0.01098737113713,0.0322437620079413,0.0602389984131813,0.11008811493772,0.0758665392107944,5.00486864138386e-07
5.5009,0.0108689585629824,0.0319495500704448,0.0597890541591099,0.109631202674616,0.0761848334425174,5.19647636006017e-07
5.519233,0.0107518818503298,0.0316580227038165,0.0593421411204412,0.109174367854199,0.0765010641559973,5.39458071765159e-07
5.537566,0.0106361249245808,0.0313691554123788,0.058898243754111,0.108717637357493,0.0768152172635701,5.59937237924905e-07
5.555899,0.0105216719226131,0.0310829239239678,0.058457346513174,0.108261037678399,0.0771272789488913,5.81104668148215e-07
5.574232,0.0104085071896458,0.0307993041878938,0.0580194338487538,0.107804594927202,0.0774372356661327,6.02980372192885e-07
5.592565,0.0102966152761654,0.0305182723729204,0.0575844902119482,0.107348334834061,0.0777450741391479,6.25584844965829e-07
5.610898,0.0101859809349035,0.030239804865262,0.0571525000556882,0.106892282752487,0.0780507813606081,6.48939075691084e-07
5.629231,0.0100765891178659,0.0299638782665998,0.0567234478365533,0.106436463662803,0.0783543445911081,6.73064557191807e-07
5.647564,0.00996842497341201,0.0296904693921157,0.0562973180165426,0.105980902175593,0.0786557513582431,6.97983295286496e-07
5.665897,0.00986147384338342,0.0294195552685441,0.0558740950648046,0.10552562253513,0.0789549894556578,7.23717818299754e-07
5.68423,0.00975572126028043,0.0291511131322415,0.0554537634593239,0.105070648622797,0.0792520469420671,7.50291186687763e-07
5.702563,0.00965115294448613,0.0288851204272742,0.0550363076885677,0.10461600396048,0.0795469121402501,7.77727002778781e-07
5.720896,0.0095477548015367,0.0286215548035225,0.0546217122530921,0.104161711713955,0.0798395736360174,8.06049420628707e-07
5.739229,0.00944551291943725,0.0283603941148028,0.0542099616671089,0.103707794696253,0.0801300202771527,8.35283155992058e-07
5.757562,0.0093444135660222,0.0281016164170074,0.0538010404600139,0.103254275371013,0.0804182411723286,8.65453496408347e-07
5.775895,0.00924444318635935,0.0278451999662597,0.053394933177877,0.102801175855811,0.0807042256899986,8.96586311404086e-07
5.794228,0.00914558840019692,0.0275911232170878,0.0529916243848962,0.102348517925483,0.0809879634572632,9.28708062810536e-07
5.812561,0.00904783599945253,0.027339364820614,0.0525910986648138,0.101896323015416,0.0812694443587145,9.61845815197158e-07
5.830894,0.00895117294574355,0.0270899036227608,0.0521933406222984,0.101444612224839,0.0815486585352562,9.96027246421005e-07
5.849227,0.00885558636795783,0.0268427186624735,0.0517983348842909,0.100993406320079,0.0818255963829016,1.0312806582919e-06
5.86756,0.00876106355986418,0.0265977891699592,0.0514060661013167,0.100542725737814,0.08210024855155,1.0676349873536e-06
5.885893,0.00866759197776176,0.026355094564941,0.0510165189487641,0.100092590588299,0.082372605943741,1.10511981578082e-06
5.904226,0.00857515923816772,0.0261146144549296,0.0506296781281301,0.0996430206585789,0.0826426597133889,1.14376538239206e-06
5.922559,0.00848375311554236,0.0258763286335088,0.0502455283682335,0.0991940354156788,0.0829104012644956,1.18360259377829e-06
5.940892,0.00839336154005098,0.0256402170786386,0.0498640544263966,0.0987456540097813,0.083175822249845,1.22466303554734e-06
5.959225,0.00830397259536191,0.0254062599509722,0.0494852410895956,0.0982978952773817,0.0834389145696771,1.26697898368388e-06
5.977558,0.00821557451647997,0.0251744375921894,0.049109073175581,0.0978507777444265,0.0836996703703438,1.31058341602486e-06
5.995891,0.00812815568761469,0.0249447305233443,0.0487355355339677,0.0974043196294324,0.0839580820429468,1.35551002385037e-06
6.014224,0.00804170464008264,0.0247171194432293,0.0483646130472964,0.0969585388465877,0.084214142221957,1.40179322358949e-06
6.032557,0.00795621005024328,0.0244915852267525,0.0479962906320655,0.0965134530088337,0.0844678437838174,1.44946816864121e-06
6.05089,0.00787166073746767,0.0242681089233315,0.0476305532397358,0.0960690794309282,0.0847191798455288,1.49857076131005e-06
6.069223,0.00778804566213946,0.0240466717553004,0.047267385857707,0.0956254351324901,0.0849681437632195,1.549137664856e-06
6.087556,0.00770535392368759,0.0238272551163323,0.0469067735102679,0.0951825368410242,0.0852147291306994,1.60120631565877e-06
6.105889,0.00762357475865006,0.0236098405698761,0.0465487012595191,0.0947404009949279,0.0854589297779983,1.6548149354959e-06
6.124222,0.00754269753876826,0.023394409847607,0.0461931542062704,0.0942990437464779,0.0857007397698898,1.71000254393431e-06
6.142555,0.00746271176911126,0.0231809448478915,0.0458401174909132,0.0938584809647988,0.085940153404401,1.76680897083508e-06
6.160888,0.00738360708622959,0.0229694276342668,0.0454895762942668,0.093418728238811,0.0861771652113078,1.82527486897098e-06
6.179221,0.00730537325633788,0.0227598404339334,0.0451415158384014,0.0929798008801608,0.0864117699506175,1.88544172675648e-06
6.197554,0.0072280001735259,0.0225521656362616,0.0447959213874361,0.0925417139261301,0.0866439626110374,1.94735188108951e-06
6.215887,0.00715147785799752,0.022346385791312,0.0444527782483146,0.0921044821425272,0.086873738408432,2.01104853030486e-06
6.23422,0.007075796454337,0.0221424836083692,0.0441120717715568,0.0916681200265583,0.0871010927842674,2.07657574723843e-06
6.252553,0.00700094622980219,0.0219404419544891,0.0437737873519884,0.091232641809679,0.0873260214040443,2.14397849240207e-06
6.270886,0.00692691757264416,0.0217402438530589,0.0434379104294482,0.090798061460427,0.0875485201557196,2.21330262726818e-06
6.289219,0.00685370099045273,0.0215418724823708,0.0431044264894741,0.0903643926872347,0.0877685851481176,2.28459492766374e-06
6.307552,0.00678128710852758,0.021345311174209,0.0427733210639673,0.0899316489412231,0.08798621270933,2.35790309727308e-06
6.325885,0.00670966666827424,0.0211505434124484,0.042444579731836,0.089499843418975,0.0882013993851067,2.4332757812487e-06
6.344218,0.00663883052562484,0.0209575528316673,0.0421181881196186,0.0890689890652901,0.0884141419372371,2.51076257992957e-06
6.362551,0.00656876964948293,0.0207663232157723,0.0417941319020873,0.088639098575919,0.0886244373419212,2.59041406266618e-06
6.380884,0.00649947512019202,0.0205768384966354,0.0414723968028313,0.0882101844002792,0.0888322827881329,2.67228178175177e-06
6.399217,0.00643093812802753,0.0203890827527444,0.041152968594822,0.0877822587441502,0.089037675675975,2.75641828645865e-06
6.41755,0.00636314997171159,0.0202030402078645,0.0408358331009577,0.0873553335723503,0.0892406136150249,2.84287713717916e-06
6.435883,0.00629610205695037,0.020018695229713,0.0405209761945919,0.0869294206113929,0.0894410944226745,2.93171291967054e-06
6.454216,0.00622978589499357,0.019836032328646,0.0402083838000418,0.0865045313521235,0.0896391161224611,3.02298125940255e-06
6.472549,0.00616419310121563,0.0196550361563564,0.0398980418930801,0.0860806770523379,0.0898346769423929,3.11673883600719e-06
6.490882,0.00609931539371833,0.0194756915045847,0.0395899365014092,0.08565786873938,0.0900277753132665,3.21304339782965e-06
6.509215,0.00603514459195438,0.0192979833038408,0.0392840537051183,0.0852361172127206,0.0902184098669798,3.3119537765796e-06
6.527548,0.00597167261537165,0.0191218966221378,0.038980379637124,0.0848154330465165,0.0904065794348379,3.41352990208176e-06
6.545881,0.00590889148207775,0.0189474166637378,0.0386789004835946,0.0843958265921509,0.0905922830458538,3.51783281712498e-06
6.564214,0.00584679330752446,0.018774528767908,0.0383796024843584,0.0839773079807534,0.0907755199250442,3.62492469240848e-06
6.582547,0.00578537030321187,0.0186032184076892,0.0380824719332964,0.0835598871257014,0.0909562894917207,3.73486884158478e-06
6.60088,0.00572461477541168,0.0184334711886752,0.0377874951787195,0.0831435737251019,0.0911345913577757,3.84772973639777e-06
6.619213,0.00566451912390958,0.0182652728478033,0.0374946586237309,0.082728377264254,0.091310425325965,3.96357302191511e-06
6.637546,0.00560507584076616,0.0180986092521556,0.0372039487265741,0.0823143070180924,0.0914837913881863,4.08246553185374e-06
6.655879,0.00554627750909617,0.0179334663977716,0.0369153520009655,0.0819013720536114,0.0916546897237542,4.20447530399739e-06
6.674212,0.00548811680186575,0.0177698304084718,0.036628855016414,0.0814895812322702,0.091823120697672,4.3296715957051e-06
6.692545,0.00543058648070746,0.0176076875346914,0.0363444443985263,0.0810789432123784,0.0919890848589003,4.4581248995092e-06
6.710878,0.00537367939475261,0.017447024152325,0.0360621068292986,0.0806694664514633,0.0921525829386239,4.58990695880202e-06
6.729211,0.00531738847948077,0.017287826761582,0.0357818290473953,0.0802611592086172,0.0923136158485158,4.72509078360932e-06
6.747544,0.0052617067555861,0.0171300819858522,0.0355035978484144,0.0798540295468272,0.0924721846789989,4.86375066645034e-06
6.765877,0.00520662732786023,0.0169737765705818,0.035227400085141,0.0794480853352844,0.0926282906975067,5.0059621982818e-06
6.78421,0.00515214338409144,0.0168188973821598,0.034953222667787,0.0790433342516758,0.0927819353467426,5.15180228452582e-06
6.802543,0.00509824819397983,0.0166654314068142,0.0346810525642202,0.078639783784456,0.0929331202429371,5.30134916117922e-06
6.820876,0.00504493510806825,0.0165133657495188,0.0344108768001801,0.0782374412351018,0.0930818471741055,5.45468241100373e-06
6.839209,0.0049921975566887,0.0163626876329096,0.0341426824594833,0.0778363137203468,0.0932281180983038,5.61188297979542e-06
6.857542,0.00494002904892399,0.0162133843962109,0.0338764566842163,0.0774364081743981,0.0933719351418853,5.77303319273146e-06
6.875875,0.00488842317158442,0.0160654434941719,0.033612186674918,0.077037731351134,0.0935133005977562,5.93821677079352e-06
6.894208,0.00483737358819909,0.0159188524960125,0.0333498596907509,0.0766402898262841,0.0936522169236323,6.10751884726561e-06
6.912541,0.00478687403802184,0.0157735990843784,0.0330894630496615,0.0762440899995901,0.0937886867402953,6.28102598430542e-06
6.930874,0.00473691833505137,0.0156296710543066,0.0328309841285308,0.0758491380969489,0.0939227128298505,6.45882618958701e-06
6.949207,0.00468750036706543,0.0154870563121996,0.0325744103633136,0.0754554401725372,0.0940542981339849,6.64100893301405e-06
6.96754,0.00463861409466882,0.0153457428748096,0.0323197292491688,0.0750630021109179,0.0941834457522269,6.82766516350093e-06
6.985873,0.00459025355035499,0.0152057188682309,0.0320669283405791,0.0746718296291287,0.0943101589402074,7.01888732582136e-06
7.004206,0.00454241283758094,0.0150669725269031,0.0318159952514614,0.0742819282787526,0.0944344411079217,7.21476937752183e-06
7.022539,0.00449508612985535,0.0149294921926215,0.0315669176552682,0.0738933034479699,0.0945562958179949,7.41540680589859e-06
7.040872,0.00444826766983962,0.0147932663135585,0.031319683285079,0.0735059603635936,0.0946757267839476,7.62089664503651e-06
7.059205,0.00440195176846164,0.0146582834432923,0.0310742799336833,0.0731199040930855,0.0947927378684654,7.83133749290806e-06
7.077538,0.00435613280404213,0.0145245322398452,0.0308306954536547,0.0727351395465562,0.0949073330816697,8.04682952853049e-06
7.095871,0.00431080522143323,0.0143920014647309,0.0305889177574166,0.0723516714787458,0.0950195165793923,8.26747452917975e-06
7.114204,0.0042659635311693,0.0142606799820098,0.0303489348172988,0.0719695044909887,0.0951292926614522,8.49337588765869e-06
7.132537,0.0042216023086297,0.0141305567573534,0.0301107346655867,0.07158864303316,0.0952366657699358,8.72463862961857e-06
7.15087,0.00417771619321317,0.0140016208571176,0.0298743053945623,0.0712090914056044,0.0953416404874808,8.96136943093136e-06
7.169203,0.00413429988752396,0.0138738614474231,0.0296396351565365,0.0708308537610489,0.0954442215355625,9.2036766351111e-06
7.187536,0.00409134815656926,0.013747267793246,0.0294067121638752,0.0704539341064969,0.0955444137727855,9.45167027078273e-06
7.205869,0.0040488558269678,0.013621829257515,0.0291755246890166,0.0700783363051065,0.0956422221931778,9.70546206919569e-06
7.224202,0.0040068177861696,0.0134975353002184,0.028946061064482,0.069704064078051,0.09573765192449,9.96516548178139e-06
7.242535,0.00396522898168648,0.0133743754775176,0.0287183096828787,0.0693311210063626,0.0958307082264979,1.02308956977514e-05
7.260868,0.0039240844203333,0.0132523394408704,0.0284922589968966,0.0689595105327596,0.0959213964893106,1.05027696617354e-05
7.279201,0.00388337916747974,0.0131314169361608,0.0282678975192977,0.0685892359634564,0.0960097222316823,1.07809060914562e-05
7.297534,0.00384310834631241,0.0130115978028379,0.0280452138228986,0.0682203004699575,0.0960956910993296,1.10654254954397e-05
7.315867,0.0038032671371072,0.0128928719730617,0.027824196540547,0.067852707090834,0.0961793088632527,1.13564501907585e-05
7.3342,0.00376385077651163,0.0127752294708576,0.0276048343650916,0.0674864587334849,0.0962605814180633,1.16541043208059e-05
7.352533,0.00372485455683712,0.0126586604112777,0.0273871160493453,0.0671215581758804,0.0963395147803165,1.19585138730992e-05
7.370866,0.00368627382536103,0.0125431549995707,0.0271710304060435,0.0667580080682908,0.0964161150868482,1.22698066971095e-05
7.389199,0.00364810398363815,0.0124287035303583,0.0269565663077951,0.0663958109349976,0.0964903885931191,1.2588112522116e-05
7.407532,0.00361034048682184,0.0123152963868205,0.0267437126870284,0.0660349691759896,0.0965623416715631,1.29135629750829e-05
7.425865,0.00357297884299427,0.0122029240398866,0.0265324585359317,0.0656754850686421,0.0966319808099425,1.32462915985562e-05
7.444198,0.00353601461250593,0.0120915770474354,0.0263227929063874,0.0653173607693812,0.0966993126097093,1.35864338685783e-05
7.462531,0.00349944340732411,0.0119812460535012,0.0261147049099018,0.0649605983153315,0.0967643437843713,1.39341272126182e-05
7.480864,0.00346326089039028,0.011871921787488,0.0259081837175286,0.0646051996259485,0.0968270811578664,1.42895110275154e-05
7.499197,0.00342746277498617,0.0117635950633904,0.0257032185597879,0.0642511665046353,0.0968875316629418,1.46527266974343e-05
7.51753,0.00339204482410851,0.0116562567790217,0.0254997987265804,0.0638985006403434,0.0969457023395405,1.5023917611828e-05
7.535863,0.00335700284985224,0.0115498979152493,0.025297913567096,0.063547203609159,0.0970016003331944,1.54032291834074e-05
7.554196,0.00332233271280201,0.0114445095352366,0.0250975524897181,0.0631972768758727,0.0970552328934238,1.57908088661153e-05
7.572529,0.003288030321432,0.0113400827836923,0.0248987049619232,0.0628487217955357,0.0971066073721443,1.61868061731012e-05
7.590862,0.0032540916315138,0.011236608886126,0.0247013605101761,0.0625015396149988,0.0971557312220803,1.65913726946968e-05
7.609195,0.0032205126455322,0.0111340791481115,0.0245055087198204,0.062155731474438,0.097202611995186,1.70046621163861e-05
7.627528,0.00318728941210901,0.0110324849545556,0.024311139234965,0.0618112984088647,0.0972472573410735,1.74268302367715e-05
7.645861,0.0031544180254344,0.0109318177689747,0.0241182417583659,0.0614682413496204,0.0972896750054479,1.78580349855312e-05
7.664194,0.00312189462470611,0.0108320691327772,0.0239268060513048,0.061126561125858,0.0973298728285507,1.82984364413664e-05
7.682527,0.00308971539357595,0.010733230664553,0.0237368219334629,0.0607862584660069,0.0973678587436098,1.87481968499344e-05
7.70086,0.00305787655960388,0.0106352940593692,0.0235482792827911,0.060447333999225,0.0974036407752979,1.92074806417671e-05
7.719193,0.00302637439371926,0.0105382510880719,0.0233611680353769,0.0601097882568351,0.0974372270381981,1.9676454450171e-05
7.737526,0.00299520520968933,0.0104420935965955,0.0231754781853067,0.0597736216737478,0.0974686257352779,2.01552871291067e-05
7.755859,0.00296436536359484,0.0103468135052769,0.0229911997845253,0.0594388345898696,0.0974978451563705,2.06441497710447e-05
7.774192,0.00293385125331248,0.0102524028081767,0.0228083229426919,0.0591054272514971,0.0975248936766648,2.11432157247953e-05
7.792525,0.00290365931800436,0.0101588535724069,0.0226268378270319,0.0587733998126973,0.0975497797552028,2.16526606133113e-05
7.810858,0.00287378603761417,0.0100661579374637,0.022446734662187,0.0584427523366734,0.0975725119333858,2.21726623514582e-05
7.829191,0.00284422793237002,0.00997430811456786,0.02226800373006,0.0581134847971174,0.0975930988334887,2.27034011637516e-05
7.847524,0.00281498156229387,0.0098832963860093,0.0220906353696586,0.0577855970795482,0.0976115491571822,2.32450596020578e-05
7.865857,0.0027860435267174,0.0097931151044993,0.0219146199769347,0.0574590889826373,0.0976278716840642,2.37978225632562e-05
7.88419,0.00275741046380434,0.00970375669252768,0.0217399480046215,0.057133960219519,0.0976420752701989,2.43618773068593e-05
7.902523,0.00272907905007901,0.00961521364172611,0.0215666099620675,0.0568102104190892,0.0976541688466653,2.4937413472589e-05
7.920856,0.00270104599996109,0.00952747851223726,0.0213945964150678,0.0564878391272895,0.0976641614181134,2.55246230979057e-05
7.939189,0.00267330806530651,0.0094405439320896,0.0212238979856927,0.0561668458083779,0.0976720620613298,2.61237006354876e-05
7.957522,0.00264586203495433,0.00935440259657806,0.0210545053521139,0.055847229846188,0.097677879923812,2.6734842970658e-05
7.975855,0.00261870473427961,0.00926904726765015,0.0208864092484277,0.0555289905453727,0.0976816242223509,2.73582494387571e-05
7.994188,0.00259183302475202,0.00918447077329785,0.0207196004644763,0.055212127132637,0.097683304241623,2.7994121842457e-05
8.012521,0.00256524380350037,0.00910066600695496,0.0205540698456666,0.0548966387579568,0.0976829293327912,2.86426644690134e-05
8.030854,0.00253893400288265,0.00901762592689994,0.0203898082927862,0.054582524495785,0.0976805089121141,2.93040841074585e-05
8.049187,0.00251290059006181,0.00893534355566429,0.0202268067618179,0.0542697833462455,0.0976760524595653,2.99785900657224e-05
8.06752,0.00248714056658696,0.00885381197944619,0.0200650562637516,0.0539584142363138,0.0976695695174608,3.06663941876908e-05
8.085853,0.00246165096798006,0.00877302434752965,0.0199045478643945,0.0536484160209859,0.0976610696890965,3.1367710870187e-05
8.104186,0.00243642886332798,0.00869297387170879,0.0197452726841785,0.0533397874844339,0.0976505626373939,3.20827570798817e-05
8.122519,0.00241147135487979,0.00861365382571752,0.0195872218979668,0.0530325273411505,0.0976380580835559,3.28117523701248e-05
8.140852,0.00238677557764932,0.00853505754466434,0.0194303867348577,0.0527266342370798,0.0976235658057313,3.35549188976975e-05
8.159185,0.00236233869902284,0.00845717842447232,0.0192747584779866,0.0524221067507371,0.0976070956376885,3.43124814394806e-05
8.177518,0.00233815791837173,0.00838000992132419,0.0191203284643274,0.0521189433943165,0.0975886574674994,3.5084667409039e-05
8.195851,0.00231423046667031,0.00830354555111252,0.0189670880844903,0.0518171426147861,0.0975682612362316,3.5871706873115e-05
8.214184,0.00229055360611839,0.00822777888889484,0.01881502878252,0.0515167027949717,0.0975459169366508,3.66738325680322e-05
8.232517,0.00226712462976882,0.00815270356835383,0.0186641420556905,0.051217622254629,0.0975216346119322,3.74912799160058e-05
8.25085,0.00224394086115974,0.00807831328126237,0.0185144194542999,0.0509198992515033,0.0974954243543814,3.83242870413531e-05
8.269183,0.00222099965395161,0.00800460177695347,0.0183658525814626,0.0506235319823788,0.0974672963041651,3.9173094786606e-05
8.287516,0.00219829839156883,0.00793156286179508,0.0182184330929009,0.0503285185841152,0.0974372606480513,4.00379467285215e-05
8.305849,0.00217583448684595,0.00785919039866969,0.0180721526967349,0.0500348571346743,0.0974053276181583,4.09190891939845e-05
8.324182,0.00215360538167846,0.00778747830645859,0.017927003153271,0.0497425456541338,0.0973715074907146,4.18167712758039e-05
8.342515,0.00213160854667799,0.00771642055953097,0.0177829762747893,0.0494515821056913,0.0973358105848268,4.27312448483963e-05
8.360848,0.00210984148083186,0.00764601118723757,0.0176400639253301,0.0491619643966562,0.0972982472612589,4.36627645833552e-05
8.379181,0.00208830171116709,0.00757624427340901,0.0174982580204787,0.048873690379431,0.0972588279212194,4.46115879649054e-05
8.397514,0.00206698679241851,0.00750711395585868,0.0173575505271495,0.0485867578524818,0.0972175630051597,4.55779753052344e-05
8.415847,0.00204589430670127,0.00743861442589019,0.017217933463369,0.0483011645612978,0.0971744629915808,4.65621897597029e-05
8.43418,0.00202502186318737,0.00737073992780925,0.0170793988980576,0.0480169081993399,0.0971295383958505,4.75644973419295e-05
8.452513,0.00200436709778632,0.00730348475844009,0.0169419389508111,0.0477339864089791,0.0970827997690302,4.85851669387454e-05
8.470846,0.00198392767282987,0.00723684326664619,0.0168055457916802,0.0474523967824238,0.0970342576967108,4.96244703250208e-05
8.489179,0.00196370127676072,0.00717080985285552,0.0166702116409503,0.0471721368626369,0.0969839227978595,5.0682682178353e-05
8.507512,0.00194368562382511,0.00710537896858998,0.0165359287689196,0.0468932041442429,0.0969318057236744,5.17600800936198e-05
8.525845,0.00192387845376935,0.0070405451159992,0.0164026894956771,0.0466155960744237,0.0968779171564513,5.28569445973934e-05
8.544178,0.00190427753154013,0.00697630284739856,0.0162704861908795,0.0463393100538053,0.0968222678084578,5.39735591622091e-05
8.562511,0.00188488064698863,0.00691264676481149,0.0161393112735272,0.0460643434373336,0.0967648684208186,5.51102102206916e-05
8.580844,0.00186568561457831,0.00684957151951589,0.0160091572117406,0.0457906935351405,0.0967057297624104,5.62671871795279e-05
8.599177,0.00184669027309644,0.00678707181159468,0.0158800165225347,0.0455183576134,0.0966448626287656,5.74447824332929e-05
8.61751,0.00182789248536913,0.00672514238949049,0.0157518817715933,0.0452473328951744,0.0965822778409869,5.86432913781211e-05
8.635843,0.00180929013798004,0.00666377804956439,0.015624745573044,0.0449776165612509,0.096517986244671,5.98630124252158e-05
8.654176,0.00179088114099255,0.00660297363565866,0.0154986005892304,0.0447092057509678,0.0964519987088418,6.11042470142047e-05
8.672509,0.00177266342767545,0.00654272403866354,0.0153734395304861,0.0444420975630323,0.0963843261248936,6.23672996263288e-05
8.690842,0.00175463495423195,0.00648302419608792,0.0152492551549071,0.0441762890563277,0.0963149794055445,6.36524777974669e-05
8.709175,0.00173679369953222,0.00642386909163399,0.0151260402681236,0.0439117772507116,0.0962439694837983,6.4960092130991e-05
8.727508,0.00171913766484915,0.00636525375477572,0.0150037877230723,0.0436485591278049,0.0961713073119172,6.62904563104513e-05
8.745841,0.00170166487359739,0.00630717326034124,0.0148824904197678,0.0433866316317709,0.0960970038604037,6.76438871120867e-05
8.764174,0.00168437337107573,0.00624962272809894,0.0147621413050743,0.043125991670086,0.0960210701169919,6.90207044171583e-05
8.782507,0.0016672612242126,0.0061925973223475,0.0146427333724757,0.0428666361143005,0.0959435170856492,7.04212312241024e-05
8.80084,0.00165032652131473,0.00613609225150948,0.0145242596618475,0.0426085618007914,0.0958643557855866,7.1845793660503e-05
8.819173,0.00163356737181896,0.00608010276772874,0.0144067132592267,0.0423517655315047,0.0957835972502797,7.32947209948775e-05
8.837506,0.00161698190604708,0.00602462416647153,0.0142900872965825,0.0420962440746905,0.0957012525264987,7.4768345648275e-05
8.855839,0.00160056827496375,0.00596965178613114,0.0141743749515867,0.0418419941656283,0.0956173326733478,7.62670032056832e-05
8.874172,0.00158432464993737,0.00591518100763624,0.014059569447384,0.0415890125073435,0.0955318487613149,7.7791032427242e-05
8.892505,0.00156824922250388,0.00586120725406275,0.0139456640523618,0.041337295771316,0.0954448118713299,7.93407752592629e-05
8.910838,0.00155234020413354,0.00580772599024926,0.0138326520799209,0.0410868405981795,0.0953562330938336,8.09165768450453e-05
8.929171,0.00153659582600055,0.00575473272241596,0.0137205268882452,0.0408376435984131,0.0952661235278549,8.25187855354954e-05
8.947504,0.00152101433875545,0.00570222299778708,0.0136092818800718,0.0405897013530233,0.095174494280099,8.41477528995365e-05
8.965837,0.0015055940123004,0.00565019240421668,0.0134989105024614,0.040343010414219,0.0950813564640433,8.58038337343181e-05
8.98417,0.00149033313556716,0.00559863656981799,0.0133894062465684,0.0400975673060775,0.0949867211990441,8.74873860752083e-05
9.002503,0.00147523001629783,0.005547551162596,0.0132807626474112,0.0398533685252025,0.0948905996094525,8.91987712055796e-05
9.020836,0.00146028298082823,0.00549693189008351,0.0131729732836426,0.0396104105413738,0.094793002823739,9.09383536663752e-05
9.039169,0.00144549037387399,0.00544677449898041,0.0130660317773202,0.0393686897981892,0.0946939419736282,9.2706501265463e-05
9.057502,0.00143085055831921,0.00539707477479634,0.0129599317936773,0.0391282027136987,0.0945934281932422,9.4503585086763e-05
9.075835,0.00141636191500769,0.00534782854149655,0.0128546670408938,0.0388889456810301,0.0944914726182546,9.63299794991574e-05
9.094168,0.00140202284253677,0.00529903166115098,0.012750231269867,0.0386509150690078,0.0943880863850515,9.81860621651707e-05
9.112501,0.00138783175705362,0.0052506800335866,0.0126466182739829,0.0384141072227625,0.0942832806299045,0.000100072214049426
9.130834,0.00137378709205404,0.0052027695960429,0.0125438218888881,0.0381785184643347,0.0941770664881506,0.000101988819426869
9.149167,0.00135988729818368,0.00515529632283048,0.0124418359922613,0.0379441450932698,0.0940694550933826,0.000103936265890755
9.1675,0.00134613084304174,0.0051082562249928,0.0123406545035851,0.0377109833872056,0.0939604575766484,0.000105914944360409
9.185833,0.00133251621098696,0.00506164534997105,0.012240271383919,0.037479029602453,0.093850085065659,0.000107925249088741
9.204166,0.00131904190294606,0.00501545978127196,0.0121406806356715,0.0372482799745685,0.0937383486840063,0.000109967577669519
9.222499,0.00130570643622442,0.00496969563813878,0.0120418763023732,0.0370187307189203,0.0936252595503894,0.000112042331044411
9.240832,0.00129250834431908,0.00492434907522516,0.0119438524684508,0.0367903780312462,0.0935108287778503,0.000114149913509761
9.259165,0.00127944617673405,0.00487941628227209,0.0118466032589997,0.0365632180882054,0.0933950674730181,0.00011629073272314
9.277498,0.00126651849879777,0.00483489348378768,0.0117501228395593,0.036337247047922,0.0932779867353629,0.00011846519970963
9.295831,0.00125372389148283,0.00479077693872995,0.0116544054158868,0.0361124610505227,0.0931595976564579,0.000120673728867865
9.314164,0.00124106095122785,0.0047470629401925,0.0115594452337322,0.0358888562186666,0.093039911319251,0.000122916737975809
9.332497,0.00122852828976147,0.00470374781509302,0.0114652365786141,0.0356664286580687,0.0929189387973445,0.000125194648196285
9.35083,0.00121612453392856,0.00466082792386469,0.0113717737755952,0.0354451744580163,0.0927966911542845,0.000127507884082236
9.369163,0.00120384832551838,0.00461829966015029,0.0112790511890588,0.0352250896918784,0.0926731794428586,0.000129856873581734
9.387496,0.00119169832109493,0.00457615945049928,0.0111870632224854,0.0350061704176095,0.0925484147044022,0.000132242048042715
9.405829,0.00117967319182926,0.00453440375406744,0.0110958043182302,0.0347884126782448,0.0924224079681137,0.000134663842217451
9.424162,0.00116777162333381,0.00449302906231942,0.0110052689573008,0.0345718125023913,0.0922951702503784,0.000137122694266759
9.442495,0.00115599231549878,0.00445203189873387,0.0109154516591357,0.0343563659047101,0.0921667125541009,0.00013961904576393
9.460828,0.00114433398233038,0.00441140881851141,0.0108263469813828,0.0341420688863939,0.0920370458680465,0.000142153341698391
9.479161,0.00113279535179108,0.0043711564082851,0.0107379495196792,0.0339289174356374,0.0919061811661899,0.000144726030479087
9.497494,0.00112137516564171,0.00433127128583367,0.0106502539074312,0.0337169075281013,0.0917741294070743,0.000147337563937593
9.515827,0.00111007217928555,0.00429175009979731,0.0105632548155943,0.0335060351273707,0.0916409015331771,0.000149988397330941
9.53416,0.00109888516161415,0.0042525895293961,0.0104769469524552,0.0332962961854066,0.0915065084702852,0.000152678989344164
9.552493,0.00108781289485507,0.00421378628415093,0.0103913250634128,0.0330876866429917,0.0913709611268784,0.000155409802092564
9.570826,0.00107685417442142,0.00417533710360709,0.010306383930761,0.03288020243017,0.0912342703935205,0.000158181301123684
9.589159,0.00106600780876318,0.00413723875706023,0.0102221183734717,0.0326738394666805,0.0910964471422598,0.000160993955419003
9.607492,0.00105527261922029,0.00409948804328495,0.010138523246978,0.0324685936623849,0.0909575022260369,0.000163848237395335
9.625825,0.00104464743987749,0.00406208179026579,0.0100555934429587,0.0322644609176895,0.0908174464781009,0.000166744622905938
9.644158,0.00103413111742089,0.00402501685493074,0.00997332388912363,0.0320614371239609,0.0906762907114342,0.000169683591241328
9.662491,0.00102372251099622,0.00398829012288709,0.00989170954899835,0.0318595181639369,0.0905340457181847,0.000172665625129804
9.680824,0.00101342049206876,0.00395189850815976,0.00981074542171108,0.0316586999121302,0.0903907222691069,0.000175691210737668
9.699157,0.00100322394428499,0.00391583895293204,0.00973042654177936,0.0314589782352283,0.0902463311130099,0.000178760837669149
9.71749,0.000993131763335767,0.00388010842728858,0.00965074797889768,0.0312603489924861,0.0901008829762145,0.000181874998966029
9.735823,0.000983142856821226,0.00384470392896088,0.0095717048377258,0.031062808036114,0.0899543885620177,0.000185034191106963
9.754156,0.000973256144117211,0.00380962248307497,0.00949329225767776,0.0308663512116603,0.0898068585501646,0.000188238914006496
9.772489,0.000963470556243306,0.00377486114190146,0.0094155054127116,0.0306709743583882,0.0896583035963292,0.000191489671013775
9.790822,0.000953785035732422,0.00374041698460786,0.00933833951111978,0.0304766733096469,0.0895087343316021,0.000194786968910952
9.809155,0.000944198536501917,0.00370628711701316,0.00926178979532046,0.0302834438932389,0.0893581613619861,0.000198131317911276
9.827488,0.000934710023726232,0.00367246867134463,0.00918585154164926,0.0300912819317798,0.0892065952678998,0.00020152323165688
9.845821,0.00092531847371103,0.00363895880599687,0.009110520060152,0.0299001832430553,0.0890540466036887,0.000204963227216249
9.864154,0.000916022873768816,0.00360575470529303,0.00903579069437816,0.029710143640371,0.0889005258971437,0.000208451825081375
9.882487,0.000906822222096009,0.00357285357924825,0.00896165882117492,0.0295211589328988,0.088746043649027,0.000211989549164606
9.90082,0.000897715527651468,0.00354025266333519,0.0088881198504822,0.0293332249260171,0.0885906103326064,0.000215576926795157
9.919153,0.000888701810036427,0.00350794921825175,0.00881516922512826,0.0291463374216462,0.0884342363931958,0.00021921448871533
9.937486,0.000879780099375859,0.00347594052969094,0.00874280242062621,0.0289604922185797,0.0882769322477039,0.000222902769076385
9.955819,0.000870949436201212,0.00344422390811276,0.00867101494497131,0.0287756851128098,0.0881187082841902,0.000226642305434118
9.974152,0.000862208871334519,0.00341279668851823,0.00859980233843893,0.0285919118978485,0.0879595748614279,0.000230433638744094
9.992485,0.000853557465773873,0.00338165623022545,0.00852916017338344,0.0284091683650438,0.0877995423084742,0.000234277313356562
10.010818,0.000844994290580226,0.00335079991664776,0.00845908405403776,0.0282274503038914,0.0876386209242484,0.000238173877011057
10.029151,0.000836518426765526,0.00332022515507381,0.0083895696163139,0.0280467535023414,0.0874768209771158,0.000242123880830656
10.047484,0.000828128965182137,0.00328992937644978,0.00832061252760408,0.0278670737471005,0.0873141527044803,0.00024612787931592
10.065817,0.000819825006413572,0.00325991003516344,0.00825220848658284,0.02768840682393,0.0871506263123828,0.000250186430338506
10.08415,0.000811605660666482,0.00323016460883033,0.0081843532230099,0.0275107485179384,0.0869862519751074,0.000254300095134431
10.102483,0.000803470047663907,0.00320069059808176,0.00811704249753381,0.0273340946138709,0.0868210398347937,0.000258469438297041
10.120816,0.000795417296539772,0.00317148552635482,0.00805027210149647,0.027158440896393,0.0866550000010572,0.000262695027769604
10.139149,0.000787446545734601,0.00314254693968429,0.00798403785673843,0.0269837831503705,0.0864881425506154,0.000266977434837608
10.157482,0.000779556942892452,0.00311387240649643,0.00791833561540511,0.0268101171611454,0.0863204775269211,0.000271317234120697
10.175815,0.000771747644759041,0.00308545951740469,0.00785316125975372,0.0266374387148069,0.086152014939803,0.000275715003564286
10.194148,0.00076401781708105,0.00305730588500724,0.00778851070196115,0.0264657435984586,0.0859827647651121,0.000280171324430837
10.212481,0.0007563666345066,0.00302940914368637,0.00772437988393259,0.0262950276004813,0.0858127369443753,0.000284686781290795
10.230814,0.000748793280486878,0.00300176694940972,0.00766076477711108,0.0261252865107916,0.0856419413844552,0.000289261962013186
10.249147,0.000741296947178907,0.00297437697953334,0.00759766138228785,0.0259565161210971,0.0854703879572176,0.000293897457755878
10.26748,0.000733876835349425,0.0029472369326065,0.00753506572941352,0.0257887122251462,0.0852980864992033,0.000298593862955506
10.285813,0.000726532154279897,0.00292034452817833,0.00747297387741017,0.0256218706189753,0.0851250468113088,0.000303351775317044
10.304146,0.000719262121672603,0.00289369750660619,0.00741138191398427,0.0254559871011511,0.0849512786584714,0.000308171795803046
10.322479,0.000712065963557822,0.00286729362886582,0.00735028595544038,0.0252910574730094,0.0847767917693622,0.000313054528622546
10.340812,0.00070494291420208,0.00284113067636319,0.00728968214649584,0.02512707753889,0.0846015958360844,0.000318000581219612
10.359145,0.000697892216017465,0.00281520645074809,0.00722956666009624,0.0249640431063675,0.0844257005138779,0.000323010564261547
10.377478,0.000690913119471968,0.00278951877372942,0.00716993569723172,0.0248019499864789,0.0842491154208308,0.000328085091626764
10.395811,0.000684004883000876,0.00276406548689212,0.00711078548675422,0.0246407939939466,0.0840718501375965,0.000333224780392305
10.414144,0.00067716677291917,0.00273884445151587,0.00705211228519554,0.0244805709473985,0.0838939142071163,0.000338430250821019
10.432477,0.000670398063334936,0.00271385354839534,0.00699391237658626,0.0243212766695838,0.08371531713435,0.000343702126348395
10.45081,0.000663698036063767,0.00268909067766213,0.00693618207227557,0.0241629069875861,0.0835360683860101,0.000349041033569039
10.469143,0.000657065980544145,0.00266455375860834,0.00687891771075187,0.0240054577330313,0.0833561773903036,0.000354447602222828
10.487476,0.000650501193753809,0.00264024072951172,0.00682211565746442,0.0238489247422941,0.0831756535366789,0.00035992246518069
10.505809,0.000644002980127057,0.00261614954746245,0.00676577230464565,0.023693303856699,0.0829945061755793,0.000365466258430054
10.524142,0.000637570651473009,0.00259227818819147,0.00670988407113446,0.023538590922719,0.0828127446182012,0.00037107962105995
10.542475,0.000631203526894816,0.00256862464590041,0.00665444740220043,0.023384781792171,0.0826303781362593,0.000376763195245755
10.560808,0.000624900932709762,0.00254518693309304,0.00659945876936872,0.0232318723224064,0.0824474159617559,0.000382517626233607
10.579141,0.000618662202370316,0.00252196308040824,0.0065449146702461,0.0230798583765007,0.0822638672867579,0.000388343562324448
10.597474,0.000612486676386054,0.0024989511364546,0.00649081162834763,0.0229287358234372,0.0820797412631775,0.00039424165485774
10.615807,0.000606373702246496,0.00247614916764636,0.00643714619292426,0.0227785005382896,0.0818950470025598,0.00040021255819482
10.63414,0.000600322634344808,0.00245355525804102,0.0063839149387915,0.0226291484024,0.0817097935758745,0.000406256929701908
10.652473,0.000594332833902379,0.00243116750917831,0.00633111446615857,0.0224806753035545,0.081523990013315,0.000412375429732788
10.670806,0.000588403668894262,0.00240898403992067,0.0062787414004589,0.0223330771361551,0.081337645304101,0.000418568721611095
10.689139,0.000582534513975452,0.00238700298629521,0.00622679239218104,0.0221863498013886,0.0811507683962874,0.000424837471612308
10.707472,0.000576724750408016,0.00236522250133708,0.00617526411670082,0.0220404892073929,0.0809633681965783,0.00043118234894535
10.725805,0.000570973765989044,0.00234364075493425,0.00612415327411412,0.0218954912694199,0.0807754535701465,0.000437604025733873
10.744138,0.00056528095497942,0.00232225593367378,0.00607345658907068,0.0217513519099949,0.080587033340458,0.000444103176997173
10.762471,0.0005596457180334,0.00230106624068943,0.00602317081060864,0.021608067059074,0.0803981162891011,0.000450680480630771
10.780804,0.000554067462128995,0.00228006989551065,0.00597329271199011,0.021465632654198,0.0802087111556218,0.000457336617386639
10.799137,0.000548545600499139,0.00225926513391304,0.00592381909053747,0.0213240446406432,0.0800188266373633,0.000464072270853082
10.81747,0.000543079552563636,0.00223865020777002,0.00587474676747056,0.0211832989715699,0.0798284713893107,0.000470888127434276
10.835803,0.000537668743861887,0.00221822338490603,0.00582607258774487,0.0210433916081678,0.0796376540239412,0.000477784876329462
10.854136,0.00053231260598636,0.00219798294895093,0.00577779341989037,0.0209043185197984,0.0794463831110782,0.000484763209511775
10.872469,0.000527010576516838,0.00217792719919581,0.00572990615585145,0.0207660756841347,0.0792546671777514,0.000491823821706758
10.890802,0.000521762098955388,0.00215805445045006,0.00568240771082753,0.0206286590872986,0.0790625147080609,0.000498967410370511
10.909135,0.000516566622662077,0.00213836303289979,0.00563529502311465,0.0204920647239953,0.0788699341430462,0.000506194675667495
10.927468,0.000511423602791411,0.00211885129196754,0.00558856505394786,0.0203562885976445,0.0786769338805604,0.000513506320448007
10.945801,0.000506332500229493,0.0020995175881732,0.00554221478734449,0.02022132672051,0.0784835222751483,0.000520903050225294
10.964134,0.000501292781531885,0.00208036029699632,0.00549624122994831,0.020087175113826,0.0782897076379303,0.000528385573152339
10.982467,0.000496303918862177,0.00206137780873954,0.00545064141087453,0.019953829807921,0.0780954982364892,0.000535954599998303
11.0008,0.00049136538993124,0.0020425685283934,0.00540541238155559,0.0198212868423389,0.0779009022947631,0.00054361084412461
11.019133,0.000486476677937179,0.00202393087550228,0.00536055121558795,0.0196895422659584,0.0777059279929421,0.000551355021460716
11.037466,0.000481637271505938,0.00200546328403161,0.00531605500857956,0.0195585921371089,0.0775105834673693,0.00055918785047952
11.055799,0.000476846664632594,0.00198716420223626,0.00527192087799837,0.0194284325236845,0.0773148768104468,0.000567110052172453
11.074132,0.000472104356623299,0.00196903209253022,0.00522814596302149,0.0192990595032557,0.0771188160705448,0.000575122350024203
11.092465,0.000467409852037881,0.00195106543135733,0.00518472742438538,0.0191704691631783,0.0769224092519171,0.000583225469987139
11.110798,0.000462762660633085,0.0019332627090633,0.00514166244423676,0.0190426576007003,0.0767256643146184,0.000591420140455362
11.129131,0.000458162297306449,0.00191562242976887,0.00509894822598442,0.0189156209230661,0.076528589174428,0.000599707092238456
11.147464,0.000453608282040823,0.0018981431112441,0.00505658199415192,0.0187893552476189,0.0763311917027761,0.000608087058534869
11.165797,0.000449100139849486,0.0018808232847838,0.00501456099423097,0.0186638567019004,0.0761334797266748,0.000616560774905
11.18413,0.000444637400721905,0.00186366149508419,0.00497288249253588,0.0185391214237484,0.0759354610286537,0.000625128979243914
11.202463,0.000440219599570076,0.00184665630012055,0.0049315437760586,0.0184151455613922,0.0757371433466985,0.000633792411753771
11.220796,0.000435846276175488,0.00182980627102609,0.00489054215232481,0.0182919252735459,0.0755385343741945,0.000642551814915881
11.239129,0.00043151697513666,0.00181310999197189,0.00484987494925071,0.0181694567294991,0.0753396417598731,0.000651407933462462
11.257462,0.000427231245817281,0.00179656606004792,0.0048095395150007,0.0180477361092062,0.0751404731077638,0.000660361514348054
11.275795,0.000422988642294916,0.00178017308514515,0.00476953321784581,0.0179267596033732,0.0749410359771476,0.000669413306720628
11.294128,0.000418788723310301,0.00176392968983878,0.00472985344602312,0.0178065234135421,0.074741337882517,0.000678564061892336
11.312461,0.000414631052217178,0.00174783450927246,0.00469049760759579,0.0176870237521736,0.0745413862935374,0.000687814533309977
11.330794,0.000410515196932723,0.00173188619104367,0.00465146313031411,0.0175682568427281,0.0743411886350138,0.000697165476525116
11.349127,0.000406440729888493,0.00171608339508999,0.00461274746147721,0.0174502189197441,0.0741407522868604,0.000706617649163886
11.36746,0.000402407227981946,0.0017004247935766,0.00457434806779565,0.0173329062289148,0.0739400845840738,0.000716171810896491
11.385793,0.000398414272528486,0.00168490907078464,0.00453626243525493,0.0172163150271628,0.0737391928167108,0.000725828723406355
11.404126,0.000394461449214044,0.00166953492300068,0.00449848806897956,0.0171004415827132,0.0735380842298681,0.000735589150359002
11.422459,0.000390548348048194,0.00165430105840718,0.00446102249309822,0.0169852821751641,0.0733367660236669,0.00074545385737057
11.440792,0.000386674563317778,0.00163920619697394,0.00442386325060952,0.0168708330955558,0.0731352453532406,0.000755423611976063
11.459125,0.000382839693541056,0.00162424907035053,0.00438700790324865,0.0167570906464381,0.0729335293287252,0.000765499183597267
11.477458,0.000379043341422363,0.00160942842175974,0.00435045403135483,0.0166440511419352,0.0727316250152546,0.000775681343510338
11.495791,0.000375285113807265,0.00159474300589198,0.00431419923373953,0.0165317109078099,0.0725295394329576,0.000785970864813132
11.514124,0.000371564621638219,0.00158019158880061,0.00427824112755554,0.0164200662815248,0.0723272795569592,0.00079636852239219
11.532457,0.00036788147991072,0.00156577294779829,0.00424257734816674,0.0163091136123023,0.0721248523173853,0.000806875092889423
11.55079,0.000364235307629932,0.00155148587135424,0.00420720554901875,0.0161988492611834,0.0719222645993693,0.000817491354668517
11.569123,0.000360625727767811,0.00153732915899242,0.00417212340151032,0.0160892696010838,0.0717195232430639,0.000828218087781014
11.587456,0.000357052367220686,0.00152330162119067,0.00413732859486554,0.0159803710168487,0.0715166350436545,0.000839056073932113
11.605789,0.000353514856767322,0.00150940207928078,0.00410281883600676,0.0158721499053067,0.071313606751376,0.000850006096446169
11.624122,0.000350012831027442,0.00149562936534941,0.00406859184942837,0.0157646026753203,0.0711104450715331,0.00086106894023188
11.642455,0.00034654592842071,0.00148198232214001,0.00403464537707133,0.015657725747837,0.0709071566645233,0.000872245391747216
11.660788,0.000343113791126158,0.00146845980295553,0.00400097717819841,0.0155515155559366,0.0707037481458631,0.000883536238964039
11.679121,0.000339716065042081,0.00145506067156209,0.00396758502927034,0.0154459685448789,0.0705002260862168,0.000894942271332416
11.697454,0.000336352399746351,0.00144178380209351,0.00393446672382256,0.0153410811721484,0.0702965970114285,0.00090646427974469
11.715787,0.000333022448457184,0.00142862807895673,0.00390162007234285,0.0152368499074978,0.070092867402557,0.000918103056499227
11.73412,0.000329725867994336,0.001415592396738,0.00386904290214969,0.0151332712329909,0.0698890436959131,0.000929859395263906
11.752453,0.000326462318740723,0.00140267566011009,0.00383673305727136,0.0150303416430427,0.0696851322831005,0.000941734091039322
11.770786,0.000323231464604475,0.0013898767837402,0.00380468839832585,0.0149280576444588,0.0694811395110586,0.000953727940121695
11.789119,0.000320032972981388,0.00137719469219874,0.00377290680240136,0.0148264157564731,0.0692770716821084,0.000965841740065548
11.807452,0.000316866514717812,0.00136462831986905,0.00374138616293786,0.0147254125107843,0.0690729350540017,0.000978076289646053
11.825785,0.000313731764073929,0.00135217661085779,0.00371012438960901,0.0146250444515908,0.0688687358399711,0.000990432388821162
11.844118,0.000310628398687445,0.00133983851890624,0.00367911940820514,0.0145253081356239,0.0686644802087852,0.00100291083869343
11.862451,0.000307556099537677,0.0013276130073024,0.00364836916051681,0.0144262001321806,0.0684601742848039,0.00101551244147161
11.880784,0.000304514550910038,0.00131549904879384,0.00361787160421916,0.0143277170231538,0.0682558241480383,0.00102823800043193
11.899117,0.000301503440360903,0.00130349562550145,0.00358762471275691,0.0142298554030619,0.0680514358342113,0.00104108831987918
11.91745,0.000298522458682876,0.00129160172883386,0.00355762647523024,0.0141326118790776,0.0678470153348219,0.00105406420510747
11.935783,0.000295571299870421,0.0012798163594027,0.00352787489628127,0.0140359830710536,0.0676425685972119,0.00106716646236079
11.954116,0.000292649661085882,0.00126813852693865,0.00349836799598132,0.0139399656115494,0.067438101524634,0.00108039589879327
11.972449,0.000289757242625868,0.0012565672502082,0.00346910380971883,0.0138445561458548,0.0672336199763232,0.00109375332242925
11.990782,0.000286893747888013,0.00124510155693124,0.00344008038808813,0.0137497513320134,0.06702912976757,0.00110723954212303
12.009115,0.000284058883338094,0.00123374048369933,0.00341129579677876,0.0136555478408442,0.0668246366697969,0.00112085536751839
12.027448,0.000281252358477509,0.00122248307589475,0.0033827481164656,0.0135619423559626,0.0666201464106352,0.00113460160900797
12.045781,0.000278473885811118,0.00121132838761033,0.00335443544269973,0.0134689315737997,0.066415664674006,0.00114847907769222
12.064114,0.000275723180815424,0.00120027548156992,0.00332635588579989,0.0133765122036203,0.0662111971002025,0.00116248858533828
12.082447,0.000272999961907114,0.00118932342904965,0.00329850757074472,0.0132846809675406,0.0660067492859741,0.00117663094433859
12.10078,0.000270303950411932,0.0011784713097999,0.0032708886370657,0.013193434600544,0.0658023267846139,0.00119090696766917
12.119113,0.000267634870533904,0.00116771821196799,0.00324349723874075,0.0131027698504957,0.0655979351060463,0.00120531746884777
12.137446,0.000264992449324885,0.00115706323202153,0.00321633154408852,0.013012683478157,0.0653935797169188,0.00121986326189182
12.155779,0.00026237641665445,0.00114650547467252,0.00318938973566342,0.0129231722571976,0.0651892660406944,0.00123454516127602
12.174112,0.000259786505180111,0.00113604405280213,0.00316267001015125,0.0128342329742075,0.0649849994577464,0.00124936398188985
12.192445,0.00025722245031785,0.00112567808738612,0.00313617057826562,0.0127458624287073,0.0647807853054556,0.00126432053899479
12.210778,0.000254683990212986,0.00111540670742104,0.00310988966464494,0.0126580574331579,0.0645766288783082,0.00127941564818135
12.229111,0.000252170865711346,0.001105229049851,0.00308382550775015,0.0125708148129693,0.0643725354279972,0.00129465012532585
12.247444,0.000249682820330765,0.00109514425949515,0.0030579763597631,0.0124841314065075,0.0641685101635245,0.00131002478654705
12.265777,0.000247219600232878,0.00108515148897585,0.00303234048648562,0.0123980040651014,0.0639645582513054,0.00132554044816253
12.28411,0.000244780954195235,0.00107524989864746,0.00300691616723923,0.0123124296530484,0.0637606848152744,0.00134119792664492
12.302443,0.000242366633583712,0.00106543865652577,0.0029817016947655,0.0122274050476187,0.0635568949369934,0.00135699803857783
12.320776,0.000239976392325219,0.00105571693821812,0.00295669537512715,0.0121429271390592,0.0633531936557612,0.00137294160061166
12.339109,0.000237609986880709,0.00104608392685411,0.00293189552760964,0.012058992830596,0.0631495859687249,0.00138902942941927
12.357442,0.00023526717621848,0.00103653881301697,0.00290730048462365,0.0119755990384362,0.0629460768309929,0.0014052623416513
12.375775,0.000232947721787763,0.00102708079467553,0.00288290859160795,0.011892742691769,0.0627426711557493,0.00142164115389146
12.394108,0.0002306513874926,0.00101770907711688,0.00285871820693314,0.0118104207327652,0.0625393738143709,0.00143816668261153
12.412441,0.000228377939666005,0.00100842287287953,0.00283472770180585,0.0117286301165769,0.0623361896365444,0.00145483974412625
12.430774,0.000226127147044403,0.000999221401687283,0.00281093546017374,0.0116473678113352,0.0621331234103862,0.00147166115454799
12.449107,0.000223898780742346,0.000990103890383671,0.002787339878631,0.0115666307981481,0.0619301798825634,0.00148863172974123
12.46744,0.000221692614227506,0.000981069572866975,0.00276393936632458,0.0114864160710966,0.0617273637584163,0.00150575228527696
12.485773,0.000219508423295935,0.000972117690025856,0.00274073234486096,0.0114067206372305,0.0615246797020821,0.00152302363638679
12.504106,0.000217345986047595,0.00096324748967558,0.00271771724821365,0.0113275415165639,0.0613221323366209,0.00154044659791696
12.522439,0.00021520508286215,0.000954458226494805,0.00269489252263122,0.0112488757420685,0.0611197262441423,0.00155802198428224
12.540772,0.000213085496375025,0.000945749161962965,0.00267225662654601,0.0111707203596675,0.0609174659659334,0.00157575060941951
12.559105,0.000210987011453715,0.000937119564298205,0.00264980803048341,0.0110930724282281,0.0607153560025891,0.00159363328674139
12.577438,0.000208909415174361,0.000928568708395904,0.00262754521697179,0.0110159290195531,0.0605134008141424,0.00161167082908956
12.595771,0.00020685249679857,0.000920095875767737,0.00260546668045302,0.0109392872183721,0.0603116048201971,0.00162986404868802
12.614104,0.000204816047750487,0.000911700354481311,0.00258357092719361,0.0108631441223322,0.0601099724000615,0.00164821375709614
12.632437,0.000202799861594118,0.000903381439100343,0.00256185647519642,0.0107874968419869,0.0599085078928828,0.00166672076516163
12.65077,0.000200803734010895,0.000895138430625382,0.00254032185411301,0.0107123425007858,0.0597072155977839,0.00168538588297334
12.669103,0.000198827462777482,0.000886970636435084,0.00251896560515659,0.010637678235062,0.059506099774,0.00170420991981392
12.687436,0.000196870847743821,0.000878877370228003,0.00249778628101547,0.0105635011940206,0.0593051646410175,0.00172319368411241
12.705769,0.000194933690811416,0.000870857951964933,0.00247678244576728,0.0104898085397247,0.059104414378714,0.00174233798339653
12.724102,0.00019301579591185,0.000862911707811764,0.00245595267479356,0.010416597447082,0.0589038531274981,0.00176164362424515
12.742435,0.000191116968985529,0.000855037970082861,0.00243529555469511,0.0103438651038305,0.0587034849884525,0.00178111141224029
12.760768,0.000189237017960663,0.000847236077184968,0.00241480968320786,0.010271608710523,0.0585033140234763,0.00180074215191925
12.779101,0.000187375752732468,0.000839505373561611,0.00239449366911923,0.0101998254805117,0.0583033442554294,0.00182053664672657
12.797434,0.000185532985142587,0.000831845209638014,0.00237434613218524,0.0101285126399319,0.0581035796682771,0.00184049569896579
12.815767,0.000183708528958745,0.000824254941766528,0.00235436570304803,0.0100576674276849,0.0579040242072371,0.00186062010975122
12.8341,0.000181902199854609,0.000816733932172534,0.00233455102315403,0.00998728709542041,0.057704681778926,0.00188091067895955
12.852433,0.000180113815389872,0.000809281548900868,0.0023149007446727,0.00991736890751867,0.0575055562515074,0.00190136820518136
12.870766,0.00017834319499055,0.000801897165762709,0.00229541353041575,0.00984791014107165,0.0573066514548415,0.00192199348567255
12.889099,0.000176590159929488,0.000794580162282971,0.00227608805375701,0.00977890808586378,0.0571079711806343,0.00194278731630566
12.907432,0.000174854533307075,0.000787329923648163,0.00225692299855281,0.00971036004435217,0.056909519182589,0.00196375049152113
12.925765,0.000173136140032172,0.000780145840654733,0.00223791705906295,0.00964226333164629,0.0567112991765579,0.00198488380427846
12.944098,0.000171434806803234,0.000773027309657875,0.00221906893987213,0.00957461527548699,0.0565133148406944,0.00200618804600726
12.962431,0.000169750362089644,0.000765973732520812,0.00220037735581203,0.00950741321622526,0.0563155698156068,0.00202766400655829
12.980764,0.00016808263611324,0.000758984516564534,0.00218184103188384,0.00944065450680019,0.0561180677045127,0.00204931247415436
12.999097,0.000166431460830044,0.000752059074517999,0.00216345870318144,0.00937433651271656,0.0559208120733937,0.00207113423534115
13.01743,0.000164796669912186,0.000745196824468789,0.00214522911481498,0.009308456612022,0.0557238064511517,0.00209313007493811
13.035763,0.000163178098730018,0.00073839718981421,0.00212715102183511,0.00924301219528346,0.0555270543297646,0.00211530077598906
13.054096,0.000161575584334425,0.000731659599212851,0.00210922318915768,0.00917800066556351,0.0553305591644447,0.00213764711971294
13.072429,0.000159988965439319,0.000724983486536567,0.00209144439148895,0.00911341943839581,0.0551343243737958,0.0021601698854544
13.090762,0.000158418082404323,0.000718368290822918,0.00207381341325138,0.00904926594176047,0.0549383533399725,0.00218286985063432
13.109095,0.000156862777217643,0.000711813456228029,0.00205632904850992,0.00898553761605871,0.054742649408839,0.0022057477907004
13.127428,0.000155322893479117,0.000705318431979887,0.00203899010089878,0.00892223191408712,0.0545472158901295,0.00222880447907758
13.145761,0.000153798276383448,0.000698882672332062,0.00202179538354876,0.00885934630101175,0.0543520560576086,0.00225204068711845
13.164094,0.000152288772703619,0.000692505636517853,0.00200474371901507,0.00879687825434131,0.0541571731492327,0.0022754571840537
13.182427,0.000150794230774475,0.000686186788704841,0.00198783393920567,0.00873482526390038,0.0539625703673116,0.00229905473694242
13.20076,0.000149314500476495,0.000679925597949879,0.00197106488531009,0.00867318483180201,0.053768250878671,0.00232283411062245
13.219093,0.000147849433219721,0.000673721538154468,0.00195443540772879,0.0086119544724199,0.0535742178148154,0.0023467960676607
13.237426,0.000146398881927874,0.000667574088020557,0.00193794436600296,0.00855113171236037,0.0533804742720918,0.00237094136830341
13.255759,0.000144962701022621,0.000661482731006739,0.00192159062874492,0.0084907140904337,0.053187023311853,0.00239527077042643
13.274092,0.000143540746408031,0.000655446955284848,0.00190537307356887,0.00843069915762531,0.0529938679606227,0.00241978502948543
13.292425,0.000142132875455176,0.000649466253696956,0.00188929058702227,0.00837108447706647,0.0528010112102601,0.00244448489846618
13.310758,0.00014073894698691,0.000643540123712754,0.00187334206451759,0.00831186762400467,0.0526084560181255,0.0024693711278348
13.329091,0.000139358821262805,0.000637668067387329,0.00185752641026466,0.00825304618577367,0.052416205307246,0.00249444446548792
13.347424,0.000137992359964243,0.000631849591319324,0.00184184253720338,0.00819461776176309,0.0522242619664814,0.00251970565670297
13.365757,0.000136639426179677,0.000626084206609481,0.001826289366937,0.00813657996338791,0.0520326288506916,0.00254515544408838
13.38409,0.000135299884390035,0.000620371428819559,0.00181086582966583,0.00807893041405737,0.0518413087809029,0.00257079456753384
13.402423,0.000133973600454294,0.00061471077793163,0.00179557086412144,0.0080216667491437,0.0516503045444757,0.00259662376416053
13.420756,0.000132660441595193,0.000609101778307743,0.00178040341750134,0.00796478661595051,0.0514596188952723,0.00262264376827148
13.439089,0.000131360276385108,0.000603543958649965,0.00176536244540406,0.00790828767368093,0.0512692545538249,0.0026488553113017
13.457422,0.00013007297473207,0.000598036851960771,0.00175044691176481,0.00785216759340526,0.0510792142075039,0.00267525912176865
13.475755,0.000128798407865941,0.000592579995503814,0.00173565578879149,0.00779642405802863,0.0508895005106868,0.00270185592522248
13.494088,0.00012753644832472,0.000587172930765032,0.00172098805690123,0.00774105476225804,0.050700116084927,0.00272864644419649
13.512421,0.000126286969941013,0.000581815203414132,0.00170644270465732,0.00768605741256945,0.0505110635191229,0.00275563139815743
13.530754,0.000125049847828634,0.000576506363266409,0.00169201872870668,0.00763142972717428,0.0503223453696879,0.00278281150345603
13.549087,0.00012382495836935,0.000571245964244922,0.00167771513371771,0.00757716943598595,0.0501339641607198,0.00281018747327745
13.56742,0.000122612179199772,0.000566033564343008,0.00166353093231858,0.0075232742805859,0.0499459223841705,0.00283776001759189
13.585753,0.000121411389198377,0.000560868725587147,0.00164946514503602,0.00746974201418953,0.0497582225000169,0.002865529843105
13.604086,0.000120222468472674,0.000555751014000158,0.00163551680023454,0.00741657040161184,0.0495708669364305,0.00289349765320874
13.622419,0.000119045298346499,0.000550679999564735,0.00162168493405602,0.00736375721923282,0.0493838580899484,0.0029216641479319
13.640752,0.000117879761347455,0.000545655256187316,0.00160796859035981,0.0073113002549626,0.0491971983256439,0.00295003002389092
13.659085,0.000116725741194469,0.000540676361662277,0.00159436682066326,0.0072591973082064,0.0490108899772971,0.00297859597424076
13.677418,0.0001155831227855,0.00053574289763646,0.00158087868408261,0.00720744618982925,0.0488249353475663,0.00300736268862572
13.695751,0.000114451792185356,0.000530854449574016,0.00156750324727439,0.00715604472212047,0.0486393367081587,0.00303633085313043
13.714084,0.00011333163661366,0.000526010606721582,0.00155423958437721,0.00710499073875805,0.048454096300002,0.00306550115023089
13.732417,0.000112222544432926,0.000521210962073754,0.00154108677695396,0.00705428208477261,0.0482692163334154,0.00309487425874558
13.75075,0.000111124405136771,0.000516455112338902,0.00152804391393445,0.00700391661651136,0.0480846989882809,0.00312445085378671
13.769083,0.000110037109338249,0.000511742657905273,0.00151511009155842,0.00695389220160185,0.0479005464142149,0.0031542316067114
13.787416,0.000108960548758308,0.000507073202807422,0.00150228441331908,0.00690420671891535,0.0477167607307401,0.00318421718507322
13.805749,0.000107894616214367,0.000502446354692932,0.00148956598990689,0.00685485805853034,0.0475333440274561,0.00321440825257352
13.824082,0.000106839205609017,0.000497861724789454,0.00147695393915391,0.00680584412169555,0.0473502983642117,0.00324480546901308
13.842415,0.000105794211918835,0.000493318927872036,0.00146444738597845,0.00675716282079297,0.0471676257712762,0.0032754094902438
13.860748,0.000104759531183324,0.000488817582230757,0.00145204546233019,0.00670881207930075,0.046985328249511,0.00330622096812041
13.879081,0.000103735060493964,0.00048435730963865,0.00143974730713562,0.00666078983175573,0.0468034077705411,0.00333724055045244
13.897414,0.000102720697983379,0.000479937735319925,0.00142755206624399,0.00661309402371605,0.0466218662769266,0.00336846888095622
13.915747,0.000101716342814621,0.000475558487918479,0.00141545889237354,0.00656572261172347,0.0464407056823346,0.00339990659920693
13.93408,0.000100721895170561,0.000471219199466686,0.00140346694505821,0.00651867356326559,0.0462599278717098,0.0034315543405909
13.952413,9.97372562433974e-05,0.00046691950535449,0.00139157539059471,0.00647194485673789,0.0460795347014468,0.00346341273625798
13.970746,9.87623282242715e-05,0.000462659044298754,0.00137978340198993,0.00642553448140572,0.0458995279995607,0.00349548241307406
13.989079,9.77970142929947e-05,0.000458437458312917,0.00136809015890883,0.00637944043736607,0.0457199095658588,0.00352776399357361
14.007412,9.6841218607881e-05,0.000454254392676905,0.00135649484762266,0.00633366073550925,0.0455406811721116,0.0035602580959125
14.025745,9.58948462956876e-05,0.000450109495907327,0.00134499666095751,0.00628819339748048,0.0453618445622236,0.00359296533382094
14.044078,9.49578034416605e-05,0.000446002419727946,0.00133359479824335,0.00624303645564128,0.0451834014524042,0.00362588631655644
14.062411,9.40299970796873e-05,0.00044193281904041,0.00132228846526336,0.00619818795303088,0.0450053535313391,0.00365902164885705
14.080744,9.31113351825488e-05,0.000437900351895257,0.00131107687420366,0.00615364594332733,0.0448277024603601,0.00369237193089468
14.099077,9.22017266522778e-05,0.000433904679463183,0.00129995924360342,0.00610940849080876,0.0446504498736163,0.0037259377582286
14.11741,9.1301081310614e-05,0.000429945466006571,0.00128893479830528,0.00606547367031429,0.0444735973782438,0.00375971972175909
14.135743,9.0409309889565e-05,0.00042602237885128,0.00127800276940625,0.006021839567205,0.0442971465545363,0.00379371840768122
14.154076,8.95263240220603e-05,0.000422135088358694,0.00126716239420887,0.00597850427732475,0.0441210989561149,0.00382793439743885
14.172409,8.86520362327076e-05,0.000418283267898022,0.00125641291617275,0.00593546590696098,0.043945456110098,0.00386236826767882
14.190742,8.77863599286433e-05,0.000414466593818852,0.00124575358486651,0.00589272257280527,0.0437702195172705,0.0038970205902051
14.209075,8.69292093904815e-05,0.00041068474542396,0.00123518365592006,0.00585027240191409,0.043595390652254,0.00393189193193341
14.227408,8.60804997633545e-05,0.00040693740494236,0.00122470239097715,0.00580811353166914,0.0434209709636749,0.00396698285484586
14.245741,8.52401470480506e-05,0.000403224257502605,0.00121430905764844,0.00576624410973794,0.0432469618743344,0.00400229391594578
14.264074,8.44080680922419e-05,0.000399544991106327,0.00120400292946478,0.00572466229403411,0.0430733647813762,0.00403782566721268
14.282407,8.35841805818046e-05,0.000395899296602024,0.00119378328583083,0.00568336625267776,0.0429001810564558,0.00407357865555755
14.30074,8.27684030322325e-05,0.000392286867659084,0.00118364941197917,0.00564235416395565,0.0427274120459079,0.00410955342277824
14.319073,8.19606547801356e-05,0.000388707400742042,0.00117360059892456,0.0056016242162815,0.042555059070915,0.00414575050551504
14.337406,8.11608559748332e-05,0.000385160595085079,0.00116363614341871,0.00556117460815609,0.0423831234276747,0.00418217043520646
14.355739,8.03689275700296e-05,0.000381646152666748,0.00115375534790525,0.00552100354812731,0.042211606387567,0.00421881373804528
14.374072,7.95847913155807e-05,0.000378163778184934,0.00114395752047513,0.00548110925475033,0.0420405091973218,0.00425568093493469
14.392405,7.88083697493444e-05,0.000374713179032039,0.00113424197482231,0.00544148995654751,0.0418698330791851,0.00429277254144475
14.410738,7.80395861891174e-05,0.000371294065270396,0.00112460803019979,0.00540214389196842,0.0416995792310858,0.00433008906776898
14.429071,7.72783647246555e-05,0.000367906149607912,0.00111505501137595,0.0053630693093498,0.041529748826802,0.0043676310186812
14.447404,7.65246302097773e-05,0.000364549147373919,0.00110558224859126,0.00532426446687544,0.0413603430161264,0.00440539889349256
14.465737,7.57783082545498e-05,0.000361222776495261,0.00109618907751525,0.00528572763253604,0.0411913629250322,0.00444339318600888
14.48407,7.50393252175577e-05,0.000357926757472595,0.00108687483920387,0.0052474570840892,0.0410228096558382,0.00448161438448805
14.502403,7.43076081982502e-05,0.000354660813356895,0.00107763888005713,0.00520945110901905,0.0408546842873732,0.00452006297159781
14.520736,7.35830850293704e-05,0.000351424669726196,0.00106848055177704,0.00517170800449624,0.040686987875141,0.00455873942437373
14.539069,7.28656842694613e-05,0.000348218054662521,0.00105939921132591,0.00513422607733767,0.0405197214514844,0.0045976442141773
14.557402,7.21553351954518e-05,0.000345040698729046,0.00105039422088494,0.00509700364396628,0.0403528860257486,0.00463677780665446
14.575735,7.14519677953188e-05,0.00034189233494745,0.0010414649478131,0.00506003903037087,0.0401864825844448,0.00467614066169419
14.594068,7.07555127608265e-05,0.000338772698775488,0.00103261076460637,0.00502333057206579,0.0400205120914134,0.00471573323338745
14.612401,7.0065901480341e-05,0.000335681528084764,0.00102383104885724,0.00498687661405083,0.0398549754879861,0.00475555596998631
14.630734,6.93830660317183e-05,0.000332618563138699,0.00101512518321451,0.0049506755107709,0.0396898736931484,0.00479560931386338
14.649067,6.87069391752699e-05,0.000329583546570713,0.00100649255534345,0.00491472562607582,0.0395252076037015,0.00483589370147145
14.6674,6.80374543467975e-05,0.000326576223362594,0.000997932557886217,0.0048790253331801,0.0393609780944232,0.00487640956330333
14.685733,6.7374545650703e-05,0.000323596340823078,0.000989444588422536,0.00484357301462275,0.0391971860182296,0.00491715732385214
14.704066,6.67181478531688e-05,0.000320643648566608,0.000981028049430753,0.00480836706222701,0.0390338322063349,0.00495813740157167
14.722399,6.606819637541e-05,0.0003177178984923,0.00097268234824914,0.00477340587706026,0.038870917468412,0.004999350208837
14.740732,6.5424627286995e-05,0.000314818844763094,0.00096440689703748,0.0047386878693937,0.038708442592752,0.0050407961519056
14.759065,6.47873772992382e-05,0.000311946243785103,0.000956201112738981,0.00470421145866231,0.0385464083464236,0.00508247563087847
14.777398,6.41563837586584e-05,0.000309099854187135,0.000948064417042431,0.00466997507342466,0.0383848154754318,0.00512438903966159
14.795731,6.35315846405075e-05,0.000306279436800421,0.00093999623634468,0.00463597715132277,0.0382236647048761,0.00516653676592782
14.814064,6.29129185423652e-05,0.000303484754638513,0.000931996001713385,0.00460221613904206,0.0380629567391087,0.00520891919107888
14.832397,6.23003246778003e-05,0.000300715572877377,0.000924063148850031,0.00456869049227125,0.0379026922618919,0.00525153669020766
14.85073,6.16937428700982e-05,0.000297971658835652,0.000916197118053253,0.00453539867566232,0.0377428719365546,0.00529438963206088
14.869063,6.10931135460533e-05,0.000295252781955111,0.00090839735418242,0.00450233916279056,0.0375834964061495,0.00533747837900196
14.887396,6.04983777298254e-05,0.000292558713781278,0.000900663306621491,0.00446951043611452,0.0374245662936088,0.00538080328697425
14.905729,5.99094770368606e-05,0.000289889227944239,0.000892994429243168,0.00443691098693611,0.0372660822018996,0.00542436470546453
14.924062,5.93263536678748e-05,0.000287244100139617,0.000885390180373291,0.00440453931536072,0.0371080447141791,0.00546816297746668
14.942395,5.87489504028988e-05,0.000284623108109726,0.000877850022755523,0.00437239393025733,0.0369504543939492,0.0055121984394459
14.960728,5.8177210595387e-05,0.000282026031624898,0.000870373423516304,0.00434047334921874,0.0367933117852107,0.00555647142130296
14.979061,5.76110781663854e-05,0.000279452652464973,0.000862959854130055,0.00430877609852173,0.0366366174126161,0.00560098224633897
14.997394,5.70504975987606e-05,0.00027690275440097,0.000855608790384668,0.00427730071308742,0.036480371781624,0.00564573123122031
15.015727,5.6495413931489e-05,0.00027437612317691,0.000848319712347236,0.00424604573644154,0.0363245753786505,0.00569071868594398
15.03406,5.59457727540042e-05,0.000271872546491821,0.000841092104330065,0.00421500972067482,0.0361692286712215,0.00573594491380311
15.052393,5.54015202006042e-05,0.000269391813981894,0.000833925454856933,0.00418419122640343,0.0360143321081247,0.005781410211353
15.070726,5.48626029449146e-05,0.000266933717202809,0.0008268192566296,0.00415358882272946,0.03585988611956,0.00582711486837719
15.089059,5.43289681944112e-05,0.000264498049612221,0.000819773006494594,0.00412320108720143,0.0357058911172903,0.0058730591678542
15.107392,5.38005636849982e-05,0.000262084606552405,0.000812786205410233,0.00409302660577497,0.0355523474947914,0.00591924338592418
15.125725,5.32773376756417e-05,0.000259693185233056,0.000805858358413896,0.00406306397277334,0.0353992556274013,0.00596566779185632
15.144058,5.27592389430605e-05,0.000257323584714258,0.000798988974589566,0.00403331179084831,0.0352466158724691,0.0060123326480162
15.162391,5.22462167764699e-05,0.000254975605889589,0.000792177567035596,0.0040037686709408,0.0350944285695033,0.0060592382098337
15.180724,5.17382209723814e-05,0.000252649051469399,0.000785423652832733,0.00397443323224185,0.0349426940403199,0.00610638472577117
15.199057,5.1235201829455e-05,0.000250343725964232,0.000778726753012391,0.00394530410215342,0.0347914125891891,0.00615377243729196
15.21739,5.07371101434053e-05,0.000248059435668395,0.000772086392525154,0.00391637991624945,0.0346405845029821,0.00620140157882915
15.235723,5.02438972019598e-05,0.000245795988643687,0.000765502100209535,0.0038876593182369,0.0344902100513177,0.00624927237775486
15.254056,4.97555147798697e-05,0.000243553194703268,0.00075897340876096,0.00385914095991686,0.0343402894867073,0.00629738505434971
15.272389,4.92719151339714e-05,0.000241330865395681,0.000752499854700999,0.00383082350114571,0.0341908230447002,0.00634573982177266
15.290722,4.87930509983004e-05,0.000239128813989016,0.000746080978346835,0.00380270560979649,0.0340418109440278,0.00639433688603113
15.309055,4.83188755792537e-05,0.00023694685545522,0.000739716323780951,0.00377478596172013,0.0338932533867478,0.00644317644595176
15.327388,4.78493425508035e-05,0.000234784806454547,0.000733405438821076,0.00374706324070696,0.0337451505583873,0.00649225869315109
15.345721,4.73844060497605e-05,0.000232642485320162,0.000727147874990336,0.00371953613844819,0.0335975026280852,0.00654158381200688
15.364054,4.69240206710837e-05,0.000230519712042863,0.000720943187487647,0.00369220335449745,0.0334503097487351,0.00659115197962963
15.382387,4.64681414632425e-05,0.000228416308255968,0.000714790935158343,0.00366506359623251,0.0333035720571263,0.00664096336583475
15.40072,4.60167239236222e-05,0.000226332097220319,0.000708690680465007,0.00363811557881701,0.0331572896740848,0.0066910181331145
15.419053,4.55697239939801e-05,0.000224266903809438,0.00070264198945855,0.00361135802516227,0.0330114627046139,0.00674131643661094
15.437386,4.51270980559468e-05,0.000222220554494806,0.0006966444317495,0.00358478966588923,0.032866091238034,0.0067918584240888
15.455719,4.46888029265749e-05,0.000220192877331287,0.00069069758047952,0.00355840923929045,0.0327211753481216,0.00684264423590899
15.474052,4.4254795853932e-05,0.000218183701942677,0.000684801012293129,0.00353221549129217,0.0325767150932481,0.00689367400500209
15.492385,4.38250345127406e-05,0.00021619285950739,0.000678954307309664,0.00350620717541654,0.0324327105165182,0.00694494785684269
15.510718,4.33994770000616e-05,0.000214220182744272,0.000673157049095442,0.00348038305274385,0.0322891616459063,0.00699646590942378
15.529051,4.2978081831024e-05,0.000212265505898545,0.000667408824636145,0.00345474189187492,0.0321460684943945,0.00704822827323157
15.547384,4.25608079345959e-05,0.000210328664727881,0.000661709224309409,0.00342928246889351,0.0320034310601083,0.00710023505122066
15.565717,4.21476146494013e-05,0.000208409496488598,0.000656057841857635,0.0034040035673289,0.031861249326452,0.00715248633878977
15.58405,4.17384617195792e-05,0.00020650783992199,0.000650454274361008,0.00337890397811855,0.0317195232622444,0.00720498222375746
15.602383,4.13333092906842e-05,0.000204623535240771,0.000644898122210713,0.00335398249957078,0.0315782528218526,0.0072577227863387
15.620716,4.09321179056315e-05,0.000202756424115657,0.000639388989082384,0.00332923793732767,0.0314374379453261,0.0073107080991214
15.639049,4.05348485006807e-05,0.000200906349662055,0.000633926481909722,0.00330466910432792,0.0312970785585301,0.0073639382270436
15.657382,4.01414624014638e-05,0.000199073156426884,0.000628510210858355,0.00328027482076993,0.031157174573278,0.00741741322737084
15.675715,3.97519213190512e-05,0.000197256690375514,0.000623139789299871,0.00325605391407494,0.0310177258874632,0.0074711331496741
15.694048,3.93661873460607e-05,0.00019545679887882,0.00061781483378607,0.0032320052188502,0.030878732385191,0.00752509803580795
15.712381,3.89842229528042e-05,0.00019367333070036,0.000612534964023405,0.00320812757685234,0.0307401939369087,0.00757930791988922
15.730714,3.86059909834757e-05,0.000191906135983667,0.000607299802847635,0.00318441983695084,0.0306021103995364,0.00763376282827592
15.749047,3.82314546523768e-05,0.000190155066239656,0.000602108976198652,0.00316088085509148,0.0304644816165958,0.00768846277954675
15.76738,3.78605775401829e-05,0.000188419974334147,0.00059696211309553,0.00313750949426006,0.03032730741834,0.00774340778448073
15.785713,3.74933235902455e-05,0.000186700714475504,0.000591858845611745,0.00311430462444611,0.0301905876218809,0.00779859784603749
15.804046,3.7129657104934e-05,0.000184997142202384,0.000586798808850604,0.00309126512260672,0.0300543220313176,0.00785403295933773
15.822379,3.67695427420146e-05,0.000183309114371597,0.000581781640920855,0.00306838987263056,0.0299185104378629,0.00790971311164424
15.840712,3.6412945511066e-05,0.000181636489146081,0.00057680698291249,0.00304567776530189,0.0297831526199702,0.0079656382823432
15.859045,3.60598307699319e-05,0.000179979125982981,0.000571874478872735,0.00302312769826475,0.0296482483434587,0.00802180844292593
15.877378,3.57101642212104e-05,0.000178336885621843,0.000566983775782233,0.00300073857598725,0.0295137973616393,0.008078223556971
15.895711,3.53639119087787e-05,0.00017670963007291,0.000562134523531405,0.00297850930972596,0.0293797994154387,0.00813488358012679
15.914044,3.50210402143535e-05,0.00017509722260553,0.000557326374896992,0.00295643881749041,0.0292462542335231,0.0081917884600945
15.932377,3.46815158540873e-05,0.000173499527736664,0.000552558985518796,0.00293452602400766,0.0291131615324224,0.00824893813661129
15.95071,3.43453058751982e-05,0.000171916411219505,0.000547832013876582,0.00291276986068711,0.0289805210166516,0.00830633254143413
15.969043,3.40123776526358e-05,0.000170347740032195,0.00054314512126718,0.00289116926558527,0.028848332378834,0.00836397159832399
15.987376,3.36826988857798e-05,0.000168793382366651,0.000538497971781743,0.0028697231833707,0.028716595299822,0.00842185522303025
16.005709,3.33562375951736e-05,0.000167253207617488,0.000533890232283209,0.00284843056528915,0.028585309448818,0.00847998332327571
16.024042,3.30329621192902e-05,0.000165727086371043,0.000529321572383915,0.00282729036912863,0.0284544744834945,0.00853835579874193
16.042375,3.27128411113317e-05,0.000164214890394505,0.000524791664423399,0.00280630155918478,0.0283240900501138,0.00859697254105498
16.060708,3.23958435360618e-05,0.000162716492625136,0.000520300183446377,0.00278546310622623,0.0281941557836469,0.00865583343377158
16.079041,3.20819386666705e-05,0.000161231767159601,0.000515846807180881,0.00276477398746015,0.0280646713078913,0.0087149383523657
16.097374,3.177109608167e-05,0.000159760589243378,0.000511431216016577,0.00274423318649787,0.0279356362355893,0.00877428716421548
16.115707,3.1463285661824e-05,0.000158302835260289,0.000507053092983256,0.00272383969332064,0.0278070501685445,0.00883387972859073
16.13404,3.11584775871065e-05,0.0001568583827221,0.000502712123729479,0.00270359250424546,0.0276789126977386,0.00889371589664052
16.152373,3.08566423336934e-05,0.00015542711025824,0.000498407996501407,0.00268349062189114,0.0275512234034466,0.0089537955113816
16.170706,3.05577506709835e-05,0.000154008897605595,0.000494140402121777,0.00266353305514434,0.0274239818553524,0.0090141184076869
16.189039,3.02617736586504e-05,0.000152603625598405,0.000489909033969065,0.00264371881912584,0.0272971876126631,0.00907468441227459
16.207372,2.99686826437252e-05,0.000151211176158255,0.000485713587956798,0.00262404693515685,0.0271708402242227,0.00913549334369752
16.225705,2.96784492577071e-05,0.000149831432284148,0.000481553762513024,0.00260451643072546,0.0270449392286254,0.009196545012333
16.244038,2.93910454137058e-05,0.000148464278042675,0.000477429258559962,0.00258512633945328,0.0269194841543285,0.00925783922037328
16.262371,2.91064433036113e-05,0.000147109598558278,0.000473339779493792,0.00256587570106208,0.0267944745197638,0.00931937576181597
16.280704,2.88246153952934e-05,0.000145767280003591,0.000469285031164615,0.00254676356134062,0.0266699098334495,0.00938115442245531
16.299037,2.85455344298296e-05,0.000144437209589882,0.000465264721856567,0.00252778897211162,0.0265457895941003,0.00944317497987366
16.31737,2.82691734187611e-05,0.000143119275557571,0.00046127856226809,0.00250895099119882,0.0264221132907379,0.00950543720343335
16.335703,2.79955056413769e-05,0.00014181336716684,0.000457326265492357,0.0024902486823941,0.0262988804028004,0.00956794085426918
16.354036,2.77245046420258e-05,0.000140519374688333,0.000453407546997856,0.00247168111542488,0.0261760904002509,0.00963068568528099
16.372369,2.74561442274551e-05,0.000139237189393929,0.000449522124609116,0.00245324736592147,0.0260537427436858,0.00969367144112703
16.390702,2.71903984641775e-05,0.000137966703547611,0.000445669718487592,0.00243494651538467,0.0259318368844423,0.00975689785821743
16.409035,2.69272416758637e-05,0.00013670781039641,0.000441850051112707,0.0024167776511534,0.0258103722647054,0.00982036466470827
16.427368,2.66666484407623e-05,0.000135460404161439,0.000438062847263029,0.00239873986637252,0.0256893483176142,0.009884071580496
16.445701,2.64085935891455e-05,0.000134224380029001,0.000434307833997603,0.00238083225996074,0.0255687644673674,0.00994801831721236
16.464034,2.61530522007814e-05,0.000132999634141786,0.00043058474063744,0.00236305393657866,0.0254486201293287,0.0100122045782196
16.482367,2.58999996024314e-05,0.000131786063590138,0.000426893298747128,0.00234540400659693,0.0253289147101306,0.010076630058606
16.5007,2.56494113653733e-05,0.000130583566403416,0.000423233242116615,0.00232788158606454,0.025209647607779,0.0101412944451823
16.519033,2.54012633029498e-05,0.00012939204154142,0.000419604306743117,0.00231048579667722,0.0250908182117556,0.0102061974164782
16.537366,2.51555314681417e-05,0.000128211388885903,0.000416006230813177,0.002293215765746,0.024972425903121,0.010271338642739
16.555699,2.49121921511659e-05,0.00012704150923216,0.000412438754684865,0.00227607062616582,0.0248544700546163,0.0103367177859233
16.574032,2.46712218770974e-05,0.000125882304280688,0.000408901620870112,0.00225904951638437,0.0247369500307648,0.0104023344997005
16.592365,2.44325974035166e-05,0.000124733676628933,0.0004053945740172,0.00224215158037096,0.0246198651879719,0.0104681884294492
16.610698,2.4196295718179e-05,0.000123595529763098,0.000401917360893365,0.00222537596758556,0.0245032148746262,0.010534279212256
16.629031,2.396229403671e-05,0.000122467768050041,0.000398469730367566,0.00220872183294796,0.0243869984311981,0.0106006064769141
16.647364,2.37305698003218e-05,0.000121350296729232,0.000395051433393365,0.00219218833680704,0.0242712151903391,0.0106671698439232
16.665697,2.35011006735551e-05,0.000120243021904796,0.000391662222991965,0.00217577464491017,0.0241558644769798,0.010733968925489
16.68403,2.32738645420416e-05,0.000119145850537624,0.000388301854235358,0.00215947992837278,0.0240409456084275,0.0108010033255238
16.702363,2.30488395102916e-05,0.000118058690437549,0.000384970084229633,0.00214330336364797,0.0239264578944635,0.0108682726396473
16.720696,2.28260038995022e-05,0.000116981450255607,0.000381666672098391,0.00212724413249629,0.0238124006374389,0.0109357764551872
16.739029,2.26053362453887e-05,0.000115914039476357,0.000378391378966313,0.0021113014219557,0.0236987731323709,0.0110035143511815
16.757362,2.23868152960377e-05,0.000114856368410277,0.000375143967942841,0.00209547442431153,0.0235855746670377,0.0110714858983798
16.775695,2.21704200097821e-05,0.000113808348186226,0.000371924204106001,0.00207976233706667,0.0234728045220729,0.0111396906592464
16.794028,2.19561295530975e-05,0.000112769890743981,0.000368731854486348,0.00206416436291188,0.0233604619710598,0.0112081281879623
16.812361,2.17439232985204e-05,0.000111740908826831,0.000365566688051035,0.00204867970969613,0.0232485462806244,0.0112767980304292
16.830694,2.15337808225865e-05,0.000110721315974252,0.000362428475688021,0.00203330759039717,0.0231370567105282,0.0113456997242726
16.849027,2.13256819037913e-05,0.000109711026514638,0.00035931699019039,0.0020180472230922,0.0230259925137606,0.0114148327988462
16.86736,2.11196065205703e-05,0.000108709955558102,0.000356232006240806,0.00200289783092864,0.0229153529366299,0.0114841967752363
16.885693,2.09155348493e-05,0.000107718018989347,0.000353173300396081,0.001987858642095,0.0228051372188544,0.0115537911662665
16.904026,2.07134472623194e-05,0.000106735133460595,0.000350140651071876,0.00197292888979197,0.0226953445936531,0.0116236154765033
16.922359,2.05133243259711e-05,0.000105761216384584,0.000347133838527516,0.00195810781220355,0.0225859742878348,0.0116936692022617
16.940692,2.03151467986627e-05,0.000104796185927628,0.000344152644850931,0.00194339465246834,0.0224770255218876,0.0117639518316114
16.959025,2.01188956289475e-05,0.000103839961002744,0.000341196853943711,0.00192878865865092,0.0223684975100673,0.0118344628443833
16.977358,1.99245519536249e-05,0.000102892461262837,0.000338266251506289,0.00191428908371343,0.0222603894604853,0.0119052017121764
16.995691,1.97320970958596e-05,0.000101953607093945,0.000335360625023228,0.00189989518548722,0.0221527005751961,0.0119761678983652
17.014024,1.95415125633207e-05,0.000101023319608555,0.000332479763748641,0.00188560622664457,0.0220454300502834,0.0120473608581077
17.032357,1.93527800463387e-05,0.000100101520638974,0.000329623458691717,0.00187142147467069,0.0219385770759475,0.0121187800383536
17.05069,1.91658814160813e-05,9.91881327307551e-05,0.000326791502602364,0.0018573402018357,0.0218321408365893,0.0121904248778523
17.069023,1.89807987227487e-05,9.82830791361967e-05,0.000323983689956968,0.00184336168516678,0.0217261205108966,0.012262294807163
17.087356,1.87975141937855e-05,9.73862838078894e-05,0.000321199816944266,0.0018294852064205,0.0216205152719278,0.0123343892486631
17.105689,1.86160102321122e-05,9.64976713923268e-05,0.000318439681451328,0.00181571005205516,0.0215153242871956,0.0124067076165587
17.124022,1.84362694143736e-05,9.56171672235751e-05,0.00031570308304966,0.0018020355132034,0.0214105467187508,0.0124792493168945
17.142355,1.82582744892053e-05,9.47446973169976e-05,0.000312989822981401,0.00178846088564478,0.0213061817232643,0.0125520137475647
17.160688,1.80820083755179e-05,9.38801883630398e-05,0.00031029970414565,0.0017749854697786,0.0212022284521096,0.0126250002983239
17.179021,1.79074541607981e-05,9.30235677210683e-05,0.000307632531084888,0.00176160857059681,0.0210986860514443,0.0126982083507985
17.197354,1.77345950994272e-05,9.21747634132672e-05,0.000304988109971514,0.00174832949765702,0.0209955536622903,0.0127716372784989
17.215687,1.75634146110167e-05,9.13337041185915e-05,0.00030236624859449,0.00173514756505564,0.0208928304206152,0.0128452864468315
17.23402,1.73938962787606e-05,9.05003191667722e-05,0.000299766756346086,0.00172206209140119,0.0207905154574112,0.0129191552131113
17.252353,1.72260238478045e-05,8.96745385323802e-05,0.000297189444208742,0.00170907239978767,0.0206886078987749,0.0129932429265752
17.270686,1.70597812236307e-05,8.88562928289411e-05,0.000294634124742022,0.0016961778177681,0.0205871068659853,0.0130675489283953
17.289019,1.68951524704603e-05,8.80455133031056e-05,0.000292100612069684,0.00168337767732813,0.0204860114755824,0.0131420725516932
17.307352,1.67321218096706e-05,8.72421318288719e-05,0.000289588721866846,0.00167067131485987,0.0203853208394443,0.0132168131215535
17.325685,1.65706736182297e-05,8.64460809018626e-05,0.000287098271347259,0.00165805807113571,0.0202850340648647,0.013291769955039
17.344018,1.64107924271456e-05,8.56572936336508e-05,0.000284629079250676,0.00164553729128239,0.0201851502546283,0.0133669423612058
17.362351,1.62524629199315e-05,8.48757037461417e-05,0.000282180965830335,0.00163310832475509,0.0200856685070877,0.0134423296411186
17.380684,1.60956699310869e-05,8.41012455660019e-05,0.000279753752840523,0.00162077052531174,0.0199865879162378,0.0135179310878665
17.399017,1.59403984445936e-05,8.33338540191426e-05,0.000277347263524257,0.00160852325098735,0.019887907571791,0.0135937459865792
17.41735,1.57866335924269e-05,8.25734646252505e-05,0.000274961322601057,0.00159636586406851,0.0197896265592509,0.0136697736144441
17.435683,1.56343606530823e-05,8.18200134923708e-05,0.000272595756254815,0.00158429773106807,0.0196917439599865,0.0137460132407226
17.454016,1.54835650501158e-05,8.10734373115377e-05,0.000270250392121762,0.00157231822269984,0.0195942588513047,0.0138224641267681
17.472349,1.5334232350701e-05,8.03336733514561e-05,0.000267925059278538,0.00156042671385343,0.019497170306523,0.0138991255260435
17.490682,1.51863482641984e-05,7.96006594532292e-05,0.000265619588230346,0.00154862258356931,0.0194004773950414,0.0139759966841394
17.509015,1.50398986407412e-05,7.88743340251368e-05,0.000263333810899217,0.00153690521501385,0.0193041791824138,0.014053076838793
17.527348,1.48948694698335e-05,7.81546360374589e-05,0.000261067560612348,0.00152527399545457,0.0192082747304191,0.0141303652199065
17.545681,1.47512468789646e-05,7.74415050173489e-05,0.000258820672090559,0.00151372831623552,0.0191127630971311,0.0142078610495668
17.564014,1.46090171322353e-05,7.6734881043751e-05,0.00025659298143682,0.00150226757275268,0.0190176433369885,0.0142855635420653
17.582347,1.4468166628999e-05,7.60347047423665e-05,0.00025438432612488,0.0014908911644296,0.0189229145008642,0.0143634719039175
17.60068,1.43286819025171e-05,7.53409172806643e-05,0.000252194544987994,0.0014795984946931,0.018828575636134,0.0144415853338841
17.619013,1.41905496186267e-05,7.46534603629371e-05,0.000250023478207729,0.00146838897094906,0.0187346257867448,0.0145199030229914
17.637346,1.40537565744223e-05,7.39722762254043e-05,0.000247870967302862,0.00145726200455842,0.0186410639932819,0.0145984241545526
17.655679,1.39182896969512e-05,7.32973076313568e-05,0.000245736855118377,0.00144621701081319,0.0185478892930367,0.0146771479041896
17.674012,1.37841360419208e-05,7.26284978663492e-05,0.00024362098581454,0.00143525340891267,0.018455100720073,0.0147560734398546
17.692345,1.36512827924204e-05,7.19657907334329e-05,0.000241523204856064,0.00142437062193972,0.0183626973052929,0.0148351999218529
17.710678,1.35197172576548e-05,7.13091305484356e-05,0.000239443359001368,0.00141356807683721,0.0182706780765027,0.014914526502865
17.729011,1.33894268716913e-05,7.06584621352809e-05,0.000237381296291911,0.00140284520438451,0.0181790420584778,0.0149940523279705
17.747344,1.32603991922185e-05,7.00137308213536e-05,0.000235336866041624,0.00139220143917421,0.0180877882730272,0.0150737765346705
17.765677,1.31326218993185e-05,6.93748824329045e-05,0.000233309918826418,0.00138163621958879,0.0179969157390574,0.0151536982529122
17.78401,1.30060827942508e-05,6.87418632904997e-05,0.000231300306473784,0.00137114898777761,0.0179064234726362,0.0152338166051129
17.802343,1.28807697982489e-05,6.8114620204509e-05,0.000229307882052467,0.00136073918963385,0.0178163104870552,0.0153141307061841
17.820676,1.27566709513284e-05,6.7493100470637e-05,0.000227332499862235,0.00135040627477164,0.0177265757928929,0.015394639663557
17.839009,1.26337744111078e-05,6.68772518654955e-05,0.000225374015423722,0.00134014969650331,0.0176372183980761,0.0154753425772071
17.857342,1.25120684516406e-05,6.62670226422137e-05,0.000223432285468357,0.0013299689118167,0.0175482373079416,0.0155562385396803
17.875675,1.23915414622593e-05,6.5662361526092e-05,0.000221507167928373,0.00131986338135267,0.0174596315252972,0.0156373266361185
17.894008,1.2272181946431e-05,6.50632177102919e-05,0.000219598521926893,0.00130983256938266,0.0173714000504822,0.0157186059442861
17.912341,1.21539785206248e-05,6.44695408515686e-05,0.000217706207768106,0.00129987594378639,0.0172835418814272,0.0158000755345964
17.930674,1.20369199131898e-05,6.38812810660393e-05,0.000215830086927514,0.00128999297602964,0.0171960560137135,0.015881734470139
17.949007,1.19209949632455e-05,6.32983889249931e-05,0.000213970022042258,0.00128018314114221,0.0171089414406324,0.0159635818067065
17.96734,1.18061926195822e-05,6.27208154507366e-05,0.000212125876901524,0.00127044591769594,0.0170221971532434,0.016045616592823
17.985673,1.16925019395733e-05,6.21485121124793e-05,0.000210297516437031,0.00126078078778286,0.0169358221404325,0.0161278378697711
18.004006,1.1579912088098e-05,6.15814308222554e-05,0.000208484806713588,0.00125118723699343,0.0168498153889692,0.0162102446716213
18.022339,1.14684123364748e-05,6.10195239308835e-05,0.000206687614919731,0.00124166475439495,0.016764175883564,0.0162928360252597
18.040672,1.13579920614065e-05,6.04627442239624e-05,0.000204905809358438,0.00123221283251004,0.0166789026069248,0.016375610950418
18.059005,1.12486407439344e-05,5.99110449179042e-05,0.000203139259437915,0.0012228309672952,0.0165939945398129,0.0164585684597021
18.077338,1.11403479684045e-05,5.93643796560036e-05,0.000201387835662461,0.00121351865811959,0.0165094506610984,0.0165417075586222
18.095671,1.10331034214426e-05,5.8822702504542e-05,0.000199651409623399,0.00120427540774375,0.016425269947816,0.0166250272456224
18.114004,1.0926896890941e-05,5.82859679489285e-05,0.000197929853990093,0.00119510072229866,0.0163414513752187,0.0167085265121119
18.132337,1.08217182650547e-05,5.77541308898754e-05,0.000196223042501028,0.00118599411126465,0.0162579939168326,0.0167922043424945
18.15067,1.07175575312075e-05,5.72271466396087e-05,0.000194530849954961,0.00117695508745067,0.0161748965445106,0.0168760597142007
18.169003,1.06144047751082e-05,5.67049709181129e-05,0.000192853152202154,0.00116798316697347,0.0160921582284851,0.0169600915977183
18.187336,1.05122501797772e-05,5.61875598494111e-05,0.000191189826135669,0.001159077869237,0.0160097779374214,0.0170442989566243
18.205669,1.04110840245824e-05,5.56748699578772e-05,0.000189540749682734,0.00115023871691191,0.0159277546384695,0.0171286807476171
18.224002,1.03108966842841e-05,5.51668581645842e-05,0.000187905801796187,0.0011414652359151,0.0158460872973164,0.0172132359205481
18.242335,1.0211678628091e-05,5.4663481783683e-05,0.000186284862445976,0.00113275695538947,0.015764774878237,0.0172979634184551
18.260668,1.01134204187243e-05,5.41646985188172e-05,0.000184677812610745,0.00112411340768367,0.0156838163441455,0.0173828621775945
18.279001,1.00161127114918e-05,5.36704664595678e-05,0.000183084534269471,0.00111553412833207,0.0156032106566455,0.017467931127475
18.297334,9.91974625337124e-06,5.31807440779325e-05,0.000181504910393182,0.00110701865603471,0.0155229567760803,0.0175531691908909
18.315667,9.82431188210266e-06,5.26954902248363e-05,0.000179938824936736,0.00109856653263751,0.0154430536615821,0.0176385752839559
18.334,9.72980052528989e-06,5.22146641266734e-05,0.000178386162830665,0.00109017730311247,0.0153635002711217,0.0177241483161374
18.352333,9.63620319951108e-06,5.17382253818814e-05,0.000176846809973093,0.00108185051553797,0.0152842955615567,0.0178098871902906
18.370666,9.54351100943822e-06,5.12661339575469e-05,0.000175320653221712,0.0010735857210793,0.0152054384886801,0.0178957908026934
18.388999,9.4517151469652e-06,5.07983501860413e-05,0.000173807580385828,0.00106538247396913,0.0151269280072676,0.0179818580430819
18.407332,9.3608068903449e-06,5.0334834761688e-05,0.000172307480218466,0.00105724033148824,0.0150487630711256,0.0180680877946844
18.425665,9.27077760333468e-06,4.98755487374594e-05,0.000170820242408548,0.00104915885394623,0.0149709426331377,0.0181544789342586
18.443998,9.18161873435064e-06,4.94204535217047e-05,0.000169345757573126,0.00104113760466241,0.0148934656453114,0.0182410303321263
18.462331,9.09332181563009e-06,4.8969510874907e-05,0.000167883917249684,0.00103317614994676,0.014816331058824,0.0183277408522102
18.480664,9.00587846240255e-06,4.85226829064704e-05,0.000166434613888498,0.00102527405908102,0.0147395378240684,0.0184146093520701
18.498997,8.91928037206909e-06,4.80799320715362e-05,0.000164997740845065,0.00101743090429988,0.0146630848906984,0.0185016346829395
18.51733,8.83351932338967e-06,4.76412211678277e-05,0.000163573192372583,0.0010096462607722,0.0145869712076731,0.0185888156897631
18.535663,8.74858717567888e-06,4.72065133325251e-05,0.000162160863614506,0.00100191970658248,0.0145111957233017,0.0186761512112337
18.553996,8.66447586800939e-06,4.67757720391676e-05,0.000160760650597143,0.00099425082271226,0.0144357573852873,0.01876364007983
18.572329,8.58117741842369e-06,4.63489610945841e-05,0.000159372450222335,0.00098663919302178,0.0143606551407703,0.018851281121854
18.590662,8.49868392315348e-06,4.59260446358524e-05,0.00015799616026018,0.000979084404231615,0.0142858879363718,0.0189390731574698
18.608995,8.416987555847e-06,4.55069871272858e-05,0.000156631679341819,0.000971586045904505,0.014211454718236,0.0190270150007414
18.627328,8.3360805668039e-06,4.50917533574469e-05,0.000155278906952282,0.000964143710427213,0.0141373544320727,0.0191151054596718
18.645661,8.25595528221801e-06,4.46803084361893e-05,0.000153937743423396,0.000956756992992542,0.0140635860231992,0.0192033433362413
18.663994,8.17660410342737e-06,4.42726177917256e-05,0.000152608089926744,0.000949425491581404,0.0139901484365817,0.0192917274264476
18.682327,8.09801950617212e-06,4.38686471677229e-05,0.000151289848466686,0.000942148806945026,0.0139170406168764,0.0193802565203441
18.70066,8.02019403985934e-06,4.34683626204239e-05,0.000149982921873436,0.000934926542587228,0.0138442615084701,0.0194689294020805
18.718993,7.94312032683569e-06,4.30717305157954e-05,0.000148687213796195,0.000927758304746826,0.0137718100555209,0.0195577448499424
18.737326,7.86679106166696e-06,4.26787175267013e-05,0.00014740262869634,0.000920643702380092,0.0136996852019974,0.0196467016363914
18.755659,7.79119901042505e-06,4.22892906301034e-05,0.00014612907184067,0.000913582347143367,0.0136278858917187,0.0197357985281055
18.773992,7.71633700998186e-06,4.19034171042856e-05,0.000144866449294703,0.000906573853375723,0.0135564110683934,0.0198250342860201
18.792325,7.64219796731046e-06,4.15210645261052e-05,0.000143614667916038,0.00089961783808175,0.0134852596756583,0.0199144076653687
18.810658,7.56877485879295e-06,4.11422007682678e-05,0.000142373635347752,0.000892713920914427,0.0134144306571165,0.0200039174157238
18.828991,7.49606072953551e-06,4.07667939966288e-05,0.000141143260011878,0.000885861724158101,0.0133439229563758,0.020093562281039
18.847324,7.42404869269009e-06,4.03948126675173e-05,0.000139923451102907,0.000879060872711546,0.0132737355170858,0.0201833409996898
18.865657,7.35273192878289e-06,4.00262255250868e-05,0.000138714118581366,0.000872310994071128,0.0132038672829754,0.0202732523045163
18.88399,7.28210368504966e-06,3.96610015986881e-05,0.000137515173167441,0.000865611718314073,0.0131343171978893,0.0203632949228645
18.902323,7.21215727477743e-06,3.92991102002673e-05,0.000136326526334643,0.000858962678081807,0.0130650842058246,0.0204534675766292
18.920656,7.14288607665301e-06,3.89405209217874e-05,0.000135148090303541,0.000852363508563413,0.0129961672509671,0.0205437689822962
18.938989,7.07428353411781e-06,3.85852036326727e-05,0.000133979778035538,0.000845813847479167,0.0129275652777263,0.0206341978509856
18.957322,7.00634315472921e-06,3.82331284772778e-05,0.000132821503226697,0.000839313335064181,0.0128592772307713,0.0207247528884938
18.975655,6.93905850952819e-06,3.78842658723782e-05,0.000131673180301621,0.000832861614052119,0.0127913020550657,0.020815432795338
18.993988,6.8724232324134e-06,3.75385865046854e-05,0.000130534724407381,0.000826458329659034,0.0127236386959016,0.0209062362667985
19.012321,6.80643101952126e-06,3.7196061328383e-05,0.000129406051407495,0.000820103129567269,0.0126562860989346,0.0209971619929628
19.030654,6.74107562861255e-06,3.68566615626868e-05,0.000128287077875958,0.000813795663909469,0.0125892432102172,0.0210882086587698
19.048987,6.6763508784647e-06,3.65203586894259e-05,0.000127177721091313,0.00080753558525268,0.012522508976232,0.0211793749440531
19.06732,6.61225064827052e-06,3.61871244506471e-05,0.000126077899030782,0.000801322548582533,0.0124560823439258,0.0212706595235857
19.085653,6.54876887704265e-06,3.585693084624e-05,0.000124987530364436,0.000795156211287527,0.0123899622607412,0.0213620610671245
19.103986,6.48589956302407e-06,3.55297501315842e-05,0.000123906534449418,0.000789036233143399,0.0123241476746499,0.021453578239455
19.122319,6.42363676310446e-06,3.52055548152187e-05,0.000122834831324211,0.000782962276297584,0.0122586375341844,0.0215452097004356
19.140652,6.36197459224232e-06,3.48843176565313e-05,0.000121772341702952,0.000776934005253765,0.0121934307884697,0.0216369541050433
19.158985,6.30090722289294e-06,3.456601166347e-05,0.000120718986969797,0.000770951086856515,0.012128526387255,0.0217288101034189
19.177318,6.24042888444189e-06,3.42506100902748e-05,0.000119674689173327,0.000765013190276019,0.0120639232809442,0.0218207763409118
19.195651,6.18053386264438e-06,3.39380864352307e-05,0.000118639371021003,0.000759119986992898,0.0119996204206271,0.0219128514581262
19.213984,6.12121649906998e-06,3.36284144384404e-05,0.000117612955873667,0.000753271150783111,0.0119356167581097,0.0220050340909668
19.232317,6.062471190553e-06,3.33215680796182e-05,0.000116595367740083,0.000747466357702947,0.0118719112459439,0.0220973228706846
19.25065,6.00429238864826e-06,3.30175215759034e-05,0.000115586531271532,0.000741705286074104,0.0118085028374573,0.0221897164239231
19.268983,5.94667459909242e-06,3.27162493796943e-05,0.000114586371756444,0.000735987616468864,0.0117453904867829,0.0222822133727648
19.287316,5.88961238127033e-06,3.24177261765008e-05,0.000113594815115073,0.000730313031695331,0.0116825731488877,0.0223748123347775
19.305649,5.83310034768716e-06,3.21219268828183e-05,0.000112611787894226,0.000724681216782793,0.0116200497796016,0.0224675119230609
19.323982,5.77713316344533e-06,3.18288266440191e-05,0.000111637217262021,0.000719091858967125,0.0115578193356456,0.0225603107462937
19.342315,5.72170554572698e-06,3.15384008322645e-05,0.000110671031002698,0.000713544647676317,0.0114958807746601,0.0226532074087804
19.360648,5.66681226328133e-06,3.12506250444357e-05,0.000109713157511473,0.000708039274516062,0.0114342330552324,0.0227462005104987
19.378981,5.6124481359173e-06,3.09654751000827e-05,0.000108763525789427,0.000702575433255437,0.0113728751369244,0.0228392886471463
19.397314,5.55860803400111e-06,3.06829270393926e-05,0.000107822065438442,0.00069715281981267,0.0113118059802992,0.022932470410189
19.415647,5.50528687795891e-06,3.04029571211772e-05,0.000106888706656182,0.000691771132240994,0.0112510245469483,0.0230257443869079
19.43398,5.4524796377842e-06,3.01255418208769e-05,0.000105963380231105,0.000686430070714565,0.0111905297995179,0.0231191091604473
19.452313,5.40018133255043e-06,2.98506578285851e-05,0.000105046017537528,0.000681129337514494,0.0111303207017349,0.0232125633098626
19.470646,5.34838702992815e-06,2.95782820470888e-05,0.000104136550530722,0.000675868637014935,0.0110703962184331,0.0233061054101686
19.488979,5.29709184570711e-06,2.93083915899285e-05,0.000103234911742057,0.000670647675669267,0.0110107553155784,0.0233997340323872
19.507312,5.24629094332309e-06,2.90409637794747e-05,0.000102341034274178,0.000665466161996361,0.010951396960294,0.0234934477435963
19.525645,5.19597953338942e-06,2.87759761450225e-05,0.000101454851796227,0.000660323806566915,0.0108923201208857,0.023587245106978
19.543978,5.14615287323307e-06,2.85134064209037e-05,0.000100576298539104,0.000655220321989893,0.010833523766866,0.0236811246818672
19.562311,5.09680626643554e-06,2.82532325446156e-05,9.97053092907609e-05,0.000650155422899017,0.010775006868979,0.0237750850238004
19.580644,5.04793506237803e-06,2.79954326549674e-05,9.88418193915421e-05,0.00064512882593936,0.0107167683992237,0.0238691246845648
19.598977,4.99953465579144e-06,2.77399850902434e-05,9.79857647295594e-05,0.000640140249754015,0.0106588073308784,0.0239632422122468
19.61731,4.95160048631053e-06,2.74868683863826e-05,9.71370817361045e-05,0.000635189414970833,0.0106011226385238,0.0240574361512816
19.635643,4.90412803803273e-06,2.72360612751753e-05,9.62957073811012e-05,0.000630276044189255,0.0105437132980661,0.0241517050425024
19.653976,4.85711283908123e-06,2.69875426824761e-05,9.54615791685943e-05,0.000625399861967217,0.0104865782867602,0.0242460474231894
19.672309,4.81055046117238e-06,2.6741291726433e-05,9.46346351322755e-05,0.000620560594808126,0.0104297165832316,0.0243404618271195
19.690642,4.76443651918747e-06,2.64972877157331e-05,9.38148138310466e-05,0.000615757971147929,0.0103731271674995,0.0244349467846164
19.708975,4.71876667074864e-06,2.62555101478635e-05,9.30020543446183e-05,0.000610991721342241,0.0103168090209981,0.0245295008225994
19.727308,4.67353661579914e-06,2.6015938707389e-05,9.21962962691473e-05,0.000606261577653573,0.0102607611265988,0.0246241224646335
19.745641,4.62874209618756e-06,2.57785532642448e-05,9.13974797129072e-05,0.000601567274238616,0.0102049824686313,0.0247188102309799
19.763974,4.58437889525642e-06,2.55433338720454e-05,9.06055452919967e-05,0.000596908547135614,0.0101494720329049,0.0248135626386454
19.782307,4.5404428374346e-06,2.53102607664083e-05,8.98204341260824e-05,0.000592285134251814,0.0100942288067295,0.0249083782014325
19.80064,4.496929787834e-06,2.50793143632935e-05,8.90420878341774e-05,0.000587696775350975,0.0100392517789361,0.0250032554299899
19.818973,4.45383565185002e-06,2.48504752573576e-05,8.82704485304531e-05,0.000583143212040979,0.00998453993989679,0.0250981928318628
19.837306,4.41115637476623e-06,2.46237242203237e-05,8.75054588200884e-05,0.000578624187761497,0.0099300922815456,0.0251931889115431
19.855639,4.36888794136269e-06,2.43990421993655e-05,8.67470617951508e-05,0.000574139447771734,0.00987590779739763,0.0252882421705198
19.873972,4.32702637552837e-06,2.41764103155064e-05,8.59952010305123e-05,0.000569688739138257,0.00982198548256881,0.0253833511073301
19.892305,4.28556773987727e-06,2.39558098620332e-05,8.52498205797993e-05,0.000565271810722882,0.00976832433379526,0.0254785142176091
19.910638,4.24450813536844e-06,2.37372223029242e-05,8.4510864971376e-05,0.000560888413170649,0.00971492334945216,0.0255737299941418
19.928971,4.20384370092968e-06,2.3520629271292e-05,8.37782792043603e-05,0.000556538298897866,0.00966178152957259,0.0256689969269127
19.947304,4.163570613085e-06,2.33060125678398e-05,8.3052008744673e-05,0.000552221222080216,0.00960889787586595,0.0257643135031573
19.965637,4.12368508558582e-06,2.30933541593324e-05,8.23319995211205e-05,0.000547936938640954,0.00955627139173633,0.025859678207413
19.98397,4.0841833690457e-06,2.28826361770809e-05,8.16181979215083e-05,0.000543685206239161,0.00950390108230029,0.0259550895215699
20.002303,4.04506175057885e-06,2.26738409154416e-05,8.09105507887886e-05,0.000539465784258079,0.0094517859544048,0.0260505459249221
20.020636,4.006316553442e-06,2.24669508303275e-05,8.02090054172369e-05,0.000535278433793509,0.00939992501664457,0.026146045894219
20.038969,3.9679441366801e-06,2.22619485377353e-05,7.95135095486643e-05,0.000531122917642295,0.00934831727937936,0.0262415879037157
20.057302,3.92994089477521e-06,2.20588168122834e-05,7.88240113686566e-05,0.000526999000290859,0.00929696175475093,0.0263371704252256
20.075635,3.89230325729915e-06,2.18575385857655e-05,7.81404595028487e-05,0.000522906447903824,0.00924585745669983,0.0264327919281701
20.093968,3.85502768856936e-06,2.16580969457163e-05,7.74628030132268e-05,0.000518845028312694,0.00919500340098179,0.0265284508796315
20.112301,3.81811068730833e-06,2.14604751339899e-05,7.6790991394462e-05,0.00051481451100461,0.00914439860518412,0.0266241457444035
20.130634,3.7815487863063e-06,2.12646565453522e-05,7.61249745702764e-05,0.00051081466711118,0.00909404208874163,0.0267198749850428
20.148967,3.74533855208732e-06,2.10706247260854e-05,7.54647028898352e-05,0.000506845269397364,0.00904393287295241,0.0268156370619211
20.1673,3.70947658457865e-06,2.08783633726058e-05,7.4810127124173e-05,0.000502906092250445,0.00899406998099344,0.0269114304332758
20.185633,3.67395951678335e-06,2.06878563300933e-05,7.41611984626461e-05,0.000498996911669046,0.00894445243793583,0.0270072535552624
20.203966,3.63878401445623e-06,2.04990875911345e-05,7.35178685094172e-05,0.000495117505252245,0.00889507927075994,0.0271031048820057
20.222299,3.60394677578283e-06,2.03120412943776e-05,7.28800892799663e-05,0.000491267652188724,0.00884594950837022,0.0271989828656515
20.240632,3.56944453106177e-06,2.01267017231993e-05,7.22478131976339e-05,0.000487447133246016,0.00879706218160982,0.0272948859564185
20.258965,3.53527404239008e-06,1.99430533043846e-05,7.16209930901891e-05,0.000483655730759794,0.00874841632327496,0.0273908126026498
20.277298,3.50143210335171e-06,1.97610806068181e-05,7.09995821864294e-05,0.00047989322862324,0.00870001096812918,0.0274867612508647
20.295631,3.46791553870914e-06,1.95807683401873e-05,7.0383534112807e-05,0.00047615941227648,0.00865184515291718,0.0275827303458104
20.313964,3.43472120409799e-06,1.9402101353698e-05,6.97728028900832e-05,0.000472454068696081,0.00860391791637861,0.0276787183305142
20.332297,3.40184598572462e-06,1.92250646348013e-05,6.91673429300108e-05,0.00046877698638461,0.00855622829926155,0.0277747236463349
20.35063,3.36928680006687e-06,1.90496433079317e-05,6.85671090320448e-05,0.000465127955360267,0.00850877534433582,0.0278707447330143
20.368963,3.33704059357752e-06,1.88758226332579e-05,6.79720563800785e-05,0.000461506767146578,0.00846155809640601,0.0279667800287301
20.387296,3.3051043423909e-06,1.87035880054436e-05,6.73821405392086e-05,0.000457913214762148,0.00841457560232435,0.0280628279701467
20.405629,3.27347505203226e-06,1.85329249524208e-05,6.67973174525259e-05,0.00045434709271049,0.00836782691100334,0.0281588869924676
20.423962,3.24214975713006e-06,1.83638191341733e-05,6.62175434379335e-05,0.000450808196969901,0.00832131107342822,0.0282549555294871
20.442295,3.21112552113112e-06,1.81962563415324e-05,6.56427751849911e-05,0.000447296324983423,0.0082750271426692,0.0283510320136422
20.460628,3.18039943601852e-06,1.80302224949823e-05,6.50729697517847e-05,0.000443811275648839,0.00822897417389334,0.0284471148760644
20.478961,3.14996862203234e-06,1.78657036434775e-05,6.45080845618239e-05,0.000440352849308764,0.00818315122437653,0.0285432025466317
20.497294,3.11983022739312e-06,1.77026859632704e-05,6.39480774009637e-05,0.000436920847740769,0.00813755735351499,0.0286392934540205
20.515627,3.08998142802812e-06,1.75411557567498e-05,6.33929064143523e-05,0.000433515074147586,0.0080921916228367,0.0287353860257569
20.53396,3.06041942730015e-06,1.73810994512898e-05,6.28425301034043e-05,0.000430135333147367,0.00804705309601259,0.0288314786882692
20.552293,3.03114145573924e-06,1.72225035981098e-05,6.22969073227993e-05,0.000426781430764006,0.00800214083886756,0.0289275698669396
20.570626,3.00214477077677e-06,1.70653548711439e-05,6.17559972775046e-05,0.000423453174417521,0.00795745391939124,0.0290236579861557
20.588959,2.97342665648242e-06,1.69096400659215e-05,6.12197595198237e-05,0.000420150372914503,0.00791299140774862,0.0291197414693626
20.607292,2.94498442330359e-06,1.67553460984578e-05,6.06881539464687e-05,0.000416872836438611,0.00786875237629047,0.0292158187391144
20.625625,2.91681540780737e-06,1.66024600041541e-05,6.0161140795657e-05,0.000413620376541141,0.00782473589956354,0.029311888217126
20.643958,2.88891697242519e-06,1.6450968936709e-05,5.96386806442327e-05,0.000410392806131651,0.0077809410543206,0.0294079483243253
20.662291,2.86128650519982e-06,1.63008601670384e-05,5.91207344048117e-05,0.000407189939468643,0.00773736691953024,0.0295039974809043
20.680624,2.833921419535e-06,1.61521210822064e-05,5.86072633229497e-05,0.000404011592150304,0.00769401257638657,0.0296000341063707
20.698957,2.80681915394749e-06,1.60047391843651e-05,5.80982289743356e-05,0.000400857581105308,0.00765087710831865,0.0296960566196004
20.71729,2.77997717182151e-06,1.58587020897048e-05,5.7593593262006e-05,0.000397727724583674,0.00760795960099974,0.0297920634388879
20.735623,2.75339296116569e-06,1.57139975274132e-05,5.70933184135854e-05,0.000394621842147688,0.00756525914235648,0.0298880529819987
20.753956,2.72706403437239e-06,1.55706133386447e-05,5.6597366978547e-05,0.000391539754662872,0.00752277482257772,0.0299840236662207
20.772289,2.70098792797932e-06,1.54285374754981e-05,5.61057018254977e-05,0.000388481284289022,0.00748050573412322,0.0300799739084154
20.790622,2.67516220243365e-06,1.5287758000005e-05,5.56182861394855e-05,0.000385446254471294,0.00743845097173235,0.0301759021250695
20.808955,2.64958444185827e-06,1.51482630831262e-05,5.51350834193288e-05,0.000382434489931353,0.00739660963243229,0.0302718067323461
20.827288,2.62425225382052e-06,1.50100410037579e-05,5.46560574749691e-05,0.000379445816658578,0.00735498081554634,0.0303676861461366
20.845621,2.59916326910308e-06,1.48730801477471e-05,5.41811724248438e-05,0.000376480061901315,0.00731356362270192,0.0304635387821111
20.863954,2.57431514147718e-06,1.47373690069153e-05,5.37103926932834e-05,0.0003735370541582,0.00727235715783838,0.0305593630557705
20.882287,2.54970554747802e-06,1.46028961780916e-05,5.32436830079282e-05,0.000370616623169527,0.00723136052721473,0.0306551573824971
20.90062,2.52533218618241e-06,1.4469650362155e-05,5.27810083971677e-05,0.000367718599908671,0.00719057283941713,0.0307509201776058
20.918953,2.50119277898856e-06,1.43376203630842e-05,5.2322334187601e-05,0.000364842816573573,0.00714999320536621,0.0308466498563952
20.937286,2.47728506939813e-06,1.42067950870177e-05,5.18676260015185e-05,0.000361989106578276,0.00710962073832431,0.0309423448341991
20.955619,2.45360682280034e-06,1.4077163541321e-05,5.14168497544045e-05,0.000359157304544515,0.00706945455390241,0.0310380035264362
20.973952,2.43015582625824e-06,1.39487148336632e-05,5.09699716524606e-05,0.000356347246293356,0.00702949377006702,0.0311336243486623
20.992285,2.40692988829704e-06,1.38214381711017e-05,5.05269581901497e-05,0.000353558768836902,0.00698973750714685,0.0312292057166201
21.010618,2.38392683869467e-06,1.36953228591754e-05,5.00877761477612e-05,0.000350791710370041,0.00695018488783937,0.0313247460462904
21.028951,2.36114452827414e-06,1.35703583010061e-05,4.9652392588995e-05,0.000348045910262246,0.00691083503721707,0.0314202437539425
21.047284,2.33858082869824e-06,1.3446533996408e-05,4.92207748585672e-05,0.000345321209049441,0.00687168708273379,0.031515697256185
21.065617,2.31623363226604e-06,1.33238395410054e-05,4.87928905798351e-05,0.000342617448425905,0.00683274015423071,0.0316111049700163
21.08395,2.29410085171147e-06,1.32022646253586e-05,4.8368707652442e-05,0.000339934471236234,0.00679399338394221,0.0317064653128743
21.102283,2.27218042000391e-06,1.30817990340976e-05,4.79481942499814e-05,0.00033727212146736,0.00675544590650163,0.0318017767026875
21.120616,2.25047029015072e-06,1.29624326450635e-05,4.75313188176819e-05,0.000334630244240611,0.00671709685894693,0.0318970375579252
21.138949,2.22896843500165e-06,1.28441554284586e-05,4.71180500701096e-05,0.000332008685803831,0.00667894538072602,0.0319922462976469
21.157282,2.20767284705528e-06,1.27269574460029e-05,4.67083569888914e-05,0.000329407293523548,0.00664099061370205,0.0320874013415532
21.175615,2.1865815382673e-06,1.26108288500996e-05,4.63022088204561e-05,0.000326825915877194,0.00660323170215865,0.0321825011100353
21.193948,2.16569253986068e-06,1.24957598830073e-05,4.58995750737952e-05,0.000324264402445371,0.00656566779280482,0.0322775440242246
21.212281,2.14500390213773e-06,1.23817408760203e-05,4.5500425518242e-05,0.000321722603904173,0.0065282980347798,0.0323725285060433
21.230614,2.12451369429396e-06,1.22687622486561e-05,4.5104730181269e-05,0.000319200372017557,0.00649112157965777,0.032467452978253
21.248947,2.10422000423383e-06,1.21568145078506e-05,4.47124593463044e-05,0.000316697559629759,0.00645413758145244,0.0325623158645052
21.26728,2.08412093838829e-06,1.204588824716e-05,4.43235835505665e-05,0.000314214020657764,0.00641734519662142,0.03265711558939
21.285613,2.06421462153408e-06,1.19359741459707e-05,4.39380735829158e-05,0.000311749610083823,0.0063807435840705,0.0327518505784859
21.303946,2.04449919661483e-06,1.18270629687164e-05,4.35559004817256e-05,0.000309304183948019,0.00634433190515781,0.0328465192584093
21.322279,2.02497282456396e-06,1.17191455641015e-05,4.31770355327709e-05,0.000306877599340885,0.00630810932369781,0.0329411200568623
21.340612,2.00563368412925e-06,1.16122128643325e-05,4.28014502671329e-05,0.00030446971439606,0.00627207500596512,0.0330356514026836
21.358945,1.98647997169916e-06,1.15062558843562e-05,4.24291164591239e-05,0.000302080388283007,0.00623622812069831,0.033130111725896
21.377278,1.96750990113087e-06,1.14012657211044e-05,4.20600061242272e-05,0.000299709481199769,0.00620056783910343,0.0332244994577554
21.395611,1.94872170358001e-06,1.1297233552746e-05,4.16940915170552e-05,0.000297356854365771,0.0061650933348575,0.0333188130308002
21.413944,1.93011362733204e-06,1.11941506379457e-05,4.13313451293251e-05,0.00029502237001468,0.00612980378411184,0.033413050878899
21.432277,1.91168393763528e-06,1.10920083151297e-05,4.09717396878501e-05,0.000292705891387299,0.00609469836549527,0.0335072114372994
21.45061,1.89343091653565e-06,1.09907980017576e-05,4.06152481525489e-05,0.000290407282724515,0.00605977626011714,0.0336012931426764
21.468943,1.87535286271294e-06,1.08905111936012e-05,4.02618437144708e-05,0.000288126409260294,0.00602503665157036,0.03369529443318
21.487276,1.85744809131871e-06,1.07911394640305e-05,3.99114997938384e-05,0.000285863137214716,0.00599047872593413,0.033789213748484
21.505609,1.83971493381588e-06,1.06926744633049e-05,3.95641900381052e-05,0.000283617333787062,0.00595610167177666,0.0338830495298337
21.523942,1.82215173781972e-06,1.05951079178723e-05,3.92198883200309e-05,0.000281388867148941,0.00592190468015778,0.0339768002200932
21.542275,1.80475686694056e-06,1.04984316296732e-05,3.8878568735772e-05,0.000279177606437467,0.00588788694463129,0.0340704642637934
21.560608,1.78752870062796e-06,1.04026374754527e-05,3.85402056029888e-05,0.000276983421748481,0.00585404766124741,0.0341640401071797
21.578941,1.7704656340164e-06,1.0307717406077e-05,3.82047734589676e-05,0.000274806184129809,0.00582038602855487,0.0342575261982589
21.597274,1.7535660777726e-06,1.02136634458579e-05,3.78722470587601e-05,0.000272645765574578,0.00578690124760306,0.034350920986847
21.615607,1.73682845794412e-06,1.01204676918823e-05,3.75426013733362e-05,0.000270502039014565,0.00575359252194397,0.0344442229246157
21.63394,1.72025121580971e-06,1.00281223133478e-05,3.72158115877543e-05,0.000268374878313593,0.00572045905763404,0.0345374304651399
21.652273,1.70383280773091e-06,9.93661955090539e-06,3.68918530993462e-05,0.000266264158260979,0.00568750006323594,0.0346305420639438
21.670606,1.68757170500522e-06,9.84595171600707e-06,3.65707015159163e-05,0.000264169754565008,0.00565471474982013,0.0347235561785484
21.688939,1.67146639372067e-06,9.7561111902598e-06,3.62523326539576e-05,0.000262091543846464,0.00562210233096638,0.0348164712685173
21.707272,1.65551537461186e-06,9.66709042478552e-06,3.59367225368815e-05,0.000260029403632205,0.00558966202276521,0.0349092857955034
21.725605,1.63971716291733e-06,9.57888193958678e-06,3.56238473932626e-05,0.000257983212348768,0.00555739304381913,0.0350019982232949
21.743938,1.62407028823843e-06,9.49147832291817e-06,3.53136836550985e-05,0.000255952849316025,0.00552529461524383,0.0350946070178617
21.762271,1.60857329439948e-06,9.4048722306637e-06,3.50062079560842e-05,0.000253938194740886,0.00549336596066926,0.0351871106474008
21.780604,1.59322473930936e-06,9.31905638571952e-06,3.47013971299003e-05,0.000251939129711032,0.00546160630624055,0.0352795075823824
21.798937,1.57802319482445e-06,9.23402357738264e-06,3.43992282085169e-05,0.000249955536188694,0.00543001488061892,0.0353717962955954
21.81727,1.56296724661289e-06,9.14976666074491e-06,3.40996784205101e-05,0.00024798729700448,0.00539859091498237,0.0354639752621925
21.835603,1.54805549402021e-06,9.06627855609276e-06,3.38027251893943e-05,0.000246034295851237,0.00536733364302639,0.035556042959736
21.853936,1.53328654993621e-06,8.98355224831224e-06,3.35083461319666e-05,0.000244096417277949,0.00533624230096442,0.0356479978682422
21.872269,1.51865904066321e-06,8.90158078629967e-06,3.32165190566676e-05,0.000242173546683686,0.00530531612752839,0.035739838470227
21.890602,1.50417160578557e-06,8.82035728237748e-06,3.29272219619528e-05,0.000240265570311589,0.00527455436396895,0.0358315632507503
21.908935,1.48982289804049e-06,8.73987491171551e-06,3.26404330346807e-05,0.000238372375242891,0.00524395625405577,0.0359231706974603
21.927268,1.47561158319007e-06,8.6601269117576e-06,3.23561306485129e-05,0.000236493849390986,0.00521352104407772,0.0360146593006386
21.945601,1.4615363398946e-06,8.58110658165326e-06,3.20742933623273e-05,0.000234629881495527,0.00518324798284279,0.0361060275532435
21.963934,1.44759585958716e-06,8.50280728169472e-06,3.17948999186455e-05,0.000232780361116578,0.00515313632167817,0.0361972739509553
21.982267,1.43378884634935e-06,8.42522243275895e-06,3.15179292420733e-05,0.000230945178628788,0.00512318531443001,0.0362883969922188
22.0006,1.42011401678837e-06,8.34834551575498e-06,3.12433604377542e-05,0.000229124225215618,0.00509339421746322,0.036379395178288
22.018933,1.40657009991515e-06,8.27217007107594e-06,3.0971172789835e-05,0.000227317392863599,0.00506376228966111,0.0364702670132691
22.037266,1.39315583702379e-06,8.19668969805642e-06,3.07013457599459e-05,0.000225524574356633,0.00503428879242497,0.0365610110041641
22.055599,1.37986998157213e-06,8.12189805443468e-06,3.04338589856924e-05,0.000223745663270326,0.00500497298967357,0.0366516256609139
22.073932,1.36671129906352e-06,8.0477888558196e-06,3.01686922791598e-05,0.000221980553966366,0.00497581414784251,0.0367421094964411
22.092265,1.35367856692968e-06,7.97435587516276e-06,2.99058256254306e-05,0.000220229141586934,0.00494681153588351,0.036832461026693
22.110598,1.34077057441479e-06,7.90159294223514e-06,2.96452391811145e-05,0.000218491322049157,0.00491796442526368,0.0369226787706842
22.128931,1.32798612246069e-06,7.82949394310872e-06,2.93869132728901e-05,0.00021676699203959,0.00488927208996462,0.0370127612505389
22.147264,1.31532402359316e-06,7.75805281964268e-06,2.91308283960599e-05,0.000215056049008745,0.0048607338064814,0.0371027069915331
22.165597,1.30278310180936e-06,7.68726356897445e-06,2.88769652131164e-05,0.000213358391165652,0.0048323488538216,0.0371925145221365
22.18393,1.29036219246637e-06,7.61712024301525e-06,2.86253045523205e-05,0.000211673917472453,0.00480411651350409,0.0372821823740549
22.202263,1.27806014217078e-06,7.54761694795033e-06,2.8375827406293e-05,0.000210002527639042,0.00477603606955793,0.0373717090822712
22.220596,1.26587580866941e-06,7.47874784374374e-06,2.81285149306162e-05,0.00020834412211773,0.00474810680852092,0.0374610931850871
22.238929,1.25380806074105e-06,7.41050714364761e-06,2.7883348442448e-05,0.000206698602097954,0.00472032801943834,0.0375503332241644
22.257262,1.24185577808935e-06,7.34288911371588e-06,2.76403094191486e-05,0.000205065869501019,0.00469269899386142,0.0376394277445662
22.275595,1.23001785123662e-06,7.27588807232264e-06,2.73993794969172e-05,0.000203445826974877,0.00466521902584586,0.0377283752947972
22.293928,1.21829318141878e-06,7.20949838968456e-06,2.71605404694411e-05,0.000201838377888935,0.00463788741195013,0.0378171744268447
22.312261,1.20668068048128e-06,7.14371448738792e-06,2.6923774286556e-05,0.000200243426328908,0.00461070345123385,0.0379058236962192
22.330594,1.19517927077611e-06,7.07853083791988e-06,2.66890630529173e-05,0.000198660877091699,0.00458366644525595,0.0379943216619948
22.348927,1.18378788505969e-06,7.0139419642041e-06,2.64563890266835e-05,0.000197090635680316,0.00455677569807288,0.0380826668868481
22.36726,1.17250546639191e-06,6.94994243914037e-06,2.62257346182091e-05,0.000195532608298827,0.00453003051623663,0.0381708579370996
22.385593,1.161330968036e-06,6.88652688514872e-06,2.599708238875e-05,0.000193986701847341,0.00450343020879276,0.0382588933827523
22.403926,1.15026335335955e-06,6.82368997371755e-06,2.57704150491792e-05,0.000192452823917033,0.00447697408727832,0.0383467717975313
22.422259,1.13930159573633e-06,6.76142642495584e-06,2.55457154587134e-05,0.000190930882785191,0.00445066146571968,0.0384344917589229
22.440592,1.1284446784492e-06,6.69973100714956e-06,2.53229666236496e-05,0.000189420787410313,0.00442449166063037,0.0385220518482145
22.458925,1.11769159459388e-06,6.63859853632208e-06,2.51021516961142e-05,0.000187922447427218,0.00439846399100871,0.0386094506505318
22.477258,1.10704134698372e-06,6.57802387579856e-06,2.48832539728206e-05,0.000186435773142205,0.00437257777833553,0.0386966867548789
22.495591,1.09649294805539e-06,6.51800193577432e-06,2.46662568938383e-05,0.000184960675528239,0.00434683234657169,0.0387837587541754
22.513924,1.08604541977543e-06,6.45852767288721e-06,2.44511440413722e-05,0.000183497066220169,0.0043212270221556,0.0388706652452955
22.532257,1.07569779354782e-06,6.3995960897938e-06,2.42378991385524e-05,0.00018204485750998,0.00429576113400065,0.0389574048291055
22.55059,1.06544911012235e-06,6.34120223474956e-06,2.4026506048234e-05,0.000180603962342081,0.00427043401349262,0.0390439761105012
22.568923,1.05529841950397e-06,6.28334120119265e-06,2.38169487718067e-05,0.000179174294308617,0.0042452449944869,0.0391303776984462
22.587256,1.04524478086294e-06,6.22600812733177e-06,2.36092114480152e-05,0.000177755767644817,0.00422019341330582,0.0392166082060082
22.605589,1.03528726244597e-06,6.16919819573756e-06,2.34032783517887e-05,0.000176348297224377,0.00419527860873575,0.0393026662503967
22.623922,1.02542494148808e-06,6.11290663293788e-06,2.31991338930809e-05,0.000174951798554873,0.00417049992202428,0.0393885504529997
22.642255,1.01565690412548e-06,6.05712870901671e-06,2.29967626157197e-05,0.000173566187773197,0.00414585669687724,0.0394742594394199
22.660588,1.00598224530917e-06,6.00185973721663e-06,2.27961491962661e-05,0.000172191381641039,0.00412134827945564,0.0395597918395119
22.678921,9.96400068719471e-07,5.94709507354515e-06,2.25972784428834e-05,0.000170827297540385,0.00409697401837268,0.0396451462874171
22.697254,9.86909486681332e-07,5.89283011638437e-06,2.24001352942158e-05,0.00016947385346906,0.00407273326469056,0.0397303214216008
22.715587,9.77509620080505e-07,5.83906030610442e-06,2.22047048182757e-05,0.000168130968036287,0.00404862537191733,0.0398153158848874
22.73392,9.68199598280516e-07,5.78578112468028e-06,2.20109722113414e-05,0.000166798560458286,0.00402464969600359,0.0399001283244957
22.752253,9.58978559040462e-07,5.7329880953122e-06,2.1818922796864e-05,0.000165476550553906,0.00400080559533921,0.0399847573920743
22.770586,9.49845648433585e-07,5.68067678204949e-06,2.16285420243827e-05,0.000164164858740273,0.00397709243075,0.0400692017437367
22.788919,9.4080002076667e-07,5.62884278941779e-06,2.143981546845e-05,0.000162863406028484,0.00395350956549419,0.0401534600400959
22.807252,9.31840838500205e-07,5.57748176204977e-06,2.12527288275655e-05,0.000161572114019317,0.00393005636525904,0.0402375309462989
22.825585,9.22967272169356e-07,5.52658938431917e-06,2.10672679231198e-05,0.000160290904898981,0.00390673219815732,0.040321413132061
22.843918,9.14178500305657e-07,5.47616137997813e-06,2.08834186983454e-05,0.00015901970143489,0.00388353643472363,0.0404051052717003
22.862251,9.05473709359517e-07,5.42619351179794e-06,2.07011672172783e-05,0.000157758426971463,0.00386046844791085,0.040488606044171
22.880584,8.96852093623456e-07,5.37668158121292e-06,2.05204996637274e-05,0.000156507005425962,0.0038375276130864,0.0405719141330969
22.898917,8.88312855156101e-07,5.32762142796776e-06,2.03414023402526e-05,0.00015526536128435,0.00381471330802853,0.0406550282268053
22.91725,8.79855203706906e-07,5.27900892976783e-06,2.01638616671521e-05,0.00015403341959718,0.00379202491292249,0.0407379470183599
22.935583,8.71478356641638e-07,5.23084000193288e-06,1.99878641814579e-05,0.000152811105975518,0.00376946181035673,0.0408206692055935
22.953916,8.63181538868553e-07,5.18311059705376e-06,1.98133965359395e-05,0.000151598346586882,0.00374702338531895,0.0409031934911407
22.972249,8.54963982765322e-07,5.13581670465244e-06,1.96404454981167e-05,0.000150395068151221,0.00372470902519222,0.0409855185824704
22.990582,8.46824928106644e-07,5.0889543508449e-06,1.94689979492799e-05,0.000149201197936917,0.00370251811975094,0.0410676431919181
23.008915,8.38763621992595e-07,5.04251959800729e-06,1.92990408835198e-05,0.00014801666375681,0.00368045006115681,0.0411495660367174
23.027248,8.3077931877765e-07,4.99650854444511e-06,1.9130561406764e-05,0.000146841393964261,0.00365850424395477,0.041231285839032
23.045581,8.22871280000406e-07,4.95091732406529e-06,1.8963546735823e-05,0.000145675317449232,0.00363668006506886,0.0413128013259871
23.063914,8.15038774313986e-07,4.90574210605136e-06,1.87979841974432e-05,0.000144518363634396,0.003614976923798,0.0413941112297006
23.082247,8.07281077417132e-07,4.86097909454159e-06,1.86338612273684e-05,0.00014337046247128,0.00359339422181181,0.0414752142873139
23.10058,7.99597471985971e-07,4.81662452831007e-06,1.84711653694097e-05,0.000142231544436426,0.00357193136314638,0.0415561092410225
23.118913,7.9198724760642e-07,4.77267468045057e-06,1.83098842745223e-05,0.000141101540527583,0.00355058775419987,0.0416367948381071
23.137246,7.8444970070728e-07,4.72912585806348e-06,1.81500056998907e-05,0.000139980382259924,0.00352936280372821,0.0417172698309629
23.155579,7.76984134493967e-07,4.68597440194546e-06,1.79915175080217e-05,0.000138868001662293,0.00350825592284071,0.0417975329771303
23.173912,7.69589858882895e-07,4.64321668628202e-06,1.78344076658446e-05,0.000137764331273469,0.00348726652499562,0.0418775830393242
23.192245,7.62266190436496e-07,4.60084911834282e-06,1.76786642438199e-05,0.00013666930413847,0.00346639402599563,0.0419574187854636
23.210578,7.55012452298862e-07,4.5588681381798e-06,1.7524275415054e-05,0.000135582853804864,0.00344563784398337,0.0420370389887009
23.228911,7.47827974132042e-07,4.51727021832806e-06,1.73712294544235e-05,0.000134504914319127,0.00342499739943685,0.0421164424274507
23.247244,7.40712092052931e-07,4.47605186350948e-06,1.72195147377049e-05,0.000133435420223008,0.0034044721151649,0.0421956278854185
23.265577,7.33664148570783e-07,4.43520961033898e-06,1.7069119740713e-05,0.000132374306549926,0.00338406141630245,0.0422745941516295
23.28391,7.26683492525347e-07,4.39474002703356e-06,1.69200330384458e-05,0.0001313215088214,0.00336376473030593,0.0423533400204563
23.302243,7.19769479025573e-07,4.35463971312389e-06,1.67722433042373e-05,0.000130276963043487,0.00334358148694854,0.0424318642916475
23.320576,7.12921469388966e-07,4.31490529916867e-06,1.6625739308917e-05,0.000129240605703262,0.00332351111831552,0.0425101657703548
23.338909,7.06138831081466e-07,4.27553344647141e-06,1.64805099199767e-05,0.000128212373765311,0.00330355305879931,0.0425882432671606
23.357242,6.9942093765797e-07,4.23652084679996e-06,1.63365441007441e-05,0.000127192204668251,0.00328370674509481,0.0426660955981057
23.375575,6.92767168703406e-07,4.19786422210852e-06,1.61938309095641e-05,0.000126180036321278,0.00326397161619446,0.0427437215847156
23.393908,6.86176909774378e-07,4.15956032426219e-06,1.60523594989861e-05,0.000125175807100735,0.00324434711338342,0.0428211200540276
23.412241,6.79649552341395e-07,4.12160593476406e-06,1.59121191149588e-05,0.000124179455846708,0.00322483268023458,0.0428982898386171
23.430574,6.73184493731646e-07,4.08399786448475e-06,1.57730990960319e-05,0.000123190921859636,0.00320542776260366,0.0429752297766238
23.448907,6.66781137072353e-07,4.04673295339449e-06,1.56352888725639e-05,0.000122210144896961,0.00318613180862419,0.0430519387117777
23.46724,6.60438891234643e-07,4.00980807029755e-06,1.54986779659373e-05,0.000121237065169787,0.00316694426870251,0.0431284154934248
23.485573,6.54157170778002e-07,3.97322011256915e-06,1.53632559877802e-05,0.000120271623339567,0.00314786459551273,0.0432046589765523
23.503906,6.47935395895245e-07,3.93696600589478e-06,1.52290126391946e-05,0.000119313760514814,0.00312889224399161,0.0432806680218141
23.522239,6.41772992358038e-07,3.90104270401187e-06,1.50959377099909e-05,0.00011836341824784,0.0031100266713335,0.0433564414955555
23.540572,6.35669391462925e-07,3.86544718845382e-06,1.49640210779292e-05,0.000117420538531503,0.00309126733698516,0.0434319782698379
23.558905,6.29624029977917e-07,3.83017646829638e-06,1.48332527079669e-05,0.000116485063795995,0.00307261370264062,0.0435072772224632
23.577238,6.23636350089563e-07,3.79522757990633e-06,1.4703622651513e-05,0.000115556936905637,0.00305406523223594,0.043582337236998
23.595571,6.17705799350573e-07,3.76059758669247e-06,1.45751210456882e-05,0.00011463610115571,0.00303562139194405,0.0436571572027974
23.613904,6.11831830627911e-07,3.72628357885887e-06,1.44477381125917e-05,0.000113722500269294,0.00301728165016942,0.0437317360150287
23.632237,6.06013902051423e-07,3.69228267316036e-06,1.4321464158574e-05,0.000112816078394142,0.00299904547754282,0.0438060725746948
23.65057,6.0025147696296e-07,3.65859201266028e-06,1.41962895735159e-05,0.000111916780099569,0.00298091234691603,0.0438801657886571
23.668903,5.94544023865977e-07,3.6252087664904e-06,1.40722048301135e-05,0.000111024550373363,0.00296288173335646,0.0439540145696586
23.687236,5.8889101637565e-07,3.59213012961312e-06,1.39492004831699e-05,0.00011013933461872,0.00294495311414182,0.0440276178363464
23.705569,5.83291933169451e-07,3.55935332258568e-06,1.38272671688918e-05,0.0001092610786512,0.00292712596875474,0.044100974513294
23.723902,5.77746257938228e-07,3.5268755913267e-06,1.37063956041932e-05,0.000108389728695704,0.00290939977887732,0.0441740835310233
23.742235,5.72253479337742e-07,3.49469420688473e-06,1.35865765860043e-05,0.000107525231383471,0.00289177402838576,0.0442469438260269
23.760568,5.66813090940682e-07,3.46280646520893e-06,1.34678009905863e-05,0.000106667533749097,0.00287424820334483,0.0443195543407888
23.778901,5.61424591189151e-07,3.4312096869219e-06,1.33500597728523e-05,0.000105816583227579,0.00285682179200246,0.0443919140238065
23.797234,5.56087483347609e-07,3.39990121709456e-06,1.32333439656942e-05,0.000104972327651371,0.00283949428478419,0.0444640218296116
23.815567,5.50801275456272e-07,3.36887842502298e-06,1.31176446793143e-05,0.000104134715247468,0.00282226517428765,0.0445358767187907
23.8339,5.45565480284969e-07,3.33813870400743e-06,1.30029531005639e-05,0.00010330369463451,0.00280513395527705,0.044607477658006
23.852233,5.40379615287436e-07,3.30767947113329e-06,1.28892604922863e-05,0.000102479214819902,0.00278810012467754,0.0446788236200154
23.870566,5.35243202556081e-07,3.27749816705408e-06,1.27765581926663e-05,0.000101661225196961,0.00277116318156971,0.0447499135836925
23.888899,5.30155768777151e-07,3.24759225577634e-06,1.26648376145847e-05,0.000100849675542072,0.0027543226271839,0.0448207465340465
23.907232,5.25116845186366e-07,3.21795922444659e-06,1.25540902449785e-05,0.000100044516011879,0.00273757796489463,0.0448913214622415
23.925565,5.20125967524966e-07,3.18859658314016e-06,1.24443076442065e-05,9.9245697140486e-05,0.0027209287002149,0.0449616373656161
23.943898,5.15182675996198e-07,3.159501864652e-06,1.233548144542e-05,9.84531698366763e-05,0.00270437434079058,0.0450316932477016
23.962231,5.1028651522221e-07,3.13067262428935e-06,1.22276033539396e-05,9.76668853811585e-05,0.00268791439639468,0.0451014881182414
23.980564,5.05437034201382e-07,3.10210643966634e-06,1.21206651466364e-05,9.68867954238282e-05,0.00267154837892164,0.0451710209932093
23.998897,5.00633786266059e-07,3.07380091050043e-06,1.20146586713192e-05,9.61128519810484e-05,0.00265527580238165,0.0452402908948273
24.01723,4.95876329040693e-07,3.04575365841074e-06,1.1909575846126e-05,9.53450074329508e-05,0.00263909618289488,0.0453092968515839
24.035563,4.91164224400403e-07,3.01796232671821e-06,1.1805408658922e-05,9.45832145207552e-05,0.00262300903868572,0.0453780378982519
24.053896,4.86497038429926e-07,2.99042458024754e-06,1.17021491667014e-05,9.38274263441075e-05,0.00260701389007702,0.045446513075905
24.072229,4.81874341382978e-07,2.96313810513105e-06,1.15997894949952e-05,9.30775963584398e-05,0.00259111025948431,0.0455147214319359
24.090562,4.77295707641997e-07,2.93610060861419e-06,1.14983218372834e-05,9.23336783723431e-05,0.00257529767140997,0.0455826620200726
24.108895,4.72760715678284e-07,2.90930981886292e-06,1.13977384544126e-05,9.1595626544965e-05,0.00255957565243744,0.0456503339003952
24.127228,4.68268948012531e-07,2.8827634847728e-06,1.12980316740185e-05,9.08633953834218e-05,0.00254394373122534,0.0457177361393521
24.145561,4.63819991175735e-07,2.85645937577987e-06,1.11991938899532e-05,9.01369397402306e-05,0.00252840143850169,0.0457848678097764
24.163894,4.59413435670484e-07,2.8303952816732e-06,1.11012175617174e-05,8.94162148107591e-05,0.00251294830705797,0.0458517279909012
24.182227,4.55048875932621e-07,2.80456901240918e-06,1.10040952138975e-05,8.87011761306939e-05,0.00249758387174332,0.0459183157683761
24.20056,4.50725910293282e-07,2.77897839792753e-06,1.09078194356072e-05,8.79917795735259e-05,0.00248230766945859,0.0459846302342813
24.218893,4.4644414094131e-07,2.75362128796891e-06,1.08123828799345e-05,8.72879813480551e-05,0.00246711923915045,0.0460506704871438
24.237226,4.42203173886016e-07,2.72849555189428e-06,1.07177782633927e-05,8.65897379959117e-05,0.0024520181218055,0.0461164356319514
24.255559,4.38002618920316e-07,2.70359907850585e-06,1.06239983653762e-05,8.58970063890955e-05,0.00243700386044434,0.0461819247801676
24.273892,4.33842089584221e-07,2.67892977586973e-06,1.05310360276217e-05,8.52097437275328e-05,0.00242207600011559,0.046247137049746
24.292225,4.29721203128685e-07,2.65448557114011e-06,1.04388841536727e-05,8.45279075366507e-05,0.00240723408788999,0.0463120715651439
24.310558,4.25639580479791e-07,2.63026441038507e-06,1.03475357083496e-05,8.3851455664968e-05,0.00239247767285442,0.0463767274573364
24.328891,4.215968462033e-07,2.60626425841406e-06,1.02569837172239e-05,8.31803462817046e-05,0.00237780630610592,0.0464411038638299
24.347224,4.17592628469542e-07,2.58248309860688e-06,1.01672212660967e-05,8.25145378744068e-05,0.00236321954074571,0.0465051999286751
24.365557,4.13626559018635e-07,2.55891893274417e-06,1.00782415004824e-05,8.18539892465898e-05,0.00234871693187323,0.0465690148024804
24.38389,4.09698273126051e-07,2.53556978083957e-06,9.99003762509558e-06,8.11986595153972e-05,0.00233429803658008,0.046632547642424
24.402223,4.05807409568519e-07,2.51243368097335e-06,9.90260290334334e-06,8.05485081092772e-05,0.00231996241394405,0.0466957976122673
24.420556,4.01953610590254e-07,2.48950868912754e-06,9.81593065682148e-06,7.99034947656753e-05,0.00230570962502311,0.0467587638823661
24.438889,3.98136521869508e-07,2.46679287902256e-06,9.73001426481498e-06,7.92635795287431e-05,0.00229153923284935,0.0468214456296834
24.457222,3.94355792485459e-07,2.44428434195542e-06,9.64484716380282e-06,7.86287227470652e-05,0.00227745080242298,0.0468838420378005
24.475555,3.90611074885409e-07,2.42198118663931e-06,9.56042284696695e-06,7.79988850713987e-05,0.00226344390070624,0.046945952296929
24.493888,3.86902024852306e-07,2.39988153904466e-06,9.4767348637056e-06,7.73740274524333e-05,0.0022495180966174,0.0470077756039216
24.512221,3.83228301472577e-07,2.37798354224174e-06,9.39377681915044e-06,7.67541111385641e-05,0.00223567296102465,0.047069311162283
24.530554,3.7958956710428e-07,2.35628535624454e-06,9.31154237368816e-06,7.61390976736819e-05,0.00222190806674009,0.047130558182181
24.548887,3.75985487345555e-07,2.33478515785626e-06,9.23002524248597e-06,7.55289488949784e-05,0.0022082229885136,0.0471915158804566
24.56722,3.72415731003392e-07,2.31348114051605e-06,9.14921919502116e-06,7.49236269307693e-05,0.00219461730302684,0.0472521834806342
24.585553,3.6887997006269e-07,2.29237151414723e-06,9.06911805461469e-06,7.43230941983287e-05,0.00218109058888708,0.0473125602129317
24.603886,3.65377879655623e-07,2.27145450500689e-06,8.98971569796867e-06,7.37273134017438e-05,0.00216764242662114,0.04737264531427
24.622219,3.61909138031305e-07,2.25072835553685e-06,8.91100605470803e-06,7.31362475297822e-05,0.00215427239866934,0.0474324380282826
24.640552,3.58473426525742e-07,2.23019132421595e-06,8.83298310692572e-06,7.25498598537749e-05,0.00214098008937936,0.0474919376053245
24.658885,3.55070429532079e-07,2.20984168541376e-06,8.75564088873215e-06,7.19681139255146e-05,0.00212776508500012,0.0475511433024814
24.677218,3.51699834471137e-07,2.18967772924556e-06,8.67897348580816e-06,7.13909735751693e-05,0.0021146269736757,0.0476100543835783
24.695551,3.48361331762233e-07,2.16969776142867e-06,8.60297503496215e-06,7.08184029092114e-05,0.00210156534543924,0.0476686701191876
24.713884,3.45054614794283e-07,2.14990010314009e-06,8.5276397236906e-06,7.02503663083604e-05,0.00208857979220679,0.0477269897866377
24.732217,3.41779379897183e-07,2.13028309087542e-06,8.45296178974258e-06,6.96868284255406e-05,0.00207566990777119,0.047785012670021
24.75055,3.38535326313477e-07,2.11084507630913e-06,8.37893552068803e-06,6.9127754183855e-05,0.00206283528779598,0.0478427380602008
24.768883,3.35322156170284e-07,2.091584426156e-06,8.30555525348949e-06,6.85731087745721e-05,0.00205007552980927,0.0479001652548195
24.787216,3.32139574451508e-07,2.07249952203392e-06,8.23281537407761e-06,6.80228576551274e-05,0.00203739023319756,0.0479572935583055
24.805549,3.28987288970315e-07,2.05358876032789e-06,8.16071031693029e-06,6.74769665471399e-05,0.00202477899919967,0.0480141222818802
24.823882,3.25865010341875e-07,2.03485055205529e-06,8.08923456465548e-06,6.69354014344429e-05,0.00201224143090057,0.0480706507435643
24.842215,3.22772451956372e-07,2.01628332273234e-06,8.01838264757736e-06,6.63981285611286e-05,0.00199977713322528,0.0481268782681848
24.860548,3.19709329952266e-07,1.99788551224184e-06,7.94814914332614e-06,6.58651144296061e-05,0.00198738571293268,0.0481828041873806
24.878881,3.16675363189825e-07,1.97965557470205e-06,7.87852867643143e-06,6.53363257986751e-05,0.00197506677860944,0.048238427839609
24.897214,3.13670273224907e-07,1.96159197833679e-06,7.80951591791898e-06,6.48117296816116e-05,0.00196281994066381,0.0482937485701511
24.915547,3.10693784282999e-07,1.94369320534679e-06,7.74110558491094e-06,6.42912933442702e-05,0.00195064481131953,0.048348765731117
24.93388,3.07745623233503e-07,1.92595775178207e-06,7.67329244022938e-06,6.37749843031954e-05,0.0019385410046097,0.0484034786814513
24.952213,3.04825519564273e-07,1.90838412741563e-06,7.60607129200341e-06,6.32627703237514e-05,0.00192650813637056,0.0484578867869384
24.970546,3.01933205356405e-07,1.89097085561825e-06,7.53943699327956e-06,6.27546194182629e-05,0.00191454582423547,0.0485119894202064
24.988879,2.99068415259259e-07,1.87371647323435e-06,7.47338444163538e-06,6.22504998441697e-05,0.00190265368762865,0.0485657859607321
25.007212,2.96230886465732e-07,1.85661953045907e-06,7.40790857879649e-06,6.17503801021942e-05,0.00189083134775914,0.0486192757948452
25.025545,2.93420358687766e-07,1.8396785907165e-06,7.34300439025682e-06,6.12542289345231e-05,0.00187907842761457,0.0486724583157322
25.043878,2.90636574132097e-07,1.82289223053893e-06,7.27866690490219e-06,6.07620153230026e-05,0.00186739455195512,0.04872533292344
25.062211,2.87879277476234e-07,1.80625903944721e-06,7.21489119463691e-06,6.0273708487344e-05,0.00185577934730729,0.0487778990248797
25.080544,2.85148215844671e-07,1.7897776198323e-06,7.15167237401376e-06,5.97892778833455e-05,0.00184423244195783,0.0488301560338299
25.098877,2.82443138785335e-07,1.77344658683779e-06,7.08900559986706e-06,5.93086932011247e-05,0.00183275346594758,0.0488821033709392
25.11721,2.79763798246257e-07,1.75726456824357e-06,7.02688607094888e-06,5.88319243633659e-05,0.00182134205106534,0.0489337404637296
25.135543,2.77109948552466e-07,1.7412302043505e-06,6.96530902756829e-06,5.83589415235769e-05,0.00180999783084174,0.0489850667465987
25.153876,2.74481346383111e-07,1.72534214786618e-06,6.90426975123381e-06,5.78897150643619e-05,0.00179872044054312,0.0490360816608222
25.172209,2.71877750748806e-07,1.70959906379171e-06,6.84376356429886e-06,5.74242155957051e-05,0.00178750951716539,0.0490867846545559
25.190542,2.69298922969191e-07,1.69399962930958e-06,6.78378582961018e-06,5.69624139532667e-05,0.00177636469942795,0.0491371751828374
25.208875,2.6674462665071e-07,1.67854253367246e-06,6.72433195015942e-06,5.65042811966916e-05,0.00176528562776749,0.0491872527075881
25.227208,2.64214627664602e-07,1.66322647809308e-06,6.66539736873747e-06,5.60497886079309e-05,0.00175427194433197,0.0492370166976143
25.245541,2.6170869412511e-07,1.64805017563511e-06,6.60697756759193e-06,5.5598907689574e-05,0.00174332329297443,0.0492864666286082
25.263874,2.59226596367901e-07,1.63301235110504e-06,6.5490680680875e-06,5.51516101631953e-05,0.00173243931924694,0.0493356019831492
25.282207,2.56768106928684e-07,1.61811174094497e-06,6.49166443036913e-06,5.47078679677098e-05,0.00172161967039444,0.0493844222507044
25.30054,2.54333000522052e-07,1.60334709312652e-06,6.43476225302819e-06,5.42676532577432e-05,0.00171086399534869,0.0494329269276289
25.318873,2.51921054020513e-07,1.58871716704556e-06,6.3783571727715e-06,5.38309384020135e-05,0.00170017194472215,0.0494811155171663
25.337206,2.49532046433732e-07,1.57422073341802e-06,6.32244486409303e-06,5.33976959817223e-05,0.00168954317080187,0.0495289875294484
25.355539,2.47165758887972e-07,1.55985657417656e-06,6.26702103894857e-06,5.29678987889603e-05,0.00167897732754345,0.0495765424814953
25.373872,2.44821974605733e-07,1.54562348236822e-06,6.21208144643313e-06,5.2541519825123e-05,0.00166847407056489,0.0496237798972147
25.392205,2.42500478885591e-07,1.53152026205306e-06,6.15762187246111e-06,5.21185322993387e-05,0.00165803305714061,0.0496706993074011
25.410538,2.40201059082224e-07,1.51754572820361e-06,6.10363813944911e-06,5.16989096269069e-05,0.00164765394619524,0.0497173002497353
25.428871,2.37923504586642e-07,1.50369870660532e-06,6.05012610600163e-06,5.12826254277492e-05,0.00163733639829772,0.0497635822687829
25.447204,2.35667606806597e-07,1.48997803375789e-06,5.99708166659927e-06,5.08696535248705e-05,0.00162708007565507,0.0498095449159929
25.465537,2.33433159147196e-07,1.47638255677753e-06,5.94450075128981e-06,5.04599679428328e-05,0.00161688464210646,0.0498551877496966
25.48387,2.31219956991684e-07,1.46291113330007e-06,5.89237932538166e-06,5.00535429062379e-05,0.00160674976311711,0.0499005103351051
25.502203,2.29027797682427e-07,1.44956263138496e-06,5.84071338914019e-06,4.96503528382237e-05,0.00159667510577224,0.0499455122443077
25.520536,2.26856480502075e-07,1.43633592942018e-06,5.78949897748651e-06,4.92503723589691e-05,0.00158666033877104,0.0499901930562696
25.538869,2.24705806654903e-07,1.423229916028e-06,5.7387321596989e-06,4.88535762842123e-05,0.00157670513242066,0.0500345523568294
25.557202,2.22575579248335e-07,1.41024348997156e-06,5.6884090391167e-06,4.84599396237771e-05,0.00156680915863015,0.0500785897386963
25.575535,2.20465603274647e-07,1.39737556006239e-06,5.63852575284685e-06,4.8069437580112e-05,0.00155697209090447,0.0501223048014472
25.593868,2.18375685592851e-07,1.38462504506867e-06,5.58907847147293e-06,4.76820455468399e-05,0.00154719360433845,0.0501656971515238
25.612201,2.16305634910741e-07,1.37199087362442e-06,5.54006339876652e-06,4.7297739107317e-05,0.00153747337561085,0.050208766402229
25.630534,2.14255261767128e-07,1.35947198413947e-06,5.49147677140128e-06,4.69164940332035e-05,0.00152781108297825,0.0502515121737234
25.648867,2.12224378514236e-07,1.34706732471024e-06,5.4433148586693e-06,4.65382862830443e-05,0.0015182064062692,0.0502939340930214
25.6672,2.10212799300273e-07,1.33477585303136e-06,5.39557396219997e-06,4.61630920008597e-05,0.00150865902687812,0.0503360317939877
25.685533,2.08220340052169e-07,1.32259653630811e-06,5.3482504156812e-06,4.57908875147478e-05,0.0014991686277594,0.0503778049173324
25.703866,2.06246818458478e-07,1.31052835116961e-06,5.30134058458304e-06,4.54216493354946e-05,0.0014897348934214,0.0504192531106069
25.722199,2.04292053952451e-07,1.29857028358288e-06,5.25484086588369e-06,4.50553541551975e-05,0.00148035750992049,0.0504603760281996
25.740532,2.02355867695271e-07,1.28672132876755e-06,5.20874768779788e-06,4.46919788458957e-05,0.00147103616485513,0.0505011733313305
25.758865,2.0043808255944e-07,1.27498049111153e-06,5.16305750950747e-06,4.43315004582129e-05,0.00146177054735992,0.0505416446880463
25.777198,1.98538523112344e-07,1.26334678408727e-06,5.11776682089446e-06,4.39738962200088e-05,0.00145256034809961,0.0505817897732154
25.795531,1.96657015599961e-07,1.25181923016895e-06,5.07287214227627e-06,4.36191435350412e-05,0.00144340525926328,0.0506216082685222
25.813864,1.94793387930736e-07,1.24039686075025e-06,5.02837002414327e-06,4.3267219981637e-05,0.00143430497455833,0.0506610998624615
25.832197,1.92947469659608e-07,1.22907871606304e-06,4.98425704689853e-06,4.29181033113736e-05,0.00142525918920463,0.0507002642503325
25.85053,1.91119091972189e-07,1.2178638450967e-06,4.94052982059982e-06,4.25717714477701e-05,0.00141626759992859,0.0507391011342329
25.868863,1.89308087669098e-07,1.2067513055182e-06,4.8971849847039e-06,4.22282024849873e-05,0.0014073299049573,0.0507776102230525
25.887196,1.87514291150453e-07,1.19574016359297e-06,4.85421920781285e-06,4.18873746865386e-05,0.00139844580401263,0.0508157912324668
25.905529,1.85737538400499e-07,1.18482949410637e-06,4.81162918742274e-06,4.15492664840086e-05,0.00138961499830537,0.0508536438849299
25.923862,1.83977666972391e-07,1.17401838028603e-06,4.76941164967423e-06,4.12138564757823e-05,0.00138083719052936,0.0508911679096685
25.942195,1.82234515973133e-07,1.16330591372474e-06,4.72756334910564e-06,4.08811234257838e-05,0.00137211208485566,0.0509283630426736
25.960528,1.80507926048644e-07,1.15269119430416e-06,4.68608106840775e-06,4.05510462622231e-05,0.00136343938692667,0.0509652290266943
25.978861,1.78797739368983e-07,1.14217333011921e-06,4.64496161818104e-06,4.02236040763534e-05,0.00135481880385037,0.0510017656112296
25.997194,1.77103799613711e-07,1.13175143740308e-06,4.60420183669477e-06,3.98987761212367e-05,0.0013462500441944,0.051037972552521
26.015527,1.75425951957394e-07,1.121424640453e-06,4.56379858964828e-06,3.95765418105189e-05,0.00133773281798036,0.0510738496135447
26.03386,1.73764043055245e-07,1.11119207155665e-06,4.52374876993423e-06,3.92568807172133e-05,0.0013292668366779,0.051109396564003
26.052193,1.72117921028912e-07,1.10105287091924e-06,4.48404929740396e-06,3.89397725724942e-05,0.00132085181319904,0.0511446131803168
26.070526,1.70487435452387e-07,1.09100618659129e-06,4.44469711863478e-06,3.86251972644976e-05,0.00131248746189228,0.0511794992456166
26.088859,1.68872437338074e-07,1.08105117439704e-06,4.40568920669934e-06,3.83131348371336e-05,0.00130417349853694,0.0512140545497337
26.107192,1.67272779122966e-07,1.07118699786349e-06,4.36702256093687e-06,3.80035654889034e-05,0.00129590964033731,0.0512482788891919
26.125525,1.65688314654978e-07,1.06141282815014e-06,4.32869420672649e-06,3.76964695717293e-05,0.00128769560591696,0.0512821720671981
26.143858,1.64118899179395e-07,1.05172784397935e-06,4.29070119526241e-06,3.73918275897902e-05,0.00127953111531298,0.051315733893633
26.162191,1.62564389325461e-07,1.04213123156731e-06,4.25304060333108e-06,3.70896201983676e-05,0.00127141588997027,0.0513489641850419
26.180524,1.61024643093095e-07,1.03262218455569e-06,4.2157095330902e-06,3.67898282026989e-05,0.00126334965273581,0.0513818627646249
26.198857,1.59499519839727e-07,1.02319990394386e-06,4.17870511184967e-06,3.64924325568395e-05,0.00125533212785296,0.0514144294622273
26.21719,1.57988880267277e-07,1.01386359802176e-06,4.14202449185444e-06,3.61974143625337e-05,0.00124736304095578,0.0514466641143293
26.235523,1.56492586409244e-07,1.00461248230339e-06,4.10566485006921e-06,3.59047548680941e-05,0.00123944211906336,0.0514785665640363
26.253856,1.5501050161793e-07,9.95445779460875e-07,4.06962338796489e-06,3.56144354672874e-05,0.00123156909057409,0.0515101366610681
26.272189,1.53542490551779e-07,9.86362719259161e-07,4.03389733130705e-06,3.53264376982315e-05,0.00122374368526011,0.0515413742617485
26.290522,1.52088419162847e-07,9.77362538491296e-07,3.99848392994605e-06,3.50407432422977e-05,0.00121596563426155,0.0515722792289949
26.308855,1.50648154684384e-07,9.68444480914295e-07,3.96338045760904e-06,3.47573339230232e-05,0.00120823467008099,0.051602851432307
26.327188,1.49221565618542e-07,9.59607797185599e-07,3.92858421169369e-06,3.44761917050306e-05,0.00120055052657778,0.0516330907477557
26.345521,1.47808521724198e-07,9.5085174480011e-07,3.89409251306381e-06,3.41972986929551e-05,0.00119291293896245,0.0516629970579725
26.363854,1.46408894004897e-07,9.42175588027814e-07,3.85990270584659e-06,3.39206371303815e-05,0.00118532164379114,0.051692570252137
26.382187,1.4502255469691e-07,9.3357859785194e-07,3.82601215723161e-06,3.36461893987859e-05,0.00117777637895996,0.0517218102259664
26.40052,1.43649377257404e-07,9.25060051907718e-07,3.79241825727164e-06,3.33739380164883e-05,0.00117027688369946,0.0517507168817031
26.418853,1.42289236352732e-07,9.16619234421675e-07,3.75911841868508e-06,3.31038656376111e-05,0.00116282289856906,0.0517792901281027
26.437186,1.40942007846832e-07,9.08255436151508e-07,3.72611007666017e-06,3.28359550510464e-05,0.0011554141654515,0.0518075298804222
26.455519,1.39607568789741e-07,8.99967954326466e-07,3.69339068866079e-06,3.25701891794295e-05,0.00114805042754731,0.0518354360604076
26.473852,1.3828579740621e-07,8.91756092588314e-07,3.66095773423399e-06,3.2306551078122e-05,0.00114073142936927,0.0518630085962813
26.492185,1.36976573084445e-07,8.83619160932818e-07,3.62880871481914e-06,3.20450239342003e-05,0.00113345691673692,0.0518902474227297
26.510518,1.35679776364943e-07,8.75556475651771e-07,3.59694115355879e-06,3.17855910654536e-05,0.00112622663677106,0.0519171524808902
26.528851,1.34395288929439e-07,8.67567359275536e-07,3.56535259511103e-06,3.15282359193879e-05,0.00111904033788826,0.0519437237183382
26.547184,1.33122993589963e-07,8.59651140516127e-07,3.53404060546358e-06,3.12729420722376e-05,0.00111189776979537,0.0519699610890742
26.565517,1.31862774278002e-07,8.51807154210807e-07,3.50300277174941e-06,3.10196932279854e-05,0.00110479868348413,0.0519958645535104
26.58385,1.30614516033757e-07,8.4403474126619e-07,3.472236702064e-06,3.07684732173879e-05,0.00109774283122562,0.052021434078457
26.602183,1.2937810499552e-07,8.36333248602863e-07,3.44174002528403e-06,3.05192659970101e-05,0.00109072996656494,0.0520466696371091
26.620516,1.28153428389136e-07,8.2870202910051e-07,3.41151039088786e-06,3.02720556482655e-05,0.00108375984431569,0.0520715712090324
26.638849,1.26940374517584e-07,8.21140441543549e-07,3.38154546877737e-06,3.00268263764648e-05,0.00107683222055464,0.0520961387801494
26.657182,1.25738832750639e-07,8.13647850567232e-07,3.35184294910134e-06,2.97835625098703e-05,0.00106994685261629,0.0521203723427254
26.675515,1.2454869351465e-07,8.06223626604277e-07,3.32240054208045e-06,2.95422484987584e-05,0.00106310349908753,0.0521442718953544
26.693848,1.2336984828241e-07,7.98867145831956e-07,3.29321597783371e-06,2.93028689144881e-05,0.00105630191980222,0.0521678374429442
26.712181,1.22202189563121e-07,7.91577790119691e-07,3.26428700620641e-06,2.90654084485779e-05,0.00104954187583591,0.0521910689967022
26.730514,1.21045610892462e-07,7.84354946977104e-07,3.2356113965995e-06,2.88298519117874e-05,0.00104282312950044,0.0522139665741204
26.748847,1.19900006822743e-07,7.77198009502557e-07,3.2071869378005e-06,2.8596184233208e-05,0.00103614544433864,0.0522365301989611
26.76718,1.18765272913166e-07,7.70106376332152e-07,3.17901143781584e-06,2.83643904593584e-05,0.00102950858511903,0.0522587599012409
26.785513,1.17641305720172e-07,7.63079451589213e-07,3.15108272370463e-06,2.81344557532886e-05,0.00102291231783048,0.0522806557172165
26.803846,1.16528002787878e-07,7.56116644834204e-07,3.12339864141386e-06,2.79063653936888e-05,0.001016356409677,0.0523022176893686
26.822179,1.15425262638619e-07,7.49217371015127e-07,3.09595705561505e-06,2.76801047740066e-05,0.00100984062907238,0.0523234458663868
26.840512,1.14332984763563e-07,7.42381050418351e-07,3.06875584954222e-06,2.74556594015694e-05,0.001003364745635,0.0523443403031541
26.858845,1.13251069613434e-07,7.35607108619921e-07,3.04179292483142e-06,2.72330148967146e-05,0.000996928530182587,0.0523649010607307
26.877178,1.1217941858931e-07,7.28894976437271e-07,3.01506620136141e-06,2.70121569919248e-05,0.000990531754726939,0.0523851282063383
26.895511,1.11117934033523e-07,7.22244089881406e-07,2.98857361709589e-06,2.67930715309708e-05,0.000984174192468747,0.052405021813344
26.913844,1.10066519220631e-07,7.15653890109524e-07,2.96231312792707e-06,2.65757444680604e-05,0.0009778556177924,0.0524245819612441
26.932177,1.09025078348492e-07,7.09123823378039e-07,2.93628270752045e-06,2.63601618669933e-05,0.000971575806260775,0.0524438087356479
26.95051,1.07993516529413e-07,7.02653340996066e-07,2.91048034716112e-06,2.61463099003231e-05,0.000965334534610081,0.0524627022282607
26.968843,1.06971739781392e-07,6.96241899279311e-07,2.88490405560122e-06,2.59341748485242e-05,0.0009591315807447,0.0524812625368679
26.987176,1.05959655019438e-07,6.89888959504396e-07,2.85955185890885e-06,2.57237430991668e-05,0.000952966723732042,0.0524994897653174
27.005509,1.04957170046976e-07,6.83593987863579e-07,2.83442180031815e-06,2.55150011460959e-05,0.000946839743797415,0.0525173840235035
27.023842,1.03964193547342e-07,6.77356455419917e-07,2.80951194008079e-06,2.53079355886189e-05,0.000940750422318915,0.052534945427349
27.042175,1.02980635075346e-07,6.71175838062806e-07,2.78482035531863e-06,2.51025331306962e-05,0.000934698541822322,0.0525521740987889
27.060508,1.02006405048929e-07,6.65051616463955e-07,2.76034513987777e-06,2.48987805801412e-05,0.000928683885976016,0.0525690701657524
27.078841,1.01041414740893e-07,6.58983276033741e-07,2.7360844041837e-06,2.46966648478234e-05,0.000922706239585904,0.0525856337621456
27.097174,1.00085576270715e-07,6.52970306877974e-07,2.71203627509784e-06,2.44961729468794e-05,0.000916765388590362,0.0526018650278343
27.115507,9.91388025964348e-08,6.47012203755052e-07,2.68819889577525e-06,2.42972919919286e-05,0.000910861120055204,0.0526177641086257
27.13384,9.8201007506624e-08,6.41108466033513e-07,2.66457042552354e-06,2.41000091982958e-05,0.000904993222168643,0.0526333311562508
27.152173,9.7272105612434e-08,6.35258597649959e-07,2.64114903966308e-06,2.39043118812386e-05,0.000899161484236278,0.0526485663283468
27.170506,9.63520123397152e-08,6.29462107067383e-07,2.61793292938831e-06,2.37101874551808e-05,0.000893365696676106,0.0526634697884382
27.188839,9.54406439212168e-08,6.23718507233861e-07,2.59492030163029e-06,2.35176234329524e-05,0.00088760565101352,0.0526780417059193
27.207172,9.45379173888606e-08,6.18027315541636e-07,2.57210937892052e-06,2.33266074250346e-05,0.000881881139876367,0.0526922822560355
27.225505,9.36437505660863e-08,6.12388053786558e-07,2.54949839925574e-06,2.31371271388097e-05,0.00087619195698997,0.0527061916198649
27.243838,9.27580620602737e-08,6.06800248127905e-07,2.52708561596404e-06,2.29491703778182e-05,0.000870537897172197,0.0527197699842995
27.262171,9.18807712552366e-08,6.01263429048573e-07,2.50486929757215e-06,2.27627250410206e-05,0.000864918756328539,0.0527330175420269
27.280504,9.10117983037887e-08,5.95777131315617e-07,2.4828477276737e-06,2.25777791220644e-05,0.000859334331447201,0.0527459344915111
27.298837,9.01510641203804e-08,5.90340893941166e-07,2.46101920479881e-06,2.23943207085575e-05,0.000853784420594194,0.0527585210369735
27.31717,8.92984903738086e-08,5.84954260143687e-07,2.43938204228469e-06,2.2212337981346e-05,0.000848268822908479,0.0527707773883743
27.335503,8.84539994799935e-08,5.79616777309604e-07,2.41793456814736e-06,2.20318192137986e-05,0.000842787338597081,0.0527827037613927
27.353836,8.76175145948275e-08,5.74327996955261e-07,2.39667512495452e-06,2.18527527710951e-05,0.000837339768930243,0.0527943003774078
27.372169,8.67889596070915e-08,5.69087474689248e-07,2.37560206969948e-06,2.16751271095213e-05,0.000831925916236598,0.0528055674634795
27.390502,8.59682591314388e-08,5.63894770175051e-07,2.35471377367619e-06,2.14989307757684e-05,0.000826545583898341,0.0528165052523284
27.408835,8.5155338501449e-08,5.58749447094064e-07,2.33400862235536e-06,2.13241524062385e-05,0.00082119857634643,0.0528271139823166
27.427168,8.43501237627454e-08,5.53651073108916e-07,2.31348501526161e-06,2.11507807263543e-05,0.000815884699055793,0.0528373938974277
27.445501,8.35525416661803e-08,5.48599219827148e-07,2.29314136585169e-06,2.09788045498746e-05,0.000810603758540549,0.0528473452472468
27.463834,8.27625196610852e-08,5.43593462765219e-07,2.27297610139378e-06,2.08082127782153e-05,0.000805355562349251,0.0528569682869411
27.482167,8.19799858885879e-08,5.38633381312838e-07,2.25298766284782e-06,2.06389943997744e-05,0.000800139919060141,0.0528662632772388
27.5005,8.120486917499e-08,5.33718558697621e-07,2.23317450474681e-06,2.04711384892632e-05,0.000794956638276422,0.0528752304844101
27.518833,8.04370990252113e-08,5.2884858195007e-07,2.21353509507925e-06,2.03046342070417e-05,0.00078980553062154,0.0528838701802459
27.537166,7.96766056162961e-08,5.24023041868877e-07,2.19406791517248e-06,2.01394707984595e-05,0.000784686407734479,0.052892182642038
27.555499,7.89233197909814e-08,5.19241532986537e-07,2.17477145957707e-06,1.99756375932015e-05,0.00077959908226509,0.0529001681525581
27.573832,7.81771730513275e-08,5.14503653535282e-07,2.15564423595223e-06,1.98131240046384e-05,0.000774543367869404,0.0529078270000377
27.592165,7.74380975524096e-08,5.09809005413317e-07,2.13668476495218e-06,1.96519195291822e-05,0.000769519079204988,0.052915159478147
27.610498,7.67060260960708e-08,5.0515719415138e-07,2.11789158011351e-06,1.9492013745647e-05,0.000764526031926312,0.0529221658859742
27.628831,7.59808921247331e-08,5.00547828879581e-07,2.09926322774348e-06,1.93333963146131e-05,0.000759564042680106,0.0529288465280047
27.647164,7.52626297152704e-08,4.95980522294574e-07,2.08079826680936e-06,1.9176056977798e-05,0.000754632929100767,0.0529352017140999
27.665497,7.45511735729375e-08,4.91454890627e-07,2.06249526882858e-06,1.90199855574304e-05,0.000749732509805755,0.0529412317594761
27.68383,7.38464590253615e-08,4.86970553609259e-07,2.04435281776007e-06,1.88651719556303e-05,0.000744862604391022,0.0529469369846836
27.702163,7.31484220165857e-08,4.82527134443536e-07,2.02636950989625e-06,1.87116061537919e-05,0.000740023033426445,0.0529523177155849
27.720496,7.2456999101175e-08,4.78124259770157e-07,2.00854395375612e-06,1.85592782119736e-05,0.000735213618451275,0.0529573742833337
27.738829,7.17721274383757e-08,4.73761559636208e-07,1.99087476997931e-06,1.84081782682902e-05,0.000730434181969606,0.0529621070243533
27.757162,7.10937447863334e-08,4.69438667464458e-07,1.97336059122091e-06,1.82582965383115e-05,0.000725684547445861,0.052966516280315
27.775495,7.04217894963626e-08,4.65155220022548e-07,1.95600006204727e-06,1.81096233144645e-05,0.000720964539300281,0.0529706023981165
27.793828,6.9756200507276e-08,4.60910857392477e-07,1.93879183883274e-06,1.79621489654403e-05,0.000716273982904447,0.0529743657298601
27.812161,6.90969173397649e-08,4.56705222940355e-07,1.92173458965723e-06,1.78158639356053e-05,0.000711612704576797,0.0529778066328307
27.830494,6.84438800908354e-08,4.52537963286444e-07,1.90482699420471e-06,1.76707587444174e-05,0.000706980531578182,0.0529809254694741
27.848827,6.77970294282963e-08,4.48408728275454e-07,1.88806774366253e-06,1.75268239858461e-05,0.00070237729210741,0.0529837226073752
27.86716,6.71563065853018e-08,4.44317170947132e-07,1.87145554062166e-06,1.73840503277968e-05,0.000697802815296827,0.0529861984192352
27.885493,6.65216533549461e-08,4.40262947507104e-07,1.85498909897778e-06,1.72424285115404e-05,0.000693256931207911,0.0529883532828501
27.903826,6.58930120849084e-08,4.36245717297984e-07,1.83866714383318e-06,1.7101949351146e-05,0.000688739470826866,0.0529901875810882
27.922159,6.52703256721509e-08,4.32265142770758e-07,1.82248841139958e-06,1.69626037329188e-05,0.000684250266060243,0.0529917017018676
27.940492,6.46535375576673e-08,4.28320889456412e-07,1.8064516489017e-06,1.68243826148416e-05,0.000679789149730575,0.052992896038134
27.958825,6.40425917212826e-08,4.2441262593784e-07,1.79055561448179e-06,1.66872770260213e-05,0.000675355955572037,0.0529937709878383
27.977158,6.34374326765001e-08,4.20540023821984e-07,1.77479907710481e-06,1.65512780661384e-05,0.000670950518226092,0.0529943269539135
27.995491,6.28380054654004e-08,4.16702757712248e-07,1.75918081646457e-06,1.64163769049021e-05,0.000666572673237183,0.0529945643442528
28.013824,6.22442556535892e-08,4.12900505181155e-07,1.74369962289065e-06,1.62825647815083e-05,0.000662222257048428,0.0529944835716861
28.032157,6.16561293251921e-08,4.09132946743257e-07,1.72835429725609e-06,1.61498330041024e-05,0.000657899106997326,0.0529940850539579
28.05049,6.10735730778988e-08,4.05399765828284e-07,1.71314365088587e-06,1.60181729492458e-05,0.000653603061311486,0.052993369213704
28.068823,6.04965340180542e-08,4.01700648754551e-07,1.69806650546624e-06,1.58875760613868e-05,0.000649333959104367,0.0529923364784284
28.087156,5.99249597557967e-08,3.98035284702597e-07,1.68312169295478e-06,1.5758033852335e-05,0.000645091640371032,0.0529909872804811
28.105489,5.93587984002435e-08,3.9440336568907e-07,1.66830805549126e-06,1.56295379007403e-05,0.000640875945983924,0.0529893220570339
28.123822,5.87979985547213e-08,3.90804586540845e-07,1.65362444530924e-06,1.55020798515752e-05,0.000636686717688647,0.0529873412500581
28.142155,5.8242509312044e-08,3.87238644869388e-07,1.63906972464849e-06,1.53756514156217e-05,0.00063252379809977,0.0529850453063009
28.160488,5.76922802498342e-08,3.8370524104534e-07,1.62464276566809e-06,1.5250244368961e-05,0.000628387030696646,0.0529824346772624
28.178821,5.71472614258913e-08,3.8020407817335e-07,1.6103424503604e-06,1.5125850552469e-05,0.00062427625981924,0.0529795098191717
28.197154,5.66074033736022e-08,3.76734862067119e-07,1.59616767046558e-06,1.50024618713131e-05,0.000620191330663979,0.0529762711929641
28.215487,5.60726570973972e-08,3.73297301224686e-07,1.58211732738707e-06,1.48800702944548e-05,0.000616132089279614,0.0529727192642574
28.23382,5.55429740682496e-08,3.69891106803933e-07,1.56819033210763e-06,1.47586678541556e-05,0.000612098382563092,0.0529688545033279
28.252153,5.50183062192181e-08,3.66515992598318e-07,1.5543856051062e-06,1.4638246645486e-05,0.00060809005825546,0.0529646773850878
28.270486,5.44986059410312e-08,3.6317167501282e-07,1.54070207627544e-06,1.45187988258386e-05,0.000604106964937758,0.0529601883890605
28.288819,5.39838260777155e-08,3.59857873040114e-07,1.52713868483997e-06,1.44003166144453e-05,0.000600148952026955,0.0529553879993575
28.307152,5.34739199222648e-08,3.56574308236962e-07,1.51369437927538e-06,1.42827922918979e-05,0.000596215869771881,0.0529502767046546
28.325485,5.29688412123511e-08,3.53320704700811e-07,1.50036811722783e-06,1.41662181996717e-05,0.000592307569249176,0.0529448549981677
28.343818,5.24685441260765e-08,3.50096789046614e-07,1.48715886543448e-06,1.40505867396538e-05,0.000588423902359264,0.0529391233776293
28.362151,5.19729832777665e-08,3.46902290383854e-07,1.47406559964449e-06,1.39358903736742e-05,0.000584564721822335,0.0529330823452642
28.380484,5.14821137138032e-08,3.43736940293791e-07,1.46108730454077e-06,1.38221216230408e-05,0.00058072988117434,0.052926732407766
28.398817,5.09958909084978e-08,3.40600472806901e-07,1.44822297366239e-06,1.3709273068078e-05,0.000576919234763008,0.0529200740762725
28.41715,5.05142707600036e-08,3.37492624380528e-07,1.43547160932764e-06,1.35973373476683e-05,0.000573132637743871,0.052913107866342
28.435483,5.00372095862681e-08,3.34413133876743e-07,1.42283222255776e-06,1.34863071587978e-05,0.000569369946076303,0.0529058342979289
28.453816,4.95646641210239e-08,3.313617425404e-07,1.41030383300142e-06,1.33761752561057e-05,0.000565631016519591,0.0528982538953598
28.472149,4.90965915098173e-08,3.28338193977394e-07,1.39788546885965e-06,1.32669344514356e-05,0.000561915706628995,0.0528903671873087
28.490482,4.86329493060756e-08,3.25342234133118e-07,1.38557616681166e-06,1.31585776133922e-05,0.00055822387475184,0.0528821747067736
28.508815,4.81736954672125e-08,3.22373611271116e-07,1.3733749719411e-06,1.30510976668997e-05,0.000554555380023621,0.0528736769910511
28.527148,4.77187883507698e-08,3.1943207595193e-07,1.36128093766309e-06,1.29444875927645e-05,0.000550910082364121,0.0528648745817129
28.545481,4.72681867105969e-08,3.1651738101214e-07,1.3492931256518e-06,1.28387404272413e-05,0.000547287842473536,0.052855768024581
28.563814,4.68218496930669e-08,3.13629281543599e-07,1.33741060576872e-06,1.27338492616017e-05,0.00054368852182863,0.0528463578697031
28.582147,4.63797368333281e-08,3.10767534872853e-07,1.3256324559915e-06,1.26298072417067e-05,0.000540111982678902,0.0528366446713283
28.60048,4.59418080515927e-08,3.07931900540748e-07,1.31395776234342e-06,1.25266075675825e-05,0.000536558088042744,0.0528266289878826
28.618813,4.55080236494599e-08,3.0512214028223e-07,1.30238561882347e-06,1.24242434929994e-05,0.000533026701703656,0.0528163113819441
28.637146,4.50783443062751e-08,3.02338018006317e-07,1.29091512733707e-06,1.23227083250534e-05,0.000529517688206433,0.0528056924202185
28.655479,4.46527310755237e-08,2.99579299776274e-07,1.27954539762732e-06,1.2221995423752e-05,0.000526030912853406,0.0527947726735145
28.673812,4.42311453812591e-08,2.96845753789944e-07,1.26827554720689e-06,1.21220982016025e-05,0.000522566241700657,0.0527835527167188
28.692145,4.38135490145654e-08,2.94137150360275e-07,1.25710470129052e-06,1.20230101232031e-05,0.000519123541554285,0.0527720331287718
28.710478,4.33999041300537e-08,2.91453261896023e-07,1.24603199272802e-06,1.1924724704838e-05,0.000515702679966667,0.0527602144926423
28.728811,4.29901732423928e-08,2.88793862882628e-07,1.23505656193796e-06,1.18272355140751e-05,0.000512303525232737,0.0527480973953034
28.747144,4.25843192228712e-08,2.86158729863259e-07,1.22417755684185e-06,1.17305361693669e-05,0.000508925946386286,0.0527356824277069
28.765477,4.21823052959944e-08,2.83547641420048e-07,1.2133941327989e-06,1.16346203396539e-05,0.000505569813196262,0.0527229701847589
28.78381,4.17840950361128e-08,2.80960378155476e-07,1.20270545254141e-06,1.1539481743972e-05,0.000502234996163103,0.0527099612652947
28.802143,4.13896523640838e-08,2.78396722673945e-07,1.19211068611063e-06,1.14451141510621e-05,0.000498921366515073,0.0526966562720541
28.820476,4.09989415439638e-08,2.75856459563505e-07,1.18160901079321e-06,1.13515113789832e-05,0.000495628796204613,0.0526830558116562
28.838809,4.06119271797337e-08,2.7333937537776e-07,1.17119961105825e-06,1.12586672947277e-05,0.000492357157904714,0.0526691604945745
28.857142,4.02285742120549e-08,2.70845258617931e-07,1.16088167849481e-06,1.1166575813841e-05,0.000489106325005294,0.0526549709351118
28.875475,3.98488479150559e-08,2.68373899715081e-07,1.15065441175e-06,1.10752309000423e-05,0.000485876171609599,0.0526404877513754
28.893808,3.9472713893151e-08,2.65925091012511e-07,1.14051701646764e-06,1.09846265648496e-05,0.000482666572530609,0.0526257115652517
28.912141,3.91001380778883e-08,2.63498626748308e-07,1.13046870522738e-06,1.08947568672071e-05,0.000479477403287469,0.0526106430023815
28.930474,3.87310867248288e-08,2.61094303038061e-07,1.1205086974844e-06,1.08056159131155e-05,0.000476308540101931,0.0525952826921347
28.948807,3.83655264104541e-08,2.58711917857721e-07,1.11063621950964e-06,1.07171978552647e-05,0.0004731598598948,0.0525796312675848
28.96714,3.80034240291054e-08,2.56351271026635e-07,1.10085050433046e-06,1.06294968926704e-05,0.00047003124028241,0.0525636893654845
28.985473,3.76447467899502e-08,2.54012164190719e-07,1.09115079167194e-06,1.05425072703119e-05,0.000466922559573106,0.0525474576262401
29.003806,3.72894622139794e-08,2.51694400805795e-07,1.08153632789859e-06,1.04562232787743e-05,0.000463833696763737,0.052530936693886
29.022139,3.69375381310322e-08,2.49397786121074e-07,1.07200636595662e-06,1.03706392538926e-05,0.000460764531536179,0.0525141272160601
29.040472,3.65889426768497e-08,2.47122127162795e-07,1.06256016531666e-06,1.02857495763979e-05,0.000457714944253846,0.0524970298439785
29.058805,3.62436442901572e-08,2.44867232718005e-07,1.05319699191704e-06,1.02015486715679e-05,0.000454684815958243,0.0524796452324096
29.077138,3.59016117097737e-08,2.42632913318501e-07,1.04391611810751e-06,1.01180310088787e-05,0.000451674028365514,0.0524619740396497
29.095471,3.55628139717499e-08,2.40418981224899e-07,1.03471682259344e-06,1.00351911016599e-05,0.000448682463863012,0.0524440169274972
29.113804,3.52272204065324e-08,2.38225250410868e-07,1.02559839038058e-06,9.95302350675194e-06,0.000445710005505881,0.0524257745612274
29.132137,3.48948006361566e-08,2.36051536547494e-07,1.0165601127202e-06,9.87152282416679e-06,0.000442756537013658,0.0524072476095674
29.15047,3.45655245714654e-08,2.33897656987797e-07,1.00760128705477e-06,9.79068369675045e-06,0.000439821942766879,0.0523884367446705
29.168803,3.42393624093543e-08,2.31763430751376e-07,9.9872121696406e-07,9.7105008098483e-06,0.000436906107803701,0.0523693426420913
29.187136,3.39162846300437e-08,2.29648678509209e-07,9.89919212111794e-07,9.63096889097324e-06,0.000434008917816549,0.0523499659807598
29.205469,3.35962619943774e-08,2.27553222568582e-07,9.81194588192667e-07,9.55208270947622e-06,0.000431130259148766,0.0523303074429567
29.223802,3.32792655411457e-08,2.2547688685816e-07,9.72546666879864e-07,9.47383707621903e-06,0.000428270018791279,0.0523103677142875
29.242135,3.29652665844355e-08,2.23419496913188e-07,9.63974775773052e-07,9.3962268432501e-06,0.000425428084379278,0.0522901474836575
29.260468,3.26542367110049e-08,2.21380879860837e-07,9.55478248346783e-07,9.31924690348235e-06,0.000422604344188916,0.0522696474432463
29.278801,3.23461477776834e-08,2.19360864405678e-07,9.47056423899384e-07,9.24289219037389e-06,0.000419798687134015,0.0522488682884826
29.297134,3.20409719087966e-08,2.17359280815283e-07,9.3870864750225e-07,9.16715767761073e-06,0.000417011002762788,0.0522278107180184
29.315467,3.17386814936162e-08,2.1537596090597e-07,9.30434269949615e-07,9.09203837879233e-06,0.000414241181254577,0.0522064754337045
29.3338,3.14392491838329e-08,2.13410738028667e-07,9.22232647708719e-07,9.01752934711932e-06,0.000411489113416601,0.0521848631405639
29.352133,3.11426478910561e-08,2.11463447054913e-07,9.14103142870449e-07,8.9436256750838e-06,0.000408754690680725,0.0521629745467677
29.370466,3.08488507843343e-08,2.09533924362977e-07,9.06045123100365e-07,8.87032249416169e-06,0.000406037805100229,0.0521408103636089
29.388799,3.05578312877021e-08,2.07622007824117e-07,8.98057961590187e-07,8.79761497450788e-06,0.000403338349346608,0.0521183713054771
29.407132,3.02695630777484e-08,2.0572753678895e-07,8.90141037009674e-07,8.72549832465344e-06,0.000400656216706371,0.0520956580898337
29.425465,2.99840200812101e-08,2.03850352073961e-07,8.82293733458947e-07,8.65396779120518e-06,0.000397991301077868,0.0520726714371858
29.443798,2.97011764725867e-08,2.01990295948121e-07,8.74515440421196e-07,8.58301865854757e-06,0.000395343496968107,0.0520494120710613
29.462131,2.94210066717786e-08,2.00147212119634e-07,8.66805552715817e-07,8.51264624854692e-06,0.000392712699489615,0.0520258807179835
29.480464,2.91434853417489e-08,1.98320945722813e-07,8.59163470451956e-07,8.44284592025795e-06,0.000390098804357293,0.0520020781074454
29.498797,2.88685873862055e-08,1.96511343305053e-07,8.51588598982437e-07,8.37361306963242e-06,0.000387501707885282,0.051978004971885
29.51713,2.85962879473076e-08,1.94718252813951e-07,8.44080348858111e-07,8.30494312923005e-06,0.000384921306983857,0.0519536620466592
29.535463,2.83265624033924e-08,1.9294152358452e-07,8.36638135782588e-07,8.23683156793186e-06,0.000382357499156324,0.0519290500700189
29.553796,2.80593863667249e-08,1.91181006326536e-07,8.29261380567369e-07,8.16927389065546e-06,0.000379810182495934,0.0519041697830839
29.572129,2.77947356812678e-08,1.89436553111989e-07,8.21949509087355e-07,8.10226563807262e-06,0.000377279255682806,0.051879021929817
29.590462,2.7532586420474e-08,1.87708017362655e-07,8.14701952236752e-07,8.03580238632913e-06,0.000374764617980871,0.0518536072569989
29.608795,2.72729148850996e-08,1.85995253837782e-07,8.07518145885363e-07,7.96987974676659e-06,0.000372266169234822,0.0518279265142033
29.627128,2.70156976010379e-08,1.84298118621882e-07,8.00397530835243e-07,7.90449336564655e-06,0.000369783809867084,0.051801980453771
29.645461,2.6760911317174e-08,1.82616469112643e-07,7.93339552777742e-07,7.83963892387666e-06,0.000367317440874788,0.0517757698307851
29.663794,2.65085330032604e-08,1.80950164008941e-07,7.86343662250917e-07,7.77531213673892e-06,0.000364866963826768,0.0517492954030455
29.682127,2.62585398478117e-08,1.79299063298972e-07,7.79409314597308e-07,7.71150875362008e-06,0.000362432280860565,0.0517225579310436
29.70046,2.60109092560218e-08,1.77663028248487e-07,7.72535969922104e-07,7.64822455774422e-06,0.000360013294679448,0.0516955581779373
29.718793,2.57656188476977e-08,1.76041921389132e-07,7.65723093051627e-07,7.585455365907e-06,0.000357609908549441,0.0516682969095257
29.737126,2.55226464552163e-08,1.74435606506901e-07,7.5897015349222e-07,7.52319702821248e-06,0.000355222026296375,0.0516407748942238
29.755459,2.52819701214982e-08,1.72843948630684e-07,7.52276625389465e-07,7.46144542781153e-06,0.000352849552302939,0.0516129929030372
29.773792,2.50435680980031e-08,1.71266814020938e-07,7.45641987487779e-07,7.40019648064257e-06,0.000350492391505758,0.0515849517095373
29.792125,2.4807418842742e-08,1.69704070158434e-07,7.39065723090325e-07,7.33944613517409e-06,0.000348150449392472,0.051556652089836
29.810458,2.45735010183103e-08,1.68155585733135e-07,7.32547320019298e-07,7.27919037214927e-06,0.000345823631998832,0.0515280948225603
29.828791,2.43417934899393e-08,1.66621230633156e-07,7.26086270576559e-07,7.21942520433253e-06,0.000343511845905817,0.0514992806888276
29.847124,2.4112275323565e-08,1.65100875933833e-07,7.19682071504586e-07,7.16014667625807e-06,0.000341214998236748,0.0514702104722204
29.865457,2.38849257839176e-08,1.6359439388689e-07,7.13334223947783e-07,7.10135086398028e-06,0.000338932996654428,0.0514408849587611
29.88379,2.3659724332627e-08,1.62101657909706e-07,7.07042233414117e-07,7.04303387482614e-06,0.000336665749358289,0.0514113049368874
29.902123,2.34366506263486e-08,1.60622542574676e-07,7.00805609737102e-07,6.9851918471496e-06,0.000334413165081554,0.0513814711974268
29.920456,2.32156845149045e-08,1.59156923598675e-07,6.94623867038081e-07,6.92782095008758e-06,0.000332175153088408,0.0513513845335718
29.938789,2.29968060394451e-08,1.57704677832613e-07,6.88496523688873e-07,6.87091738331822e-06,0.000329951623171188,0.0513210457408549
29.957122,2.27799954306263e-08,1.56265683251088e-07,6.82423102274714e-07,6.81447737682068e-06,0.000327742485647577,0.0512904556171239
29.975455,2.2565233106805e-08,1.54839818942135e-07,6.76403129557543e-07,6.7584971906371e-06,0.000325547651357821,0.0512596149625165
29.993788,2.23524996722517e-08,1.53426965097061e-07,6.70436136439588e-07,6.70297311463602e-06,0.000323367031661946,0.0512285245794357
30.012121,2.21417759153803e-08,1.52027003000384e-07,6.64521657927278e-07,6.647901468278e-06,0.000321200538437003,0.051197185272525
30.030454,2.19330428069939e-08,1.50639815019853e-07,6.58659233095462e-07,6.59327860038285e-06,0.000319048084074309,0.0511655978486433
30.048787,2.17262814985495e-08,1.49265284596567e-07,6.52848405051955e-07,6.53910088889862e-06,0.000316909581476712,0.0511337631168406
30.06712,2.15214733204366e-08,1.47903296235181e-07,6.47088720902365e-07,6.48536474067263e-06,0.000314784944055866,0.0511016818883323
30.085453,2.13185997802741e-08,1.465537354942e-07,6.41379731715247e-07,6.43206659122389e-06,0.000312674085729514,0.0510693549764755
30.103786,2.1117642561223e-08,1.45216488976362e-07,6.35720992487548e-07,6.37920290451758e-06,0.000310576920918787,0.0510367831967436
30.122119,2.09185835203149e-08,1.43891444319116e-07,6.30112062110364e-07,6.32677017274125e-06,0.000308493364545519,0.0510039673667017
30.140452,2.07214046867968e-08,1.4257849018517e-07,6.24552503334974e-07,6.27476491608254e-06,0.000306423332029563,0.0509709083059822
30.158785,2.05260882604916e-08,1.41277516253146e-07,6.19041882739192e-07,6.22318368250883e-06,0.00030436673928613,0.0509376068362602
30.177118,2.03326166101746e-08,1.39988413208306e-07,6.13579770693998e-07,6.17202304754856e-06,0.000302323502723139,0.0509040637812283
30.195451,2.01409722719642e-08,1.38711072733367e-07,6.08165741330455e-07,6.12127961407414e-06,0.000300293539238571,0.0508702799665728
30.213784,1.99511379477303e-08,1.37445387499397e-07,6.02799372506926e-07,6.0709500120866e-06,0.000298276766217842,0.0508362562199488
30.232117,1.97630965035153e-08,1.36191251156801e-07,5.97480245776566e-07,6.02103089850196e-06,0.000296273101531189,0.0508019933709559
30.25045,1.95768309679725e-08,1.34948558326385e-07,5.92207946355103e-07,5.97151895693924e-06,0.000294282463531066,0.0507674922511133
30.268783,1.93923245308174e-08,1.33717204590498e-07,5.86982063088888e-07,5.92241089750994e-06,0.000292304771049547,0.0507327536938361
30.287116,1.92095605412954e-08,1.32497086484258e-07,5.81802188423236e-07,5.87370345660945e-06,0.00029033994339575,0.0506977785344104
30.305449,1.90285225066631e-08,1.31288101486863e-07,5.76667918371031e-07,5.82539339670981e-06,0.000288387900353265,0.0506625676099692
30.323782,1.88491940906848e-08,1.30090148012973e-07,5.71578852481615e-07,5.77747750615422e-06,0.000286448562177602,0.0506271217594679
30.342115,1.86715591121427e-08,1.28903125404176e-07,5.66534593809933e-07,5.72995259895309e-06,0.000284521849593641,0.0505914418236603
30.360448,1.84956015433618e-08,1.27726933920528e-07,5.61534748885956e-07,5.6828155145817e-06,0.000282607683793104,0.0505555286450742
30.378781,1.83213055087486e-08,1.26561474732175e-07,5.56578927684367e-07,5.6360631177794e-06,0.000280705986432027,0.0505193830679873
30.397114,1.81486552833441e-08,1.25406649911045e-07,5.51666743594514e-07,5.5896922983504e-06,0.00027881667962826,0.0504830059384031
30.415447,1.79776352913904e-08,1.24262362422626e-07,5.46797813390615e-07,5.54369997096605e-06,0.00027693968595896,0.0504463981040267
30.43378,1.78082301049107e-08,1.23128516117804e-07,5.41971757202229e-07,5.49808307496867e-06,0.000275074928458107,0.050409560414241
30.452113,1.76404244423033e-08,1.22005015724793e-07,5.37188198484982e-07,5.45283857417703e-06,0.000273222330614037,0.0503724937200824
30.470446,1.74742031669491e-08,1.20891766841123e-07,5.32446763991553e-07,5.4079634566931e-06,0.000271381816366967,0.0503351988742168
30.488779,1.73095512858318e-08,1.1978867592571e-07,5.27747083742891e-07,5.36345473471049e-06,0.000269553310106553,0.0502976767309162
30.507112,1.71464539481716e-08,1.18695650290997e-07,5.23088790999714e-07,5.31930944432429e-06,0.000267736736669441,0.0502599281460342
30.525445,1.69848964440725e-08,1.17612598095168e-07,5.18471522234231e-07,5.27552464534244e-06,0.00026593202133685,0.0502219539769826
30.543778,1.68248642031814e-08,1.16539428334423e-07,5.13894917102121e-07,5.23209742109852e-06,0.000264139089832147,0.0501837550827075
30.562111,1.66663427933608e-08,1.15476050835341e-07,5.09358618414743e-07,5.189024878266e-06,0.000262357868318439,0.0501453323236654
30.580444,1.65093179193739e-08,1.14422376247297e-07,5.04862272111611e-07,5.14630414667395e-06,0.000260588283396185,0.0501066865617998
30.598777,1.63537754215825e-08,1.13378316034957e-07,5.00405527233084e-07,5.10393237912418e-06,0.000258830262100811,0.0500678186605175
30.61711,1.61997012746568e-08,1.12343782470836e-07,4.95988035893306e-07,5.06190675120976e-06,0.000257083731900336,0.0500287294846647
30.635443,1.60470815862979e-08,1.11318688627931e-07,4.9160945325338e-07,5.02022446113503e-06,0.000255348620693011,0.0499894199005041
30.653776,1.58959025959729e-08,1.10302948372414e-07,4.87269437494771e-07,4.97888272953691e-06,0.000253624856804975,0.0499498907756906
30.672109,1.57461506736608e-08,1.09296476356393e-07,4.82967649792948e-07,4.93787879930771e-06,0.000251912368987909,0.0499101429792486
30.690442,1.55978123186118e-08,1.08299188010746e-07,4.78703754291242e-07,4.8972099354192e-06,0.000250211086416714,0.0498701773815482
30.708775,1.54508741581176e-08,1.07310999538009e-07,4.74477418074947e-07,4.85687342474816e-06,0.000248520938687194,0.0498299948542821
30.727108,1.53053229462932e-08,1.06331827905338e-07,4.70288311145631e-07,4.81686657590313e-06,0.000246841855813748,0.0497895962704419
30.745441,1.51611455628719e-08,1.05361590837534e-07,4.6613610639569e-07,4.7771867190528e-06,0.00024517376822708,0.0497489825042955
30.763774,1.50183290120093e-08,1.04400206810124e-07,4.62020479583097e-07,4.73783120575533e-06,0.000243516606771915,0.0497081544313635
30.782107,1.48768604211008e-08,1.03447595042519e-07,4.57941109306391e-07,4.69879740878934e-06,0.00024187030270472,0.0496671129283961
30.80044,1.47367270396098e-08,1.02503675491217e-07,4.5389767697988e-07,4.66008272198605e-06,0.000240234787691457,0.04962585887335
30.818773,1.45979162379064e-08,1.01568368843086e-07,4.49889866809052e-07,4.62168456006279e-06,0.000238609993805315,0.0495843931453657
30.837106,1.4460415506118e-08,1.00641596508694e-07,4.45917365766204e-07,4.58360035845774e-06,0.000236995853524484,0.0495427166247444
30.855439,1.43242124529906e-08,9.97232806157081e-08,4.41979863566291e-07,4.545827573166e-06,0.000235392299729919,0.0495008301929247
30.873772,1.41892948047607e-08,9.88133440023494e-08,4.38077052642966e-07,4.50836368057697e-06,0.000233799265703127,0.0494587347324604
30.892105,1.40556504040385e-08,9.79117102109118e-08,4.3420862812485e-07,4.47120617731293e-06,0.000232216685123949,0.0494164311269973
30.910438,1.39232672087013e-08,9.70183034813358e-08,4.30374287811993e-07,4.43435258006892e-06,0.000230644492068378,0.0493739202612504
30.928771,1.37921332907972e-08,9.61330487448432e-08,4.26573732152544e-07,4.39780042545379e-06,0.000229082621006359,0.0493312030209816
30.947104,1.36622368354607e-08,9.52558716176304e-08,4.22806664219632e-07,4.36154726983267e-06,0.000227531006799623,0.0492882802929768
30.965437,1.35335661398362e-08,9.43866983946166e-08,4.19072789688432e-07,4.32559068917045e-06,0.000225989584699516,0.0492451529650235
30.98377,1.34061096120144e-08,9.35254560432516e-08,4.15371816813445e-07,4.28992827887663e-06,0.000224458290344846,0.049201821925888
31.002103,1.32798557699768e-08,9.26720721973792e-08,4.11703456405966e-07,4.25455765365125e-06,0.000222937059759738,0.0491582880652934
31.020436,1.31547932405516e-08,9.18264751511572e-08,4.08067421811763e-07,4.21947644733226e-06,0.000221425829351506,0.049114552273897
31.038769,1.30309107583784e-08,9.09885938530309e-08,4.04463428888921e-07,4.18468231274372e-06,0.000219924535908518,0.0490706154432678
31.057102,1.29081971648841e-08,9.01583578997639e-08,4.00891195985915e-07,4.15017292154552e-06,0.000218433116598092,0.0490264784658645
31.075435,1.27866414072673e-08,8.93356975305223e-08,3.97350443919844e-07,4.11594596408408e-06,0.000216951508964393,0.0489821422350134
31.093768,1.26662325374935e-08,8.85205436210134e-08,3.93840895954873e-07,4.08199914924432e-06,0.000215479650926336,0.0489376076448858
31.112101,1.25469597112986e-08,8.77128276776763e-08,3.90362277780853e-07,4.04833020430265e-06,0.000214017480775504,0.0488928755904765
31.130434,1.24288121872033e-08,8.69124818319283e-08,3.86914317492128e-07,4.01493687478124e-06,0.000212564937174081,0.0488479469675814
31.148767,1.23117793255359e-08,8.61194388344611e-08,3.83496745566536e-07,3.98181692430343e-06,0.000211121959152785,0.0488028226727756
31.1671,1.21958505874647e-08,8.53336320495906e-08,3.80109294844573e-07,3.94896813445009e-06,0.000209688486108818,0.0487575036033917
31.185433,1.208101553404e-08,8.45549954496574e-08,3.76751700508762e-07,3.91638830461735e-06,0.000208264457803823,0.0487119906574977
31.203766,1.19672638252441e-08,8.37834636094792e-08,3.73423700063183e-07,3.88407525187524e-06,0.000206849814361855,0.0486662847338758
31.222099,1.18545852190524e-08,8.30189717008541e-08,3.70125033313192e-07,3.85202681082759e-06,0.000205444496267356,0.0486203867319998
31.240432,1.17429695705011e-08,8.22614554871116e-08,3.66855442345309e-07,3.82024083347285e-06,0.000204048444363146,0.0485742975520144
31.258765,1.16324068307653e-08,8.15108513177166e-08,3.63614671507287e-07,3.78871518906615e-06,0.000202661599848418,0.0485280180947132
31.277098,1.15228870462455e-08,8.07670961229204e-08,3.6040246738835e-07,3.7574477639824e-06,0.000201283904276749,0.048481549261517
31.295431,1.14144003576628e-08,8.00301274084624e-08,3.57218578799611e-07,3.72643646158042e-06,0.000199915299554118,0.0484348919544529
31.313764,1.13069369991626e-08,7.9299883250317e-08,3.54062756754647e-07,3.69567920206814e-06,0.000198555727936929,0.0483880470761325
31.332097,1.12004872974272e-08,7.8576302289492e-08,3.50934754450257e-07,3.66517392236887e-06,0.000197205132030055,0.048341015529731
31.35043,1.1095041670796e-08,7.78593237268725e-08,3.47834327247373e-07,3.63491857598861e-06,0.000195863454784879,0.0482937982189655
31.368763,1.09905906283954e-08,7.71488873181121e-08,3.44761232652158e-07,3.60491113288446e-06,0.000194530639497358,0.0482463960480742
31.387096,1.0887124769276e-08,7.6444933368571e-08,3.41715230297244e-07,3.5751495793339e-06,0.000193206629806081,0.0481988099217952
31.405429,1.07846347815581e-08,7.57474027282995e-08,3.38696081923154e-07,3.54563191780526e-06,0.000191891369690352,0.0481510407453456
31.423762,1.06831114415858e-08,7.50562367870695e-08,3.3570355135987e-07,3.51635616682911e-06,0.000190584803468273,0.0481030894244004
31.442095,1.0582545613089e-08,7.43713774694478e-08,3.32737404508577e-07,3.4873203608707e-06,0.000189286875794841,0.0480549568650715
31.460428,1.04829282463528e-08,7.36927672299176e-08,3.29797409323547e-07,3.45852255020333e-06,0.000187997531660048,0.0480066439738873
31.478761,1.03842503773958e-08,7.30203490480424e-08,3.26883335794201e-07,3.4299608007828e-06,0.000186716716387001,0.0479581516577715
31.497094,1.02865031271556e-08,7.23540664236762e-08,3.23994955927315e-07,3.40163319412283e-06,0.000185444375630045,0.0479094808240229
31.515427,1.01896777006823e-08,7.16938633722143e-08,3.2113204372938e-07,3.37353782717135e-06,0.000184180455372891,0.0478606323802943
31.53376,1.0093765386339e-08,7.10396844198902e-08,3.18294375189121e-07,3.3456728121879e-06,0.000182924901926765,0.0478116072345724
31.552093,9.99875755501132e-09,7.03914745991141e-08,3.1548172826017e-07,3.31803627662186e-06,0.000181677661928555,0.0477624062951571
31.570426,9.90464565932309e-09,6.97491794438546e-08,3.12693882843881e-07,3.2906263629918e-06,0.000180438682338976,0.0477130304706412
31.588759,9.81142123286022e-09,6.9112744985062e-08,3.09930620772304e-07,3.26344122876557e-06,0.000179207910440737,0.0476634806698901
31.607092,9.71907588940174e-09,6.8482117746133e-08,3.07191725791303e-07,3.23647904624149e-06,0.000177985293836721,0.0476137578020214
31.625425,9.62760132215822e-09,6.78572447384179e-08,3.04476983543816e-07,3.20973800243039e-06,0.000176770780448178,0.047563862776385
31.643758,9.53698930301753e-09,6.72380734567683e-08,3.01786181553276e-07,3.18321629893864e-06,0.000175564318512915,0.047513796502543
31.662091,9.44723168179755e-09,6.6624551875125e-08,2.99119109207157e-07,3.15691215185198e-06,0.000174365856583512,0.0474635598902493
31.680424,9.35832038550623e-09,6.60166284421464e-08,2.96475557740681e-07,3.13082379162041e-06,0.000173175343525531,0.04741315384943
31.698757,9.27024741760852e-09,6.54142520768771e-08,2.9385532022065e-07,3.10494946294386e-06,0.000171992728515743,0.0473625792901635
31.71709,9.18300485730062e-09,6.48173721644563e-08,2.91258191529441e-07,3.07928742465884e-06,0.000170817961040365,0.0473118371226607
31.735423,9.09658485879056e-09,6.42259385518637e-08,2.88683968349114e-07,3.05383594962591e-06,0.000169650990893301,0.0472609282572452
31.753756,9.01097965058609e-09,6.36399015437062e-08,2.86132449145676e-07,3.02859332461806e-06,0.000168491768174391,0.0472098536043334
31.772089,8.92618153478935e-09,6.30592118980425e-08,2.83603434153484e-07,3.00355785021004e-06,0.000167340243287677,0.0471586140744157
31.790422,8.842182886398e-09,6.24838208222446e-08,2.81096725359771e-07,2.9787278406684e-06,0.00016619636693967,0.0471072105780361
31.808755,8.75897615261309e-09,6.19136799688986e-08,2.78612126489313e-07,2.95410162384252e-06,0.000165060090137629,0.0470556440257735
31.827088,8.67655385215375e-09,6.13487414317422e-08,2.76149442989236e-07,2.92967754105647e-06,0.000163931364187846,0.0470039153282217
31.845421,8.59490857457802e-09,6.07889577416394e-08,2.73708482013947e-07,2.90545394700169e-06,0.000162810140693948,0.0469520253959708
31.863754,8.51403297961048e-09,6.02342818625917e-08,2.71289052410195e-07,2.88142920963052e-06,0.000161696371555193,0.0468999751395875
31.882087,8.43391979647615e-09,5.96846671877863e-08,2.68890964702275e-07,2.85760171005062e-06,0.000160590008964794,0.0468477654695963
31.90042,8.35456182324062e-09,5.91400675356791e-08,2.66514031077342e-07,2.83396984242008e-06,0.000159491005408232,0.0467953972964602
31.918753,8.27595192615673e-09,5.86004371461155e-08,2.64158065370871e-07,2.81053201384356e-06,0.000158399313661589,0.0467428715305621
31.937086,8.19808303901716e-09,5.80657306764842e-08,2.61822883052232e-07,2.78728664426903e-06,0.000157314886789891,0.0466901890821854
31.955419,8.12094816251348e-09,5.75359031979082e-08,2.59508301210398e-07,2.76423216638549e-06,0.00015623767814545,0.0466373508614958
31.973752,8.04454036360101e-09,5.70109101914686e-08,2.57214138539769e-07,2.7413670255214e-06,0.000155167641366226,0.046584357778522
31.992085,7.96885277487008e-09,5.64907075444656e-08,2.5494021532613e-07,2.71868967954394e-06,0.000154104730374188,0.0465312107431374
32.010418,7.89387859392286e-09,5.59752515467099e-08,2.52686353432723e-07,2.69619859875906e-06,0.000153048899373687,0.0464779106650416
32.028751,7.81961108275643e-09,5.54644988868512e-08,2.50452376286446e-07,2.67389226581229e-06,0.000152000102849837,0.0464244584537417
32.047084,7.74604356715166e-09,5.49584066487386e-08,2.48238108864169e-07,2.65176917559039e-06,0.00015095829556691,0.0463708550185336
32.065417,7.67316943606779e-09,5.44569323078146e-08,2.46043377679169e-07,2.62982783512368e-06,0.000149923432566728,0.0463171012684846
32.08375,7.60098214104293e-09,5.3960033727542e-08,2.43868010767686e-07,2.60806676348924e-06,0.000148895469167071,0.0462631981124142
32.102083,7.52947519560008e-09,5.3467669155863e-08,2.41711837675595e-07,2.58648449171482e-06,0.000147874360960093,0.0462091464588763
32.120416,7.45864217465913e-09,5.2979797221692e-08,2.39574689445196e-07,2.5650795626835e-06,0.000146860063810746,0.0461549472161411
32.138749,7.38847671395397e-09,5.24963769314379e-08,2.37456398602111e-07,2.54385053103907e-06,0.000145852533855207,0.0461006012921773
32.157082,7.31897250945561e-09,5.20173676655608e-08,2.3535679914231e-07,2.52279596309226e-06,0.00014485172749932,0.0460461095946337
32.175415,7.25012331680046e-09,5.1542729175158e-08,2.33275726519231e-07,2.50191443672759e-06,0.000143857601417043,0.0459914730308218
32.193748,7.18192295072437e-09,5.10724215785835e-08,2.31213017631037e-07,2.48120454131105e-06,0.000142870112548905,0.0459366925076976
32.212081,7.11436528450167e-09,5.0606405358095e-08,2.29168510807956e-07,2.46066487759841e-06,0.000141889218100463,0.0458817689318443
32.230414,7.04744424938985e-09,5.01446413565351e-08,2.27142045799754e-07,2.44029405764434e-06,0.000140914875540782,0.0458267032094545
32.248747,6.98115383407941e-09,4.96870907740397e-08,2.25133463763307e-07,2.42009070471218e-06,0.000139947042600907,0.0457714962463127
32.26708,6.91548808414905e-09,4.92337151647795e-08,2.23142607250284e-07,2.4000534531845e-06,0.000138985677272358,0.0457161489477779
32.285413,6.85044110152577e-09,4.87844764337279e-08,2.21169320194934e-07,2.38018094847423e-06,0.000138030737805616,0.0456606622187661
32.303746,6.78600704395038e-09,4.8339336833461e-08,2.19213447901984e-07,2.36047184693664e-06,0.000137082182708633,0.045605036963733
32.322079,6.72218012444805e-09,4.78982589609855e-08,2.1727483703464e-07,2.34092481578191e-06,0.00013613997074534,0.0455492740866571
32.340412,6.65895461080382e-09,4.74612057545964e-08,2.15353335602695e-07,2.32153853298848e-06,0.000135204060934167,0.0454933744910225
32.358745,6.59632482504309e-09,4.70281404907622e-08,2.13448792950739e-07,2.30231168721692e-06,0.000134274412546568,0.0454373390798013
32.377078,6.53428514291713e-09,4.65990267810394e-08,2.11561059746469e-07,2.28324297772469e-06,0.000133350985105556,0.0453811687554375
32.395411,6.47282999339345e-09,4.61738285690156e-08,2.09689987969108e-07,2.26433111428144e-06,0.000132433738384246,0.0453248644198295
32.413744,6.41195385815103e-09,4.57525101272788e-08,2.0783543089792e-07,2.24557481708495e-06,0.000131522632404401,0.0452684269743135
32.432077,6.35165127108026e-09,4.53350360544161e-08,2.05997243100823e-07,2.22697281667787e-06,0.000130617627434994,0.0452118573196471
32.45041,6.2919168177878e-09,4.49213712720388e-08,2.0417528042311e-07,2.20852385386496e-06,0.000129718683990766,0.0451551563559921
32.468743,6.23274513510605e-09,4.45114810218351e-08,2.02369399976258e-07,2.19022667963111e-06,0.000128825762830808,0.0450983249828983
32.487076,6.17413091060721e-09,4.41053308626493e-08,2.00579460126846e-07,2.17208005505993e-06,0.000127938824957132,0.045041364099287
32.505409,6.11606888212225e-09,4.37028866675884e-08,1.98805320485557e-07,2.15408275125303e-06,0.000127057831613261,0.0449842746034348
32.523742,6.05855383726399e-09,4.33041146211538e-08,1.97046841896284e-07,2.13623354924984e-06,0.000126182744282825,0.0449270573929568
32.542075,6.0015806129552e-09,4.29089812164003e-08,1.95303886425334e-07,2.11853123994823e-06,0.000125313524688165,0.044869713364791
32.560408,5.94514409496084e-09,4.2517453252121e-08,1.93576317350716e-07,2.10097462402559e-06,0.000124450134788937,0.0448122434151818
32.578741,5.88923921742495e-09,4.21294978300571e-08,1.9186399915153e-07,2.08356251186064e-06,0.000123592536780733,0.0447546484396639
32.597074,5.83386096241185e-09,4.17450823521335e-08,1.9016679749745e-07,2.0662937234558e-06,0.000122740693093705,0.0446969293330467
32.615407,5.77900435945172e-09,4.13641745177206e-08,1.88484579238292e-07,2.04916708836022e-06,0.000121894566391197,0.0446390869893982
32.63374,5.7246644850905e-09,4.09867423209192e-08,1.86817212393677e-07,2.03218144559335e-06,0.00012105411956838,0.0445811223020292
32.652073,5.67083646244407e-09,4.06127540478717e-08,1.85164566142785e-07,2.01533564356918e-06,0.000120219315750903,0.0445230361634774
32.670406,5.61751546075669e-09,4.02421782740972e-08,1.83526510814198e-07,1.99862854002108e-06,0.000119390118293544,0.0444648294654924
32.688739,5.56469669496365e-09,3.98749838618514e-08,1.81902917875829e-07,1.98205900192714e-06,0.000118566490778871,0.0444065030990196
32.707072,5.51237542525799e-09,3.95111399575097e-08,1.80293659924944e-07,1.96562590543622e-06,0.000117748397015909,0.0443480579541847
32.725405,5.46054695666143e-09,3.91506159889749e-08,1.78698610678263e-07,1.94932813579449e-06,0.000116935801038813,0.044289494920279
32.743738,5.40920663859939e-09,3.87933816631087e-08,1.77117644962159e-07,1.93316458727265e-06,0.000116128667105556,0.0442308148857432
32.762071,5.35834986447994e-09,3.8439406963186e-08,1.75550638702932e-07,1.9171341630936e-06,0.00011532695969661,0.044172018738153
32.780404,5.30797207127683e-09,3.80886621463725e-08,1.73997468917171e-07,1.90123577536077e-06,0.000114530643513647,0.0441131073642035
32.798737,5.25806873911655e-09,3.7741117741226e-08,1.72458013702205e-07,1.88546834498701e-06,0.000113739683478237,0.0440540816496943
32.81707,5.20863539086919e-09,3.73967445452201e-08,1.70932152226632e-07,1.86983080162401e-06,0.000112954044730567,0.0439949424795149
32.835403,5.15966759174324e-09,3.705551362229e-08,1.69419764720929e-07,1.85432208359229e-06,0.000112173692628145,0.043935690737629
32.853736,5.11116094888424e-09,3.67173963004014e-08,1.67920732468152e-07,1.83894113781177e-06,0.000111398592744535,0.0438763273070606
32.872069,5.06311111097725e-09,3.63823641691412e-08,1.66434937794711e-07,1.82368691973281e-06,0.000110628710868077,0.0438168530698789
32.890402,5.01551376785316e-09,3.60503890773306e-08,1.64962264061225e-07,1.80855839326795e-06,0.000109864013000636,0.0437572689071839
32.908735,4.96836465009858e-09,3.57214431306595e-08,1.63502595653462e-07,1.79355453072398e-06,0.000109104465356334,0.0436975756990913
32.927068,4.92165952866959e-09,3.53954986893424e-08,1.62055817973352e-07,1.77867431273472e-06,0.000108350034360309,0.0436377743247191
32.945401,4.8753942145091e-09,3.50725283657963e-08,1.60621817430082e-07,1.76391672819429e-06,0.000107600686647469,0.0435778656621721
32.963734,4.82956455816789e-09,3.47525050223397e-08,1.59200481431274e-07,1.74928077419082e-06,0.000106856389061257,0.0435178505885286
32.982067,4.78416644942914e-09,3.44354017689117e-08,1.57791698374224e-07,1.73476545594081e-06,0.000106117108652421,0.0434577299798256
33.0004,4.73919581693667e-09,3.41211919608129e-08,1.56395357637237e-07,1.72036978672395e-06,0.000105382812677791,0.043397504711045
33.018733,4.6946486278266e-09,3.38098491964665e-08,1.55011349571023e-07,1.70609278781842e-06,0.000104653468599068,0.0433371756560995
33.037066,4.6505208873626e-09,3.35013473152002e-08,1.53639565490177e-07,1.69193348843676e-06,0.000103929044081606,0.0432767436878188
33.055399,4.60680863857456e-09,3.31956603950474e-08,1.52279897664729e-07,1.67789092566226e-06,0.000103209506993217,0.0432162096779354
33.073732,4.56350796190063e-09,3.28927627505697e-08,1.50932239311768e-07,1.66396414438575e-06,0.00010249482540297,0.0431555744970714
33.092065,4.52061497483284e-09,3.25926289306987e-08,1.49596484587142e-07,1.65015219724306e-06,0.000101784967580003,0.0430948390147244
33.110398,4.47812583156589e-09,3.22952337165968e-08,1.48272528577227e-07,1.63645414455279e-06,0.000101079901992339,0.0430340040992541
33.128731,4.43603672264937e-09,3.20005521195387e-08,1.46960267290773e-07,1.6228690542547e-06,0.00010037959730571,0.0429730706178688
33.147064,4.39434387464331e-09,3.17085593788117e-08,1.4565959765081e-07,1.60939600184854e-06,9.96840223823835e-05,0.0429120394366117
33.165397,4.35304354977698e-09,3.14192309596352e-08,1.44370417486643e-07,1.59603407033341e-06,9.89931462800035e-05,0.0428509114203483
33.18373,4.31213204561087e-09,3.11325425510989e-08,1.43092625525899e-07,1.58278235014751e-06,9.8306938250427e-05,0.0427896874327524
33.202063,4.27160569470194e-09,3.08484700641201e-08,1.41826121386653e-07,1.56963993910843e-06,9.76253677385756e-05,0.0427283683362933
33.220396,4.23146086427208e-09,3.05669896294197e-08,1.40570805569621e-07,1.55660594235393e-06,9.69484043812893e-05,0.0426669549922226
33.238729,4.19169395587969e-09,3.02880775955172e-08,1.39326579450423e-07,1.54367947228319e-06,9.62760180061878e-05,0.0426054482605616
33.257062,4.1523014050943e-09,3.0011710526742e-08,1.38093345271908e-07,1.53085964849842e-06,9.56081786305369e-05,0.0425438490000877
33.275395,4.11327968117444e-09,2.97378652012654e-08,1.36871006136553e-07,1.51814559774708e-06,9.49448564601224e-05,0.0424821580683222
33.293728,4.07462528674837e-09,2.94665186091488e-08,1.35659465998922e-07,1.50553645386445e-06,9.4286021888129e-05,0.0424203763215174
33.312061,4.03633475749811e-09,2.91976479504106e-08,1.34458629658197e-07,1.49303135771676e-06,9.36316454940269e-05,0.0423585046146439
33.330394,3.9984046618462e-09,2.89312306331102e-08,1.33268402750771e-07,1.48062945714462e-06,9.29816980424622e-05,0.042296543801378
33.348727,3.96083160064554e-09,2.86672442714496e-08,1.32088691742901e-07,1.46832990690705e-06,9.23361504821552e-05,0.0422344947340894
33.36706,3.92361220687231e-09,2.8405666683893e-08,1.30919403923441e-07,1.45613186862589e-06,9.16949739448046e-05,0.0421723582638287
33.385393,3.88674314532154e-09,2.81464758913022e-08,1.29760447396616e-07,1.44403451073061e-06,9.10581397439969e-05,0.0421101352403151
33.403726,3.85022111230584e-09,2.78896501150905e-08,1.28611731074879e-07,1.43203700840365e-06,9.04256193741215e-05,0.0420478265119241
33.422059,3.81404283535673e-09,2.7635167775392e-08,1.2747316467182e-07,1.42013854352609e-06,8.97973845092934e-05,0.0419854329256757
33.440392,3.7782050729291e-09,2.73830074892494e-08,1.26344658695138e-07,1.40833830462387e-06,8.91734070022812e-05,0.041922955327222
33.458725,3.7427046141082e-09,2.71331480688161e-08,1.25226124439677e-07,1.39663548681431e-06,8.85536588834385e-05,0.0418603945608353
33.477058,3.70753827831958e-09,2.68855685195769e-08,1.24117473980525e-07,1.38502929175317e-06,8.79381123596462e-05,0.0417977514693966
33.495391,3.67270291504173e-09,2.66402480385831e-08,1.23018620166162e-07,1.37351892758203e-06,8.73267398132553e-05,0.0417350268943833
33.513724,3.63819540352145e-09,2.63971660127051e-08,1.21929476611686e-07,1.36210360887617e-06,8.67195138010393e-05,0.0416722216758576
33.532057,3.60401265249193e-09,2.61563020169002e-08,1.20849957692081e-07,1.35078255659281e-06,8.61164070531503e-05,0.0416093366524553
33.55039,3.57015159989353e-09,2.59176358124964e-08,1.19779978535552e-07,1.3395549980198e-06,8.5517392472083e-05,0.0415463726613737
33.568723,3.53660921259715e-09,2.56811473454918e-08,1.18719455016922e-07,1.32842016672467e-06,8.49224431316411e-05,0.0414833305383607
33.587056,3.50338248613027e-09,2.54468167448693e-08,1.17668303751077e-07,1.31737730250414e-06,8.43315322759123e-05,0.0414202111177028
33.605389,3.47046844440559e-09,2.52146243209276e-08,1.16626442086475e-07,1.30642565133398e-06,8.3744633318248e-05,0.0413570152322145
33.623722,3.43786413945224e-09,2.4984550563626e-08,1.15593788098711e-07,1.29556446531933e-06,8.3161719840249e-05,0.0412937437132266
33.642055,3.40556665114954e-09,2.47565761409456e-08,1.14570260584139e-07,1.28479300264531e-06,8.25827655907549e-05,0.0412303973905752
33.660388,3.37357308696332e-09,2.45306818972649e-08,1.13555779053543e-07,1.27411052752818e-06,8.20077444848434e-05,0.0411669770925911
33.678721,3.34188058168464e-09,2.43068488517497e-08,1.12550263725875e-07,1.26351631016672e-06,8.14366306028293e-05,0.0411034836460881
33.697054,3.31048629717112e-09,2.40850581967589e-08,1.11553635522035e-07,1.25300962669411e-06,8.08693981892742e-05,0.0410399178763528
33.715387,3.27938742209068e-09,2.3865291296264e-08,1.1056581605872e-07,1.24258975913018e-06,8.03060216519998e-05,0.0409762806071335
33.73372,3.24858117166764e-09,2.36475296842827e-08,1.09586727642308e-07,1.23225599533396e-06,7.97464755611044e-05,0.0409125726606297
33.752053,3.21806478743134e-09,2.3431755063328e-08,1.08616293262816e-07,1.2220076289567e-06,7.91907346479898e-05,0.040848794857481
33.770386,3.18783553696707e-09,2.32179493028702e-08,1.07654436587895e-07,1.21184395939525e-06,7.86387738043884e-05,0.0407849480167575
33.788719,3.15789071366945e-09,2.30060944378142e-08,1.06701081956887e-07,1.20176429174573e-06,7.80905680814001e-05,0.0407210329559486
33.807052,3.128227636498e-09,2.27961726669889e-08,1.05756154374925e-07,1.1917679367577e-06,7.75460926885314e-05,0.0406570504909528
33.825385,3.09884364973519e-09,2.25881663516525e-08,1.04819579507098e-07,1.18185421078856e-06,7.70053229927412e-05,0.0405930014360675
33.843718,3.06973612274667e-09,2.23820580140094e-08,1.03891283672652e-07,1.17202243575841e-06,7.64682345174919e-05,0.040528886603979
33.862051,3.0409024497439e-09,2.2177830335743e-08,1.02971193839253e-07,1.16227193910522e-06,7.59348029418065e-05,0.0404647068057521
33.880384,3.01234004954887e-09,2.19754661565588e-08,1.02059237617295e-07,1.1526020537404e-06,7.54050040993285e-05,0.0404004628508203
33.898717,2.98404636536118e-09,2.1774948472744e-08,1.01155343254257e-07,1.14301211800464e-06,7.48788139773903e-05,0.0403361555469756
33.91705,2.95601886452729e-09,2.15762604357378e-08,1.00259439629115e-07,1.13350147562423e-06,7.43562087160838e-05,0.040271785700359
33.935383,2.92825503831198e-09,2.13793853507163e-08,9.93714562467966e-08,1.12406947566759e-06,7.38371646073395e-05,0.0402073541154506
33.953716,2.90075240167189e-09,2.11843066751893e-08,9.84913232326853e-08,1.11471547250226e-06,7.3321658094007e-05,0.0401428615950596
33.972049,2.87350849303136e-09,2.09910080176105e-08,9.76189713271775e-08,1.10543882575216e-06,7.2809665768943e-05,0.0400783089403152
33.990382,2.84652087406026e-09,2.07994731360001e-08,9.6754331880282e-08,1.09623890025519e-06,7.2301164374105e-05,0.0400136969506568
34.008715,2.81978712945398e-09,2.06096859365802e-08,9.58973368462684e-08,1.08711506602125e-06,7.17961307996475e-05,0.0399490264238246
34.027048,2.79330486671558e-09,2.04216304724225e-08,9.50479187783646e-08,1.0780666981905e-06,7.12945420830265e-05,0.0398842981558501
34.045381,2.76707171593983e-09,2.02352909421081e-08,9.42060108234953e-08,1.06909317699201e-06,7.07963754081057e-05,0.0398195129410473
34.063714,2.74108532959949e-09,2.00506516884002e-08,9.33715467170728e-08,1.06019388770267e-06,7.03016081042707e-05,0.039754671572003
34.082047,2.7153433823335e-09,1.98676971969281e-08,9.25444607778294e-08,1.05136822060654e-06,6.98102176455454e-05,0.0396897748395678
34.10038,2.68984357073721e-09,1.96864120948839e-08,9.17246879026957e-08,1.04261557095444e-06,6.93221816497165e-05,0.0396248235328474
34.118713,2.6645836131546e-09,1.95067811497303e-08,9.09121635617248e-08,1.03393533892385e-06,6.88374778774599e-05,0.0395598184391933
34.137046,2.63956124947252e-09,1.93287892679218e-08,9.0106823793061e-08,1.02532692957921e-06,6.83560842314748e-05,0.0394947603441939
34.155379,2.61477424091678e-09,1.91524214936349e-08,8.93086051979499e-08,1.01678975283245e-06,6.78779787556196e-05,0.0394296500316662
34.173712,2.59022036985023e-09,1.89776630075128e-08,8.85174449357953e-08,1.00832322340391e-06,6.74031396340555e-05,0.0393644882836464
34.192045,2.5658974395728e-09,1.88044991254192e-08,8.77332807192581e-08,9.99926760783502e-07,6.69315451903933e-05,0.0392992758803821
34.210378,2.54180327412339e-09,1.86329152972053e-08,8.69560508093989e-08,9.91599789192244e-07,6.64631738868461e-05,0.0392340136003229
34.228711,2.51793571808358e-09,1.84628971054867e-08,8.61856940108603e-08,9.83341737544055e-07,6.59980043233856e-05,0.0391687022201127
34.247044,2.49429263638332e-09,1.82944302644318e-08,8.54221496670956e-08,9.75152039407868e-07,6.55360152369039e-05,0.0391033425145808
34.265377,2.4708719141084e-09,1.81275006185621e-08,8.46653576556358e-08,9.67030132970065e-07,6.50771855003799e-05,0.0390379352567336
34.28371,2.44767145630974e-09,1.79620941415622e-08,8.39152583834009e-08,9.58975460997193e-07,6.46214941220511e-05,0.0389724812177472
34.302043,2.42468918781452e-09,1.77981969351016e-08,8.31717927820486e-08,9.50987470798972e-07,6.41689202445884e-05,0.0389069811669583
34.320376,2.40192305303903e-09,1.76357952276665e-08,8.24349023033674e-08,9.43065614191612e-07,6.37194431442774e-05,0.0388414358718562
34.338709,2.37937101580344e-09,1.74748753734031e-08,8.17045289147087e-08,9.35209347461422e-07,6.32730422302035e-05,0.0387758460980755
34.357042,2.35703105914815e-09,1.73154238509706e-08,8.09806150944575e-08,9.27418131328702e-07,6.28296970434412e-05,0.038710212609388
34.375375,2.334901185152e-09,1.71574272624053e-08,8.02631038275446e-08,9.19691430911925e-07,6.2389387256249e-05,0.0386445361676941
34.393708,2.31297941475218e-09,1.70008723319947e-08,7.95519386009973e-08,9.12028715692209e-07,6.19520926712682e-05,0.0385788175330165
34.412041,2.29126378756582e-09,1.68457459051623e-08,7.88470633995303e-08,9.04429459478079e-07,6.1517793220727e-05,0.0385130574634911
34.430374,2.2697523617133e-09,1.66920349473619e-08,7.81484227011722e-08,8.96893140370482e-07,6.10864689656474e-05,0.0384472567153603
34.448707,2.24844321364321e-09,1.65397265429824e-08,7.74559614729334e-08,8.89419240728124e-07,6.06581000950592e-05,0.0383814160429654
34.46704,2.22733443795901e-09,1.63888078942628e-08,7.67696251665108e-08,8.82007247133045e-07,6.02326669252158e-05,0.0383155361987388
34.485373,2.2064241472473e-09,1.6239266320217e-08,7.60893597140301e-08,8.74656650356499e-07,5.98101498988169e-05,0.038249617933197
34.503706,2.18571047190771e-09,1.60910892555675e-08,7.54151115238247e-08,8.67366945325086e-07,5.93905295842339e-05,0.0381836619949335
34.522039,2.16519155998442e-09,1.59442642496907e-08,7.47468274762531e-08,8.6013763108716e-07,5.89737866747401e-05,0.0381176691306109
34.540372,2.14486557699933e-09,1.57987789655696e-08,7.40844549195514e-08,8.52968210779512e-07,5.85599019877462e-05,0.038051640084955
34.558705,2.12473070578667e-09,1.56546211787582e-08,7.34279416657234e-08,8.45858191594314e-07,5.81488564640391e-05,0.0379855756007463
34.577038,2.10478514632935e-09,1.55117787763537e-08,7.27772359864656e-08,8.38807084746329e-07,5.77406311670253e-05,0.0379194764188143
34.595371,2.08502711559673e-09,1.53702397559787e-08,7.21322866091288e-08,8.3181440544038e-07,5.73352072819793e-05,0.0378533432780298
34.613704,2.065454847384e-09,1.52299922247732e-08,7.14930427127149e-08,8.2487967283909e-07,5.69325661152953e-05,0.0377871769152989
34.632037,2.04606659215303e-09,1.50910243983948e-08,7.08594539239077e-08,8.18002410030856e-07,5.65326890937441e-05,0.0377209780655556
34.65037,2.0268606168748e-09,1.49533246000287e-08,7.023147031314e-08,8.11182143998105e-07,5.61355577637335e-05,0.0376547474617552
34.668703,2.00783520487323e-09,1.48168812594065e-08,6.96090423906941e-08,8.04418405585794e-07,5.5741153790573e-05,0.0375884858348684
34.687036,1.9889886556706e-09,1.46816829118344e-08,6.89921211028378e-08,7.97710729470166e-07,5.53494589577445e-05,0.037522193913874
34.705369,1.97031928483434e-09,1.45477181972289e-08,6.8380657827992e-08,7.91058654127733e-07,5.49604551661737e-05,0.0374558724257531
34.723702,1.95182542382531e-09,1.44149758591635e-08,6.77746043729339e-08,7.8446172180455e-07,5.45741244335092e-05,0.0373895220954824
34.742035,1.93350541984751e-09,1.42834447439219e-08,6.71739129690321e-08,7.77919478485688e-07,5.4190448893403e-05,0.037323143646028
34.760368,1.91535763569928e-09,1.41531137995613e-08,6.65785362685169e-08,7.71431473864998e-07,5.38094107947982e-05,0.0372567377983398
34.778701,1.89738044962576e-09,1.40239720749837e-08,6.598842734078e-08,7.6499726131507e-07,5.3430992501217e-05,0.0371903052713442
34.797034,1.87957225517292e-09,1.38960087190155e-08,6.54035396687089e-08,7.5861639785747e-07,5.30551764900558e-05,0.0371238467819393
34.815367,1.86193146104285e-09,1.37692129794959e-08,6.4823827145053e-08,7.52288444133194e-07,5.26819453518834e-05,0.0370573630449884
34.8337,1.84445649095049e-09,1.36435742023736e-08,6.4249244068822e-08,7.46012964373375e-07,5.23112817897432e-05,0.0369908547733139
34.852033,1.82714578348167e-09,1.35190818308114e-08,6.36797451417139e-08,7.39789526370201e-07,5.1943168618459e-05,0.036924322677692
34.870366,1.80999779195253e-09,1.3395725404299e-08,6.31152854645767e-08,7.33617701448089e-07,5.15775887639456e-05,0.0368577674668467
34.888699,1.79301098427028e-09,1.32734945577744e-08,6.25558205338995e-08,7.2749706443508e-07,5.12145252625226e-05,0.0367911898474441
34.907032,1.77618384279523e-09,1.31523790207527e-08,6.20013062383359e-08,7.21427193634463e-07,5.08539612602336e-05,0.036724590524087
34.925365,1.75951486420415e-09,1.30323686164633e-08,6.14516988552555e-08,7.15407670796628e-07,5.04958800121672e-05,0.0366579701993095
34.943698,1.743002559355e-09,1.29134532609948e-08,6.09069550473283e-08,7.09438081091137e-07,5.01402648817839e-05,0.0365913295735709
34.962031,1.72664545315278e-09,1.27956229624473e-08,6.03670318591365e-08,7.03518013079039e-07,4.97870993402452e-05,0.0365246693452515
34.980364,1.71044208441682e-09,1.26788678200937e-08,5.98318867138189e-08,6.97647058685383e-07,4.94363669657486e-05,0.0364579902106462
34.998697,1.6943910057492e-09,1.25631780235466e-08,5.93014774097416e-08,6.91824813171963e-07,4.90880514428642e-05,0.0363912928639599
35.01703,1.67849078340453e-09,1.2448543851935e-08,5.87757621172e-08,6.86050875110285e-07,4.8742136561877e-05,0.0363245779973023
35.035363,1.66273999716084e-09,1.23349556730871e-08,5.82546993751491e-08,6.80324846354739e-07,4.83986062181319e-05,0.0362578463006826
35.053696,1.64713724019179e-09,1.22224039427208e-08,5.77382480879619e-08,6.74646332015999e-07,4.8057444411383e-05,0.0361910984620049
35.072029,1.63168111894006e-09,1.21108792036421e-08,5.72263675222181e-08,6.69014940434629e-07,4.7718635245147e-05,0.0361243351670629
35.090362,1.61637025299191e-09,1.20003720849501e-08,5.67190173035178e-08,6.634302831549e-07,4.73821629260589e-05,0.0360575570995354
35.108695,1.601203274953e-09,1.18908733012498e-08,5.62161574133261e-08,6.5789197489882e-07,4.70480117632336e-05,0.0359907649409812
35.127028,1.5861788303253e-09,1.17823736518719e-08,5.57177481858442e-08,6.52399633540368e-07,4.67161661676292e-05,0.0359239593708347
35.145361,1.57129557738523e-09,1.16748640200997e-08,5.52237503049073e-08,6.46952880079943e-07,4.63866106514154e-05,0.0358571410664011
35.163694,1.5565521870629e-09,1.1568335372403e-08,5.47341248009108e-08,6.41551338619011e-07,4.60593298273451e-05,0.0357903107028517
35.182027,1.5419473428226e-09,1.1462778757679e-08,5.42488330477629e-08,6.36194636334961e-07,4.57343084081295e-05,0.0357234689532202
35.20036,1.52747974054425e-09,1.13581853065005e-08,5.3767836759864e-08,6.30882403456148e-07,4.5411531205817e-05,0.0356566164883969
35.218693,1.51314808840614e-09,1.12545462303702e-08,5.32910979891127e-08,6.25614273237158e-07,4.50909831311757e-05,0.0355897539771258
35.237026,1.49895110676869e-09,1.11518528209825e-08,5.28185791219371e-08,6.20389881934253e-07,4.47726491930795e-05,0.0355228820859992
35.255359,1.48488752805935e-09,1.10500964494918e-08,5.2350242876355e-08,6.15208868781029e-07,4.4456514497898e-05,0.0354560014794543
35.273692,1.47095609665854e-09,1.09492685657875e-08,5.18860522990556e-08,6.10070875964259e-07,4.41425642488896e-05,0.0353891128197689
35.292025,1.45715556878671e-09,1.08493606977751e-08,5.14259707625099e-08,6.04975548599921e-07,4.38307837455983e-05,0.0353222167670567
35.310358,1.4434847123925e-09,1.07503644506653e-08,5.09699619621063e-08,5.99922534709452e-07,4.35211583832546e-05,0.0352553139792642
35.328691,1.42994230704188e-09,1.06522715062674e-08,5.05179899133097e-08,5.94911485196144e-07,4.32136736521785e-05,0.0351884051121662
35.347024,1.41652714380839e-09,1.05550736222914e-08,5.00700189488466e-08,5.89942053821778e-07,4.29083151371873e-05,0.0351214908193624
35.365357,1.40323802516442e-09,1.04587626316549e-08,4.96260137159149e-08,5.85013897183409e-07,4.26050685170065e-05,0.0350545717522728
35.38369,1.39007376487355e-09,1.0363330441797e-08,4.91859391734185e-08,5.80126674690365e-07,4.23039195636844e-05,0.0349876485601353
35.402023,1.37703318788375e-09,1.02687690339983e-08,4.8749760589224e-08,5.752800485414e-07,4.20048541420089e-05,0.0349207218900006
35.420356,1.36411513022187e-09,1.01750704627072e-08,4.8317443537445e-08,5.70473683702067e-07,4.17078582089299e-05,0.0348537923867297
35.438689,1.35131843888884e-09,1.0082226854872e-08,4.78889538957472e-08,5.6570724788224e-07,4.14129178129824e-05,0.0347868606929899
35.457022,1.33864197175608e-09,9.9902304092798e-09,4.74642578426786e-08,5.60980411513842e-07,4.11200190937159e-05,0.0347199274492515
35.475355,1.32608459746274e-09,9.89907339590072e-09,4.70433218550228e-08,5.56292847728732e-07,4.08291482811249e-05,0.0346529932937844
35.493688,1.31364519531404e-09,9.80874815523835e-09,4.66261127051756e-08,5.51644232336778e-07,4.05402916950835e-05,0.0345860588626545
35.512021,1.30132265518044e-09,9.71924709768628e-09,4.62125974585436e-08,5.47034243804117e-07,4.02534357447835e-05,0.0345191247897213
35.530354,1.28911587739792e-09,9.63056270289039e-09,4.58027434709685e-08,5.42462563231566e-07,3.99685669281761e-05,0.0344521917066337
35.548687,1.27702377266901e-09,9.54268751911685e-09,4.53965183861698e-08,5.37928874333233e-07,3.96856718314161e-05,0.0343852602428276
35.56702,1.26504526196498e-09,9.45561416262604e-09,4.49938901332138e-08,5.33432863415274e-07,3.94047371283093e-05,0.0343183310255225
35.585353,1.25317927642877e-09,9.36933531705213e-09,4.45948269240024e-08,5.28974219354843e-07,3.91257495797647e-05,0.0342514046797187
35.603686,1.24142475727891e-09,9.28384373278834e-09,4.41992972507847e-08,5.24552633579199e-07,3.88486960332481e-05,0.0341844818281943
35.622019,1.22978065571439e-09,9.19913222637774e-09,4.38072698836906e-08,5.20167800044984e-07,3.85735634222395e-05,0.0341175630915024
35.640352,1.21824593282037e-09,9.11519367990965e-09,4.34187138682863e-08,5.15819415217668e-07,3.83003387656947e-05,0.0340506490879684
35.658685,1.20681955947479e-09,9.03202104042171e-09,4.30335985231502e-08,5.11507178051159e-07,3.80290091675085e-05,0.0339837404336872
35.677018,1.1955005162559e-09,8.94960731930702e-09,4.2651893437471e-08,5.07230789967578e-07,3.77595618159824e-05,0.0339168377425205
35.695351,1.18428779335064e-09,8.86794559172706e-09,4.22735684686665e-08,5.02989954837192e-07,3.74919839832944e-05,0.0338499416260942
35.713684,1.17318039046386e-09,8.78702899602978e-09,4.18985937400228e-08,4.98784378958517e-07,3.72262630249725e-05,0.033783052693796
35.732017,1.16217731672848e-09,8.70685073317315e-09,4.15269396383565e-08,4.94613771038577e-07,3.6962386379372e-05,0.0337161715527732
35.75035,1.15127759061642e-09,8.62740406615371e-09,4.11585768116938e-08,4.90477842173312e-07,3.67003415671539e-05,0.0336492988079295
35.768683,1.1404802398504e-09,8.54868231944058e-09,4.07934761669728e-08,4.86376305828167e-07,3.64401161907688e-05,0.0335824350619235
35.787016,1.12978430131656e-09,8.47067887841451e-09,4.04316088677646e-08,4.82308877818811e-07,3.61816979339418e-05,0.033515580915166
35.805349,1.11918882097801e-09,8.3933871888122e-09,4.0072946332016e-08,4.78275276292034e-07,3.59250745611622e-05,0.0334487369658181
35.823682,1.10869285378898e-09,8.31680075617541e-09,3.97174602298091e-08,4.74275221706775e-07,3.56702339171745e-05,0.0333819038097885
35.842015,1.09829546361006e-09,8.24091314530533e-09,3.93651224811437e-08,4.70308436815328e-07,3.5417163926474e-05,0.0333150820407322
35.860348,1.08799572312395e-09,8.16571797972186e-09,3.90159052537367e-08,4.66374646644675e-07,3.51658525928045e-05,0.0332482722500479
35.878681,1.0777927137523e-09,8.09120894112792e-09,3.86697809608432e-08,4.62473578477989e-07,3.49162879986592e-05,0.0331814750268761
35.897014,1.06768552557308e-09,8.01737976887838e-09,3.83267222590943e-08,4.58604961836274e-07,3.46684583047844e-05,0.0331146909580977
35.915347,1.0576732572389e-09,7.94422425945409e-09,3.79867020463555e-08,4.54768528460156e-07,3.44223517496867e-05,0.0330479206283315
35.93368,1.04775501589603e-09,7.87173626594064e-09,3.7649693459603e-08,4.50964012291822e-07,3.41779566491421e-05,0.0329811646199327
35.952013,1.03792991710422e-09,7.7999096975119e-09,3.73156698728197e-08,4.47191149457107e-07,3.39352613957098e-05,0.0329144235129915
35.970346,1.02819708475722e-09,7.72873851891813e-09,3.69846048949085e-08,4.43449678247717e-07,3.36942544582465e-05,0.0328476978853311
35.988679,1.01855565100415e-09,7.65821674997892e-09,3.66564723676243e-08,4.397393391036e-07,3.34549243814257e-05,0.0327809883125061
36.007012,1.00900475617152e-09,7.58833846508077e-09,3.63312463635252e-08,4.36059874595469e-07,3.3217259785259e-05,0.0327142953678011
36.025345,9.99543548686056e-10,7.51909779267908e-09,3.60089011839395e-08,4.32411029407442e-07,3.298124936462e-05,0.0326476196222293
36.043678,9.90171184998172e-10,7.45048891480483e-09,3.56894113569525e-08,4.28792550319847e-07,3.27468818887714e-05,0.0325809616445309
36.062011,9.80886829506288e-10,7.38250606657575e-09,3.53727516354109e-08,4.25204186192151e-07,3.2514146200895e-05,0.0325143220011721
36.080344,9.71689654481743e-10,7.31514353571191e-09,3.50588969949424e-08,4.21645687946029e-07,3.22830312176247e-05,0.0324477012563432
36.098677,9.62578839994508e-10,7.24839566205572e-09,3.47478226319964e-08,4.18116808548575e-07,3.2053525928581e-05,0.0323810999719579
36.11701,9.53553573839539e-10,7.18225683709634e-09,3.44395039618984e-08,4.1461730299564e-07,3.18256193959104e-05,0.032314518707652
36.135343,9.44613051463879e-10,7.11672150349853e-09,3.41339166169239e-08,4.11146928295314e-07,3.1599300753826e-05,0.0322479580207823
36.153676,9.35756475894396e-10,7.05178415463548e-09,3.38310364443878e-08,4.07705443451529e-07,3.13745592081509e-05,0.0321814184664256
36.172009,9.2698305766626e-10,6.98743933412629e-09,3.35308395047515e-08,4.04292609447808e-07,3.11513840358651e-05,0.0321149005973772
36.190342,9.18292014752042e-10,6.92368163537744e-09,3.32333020697454e-08,4.00908189231131e-07,3.09297645846549e-05,0.0320484049641508
36.208675,9.09682572491533e-10,6.86050570112845e-09,3.29384006205099e-08,3.97551947695946e-07,3.07096902724642e-05,0.0319819321149768
36.227008,9.01153963522203e-10,6.79790622300189e-09,3.26461118457506e-08,3.94223651668299e-07,3.04911505870498e-05,0.0319154825958024
36.245341,8.92705427710301e-10,6.73587794105713e-09,3.23564126399107e-08,3.90923069890091e-07,3.02741350855384e-05,0.0318490569502897
36.263674,8.84336212082647e-10,6.67441564334849e-09,3.206928010136e-08,3.87649973003467e-07,3.00586333939864e-05,0.0317826557198159
36.282007,8.7604557075904e-10,6.61351416548736e-09,3.17846915305985e-08,3.84404133535338e-07,2.9844635206943e-05,0.0317162794434723
36.30034,8.67832764885302e-10,6.55316839020813e-09,3.15026244284765e-08,3.81185325882001e-07,2.96321302870147e-05,0.0316499286580638
36.318673,8.5969706256699e-10,6.49337324693829e-09,3.12230564944311e-08,3.77993326293922e-07,2.9421108464434e-05,0.0315836038981079
36.337006,8.51637738803684e-10,6.43412371137233e-09,3.09459656247359e-08,3.74827912860607e-07,2.92115596366289e-05,0.0315173056958351
36.355339,8.43654075423947e-10,6.37541480504966e-09,3.06713299107692e-08,3.71688865495618e-07,2.9003473767797e-05,0.0314510345811877
36.373672,8.35745361020866e-10,6.31724159493618e-09,3.03991276372946e-08,3.68575965921695e-07,2.87968408884802e-05,0.0313847910818196
36.392005,8.27910890888209e-10,6.25959919300984e-09,3.01293372807582e-08,3.65488997656012e-07,2.85916510951434e-05,0.0313185757230962
36.410338,8.201499669572e-10,6.20248275584988e-09,2.98619375076005e-08,3.62427745995536e-07,2.83878945497547e-05,0.031252389028094
36.428671,8.12461897733879e-10,6.14588748422998e-09,2.95969071725831e-08,3.59391998002524e-07,2.81855614793695e-05,0.0311862315176004
36.447004,8.04845998237061e-10,6.08980862271484e-09,2.93342253171301e-08,3.56381542490114e-07,2.79846421757154e-05,0.0311201037101132
36.465337,7.97301589936865e-10,6.03424145926071e-09,2.90738711676836e-08,3.53396170008055e-07,2.77851269947808e-05,0.0310540061218412
36.48367,7.89828000693852e-10,5.9791813248194e-09,2.88158241340743e-08,3.50435672828534e-07,2.75870063564054e-05,0.0309879392667035
36.502003,7.82424564698728e-10,5.92462359294604e-09,2.85600638079067e-08,3.47499844932133e-07,2.73902707438744e-05,0.0309219036563298
36.520336,7.7509062241259e-10,5.87056367941026e-09,2.83065699609569e-08,3.44588481993884e-07,2.71949107035126e-05,0.0308558998000604
36.538669,7.67825520507789e-10,5.81699704181102e-09,2.80553225435868e-08,3.41701381369451e-07,2.70009168442837e-05,0.0307899282049462
36.557002,7.60628611809297e-10,5.76391917919497e-09,2.78063016831697e-08,3.38838342081413e-07,2.68082798373905e-05,0.0307239893757493
36.575335,7.5349925523668e-10,5.71132563167819e-09,2.75594876825321e-08,3.35999164805661e-07,2.66169904158778e-05,0.0306580838149423
36.593668,7.46436815746577e-10,5.65921198007155e-09,2.73148610184074e-08,3.33183651857914e-07,2.64270393742378e-05,0.0305922120227096
36.612001,7.3944066427575e-10,5.60757384550928e-09,2.70724023399044e-08,3.30391607180328e-07,2.6238417568018e-05,0.0305263744969469
36.630334,7.3251017768466e-10,5.55640688908108e-09,2.68320924669884e-08,3.27622836328223e-07,2.60511159134313e-05,0.0304605717332619
36.648667,7.25644738701571e-10,5.50570681146755e-09,2.65939123889759e-08,3.24877146456917e-07,2.58651253869682e-05,0.030394804224975
36.667,7.18843735867209e-10,5.4554693525789e-09,2.6357843263043e-08,3.22154346308664e-07,2.56804370250122e-05,0.0303290724631191
36.685333,7.12106563479908e-10,5.40569029119705e-09,2.6123866412746e-08,3.19454246199701e-07,2.54970419234565e-05,0.0302633769364407
36.703666,7.05432621541312e-10,5.35636544462093e-09,2.58919633265567e-08,3.16776658007395e-07,2.53149312373241e-05,0.0301977181314001
36.721999,6.98821315702555e-10,5.30749066831496e-09,2.56621156564079e-08,3.14121395157497e-07,2.51340961803889e-05,0.030132096532172
36.740332,6.92272057210965e-10,5.2590618555609e-09,2.54343052162538e-08,3.11488272611499e-07,2.49545280248005e-05,0.0300665126206466
36.758665,6.85784262857286e-10,5.21107493711268e-09,2.52085139806429e-08,3.08877106854089e-07,2.477621810071e-05,0.0300009668764299
36.776998,6.79357354923382e-10,5.16352588085463e-09,2.49847240833025e-08,3.06287715880722e-07,2.45991577958994e-05,0.0299354597768444
36.795331,6.72990761130428e-10,5.11641069146249e-09,2.4762917815736e-08,3.03719919185268e-07,2.4423338555412e-05,0.0298699917969302
36.813664,6.66683914587614e-10,5.06972541006785e-09,2.45430776258331e-08,3.01173537747779e-07,2.42487518811858e-05,0.029804563409446
36.831997,6.60436253741314e-10,5.02346611392541e-09,2.43251861164913e-08,2.98648394022349e-07,2.40753893316888e-05,0.029739175084869
36.85033,6.54247222324751e-10,4.9776289160835e-09,2.41092260442505e-08,2.96144311925074e-07,2.39032425215572e-05,0.0296738272913973
36.868663,6.48116269308121e-10,4.9322099650573e-09,2.38951803179383e-08,2.93661116822101e-07,2.37323031212343e-05,0.02960852049495
36.886996,6.42042848849206e-10,4.88720544450534e-09,2.36830319973292e-08,2.91198635517785e-07,2.35625628566134e-05,0.0295432551591681
36.905329,6.36026420244432e-10,4.8426115729088e-09,2.3472764291813e-08,2.88756696242937e-07,2.33940135086816e-05,0.0294780317454162
36.923662,6.30066447880424e-10,4.7984246032538e-09,2.32643605590774e-08,2.86335128643168e-07,2.32266469131667e-05,0.0294128507127833
36.941995,6.24162401185976e-10,4.75464082271646e-09,2.30578043038003e-08,2.83933763767323e-07,2.3060454960185e-05,0.0293477125180842
36.960328,6.18313754584506e-10,4.71125655235102e-09,2.28530791763549e-08,2.81552434056015e-07,2.28954295938926e-05,0.0292826176158602
36.978661,6.12519987446954e-10,4.66826814678071e-09,2.26501689715252e-08,2.79190973330249e-07,2.27315628121384e-05,0.0292175664583812
36.996994,6.06780584045117e-10,4.62567199389138e-09,2.24490576272337e-08,2.7684921678014e-07,2.25688466661184e-05,0.0291525594956461
37.015327,6.01095033505432e-10,4.58346451452807e-09,2.22497292232795e-08,2.74527000953716e-07,2.24072732600336e-05,0.029087597175385
37.03366,5.95462829763186e-10,4.54164216219419e-09,2.20521679800877e-08,2.72224163745818e-07,2.22468347507484e-05,0.0290226799430602
37.051993,5.89883471517185e-10,4.50020142275362e-09,2.18563582574704e-08,2.69940544387095e-07,2.20875233474527e-05,0.0289578082418675
37.070326,5.84356462184815e-10,4.45913881413536e-09,2.16622845533978e-08,2.67675983433073e-07,2.19293313113244e-05,0.0288929825127382
37.088659,5.78881309857552e-10,4.41845088604095e-09,2.14699315027801e-08,2.65430322753323e-07,2.17722509551954e-05,0.0288282031943402
37.106992,5.73457527256886e-10,4.37813421965461e-09,2.12792838762611e-08,2.63203405520716e-07,2.16162746432191e-05,0.0287634707230797
37.125325,5.68084631690662e-10,4.33818542735591e-09,2.10903265790211e-08,2.60995076200766e-07,2.14613947905396e-05,0.0286987855331031
37.143658,5.62762145009835e-10,4.29860115243517e-09,2.09030446495917e-08,2.58805180541054e-07,2.13076038629631e-05,0.0286341480562982
37.161991,5.57489593565618e-10,4.25937806881139e-09,2.07174232586792e-08,2.56633565560742e-07,2.1154894376632e-05,0.0285695587222964
37.180324,5.52266508167078e-10,4.22051288075281e-09,2.05334477080006e-08,2.54480079540173e-07,2.10032588977002e-05,0.0285050179584741
37.198657,5.47092424039065e-10,4.18200232259991e-09,2.03511034291277e-08,2.52344572010548e-07,2.08526900420105e-05,0.0284405261899548
37.21699,5.41966880780608e-10,4.14384315849109e-09,2.01703759823431e-08,2.502268937437e-07,2.0703180474774e-05,0.0283760838396109
37.235323,5.36889422323651e-10,4.10603218209072e-09,1.99912510555046e-08,2.48126896741934e-07,2.05547229102522e-05,0.028311691328065
37.253656,5.31859596892226e-10,4.06856621631979e-09,1.98137144629216e-08,2.46044434227968e-07,2.04073101114401e-05,0.0282473490736928
37.271989,5.26876956961951e-10,4.03144211308887e-09,1.96377521442393e-08,2.43979360634938e-07,2.02609348897513e-05,0.0281830574926246
37.290322,5.21941059219979e-10,3.99465675303366e-09,1.94633501633341e-08,2.41931531596493e-07,2.01155901047058e-05,0.028118816998747
37.308655,5.17051464525271e-10,3.95820704525285e-09,1.92904947072181e-08,2.39900803936974e-07,1.99712686636192e-05,0.0280546280037055
37.326988,5.12207737869276e-10,3.92208992704843e-09,1.91191720849536e-08,2.37887035661666e-07,1.98279635212939e-05,0.0279904909169063
37.345321,5.07409448336972e-10,3.88630236366833e-09,1.89493687265771e-08,2.35890085947128e-07,1.96856676797118e-05,0.0279264061455185
37.363654,5.02656169068262e-10,3.85084134805141e-09,1.87810711820321e-08,2.33909815131606e-07,1.95443741877298e-05,0.0278623740944764
37.381987,4.97947477219768e-10,3.81570390057481e-09,1.86142661201122e-08,2.31946084705525e-07,1.94040761407762e-05,0.0277983951664815
37.40032,4.93282953926954e-10,3.78088706880362e-09,1.84489403274133e-08,2.29998757302054e-07,1.92647666805501e-05,0.0277344697620049
37.418653,4.88662184266611e-10,3.74638792724272e-09,1.82850807072944e-08,2.28067696687748e-07,1.91264389947211e-05,0.0276705982792895
37.436986,4.84084757219722e-10,3.71220357709103e-09,1.81226742788481e-08,2.26152767753266e-07,1.89890863166325e-05,0.0276067811143524
37.455319,4.79550265634644e-10,3.67833114599789e-09,1.79617081758803e-08,2.24253836504169e-07,1.8852701925005e-05,0.0275430186609872
37.473652,4.75058306190664e-10,3.64476778782179e-09,1.78021696458984e-08,2.22370770051786e-07,1.87172791436435e-05,0.0274793113107667
37.491985,4.70608479361878e-10,3.61151068239112e-09,1.76440460491083e-08,2.2050343660416e-07,1.85828113411444e-05,0.027415659453045
37.510318,4.66200389381431e-10,3.57855703526726e-09,1.74873248574213e-08,2.18651705457059e-07,1.84492919306053e-05,0.0273520634749599
37.528651,4.61833644206078e-10,3.54590407750977e-09,1.73319936534681e-08,2.16815446985072e-07,1.83167143693371e-05,0.0272885237614361
37.546984,4.57507855481097e-10,3.51354906544376e-09,1.7178040129623e-08,2.14994532632771e-07,1.8185072158577e-05,0.0272250406951869
37.565317,4.53222638505509e-10,3.48148928042927e-09,1.70254520870359e-08,2.13188834905938e-07,1.80543588432035e-05,0.0271616146567174
37.58365,4.48977612197656e-10,3.44972202863291e-09,1.68742174346724e-08,2.11398227362875e-07,1.79245680114531e-05,0.027098246024327
37.601983,4.44772399061077e-10,3.41824464080148e-09,1.67243241883638e-08,2.09622584605781e-07,1.77956932946394e-05,0.0270349351741117
37.620316,4.40606625150723e-10,3.38705447203768e-09,1.65757604698638e-08,2.07861782272195e-07,1.76677283668732e-05,0.0269716824799676
37.638649,4.36479920039494e-10,3.35614890157792e-09,1.64285145059146e-08,2.06115697026509e-07,1.75406669447846e-05,0.0269084883135928
37.656982,4.32391916785069e-10,3.32552533257203e-09,1.62825746273209e-08,2.04384206551559e-07,1.74145027872467e-05,0.0268453530444908
37.675315,4.28342251897073e-10,3.29518119186511e-09,1.61379292680316e-08,2.0266718954027e-07,1.72892296951011e-05,0.026782277039973
37.693648,4.24330565304549e-10,3.26511392978131e-09,1.59945669642307e-08,2.0096452568738e-07,1.71648415108854e-05,0.0267192606651616
37.711981,4.20356500323725e-10,3.2353210199096e-09,1.58524763534348e-08,1.99276095681228e-07,1.70413321185621e-05,0.0266563042829925
37.730314,4.16419703626103e-10,3.20579995889146e-09,1.57116461735998e-08,1.97601781195606e-07,1.69186954432489e-05,0.0265934082542183
37.748647,4.12519825206834e-10,3.17654826621059e-09,1.55720652622345e-08,1.95941464881684e-07,1.67969254509513e-05,0.0265305729374114
37.76698,4.08656518353401e-10,3.14756348398441e-09,1.54337225555225e-08,1.94295030359989e-07,1.66760161482964e-05,0.0264677986889664
37.785313,4.04829439614593e-10,3.11884317675761e-09,1.5296607087452e-08,1.92662362212463e-07,1.65559615822684e-05,0.026405085863104
37.803646,4.01038248769772e-10,3.09038493129743e-09,1.51607079889524e-08,1.91043345974576e-07,1.64367558399462e-05,0.0263424348118731
37.821979,3.97282608798441e-10,3.06218635639097e-09,1.50260144870399e-08,1.89437868127506e-07,1.63183930482419e-05,0.0262798458851548
37.840312,3.93562185850079e-10,3.03424508264422e-09,1.4892515903969e-08,1.87845816090383e-07,1.62008673736417e-05,0.0262173194306648
37.858645,3.89876649214278e-10,3.00655876228297e-09,1.47602016563929e-08,1.86267078212596e-07,1.60841730219476e-05,0.0261548557939572
37.876978,3.86225671291148e-10,2.97912506895554e-09,1.46290612545301e-08,1.84701543766162e-07,1.59683042380215e-05,0.0260924553184271
37.895311,3.82608927562028e-10,2.95194169753735e-09,1.44990843013395e-08,1.83149102938159e-07,1.58532553055304e-05,0.0260301183453141
37.913644,3.79026096560431e-10,2.92500636393717e-09,1.43702604917018e-08,1.81609646823216e-07,1.57390205466932e-05,0.0259678452137059
37.931977,3.75476859843303e-10,2.8983168049052e-09,1.42425796116084e-08,1.80083067416066e-07,1.56255943220295e-05,0.0259056362605407
37.95031,3.71960901962533e-10,2.87187077784298e-09,1.41160315373577e-08,1.78569257604167e-07,1.55129710301094e-05,0.0258434918206116
37.968643,3.68477910436734e-10,2.84566606061487e-09,1.39906062347583e-08,1.77068111160371e-07,1.54011451073053e-05,0.025781412226569
37.986976,3.65027575723299e-10,2.81970045136137e-09,1.38662937583391e-08,1.75579522735659e-07,1.52901110275451e-05,0.0257193978089247
38.005309,3.61609591190701e-10,2.79397176831407e-09,1.37430842505663e-08,1.74103387851935e-07,1.51798633020665e-05,0.0256574488960549
38.023642,3.58223653091091e-10,2.76847784961241e-09,1.36209679410678e-08,1.72639602894879e-07,1.50703964791742e-05,0.0255955658142037
38.041975,3.54869460533105e-10,2.74321655312195e-09,1.34999351458639e-08,1.71188065106858e-07,1.49617051439967e-05,0.0255337488874867
38.060308,3.51546715454973e-10,2.7181857562544e-09,1.33799762666046e-08,1.69748672579887e-07,1.48537839182462e-05,0.0254719984378946
38.078641,3.48255122597858e-10,2.69338335578929e-09,1.32610817898148e-08,1.68321324248665e-07,1.47466274599791e-05,0.0254103147852964
38.096974,3.44994389479444e-10,2.66880726769719e-09,1.31432422861443e-08,1.66905919883646e-07,1.46402304633586e-05,0.0253486982474431
38.115307,3.41764226367802e-10,2.6444554269647e-09,1.30264484096263e-08,1.65502360084188e-07,1.45345876584182e-05,0.0252871491399717
38.13364,3.38564346255451e-10,2.62032578742082e-09,1.29106908969407e-08,1.64110546271738e-07,1.44296938108274e-05,0.025225667776408
38.151973,3.35394464833722e-10,2.5964163215651e-09,1.27959605666856e-08,1.62730380683085e-07,1.43255437216578e-05,0.0251642544681712
38.170306,3.32254300467323e-10,2.57272502039724e-09,1.26822483186537e-08,1.61361766363665e-07,1.4222132227152e-05,0.0251029095245768
38.188639,3.29143574169158e-10,2.5492498932483e-09,1.25695451331157e-08,1.6000460716092e-07,1.41194541984926e-05,0.0250416332528407
38.206972,3.26062009575384e-10,2.52598896761342e-09,1.24578420701104e-08,1.5865880771771e-07,1.4017504541574e-05,0.0249804259580829
38.225305,3.23009332920712e-10,2.50294028898612e-09,1.23471302687408e-08,1.57324273465782e-07,1.39162781967746e-05,0.0249192879433313
38.243638,3.19985273013913e-10,2.48010192069401e-09,1.22374009464753e-08,1.56000910619286e-07,1.38157701387305e-05,0.0248582195095254
38.261971,3.16989561213592e-10,2.4574719437361e-09,1.21286453984572e-08,1.54688626168351e-07,1.37159753761116e-05,0.02479722095552
38.280304,3.14021931404159e-10,2.43504845662154e-09,1.20208549968183e-08,1.53387327872708e-07,1.36168889513975e-05,0.0247362925780894
38.298637,3.1108211997205e-10,2.41282957520988e-09,1.191402119e-08,1.52096924255372e-07,1.35185059406567e-05,0.024675434671931
38.31697,3.08169865782154e-10,2.3908134325527e-09,1.18081355020788e-08,1.50817324596363e-07,1.34208214533255e-05,0.0246146475296692
38.335303,3.05284910154477e-10,2.36899817873676e-09,1.17031895320997e-08,1.49548438926489e-07,1.33238306319892e-05,0.0245539314418597
38.353636,3.02426996841019e-10,2.34738198072859e-09,1.15991749534136e-08,1.48290178021181e-07,1.32275286521645e-05,0.0244932866969927
38.371969,2.9959587200287e-10,2.32596302222046e-09,1.14960835130221e-08,1.47042453394365e-07,1.31319107220833e-05,0.024432713581498
38.390302,2.96791284187521e-10,2.3047395034777e-09,1.13939070309268e-08,1.458051772924e-07,1.30369720824776e-05,0.0243722123797478
38.408635,2.9401298430639e-10,2.28370964118757e-09,1.12926373994848e-08,1.44578262688054e-07,1.29427080063663e-05,0.0243117833740614
38.426968,2.91260725612562e-10,2.26287166830935e-09,1.11922665827707e-08,1.43361623274533e-07,1.28491137988426e-05,0.0242514268447094
38.445301,2.88534263678744e-10,2.24222383392591e-09,1.10927866159427e-08,1.42155173459562e-07,1.27561847968636e-05,0.0241911430699174
38.463634,2.85833356375406e-10,2.22176440309654e-09,1.09941896046152e-08,1.40958828359508e-07,1.26639163690401e-05,0.0241309323258703
38.481967,2.83157763849161e-10,2.20149165671122e-09,1.08964677242372e-08,1.39772503793553e-07,1.25723039154293e-05,0.0240707948867162
38.5003,2.80507248501318e-10,2.18140389134612e-09,1.07996132194753e-08,1.38596116277921e-07,1.2481342867327e-05,0.0240107310245709
38.518633,2.7788157496666e-10,2.16149941912055e-09,1.07036184036028e-08,1.3742958302014e-07,1.23910286870627e-05,0.023950741009522
38.536966,2.75280510092411e-10,2.14177656755502e-09,1.06084756578939e-08,1.36272821913362e-07,1.2301356867795e-05,0.0238908251096328
38.555299,2.727038229174e-10,2.1222336794308e-09,1.05141774310234e-08,1.3512575153072e-07,1.22123229333087e-05,0.023830983590947
38.573632,2.70151284651434e-10,2.10286911265067e-09,1.04207162384717e-08,1.33988291119743e-07,1.21239224378128e-05,0.0237712167174926
38.591965,2.67622668654843e-10,2.08368124010087e-09,1.03280846619343e-08,1.32860360596802e-07,1.20361509657407e-05,0.0237115247512861
38.610298,2.65117750418247e-10,2.06466844951446e-09,1.02362753487381e-08,1.31741880541611e-07,1.19490041315502e-05,0.0236519079523374
38.628631,2.62636307542489e-10,2.0458291433358e-09,1.01452810112613e-08,1.30632772191773e-07,1.18624775795265e-05,0.0235923665786534
38.646964,2.6017811971877e-10,2.02716173858634e-09,1.0055094426359e-08,1.29532957437365e-07,1.17765669835847e-05,0.0235329008862428
38.665297,2.57742968708969e-10,2.0086646667316e-09,9.96570843479398e-09,1.28442358815572e-07,1.16912680470749e-05,0.0234735111291201
38.68363,2.55330638326145e-10,1.99033637354936e-09,9.87711594067242e-09,1.27360899505358e-07,1.16065765025879e-05,0.0234141975593103
38.701963,2.52940914415232e-10,1.97217531899911e-09,9.78930991088449e-09,1.26288503322195e-07,1.15224881117623e-05,0.0233549604268535
38.720296,2.50573584833904e-10,1.95417997709259e-09,9.70228337454987e-09,1.25225094712816e-07,1.14389986650927e-05,0.0232957999798087
38.738629,2.48228439433627e-10,1.93634883576561e-09,9.61602942246825e-09,1.24170598750027e-07,1.13561039817391e-05,0.0232367164642587
38.756962,2.45905270040894e-10,1.91868039675098e-09,9.53054120657466e-09,1.23124941127549e-07,1.12737999093379e-05,0.0231777101243145
38.775295,2.43603870438625e-10,1.90117317545262e-09,9.44581193939946e-09,1.22088048154912e-07,1.11920823238135e-05,0.0231187812021196
38.793628,2.41324036347759e-10,1.88382570082083e-09,9.36183489353345e-09,1.21059846752385e-07,1.11109471291918e-05,0.0230599299378549
38.811961,2.39065565409002e-10,1.86663651522866e-09,9.27860340109712e-09,1.20040264445949e-07,1.10303902574138e-05,0.0230011565697431
38.830294,2.36828257164757e-10,1.84960417434947e-09,9.1961108532151e-09,1.19029229362311e-07,1.09504076681519e-05,0.0229424613340528
38.848627,2.34611913041223e-10,1.83272724703549e-09,9.11435069949492e-09,1.18026670223956e-07,1.08709953486258e-05,0.0228838444651037
38.86696,2.32416336330672e-10,1.8160043151977e-09,9.03331644751077e-09,1.17032516344247e-07,1.07921493134209e-05,0.022825306195271
38.885293,2.30241332173864e-10,1.79943397368654e-09,8.95300166229104e-09,1.16046697622558e-07,1.07138656043067e-05,0.0227668467549896
38.903626,2.28086707542666e-10,1.78301483017391e-09,8.87339996581127e-09,1.15069144539445e-07,1.06361402900575e-05,0.0227084663727595
38.921959,2.25952271222808e-10,1.7667455050362e-09,8.79450503649102e-09,1.14099788151866e-07,1.05589694662732e-05,0.0226501652751499
38.940292,2.23837833796811e-10,1.75062463123829e-09,8.71631060869528e-09,1.13138560088431e-07,1.04823492552019e-05,0.0225919436868038
38.958625,2.21743207627075e-10,1.73465085421876e-09,8.63881047224036e-09,1.12185392544695e-07,1.04062758055633e-05,0.0225338018304433
38.976958,2.19668206839126e-10,1.71882283177603e-09,8.56199847190393e-09,1.11240218278488e-07,1.03307452923735e-05,0.0224757399268734
38.995291,2.17612647305027e-10,1.70313923395561e-09,8.48586850693988e-09,1.10302970605285e-07,1.02557539167707e-05,0.0224177581949878
39.013624,2.1557634662693e-10,1.68759874293831e-09,8.41041453059674e-09,1.09373583393612e-07,1.01812979058422e-05,0.0223598568517726
39.031957,2.13559124120804e-10,1.67220005292956e-09,8.33563054964087e-09,1.08451991060489e-07,1.01073735124519e-05,0.0223020361123119
39.05029,2.11560800800293e-10,1.65694187004962e-09,8.26151062388366e-09,1.07538128566912e-07,1.00339770150701e-05,0.0222442961897918
39.068623,2.09581199360752e-10,1.64182291222497e-09,8.18804886571306e-09,1.06631931413373e-07,9.96110471760309e-06,0.0221866372955061
39.086956,2.0762014416341e-10,1.62684190908046e-09,8.11523943962887e-09,1.05733335635413e-07,9.88875294922474e-06,0.0221290596388602
39.105289,2.05677461219699e-10,1.61199760183266e-09,8.04307656178261e-09,1.04842277799212e-07,9.81691806420865e-06,0.0220715634273766
39.123622,2.03752978175718e-10,1.59728874318403e-09,7.97155449952106e-09,1.0395869499722e-07,9.74559644176157e-06,0.0220141488666995
39.141955,2.01846524296855e-10,1.58271409721816e-09,7.90066757093391e-09,1.03082524843818e-07,9.67478448585788e-06,0.0219568161605997
39.160288,1.99957930452548e-10,1.5682724392959e-09,7.83041014440575e-09,1.02213705471017e-07,9.60447862507526e-06,0.0218995655109792
39.178621,1.98087029101186e-10,1.55396255595245e-09,7.76077663817135e-09,1.0135217552419e-07,9.53467531243102e-06,0.0218423971178766
39.196954,1.96233654275162e-10,1.53978324479542e-09,7.69176151987545e-09,1.00497874157843e-07,9.46537102521981e-06,0.0217853111794716
39.215287,1.9439764156606e-10,1.5257333144038e-09,7.62335930613616e-09,9.96507410314168e-08,9.39656226485238e-06,0.0217283078920902
39.23362,1.92578828109979e-10,1.5118115842278e-09,7.55556456211225e-09,9.88107163051259e-08,9.3282455566951e-06,0.0216713874502093
39.251953,1.90777052573007e-10,1.49801688448973e-09,7.48837190107419e-09,9.79777406358282e-08,9.26041744991081e-06,0.0216145500464622
39.270286,1.88992155136819e-10,1.48434805608566e-09,7.42177598397924e-09,9.71517551729319e-08,9.1930745173005e-06,0.0215577958716431
39.288619,1.87223977484418e-10,1.47080395048805e-09,7.35577151904986e-09,9.63327015543337e-08,9.12621335514605e-06,0.0215011251147122
39.306952,1.85472362786008e-10,1.4573834296492e-09,7.2903532613562e-09,9.55205219023905e-08,9.05983058305399e-06,0.0214445379628006
39.325285,1.83737155685003e-10,1.44408536590568e-09,7.22551601240212e-09,9.47151588199255e-08,8.99392284380022e-06,0.0213880346012157
39.343618,1.82018202284164e-10,1.43090864188356e-09,7.16125461971487e-09,9.39165553862654e-08,8.92848680317593e-06,0.021331615213446
39.361951,1.80315350131866e-10,1.41785215040452e-09,7.09756397643836e-09,9.31246551533106e-08,8.86351914983407e-06,0.0212752799811658
39.380284,1.78628448208504e-10,1.4049147943928e-09,7.03443902093016e-09,9.23394021416372e-08,8.79901659513732e-06,0.021219029084241
39.398617,1.7695734691301e-10,1.39209548678303e-09,6.9718747363618e-09,9.15607408366313e-08,8.73497587300658e-06,0.0211628627007334
39.41695,1.75301898049516e-10,1.37939315042893e-09,6.90986615032288e-09,9.07886161846564e-08,8.67139373977091e-06,0.0211067810069063
39.435283,1.7366195481413e-10,1.36680671801273e-09,6.84840833442844e-09,9.00229735892481e-08,8.60826697401788e-06,0.0210507841772295
39.453616,1.7203737178184e-10,1.35433513195554e-09,6.78749640392995e-09,8.92637589073444e-08,8.54559237644532e-06,0.0209948723843841
39.471949,1.70428004893541e-10,1.34197734432846e-09,6.72712551732959e-09,8.8510918445544e-08,8.48336676971384e-06,0.0209390457992681
39.490282,1.68833711443188e-10,1.32973231676456e-09,6.66729087599812e-09,8.77643989563974e-08,8.42158699830042e-06,0.0208833045910011
39.508615,1.67254350065065e-10,1.31759902037158e-09,6.60798772379587e-09,8.70241476347259e-08,8.36024992835265e-06,0.0208276489269299
39.526948,1.65689780721176e-10,1.30557643564553e-09,6.54921134669734e-09,8.62901121139719e-08,8.29935244754423e-06,0.0207720789726331
39.545281,1.64139864688758e-10,1.293663552385e-09,6.49095707241892e-09,8.55622404625812e-08,8.23889146493136e-06,0.0207165948919267
39.563614,1.62604464547904e-10,1.28185936960627e-09,6.43322027004997e-09,8.48404811804108e-08,8.17886391080978e-06,0.0206611968468694
39.581947,1.6108344416931e-10,1.27016289545921e-09,6.37599634968708e-09,8.4124783195169e-08,8.11926673657303e-06,0.0206058849977671
39.60028,1.59576668702134e-10,1.25857314714395e-09,6.31928076207172e-09,8.34150958588843e-08,8.06009691457152e-06,0.0205506595031788
39.618613,1.58084004561969e-10,1.24708915082828e-09,6.26306899823087e-09,8.27113689444022e-08,8.00135143797245e-06,0.0204955205199215
39.636946,1.56605319418936e-10,1.23570994156587e-09,6.20735658912112e-09,8.20135526419125e-08,7.94302732062075e-06,0.0204404682030757
39.655279,1.55140482185876e-10,1.2244345632151e-09,6.15213910527544e-09,8.13215975555027e-08,7.88512159690076e-06,0.0203855027059901
39.673612,1.53689363006666e-10,1.21326206835881e-09,6.09741215645362e-09,8.06354546997412e-08,7.82763132159898e-06,0.0203306241802874
39.691945,1.52251833244636e-10,1.20219151822465e-09,6.04317139129528e-09,7.99550754962884e-08,7.77055356976757e-06,0.0202758327758694
39.710278,1.50827765471105e-10,1.19122198260621e-09,5.9894124969764e-09,7.92804117705357e-08,7.71388543658873e-06,0.0202211286409219
39.728611,1.49417033454014e-10,1.18035253978484e-09,5.93613119886849e-09,7.86114157482701e-08,7.65762403724011e-06,0.0201665119219205
39.746944,1.48019512146672e-10,1.16958227645225e-09,5.88332326020111e-09,7.79480400523701e-08,7.60176650676095e-06,0.0201119827636358
39.765277,1.46635077676611e-10,1.15891028763371e-09,5.83098448172695e-09,7.72902376995244e-08,7.54630999991901e-06,0.0200575413091384
39.78361,1.45263607334537e-10,1.14833567661204e-09,5.77911070139037e-09,7.66379620969803e-08,7.49125169107858e-06,0.0200031876998042
39.801943,1.43904979563396e-10,1.13785755485227e-09,5.72769779399844e-09,7.5991167039317e-08,7.43658877406922e-06,0.0199489220753203
39.820276,1.4255907394753e-10,1.12747504192696e-09,5.67674167089506e-09,7.53498067052474e-08,7.38231846205526e-06,0.0198947445736897
39.838609,1.41225771201952e-10,1.11718726544224e-09,5.62623827963804e-09,7.47138356544442e-08,7.3284379874064e-06,0.0198406553312367
39.856942,1.39904953161706e-10,1.10699336096449e-09,5.57618360367884e-09,7.40832088243926e-08,7.27494460156878e-06,0.0197866544826129
39.875275,1.38596502771334e-10,1.09689247194773e-09,5.52657366204519e-09,7.34578815272696e-08,7.22183557493725e-06,0.0197327421608014
39.893608,1.37300304074446e-10,1.08688374966162e-09,5.47740450902674e-09,7.28378094468483e-08,7.1691081967283e-06,0.0196789184971233
39.911941,1.3601624220338e-10,1.07696635312015e-09,5.42867223386302e-09,7.22229486354265e-08,7.1167597748537e-06,0.0196251836212423
39.930274,1.34744203368968e-10,1.06713944901101e-09,5.38037296043464e-09,7.16132555107818e-08,7.06478763579521e-06,0.0195715376611705
39.948607,1.3348407485039e-10,1.05740221162552e-09,5.33250284695683e-09,7.10086868531532e-08,7.01318912447983e-06,0.0195179807432736
39.96694,1.32235744985132e-10,1.0477538227893e-09,5.28505808567607e-09,7.04091998022435e-08,6.96196160415619e-06,0.0194645129922763
39.985273,1.30999103159029e-10,1.03819347179346e-09,5.23803490256894e-09,6.98147518542492e-08,6.91110245627133e-06,0.0194111345312678
40.003606,1.29774039796413e-10,1.02872035532655e-09,5.19142955704403e-09,6.92253008589145e-08,6.86060908034867e-06,0.0193578454817069
40.021939,1.28560446350343e-10,1.01933367740702e-09,5.1452383416462e-09,6.86408050166083e-08,6.81047889386644e-06,0.0193046459634279
40.040272,1.27358215292936e-10,1.01003264931633e-09,5.09945758176373e-09,6.80612228754272e-08,6.76070933213726e-06,0.0192515360946457
40.058605,1.26167240105782e-10,1.00081648953272e-09,5.05408363533769e-09,6.74865133283188e-08,6.71129784818809e-06,0.0191985159919613
40.076938,1.24987415270453e-10,9.91684423665487e-10,5.00911289257421e-09,6.69166356102324e-08,6.66224191264128e-06,0.0191455857703669
40.095271,1.23818636259102e-10,9.82635684389967e-10,4.96454177565913e-09,6.63515492952912e-08,6.61353901359624e-06,0.0190927455432522
40.113604,1.22660799525148e-10,9.73669511383037e-10,4.92036673847519e-09,6.57912142939884e-08,6.56518665651197e-06,0.0190399954224088
40.131937,1.21513802494051e-10,9.64785151259219e-10,4.8765842663217e-09,6.52355908504045e-08,6.51718236409024e-06,0.0189873355180366
40.15027,1.2037754355417e-10,9.55981857507397e-10,4.8331908756367e-09,6.46846395394499e-08,6.4695236761596e-06,0.0189347659387484
40.168603,1.19251922047715e-10,9.47258890428077e-10,4.79018311372163e-09,6.41383212641293e-08,6.42220814956014e-06,0.018882286791576
40.186936,1.18136838261775e-10,9.38615517071243e-10,4.74755755846829e-09,6.3596597252827e-08,6.37523335802902e-06,0.0188298981819754
40.205269,1.17032193419434e-10,9.30051011174758e-10,4.70531081808838e-09,6.30594290566179e-08,6.32859689208663e-06,0.0187776002138323
40.223602,1.15937889670978e-10,9.21564653103363e-10,4.66343953084533e-09,6.25267785465962e-08,6.28229635892375e-06,0.0187253929894676
40.241935,1.14853830085169e-10,9.13155729788181e-10,4.62194036478841e-09,6.19986079112304e-08,6.23632938228905e-06,0.0186732766096427
40.260268,1.13779918640617e-10,9.04823534666818e-10,4.58081001748944e-09,6.14748796537365e-08,6.19069360237773e-06,0.0186212511735656
40.278601,1.12716060217224e-10,8.96567367623992e-10,4.54004521578154e-09,6.09555565894744e-08,6.14538667572056e-06,0.0185693167788955
40.296934,1.11662160587711e-10,8.883865349327e-10,4.49964271550039e-09,6.04406018433667e-08,6.10040627507386e-06,0.0185174735217489
40.315267,1.10618126409226e-10,8.80280349195939e-10,4.45959930122772e-09,5.99299788473362e-08,6.05575008931016e-06,0.0184657214967051
40.3336,1.0958386521503e-10,8.72248129288932e-10,4.41991178603695e-09,5.94236513377666e-08,6.01141582330942e-06,0.0184140607968114
40.351933,1.08559285406259e-10,8.64289200301907e-10,4.38057701124125e-09,5.89215833529825e-08,5.9674011978511e-06,0.0183624915135887
40.370266,1.07544296243768e-10,8.56402893483381e-10,4.34159184614372e-09,5.8423739230751e-08,5.92370394950694e-06,0.0183110137370372
40.388599,1.0653880784005e-10,8.4858854618398e-10,4.30295318778985e-09,5.79300836058054e-08,5.88032183053446e-06,0.0182596275556419
40.406932,1.05542731151229e-10,8.40845501800742e-10,4.26465796072201e-09,5.74405814073843e-08,5.83725260877093e-06,0.0182083330563777
40.425265,1.04555977969131e-10,8.33173109721957e-10,4.22670311673627e-09,5.69551978567966e-08,5.79449406752836e-06,0.0181571303247156
40.443598,1.03578460913427e-10,8.25570725272495e-10,4.18908563464136e-09,5.64738984650032e-08,5.75204400548888e-06,0.0181060194446277
40.461931,1.02610093423856e-10,8.18037709659648e-10,4.15180252001962e-09,5.599664903022e-08,5.7099002366011e-06,0.0180550004985928
40.480264,1.01650789752513e-10,8.10573429919436e-10,4.11485080499022e-09,5.55234156355388e-08,5.66806058997685e-06,0.0180040735676023
40.498597,1.00700464956214e-10,8.03177258863432e-10,4.07822754797433e-09,5.50541646465702e-08,5.62652290978872e-06,0.0179532387311651
40.51693,9.97590348889346e-11,7.95848575026072e-10,4.04192983346252e-09,5.45888627091041e-08,5.58528505516847e-06,0.0179024960673139
40.535263,9.88264161943152e-11,7.88586762612417e-10,4.00595477178403e-09,5.41274767467901e-08,5.54434490010563e-06,0.0178518456526101
40.553596,9.79025262982411e-11,7.81391211446424e-10,3.97029949887825e-09,5.3669973958837e-08,5.50370033334728e-06,0.0178012875621496
40.571929,9.69872834014888e-11,7.74261316919669e-10,3.93496117606808e-09,5.32163218177303e-08,5.46334925829812e-06,0.0177508218695684
40.590262,9.60806064724451e-11,7.67196479940554e-10,3.89993698983544e-09,5.27664880669706e-08,5.42328959292144e-06,0.0177004486470482
40.608595,9.51824152398917e-11,7.60196106883956e-10,3.86522415159859e-09,5.23204407188285e-08,5.38351926964047e-06,0.0176501679653216
40.626928,9.42926301858579e-11,7.53259609541355e-10,3.83081989749148e-09,5.18781480521179e-08,5.3440362352407e-06,0.017599979893678
40.645261,9.34111725385449e-11,7.46386405071405e-10,3.79672148814519e-09,5.14395786099898e-08,5.30483845077248e-06,0.0175498844999691
40.663594,9.25379642653102e-11,7.39575915950965e-10,3.76292620847109e-09,5.10047011977425e-08,5.26592389145465e-06,0.0174998818506143
40.681927,9.16729280657232e-11,7.32827569926577e-10,3.729431367446e-09,5.05734848806494e-08,5.22729054657848e-06,0.0174499720106064
40.70026,9.0815987364683e-11,7.26140799966365e-10,3.69623429789931e-09,5.01458989818064e-08,5.18893641941235e-06,0.017400155043517
40.718593,8.99670663056028e-11,7.19515044212409e-10,3.66333235630185e-09,4.97219130799953e-08,5.1508595271071e-06,0.0173504310115023
40.736926,8.91260897436584e-11,7.12949745933523e-10,3.63072292255677e-09,4.93014970075662e-08,5.11305790060199e-06,0.0173007999753084
40.755259,8.82929832390988e-11,7.06444353478479e-10,3.59840339979213e-09,4.88846208483363e-08,5.07552958453116e-06,0.0172512619942772
40.773592,8.74676730506209e-11,6.99998320229656e-10,3.56637121415541e-09,4.84712549355058e-08,5.03827263713092e-06,0.0172018171263514
40.791925,8.66500861288067e-11,6.93611104557107e-10,3.53462381460982e-09,4.80613698495926e-08,5.00128513014739e-06,0.0171524654280806
40.810258,8.58401501096223e-11,6.87282169773054e-10,3.50315867273241e-09,4.76549364163824e-08,4.96456514874501e-06,0.0171032069546268
40.828591,8.5037793307976e-11,6.81010984086784e-10,3.47197328251389e-09,4.72519257048955e-08,4.9281107914154e-06,0.0170540417597694
40.846924,8.42429447113404e-11,6.74797020559971e-10,3.44106516016033e-09,4.68523090253722e-08,4.89192016988701e-06,0.0170049698959115
40.865257,8.34555339734333e-11,6.68639757062403e-10,3.41043184389658e-09,4.64560579272725e-08,4.85599140903532e-06,0.0169559914140852
40.88359,8.26754914079551e-11,6.625386762281e-10,3.38007089377136e-09,4.60631441972938e-08,4.82032264679347e-06,0.0169071063639568
40.901923,8.19027479823905e-11,6.5649326541185e-10,3.34997989146414e-09,4.56735398574047e-08,4.78491203406378e-06,0.0168583147938329
40.920256,8.11372353118634e-11,6.5050301664613e-10,3.32015644009369e-09,4.5287217162894e-08,4.74975773462954e-06,0.0168096167506656
40.938589,8.03788856530543e-11,6.4456742659843e-10,3.29059816402839e-09,4.49041486004375e-08,4.71485792506763e-06,0.0167610122800583
40.956922,7.96276318981705e-11,6.38685996528952e-10,3.26130270869808e-09,4.45243068861786e-08,4.68021079466153e-06,0.0167125014262709
40.975255,7.8883407568976e-11,6.32858232248707e-10,3.23226774040772e-09,4.41476649638266e-08,4.64581454531501e-06,0.0166640842322258
40.993588,7.81461468108766e-11,6.27083644077988e-10,3.20349094615259e-09,4.37741960027698e-08,4.61166739146634e-06,0.0166157607395131
41.011921,7.74157843870619e-11,6.21361746805236e-10,3.17497003343522e-09,4.34038733962041e-08,4.57776756000316e-06,0.0165675309883966
41.030254,7.66922556726987e-11,6.15692059646253e-10,3.14670273008377e-09,4.30366707592768e-08,4.54411329017769e-06,0.0165193950178185
41.048587,7.59754966491843e-11,6.10074106203814e-10,3.11868678407225e-09,4.26725619272466e-08,4.51070283352277e-06,0.0164713528654061
41.06692,7.52654438984495e-11,6.04507414427634e-10,3.09091996334211e-09,4.23115209536577e-08,4.47753445376825e-06,0.0164234045674763
41.085253,7.45620345973182e-11,5.98991516574713e-10,3.06340005562557e-09,4.19535221085302e-08,4.44460642675807e-06,0.0163755501590418
41.103586,7.38652065119177e-11,5.93525949170017e-10,3.03612486827037e-09,4.15985398765632e-08,4.41191704036773e-06,0.0163277896738165
41.121919,7.31748979921431e-11,5.88110252967548e-10,3.00909222806617e-09,4.12465489553556e-08,4.3794645944225e-06,0.0162801231442208
41.140252,7.24910479661735e-11,5.82743972911749e-10,2.98229998107247e-09,4.08975242536388e-08,4.34724740061597e-06,0.0162325506013874
41.158585,7.18135959350406e-11,5.77426658099274e-10,2.95574599244802e-09,4.05514408895271e-08,4.31526378242936e-06,0.016185072075167
41.176918,7.11424819672452e-11,5.72157861741094e-10,2.92942814628173e-09,4.02082741887782e-08,4.28351207505107e-06,0.0161376875941334
41.195251,7.04776466934282e-11,5.66937141124957e-10,2.90334434542509e-09,3.98679996830724e-08,4.25199062529707e-06,0.016090397185589
41.213584,6.98190313010905e-11,5.61764057578193e-10,2.87749251132612e-09,3.95305931083033e-08,4.2206977915316e-06,0.0160432008755711
41.231917,6.91665775293618e-11,5.5663817643085e-10,2.85187058386471e-09,3.91960304028837e-08,4.1896319435885e-06,0.0159960986888566
41.25025,6.85202276638176e-11,5.51559066979169e-10,2.82647652118939e-09,3.88642877060642e-08,4.15879146269296e-06,0.0159490906489677
41.268583,6.78799245313502e-11,5.46526302449407e-10,2.80130829955576e-09,3.85353413562686e-08,4.12817474138402e-06,0.015902176778178
41.286916,6.72456114950796e-11,5.41539459961958e-10,2.77636391316599e-09,3.82091678894384e-08,4.09778018343718e-06,0.0158553570975171
41.305249,6.66172324493205e-11,5.36598120495833e-10,2.75164137401006e-09,3.78857440373958e-08,4.06760620378795e-06,0.0158086316267769
41.323582,6.59947318145906e-11,5.31701868853449e-10,2.72713871170825e-09,3.75650467262166e-08,4.03765122845564e-06,0.0157620003845168
41.341915,6.537805453267e-11,5.26850293625739e-10,2.70285397335501e-09,3.72470530746183e-08,4.0079136944677e-06,0.0157154633880689
41.360248,6.47671460617046e-11,5.22042987157592e-10,2.67878522336433e-09,3.69317403923612e-08,3.97839204978467e-06,0.0156690206535443
41.378581,6.41619523713561e-11,5.17279545513585e-10,2.6549305433163e-09,3.66190861786625e-08,3.94908475322548e-06,0.0156226721958378
41.396914,6.35624199379985e-11,5.12559568444057e-10,2.63128803180521e-09,3.63090681206231e-08,3.9199902743933e-06,0.0155764180286338
41.415247,6.29684957399579e-11,5.07882659351464e-10,2.60785580428881e-09,3.60016640916681e-08,3.89110709360195e-06,0.0155302581644118
41.43358,6.23801272528005e-11,5.03248425257073e-10,2.58463199293909e-09,3.56968521500004e-08,3.86243370180271e-06,0.0154841926144518
41.451913,6.17972624446604e-11,4.98656476767922e-10,2.56161474649423e-09,3.53946105370653e-08,3.83396860051161e-06,0.0154382213888398
41.470246,6.12198497716147e-11,4.94106428044112e-10,2.53880223011191e-09,3.50949176760297e-08,3.80571030173729e-06,0.0153923444964732
41.488579,6.06478381731019e-11,4.89597896766387e-10,2.51619262522395e-09,3.47977521702737e-08,3.77765732790927e-06,0.0153465619450665
41.506912,6.0081177067381e-11,4.85130504104007e-10,2.4937841293922e-09,3.45030928018928e-08,3.74980821180668e-06,0.0153008737411566
41.525245,5.95198163470356e-11,4.80703874682915e-10,2.47157495616566e-09,3.42109185302143e-08,3.72216149648752e-06,0.0152552798901082
41.543578,5.89637063745201e-11,4.76317636554196e-10,2.44956333493897e-09,3.39212084903257e-08,3.69471573521834e-06,0.0152097803961197
41.561911,5.84127979777468e-11,4.71971421162834e-10,2.42774751081209e-09,3.36339419916146e-08,3.66746949140446e-06,0.015164375262228
41.580244,5.78670424457149e-11,4.67664863316728e-10,2.40612574445118e-09,3.33490985163206e-08,3.64042133852053e-06,0.0151190644903145
41.598577,5.73263915241806e-11,4.63397601156019e-10,2.38469631195077e-09,3.30666577181e-08,3.61356986004166e-06,0.0150738480811103
41.61691,5.67907974113679e-11,4.59169276122675e-10,2.36345750469713e-09,3.27865994206017e-08,3.58691364937497e-06,0.0150287260342016
41.635243,5.62602127537215e-11,4.54979532930376e-10,2.34240762923289e-09,3.25089036160551e-08,3.56045130979161e-06,0.0149836983480354
41.653576,5.5734590641695e-11,4.50828019534647e-10,2.32154500712273e-09,3.22335504638691e-08,3.53418145435915e-06,0.0149387650199248
41.671909,5.52138846055845e-11,4.46714387103285e-10,2.30086797482042e-09,3.19605202892435e-08,3.50810270587459e-06,0.0148939260460542
41.690242,5.46980486113969e-11,4.42638289987049e-10,2.2803748835369e-09,3.16897935817917e-08,3.48221369679763e-06,0.0148491814214851
41.708575,5.41870370567597e-11,4.38599385690611e-10,2.26006409910964e-09,3.14213509941739e-08,3.45651306918446e-06,0.0148045311401612
41.726908,5.36808047668673e-11,4.34597334843782e-10,2.23993400187303e-09,3.11551733407426e-08,3.43099947462206e-06,0.0147599751949142
41.745241,5.31793069904681e-11,4.30631801173e-10,2.21998298653008e-09,3.08912415961993e-08,3.40567157416285e-06,0.0147155135774687
41.763574,5.26824993958858e-11,4.26702451473065e-10,2.20020946202503e-09,3.06295368942608e-08,3.38052803825975e-06,0.0146711462784481
41.781907,5.21903380670809e-11,4.22808955579148e-10,2.18061185141733e-09,3.0370040526339e-08,3.35556754670176e-06,0.0146268732873797
41.80024,5.17027794997486e-11,4.18950986339046e-10,2.16118859175657e-09,3.01127339402289e-08,3.33078878854994e-06,0.0145826945927001
41.818573,5.12197805974525e-11,4.15128219585696e-10,2.14193813395855e-09,2.98575987388097e-08,3.30619046207377e-06,0.0145386101817606
41.836906,5.07412986677958e-11,4.11340334109936e-10,2.1228589426825e-09,2.96046166787557e-08,3.28177127468801e-06,0.0144946200408328
41.855239,5.02672914186276e-11,4.07587011633511e-10,2.10394949620931e-09,2.93537696692567e-08,3.25752994288989e-06,0.0144507241551137
41.873572,4.97977169542854e-11,4.03867936782334e-10,2.08520828632089e-09,2.91050397707514e-08,3.23346519219682e-06,0.0144069225087312
41.891905,4.93325337718723e-11,4.00182797059984e-10,2.06663381818057e-09,2.88584091936692e-08,3.20957575708439e-06,0.0143632150847492
41.910238,4.88717007575712e-11,3.96531282821454e-10,2.04822461021459e-09,2.86138602971836e-08,3.18586038092498e-06,0.0143196018651736
41.928571,4.84151771829905e-11,3.92913087247125e-10,2.0299791939946e-09,2.83713755879751e-08,3.16231781592653e-06,0.0142760828309568
41.946904,4.79629227015461e-11,3.8932790631699e-10,2.01189611412117e-09,2.81309377190047e-08,3.13894682307191e-06,0.0142326579620037
41.965237,4.75148973448776e-11,3.85775438785107e-10,1.99397392810846e-09,2.78925294882975e-08,3.1157461720586e-06,0.0141893272371765
41.98357,4.70710615192982e-11,3.82255386154289e-10,1.97621120626976e-09,2.7656133837737e-08,3.09271464123887e-06,0.0141460906343008
42.001903,4.66313760022761e-11,3.78767452651021e-10,1.95860653160413e-09,2.74217338518676e-08,3.06985101756017e-06,0.01410294813017
42.020236,4.61958019389512e-11,3.75311345200607e-10,1.94115849968399e-09,2.7189312756709e-08,3.04715409650617e-06,0.0140598997005511
42.038569,4.57643008386838e-11,3.71886773402542e-10,1.92386571854377e-09,2.69588539185789e-08,3.02462268203795e-06,0.0140169453201901
42.056902,4.53368345716356e-11,3.68493449506121e-10,1.90672680856949e-09,2.67303408429267e-08,3.00225558653581e-06,0.0139740849628171
42.075235,4.49133653653828e-11,3.65131088386248e-10,1.88974040238934e-09,2.65037571731753e-08,2.98005163074126e-06,0.0139313186011513
42.093568,4.44938558015608e-11,3.61799407519485e-10,1.87290514476519e-09,2.62790866895745e-08,2.95800964369952e-06,0.0138886462069072
42.111901,4.40782688125418e-11,3.58498126960313e-10,1.85621969248515e-09,2.60563133080617e-08,2.93612846270242e-06,0.0138460677507988
42.130234,4.36665676781415e-11,3.55226969317608e-10,1.83968271425694e-09,2.58354210791333e-08,2.91440693323158e-06,0.0138035832025454
42.148567,4.32587160223586e-11,3.51985659731333e-10,1.82329289060236e-09,2.56163941867257e-08,2.89284390890205e-06,0.0137611925308771
42.1669,4.28546778101443e-11,3.48773925849443e-10,1.80704891375257e-09,2.53992169471045e-08,2.87143825140635e-06,0.0137188957035393
42.185233,4.24544173442015e-11,3.45591497804999e-10,1.79094948754438e-09,2.51838738077634e-08,2.85018883045875e-06,0.0136766926872989
42.203566,4.20578992618153e-11,3.424381081935e-10,1.77499332731737e-09,2.49703493463327e-08,2.82909452374012e-06,0.0136345834479485
42.221899,4.16650885317122e-11,3.39313492050402e-10,1.75917915981201e-09,2.47586282694959e-08,2.80815421684297e-06,0.0135925679503125
42.240232,4.12759504509501e-11,3.36217386828863e-10,1.74350572306864e-09,2.45486954119156e-08,2.78736680321694e-06,0.013550646158252
42.258565,4.08904506418356e-11,3.33149532377682e-10,1.7279717663273e-09,2.4340535735169e-08,2.76673118411469e-06,0.0135088180346697
42.276898,4.05085550488729e-11,3.30109670919433e-10,1.71257604992858e-09,2.41341343266912e-08,2.74624626853805e-06,0.0134670835415156
42.295231,4.0130229935738e-11,3.27097547028816e-10,1.69731734521515e-09,2.39294763987272e-08,2.72591097318464e-06,0.0134254426397919
42.313564,3.97554418822851e-11,3.24112907611182e-10,1.68219443443435e-09,2.37265472872939e-08,2.70572422239476e-06,0.0133838952895582
42.331897,3.93841577815786e-11,3.21155501881279e-10,1.66720611064154e-09,2.35253324511494e-08,2.68568494809874e-06,0.0133424414499369
42.35023,3.90163448369534e-11,3.18225081342173e-10,1.65235117760429e-09,2.33258174707708e-08,2.66579208976447e-06,0.0133010810791181
42.368563,3.86519705591029e-11,3.15321399764366e-10,1.6376284497075e-09,2.31279880473415e-08,2.64604459434548e-06,0.0132598141343649
42.386896,3.82910027631955e-11,3.12444213165112e-10,1.62303675185928e-09,2.29318300017457e-08,2.62644141622925e-06,0.0132186405720183
42.405229,3.79334095660168e-11,3.09593279787915e-10,1.60857491939773e-09,2.27373292735725e-08,2.6069815171859e-06,0.0131775603475028
42.423562,3.75791593831391e-11,3.0676836008221e-10,1.59424179799848e-09,2.25444719201266e-08,2.5876638663172e-06,0.0131365734153313
42.441895,3.7228220926117e-11,3.03969216683242e-10,1.58003624358306e-09,2.23532441154488e-08,2.56848744000594e-06,0.0130956797291099
42.460228,3.68805631997115e-11,3.01195614392119e-10,1.56595712222816e-09,2.21636321493438e-08,2.54945122186569e-06,0.0130548792415438
42.478561,3.65361554991369e-11,2.98447320156046e-10,1.55200331007557e-09,2.19756224264156e-08,2.53055420269081e-06,0.0130141719044414
42.496894,3.61949674073359e-11,2.95724103048746e-10,1.53817369324301e-09,2.17892014651122e-08,2.51179538040681e-06,0.0129735576687202
42.515227,3.58569687922798e-11,2.93025734251056e-10,1.52446716773569e-09,2.16043558967766e-08,2.49317376002113e-06,0.0129330364844117
42.53356,3.55221298042943e-11,2.90351987031699e-10,1.51088263935874e-09,2.14210724647078e-08,2.47468835357418e-06,0.0128926083006662
42.551893,3.51904208734092e-11,2.87702636728236e-10,1.49741902363028e-09,2.12393380232267e-08,2.45633818009064e-06,0.0128522730657582
42.570226,3.48618127067343e-11,2.85077460728184e-10,1.48407524569535e-09,2.10591395367522e-08,2.43812226553128e-06,0.0128120307270909
42.588559,3.45362762858597e-11,2.82476238450313e-10,1.47085024024064e-09,2.08804640788841e-08,2.42003964274491e-06,0.0127718812312024
42.606892,3.42137828642802e-11,2.79898751326115e-10,1.45774295140984e-09,2.07032988314933e-08,2.40208935142079e-06,0.0127318245237693
42.625225,3.38943039648439e-11,2.77344782781433e-10,1.44475233271987e-09,2.05276310838197e-08,2.38427043804124e-06,0.0126918605496127
42.643558,3.35778113772258e-11,2.74814118218267e-10,1.43187734697779e-09,2.03534482315778e-08,2.3665819558347e-06,0.0126519892527031
42.661891,3.32642771554225e-11,2.7230654499674e-10,1.41911696619842e-09,2.01807377760693e-08,2.34902296472898e-06,0.012612210576165
42.680224,3.29536736152746e-11,2.69821852417236e-10,1.40647017152281e-09,2.00094873233039e-08,2.33159253130497e-06,0.0125725244622822
42.698557,3.2645973332008e-11,2.67359831702686e-10,1.39393595313722e-09,1.98396845831263e-08,2.31428972875045e-06,0.012532930852503
42.71689,3.23411491378012e-11,2.64920275981037e-10,1.38151331019305e-09,1.96713173683508e-08,2.29711363681448e-06,0.0124934296874446
42.735223,3.20391741193747e-11,2.62502980267861e-10,1.36920125072731e-09,1.95043735939035e-08,2.28006334176184e-06,0.0124540209068986
42.753556,3.17400216156025e-11,2.60107741449135e-10,1.35699879158387e-09,1.93388412759711e-08,2.26313793632794e-06,0.0124147044498356
42.771889,3.14436652151464e-11,2.57734358264171e-10,1.3449049583354e-09,1.91747085311572e-08,2.24633651967398e-06,0.0123754802544106
42.790222,3.11500787541135e-11,2.55382631288714e-10,1.332918785206e-09,1.9011963575645e-08,2.22965819734248e-06,0.0123363482579672
42.808555,3.08592363137334e-11,2.53052362918172e-10,1.32103931499445e-09,1.88505947243675e-08,2.21310208121291e-06,0.0122973083970435
42.826888,3.05711122180598e-11,2.50743357351022e-10,1.30926559899828e-09,1.8690590390184e-08,2.19666728945789e-06,0.0122583606073761
42.845221,3.02856810316918e-11,2.48455420572353e-10,1.29759669693834e-09,1.85319390830645e-08,2.1803529464995e-06,0.0122195048239055
42.863554,3.00029175575176e-11,2.46188360337567e-10,1.28603167688421e-09,1.83746294092789e-08,2.16415818296592e-06,0.012180740980781
42.881887,2.97227968344794e-11,2.43941986156225e-10,1.2745696151801e-09,1.82186500705955e-08,2.14808213564844e-06,0.0121420690113655
42.90022,2.94452941353585e-11,2.41716109276037e-10,1.26320959637159e-09,1.8063989863484e-08,2.13212394745864e-06,0.0121034888482402
42.918553,2.91703849645816e-11,2.39510542667008e-10,1.2519507131328e-09,1.7910637678326e-08,2.11628276738595e-06,0.0120650004232099
42.936886,2.88980450560487e-11,2.37325101005717e-10,1.24079206619443e-09,1.77585824986315e-08,2.10055775045548e-06,0.0120266036673073
42.955219,2.86282503709802e-11,2.35159600659752e-10,1.22973276427228e-09,1.76078134002638e-08,2.08494805768611e-06,0.0119882985107984
42.973552,2.83609770957836e-11,2.33013859672272e-10,1.21877192399646e-09,1.74583195506673e-08,2.06945285604887e-06,0.011950084883187
42.991885,2.80962016399425e-11,2.30887697746724e-10,1.20790866984122e-09,1.73100902081055e-08,2.05407131842561e-06,0.0119119627132195
43.010218,2.78339006339236e-11,2.28780936231692e-10,1.19714213405539e-09,1.71631147209025e-08,2.03880262356796e-06,0.0118739319288898
43.028551,2.7574050927104e-11,2.26693398105887e-10,1.18647145659349e-09,1.70173825266925e-08,2.02364595605655e-06,0.0118359924574444
43.046884,2.73166295857177e-11,2.24624907963268e-10,1.17589578504736e-09,1.68728831516741e-08,2.00860050626051e-06,0.0117981442253866
43.065217,2.70616138908214e-11,2.22575291998307e-10,1.16541427457844e-09,1.67296062098727e-08,1.99366547029723e-06,0.0117603871584817
43.08355,2.68089813362803e-11,2.20544377991389e-10,1.1550260878507e-09,1.65875414024066e-08,1.97884004999243e-06,0.0117227211817617
43.101883,2.65587096267713e-11,2.18531995294333e-10,1.14473039496407e-09,1.64466785167617e-08,1.96412345284049e-06,0.01168514621953
43.120216,2.63107766758061e-11,2.16537974816056e-10,1.13452637338852e-09,1.63070074260699e-08,1.94951489196497e-06,0.011647662195366
43.138549,2.60651606037724e-11,2.14562149008369e-10,1.12441320789871e-09,1.61685180883951e-08,1.93501358607954e-06,0.0116102690321303
43.156882,2.58218397359938e-11,2.12604351851896e-10,1.1143900905092e-09,1.60312005460249e-08,1.92061875944908e-06,0.0115729666519688
43.175215,2.55807926008076e-11,2.10664418842122e-10,1.10445622041028e-09,1.5895044924767e-08,1.90632964185103e-06,0.0115357549763181
43.193548,2.53419979276606e-11,2.08742186975572e-10,1.09461080390431e-09,1.57600414332531e-08,1.89214546853707e-06,0.0114986339259095
43.211881,2.51054346452233e-11,2.06837494736118e-10,1.08485305434267e-09,1.56261803622473e-08,1.87806548019499e-06,0.0114616034207742
43.230214,2.48710818795213e-11,2.04950182081403e-10,1.07518219206323e-09,1.54934520839608e-08,1.86408892291089e-06,0.0114246633802478
43.248547,2.46389189520842e-11,2.03080090429393e-10,1.06559744432841e-09,1.53618470513723e-08,1.85021504813158e-06,0.011387813722975
43.26688,2.4408925378113e-11,2.01227062645059e-10,1.05609804526377e-09,1.52313557975541e-08,1.83644311262726e-06,0.0113510543669141
43.285213,2.41810808646627e-11,1.99390943027164e-10,1.04668323579715e-09,1.51019689350029e-08,1.82277237845443e-06,0.011314385229342
43.303546,2.39553653088436e-11,1.97571577295187e-10,1.03735226359831e-09,1.49736771549779e-08,1.80920211291909e-06,0.0112778062268584
43.321879,2.37317587960394e-11,1.95768812576358e-10,1.0281043830192e-09,1.48464712268425e-08,1.79573158854018e-06,0.0112413172753907
43.340212,2.35102415981407e-11,1.93982497392811e-10,1.01893885503464e-09,1.47203419974128e-08,1.7823600830132e-06,0.0112049182901987
43.358545,2.32907941717966e-11,1.92212481648857e-10,1.00985494718358e-09,1.45952803903107e-08,1.76908687917421e-06,0.0111686091858788
43.376878,2.30733971566828e-11,1.90458616618375e-10,1.00085193351097e-09,1.44712774053232e-08,1.75591126496396e-06,0.011132389876369
43.395211,2.28580313737835e-11,1.88720754932311e-10,9.91929094509955e-10,1.43483241177661e-08,1.74283253339229e-06,0.0110962602749533
43.413544,2.26446778236929e-11,1.86998750566295e-10,9.83085717064718e-10,1.42264116778535e-08,1.7298499825028e-06,0.0110602202942661
43.431877,2.24333176849305e-11,1.85292458828378e-10,9.74321094393825e-10,1.41055313100726e-08,1.71696291533777e-06,0.0110242698462971
43.45021,2.2223932312272e-11,1.83601736346865e-10,9.65634525994004e-10,1.39856743125633e-08,1.70417063990324e-06,0.0109884088423956
43.468543,2.20165032350976e-11,1.81926441058275e-10,9.57025317584478e-10,1.38668320565032e-08,1.69147246913442e-06,0.010952637193275
43.486876,2.18110121557541e-11,1.802664321954e-10,9.48492781051773e-10,1.37489959854978e-08,1.6788677208613e-06,0.0109169548090176
43.505209,2.16074409479336e-11,1.78621570275482e-10,9.40036234395008e-10,1.36321576149759e-08,1.66635571777446e-06,0.0108813615990788
43.523542,2.14057716550661e-11,1.76991717088485e-10,9.31655001671681e-10,1.35163085315892e-08,1.65393578739116e-06,0.0108458574722916
43.541875,2.12059864887289e-11,1.7537673568549e-10,9.23348412943923e-10,1.34014403926176e-08,1.64160726202165e-06,0.0108104423368712
43.560208,2.10080678270693e-11,1.73776490367182e-10,9.15115804225246e-10,1.32875449253797e-08,1.62936947873568e-06,0.0107751161004196
43.578541,2.08119982132433e-11,1.72190846672452e-10,9.06956517427749e-10,1.31746139266475e-08,1.61722177932931e-06,0.0107398786699298
43.596874,2.06177603538681e-11,1.70619671367096e-10,8.98869900309781e-10,1.3062639262066e-08,1.60516351029183e-06,0.0107047299517903
43.615207,2.04253371174898e-11,1.69062832432621e-10,8.90855306424102e-10,1.29516128655785e-08,1.59319402277301e-06,0.0106696698517896
43.63354,2.02347115330651e-11,1.67520199055151e-10,8.82912095066456e-10,1.28415267388553e-08,1.58131267255055e-06,0.0106346982751207
43.651873,2.00458667884574e-11,1.65991641614438e-10,8.75039631224662e-10,1.27323729507286e-08,1.56951881999771e-06,0.0105998151263851
43.670206,1.9858786228947e-11,1.64477031672969e-10,8.67237285528078e-10,1.26241436366307e-08,1.55781183005119e-06,0.0105650203095978
43.688539,1.96734533557549e-11,1.62976241965172e-10,8.59504434197581e-10,1.2516830998038e-08,1.54619107217924e-06,0.0105303137281912
43.706872,1.94898518245815e-11,1.61489146386726e-10,8.51840458995952e-10,1.24104273019191e-08,1.53465592034997e-06,0.0104956952850197
43.725205,1.93079654441578e-11,1.60015619983964e-10,8.44244747178717e-10,1.23049248801875e-08,1.52320575299988e-06,0.010461164882364
43.743538,1.9127778174811e-11,1.58555538943371e-10,8.36716691445416e-10,1.2200316129159e-08,1.51183995300261e-06,0.0104267224219355
43.761871,1.89492741270431e-11,1.57108780581186e-10,8.29255689891297e-10,1.2096593509013e-08,1.50055790763787e-06,0.0103923678048803
43.780204,1.87724375601233e-11,1.55675223333086e-10,8.2186114595946e-10,1.19937495432596e-08,1.48935900856067e-06,0.0103581009317841
43.798537,1.85972528806932e-11,1.54254746743979e-10,8.14532468393396e-10,1.18917768182098e-08,1.47824265177063e-06,0.0103239217026761
43.81687,1.84237046413852e-11,1.52847231457878e-10,8.07269071189973e-10,1.17906679824506e-08,1.46720823758163e-06,0.0102898300170334
43.835203,1.82517775394545e-11,1.51452559207874e-10,8.00070373552829e-10,1.16904157463247e-08,1.45625517059158e-06,0.0102558257737852
43.853536,1.80814564154225e-11,1.50070612806199e-10,7.92935799846164e-10,1.15910128814142e-08,1.44538285965242e-06,0.0102219088713172
43.871869,1.79127262517344e-11,1.48701276134376e-10,7.85864779548952e-10,1.14924522200285e-08,1.43459071784032e-06,0.0101880792074758
43.890202,1.77455721714287e-11,1.47344434133468e-10,7.78856747209583e-10,1.13947266546972e-08,1.42387816242616e-06,0.0101543366795724
43.908535,1.75799794368189e-11,1.45999972794401e-10,7.71911142400842e-10,1.12978291376658e-08,1.41324461484604e-06,0.0101206811843874
43.926868,1.7415933448189e-11,1.44667779148397e-10,7.65027409675385e-10,1.12017526803975e-08,1.40268950067218e-06,0.0100871126181749
43.945201,1.72534197424989e-11,1.43347741257468e-10,7.58204998521484e-10,1.11064903530771e-08,1.39221224958389e-06,0.0100536308766662
43.963534,1.70924239921044e-11,1.42039748205022e-10,7.51443363319297e-10,1.10120352841208e-08,1.38181229533881e-06,0.0100202358550747
43.981867,1.69329320034874e-11,1.40743690086537e-10,7.44741963297428e-10,1.09183806596887e-08,1.37148907574431e-06,0.00998692744809981
44.0002,1.67749297159988e-11,1.39459458000326e-10,7.38100262489892e-10,1.08255197232026e-08,1.36124203262907e-06,0.00995370554993074
44.018533,1.66184032006135e-11,1.38186944038388e-10,7.31517729693511e-10,1.07334457748663e-08,1.35107061181494e-06,0.00992057005425134
44.036866,1.64633386586963e-11,1.36926041277345e-10,7.2499383842563e-10,1.06421521711917e-08,1.3409742630889e-06,0.00988752085424378
44.055199,1.63097224207799e-11,1.35676643769448e-10,7.1852806688222e-10,1.05516323245271e-08,1.33095244017519e-06,0.00985455784259273
44.073532,1.61575409453541e-11,1.34438646533685e-10,7.12119897896373e-10,1.04618797025908e-08,1.32100460070781e-06,0.00982168091148964
44.091865,1.6006780817667e-11,1.33211945546954e-10,7.05768818897162e-10,1.03728878280077e-08,1.31113020620299e-06,0.00978888995263675
44.110198,1.58574287485361e-11,1.31996437735322e-10,6.99474321868821e-10,1.02846502778498e-08,1.30132872203193e-06,0.0097561848572511
44.128531,1.57094715731726e-11,1.3079202096537e-10,6.93235903310365e-10,1.01971606831815e-08,1.29159961739385e-06,0.00972356551606872
44.146864,1.55628962500141e-11,1.29598594035602e-10,6.87053064195483e-10,1.01104127286071e-08,1.28194236528897e-06,0.00969103181934874
44.165197,1.54176898595712e-11,1.28416056667951e-10,6.80925309932863e-10,1.00244001518236e-08,1.27235644249194e-06,0.00965858365687727
44.18353,1.52738396032822e-11,1.27244309499348e-10,6.74852150326807e-10,9.93911674317632e-09,1.26284132952527e-06,0.00962622091797158
44.201863,1.51313328023805e-11,1.26083254073371e-10,6.68833099538231e-10,9.85455634521808e-09,1.25339651063302e-06,0.00959394349148405
44.220196,1.4990156896772e-11,1.2493279283198e-10,6.62867676046008e-10,9.77071285227296e-09,1.24402147375465e-06,0.00956175126580626
44.238529,1.4850299443922e-11,1.2379282910731e-10,6.56955402608628e-10,9.68758021000281e-09,1.23471571049906e-06,0.00952964412887288
44.256862,1.47117481177548e-11,1.22663267113556e-10,6.51095806226235e-10,9.60515241497773e-09,1.2254787161188e-06,0.00949762196816581
44.275195,1.45744907075613e-11,1.2154401193892e-10,6.45288418102965e-10,9.52342351425007e-09,1.21630998948444e-06,0.00946568467071796
44.293528,1.44385151169182e-11,1.20434969537638e-10,6.39532773609641e-10,9.44238760493208e-09,1.20720903305919e-06,0.00943383212311739
44.311861,1.43038093626174e-11,1.19336046722079e-10,6.338284122468e-10,9.36203883377697e-09,1.19817535287357e-06,0.00940206421151118
44.330194,1.41703615736043e-11,1.18247151154911e-10,6.28174877608025e-10,9.28237139676333e-09,1.18920845850038e-06,0.00937038082160931
44.348527,1.40381599899275e-11,1.17168191341346e-10,6.22571717343621e-10,9.20337953868329e-09,1.18030786302975e-06,0.00933878183868871
44.36686,1.39071929616972e-11,1.1609907662145e-10,6.17018483124607e-10,9.12505755273392e-09,1.1714730830444e-06,0.00930726714759705
44.385193,1.37774489480543e-11,1.15039717162529e-10,6.11514730607038e-10,9.04739978011212e-09,1.1627036385951e-06,0.00927583663275674
44.403526,1.36489165161482e-11,1.13990023951572e-10,6.06060019396616e-10,8.97040060961269e-09,1.15399905317621e-06,0.0092444901781687
44.421859,1.35215843401251e-11,1.12949908787783e-10,6.00653913013644e-10,8.8940544772301e-09,1.14535885370149e-06,0.0092132276674163
44.440192,1.33954412001254e-11,1.11919284275162e-10,5.95295978858282e-10,8.81835586576333e-09,1.13678257048002e-06,0.00918204898366926
44.458525,1.32704759812902e-11,1.10898063815164e-10,5.89985788176091e-10,8.74329930442381e-09,1.12826973719229e-06,0.00915095400968731
44.476858,1.3146677672778e-11,1.09886161599423e-10,5.84722916023918e-10,8.66887936844723e-09,1.11981989086644e-06,0.00911994262782433
44.495191,1.30240353667892e-11,1.08883492602541e-10,5.79506941236041e-10,8.59509067870778e-09,1.11143257185471e-06,0.00908901472003178
44.513524,1.29025382576016e-11,1.07889972574943e-10,5.74337446390665e-10,8.52192790133654e-09,1.10310732381002e-06,0.00905817016786284
44.531857,1.27821756406133e-11,1.06905518035802e-10,5.69214017776673e-10,8.44938574734208e-09,1.09484369366274e-06,0.00902740885247607
44.55019,1.26629369113953e-11,1.05930046266018e-10,5.64136245360673e-10,8.37745897223485e-09,1.08664123159752e-06,0.0089967306546391
44.568523,1.25448115647533e-11,1.04963475301273e-10,5.59103722754374e-10,8.30614237565463e-09,1.07849949103045e-06,0.00896613545473253
44.586856,1.24277891937978e-11,1.04005723925142e-10,5.5411604718222e-10,8.23543080100092e-09,1.07041802858622e-06,0.00893562313275367
44.605189,1.23118594890226e-11,1.03056711662268e-10,5.49172819449295e-10,8.16531913506621e-09,1.06239640407553e-06,0.00890519356832011
44.623522,1.2197012237393e-11,1.021163587716e-10,5.44273643909576e-10,8.09580230767302e-09,1.05443418047261e-06,0.00887484664067373
44.641855,1.20832373214417e-11,1.01184586239695e-10,5.39418128434389e-10,8.02687529131313e-09,1.04653092389291e-06,0.00884458222868412
44.660188,1.19705247183735e-11,1.00261315774077e-10,5.34605884381209e-10,7.95853310079033e-09,1.03868620357098e-06,0.00881440021085245
44.678521,1.18588644991784e-11,9.93464697966577e-11,5.29836526562699e-10,7.8907707928662e-09,1.03089959183843e-06,0.00878430046531517
44.696854,1.17482468277527e-11,9.84399714372195e-11,5.25109673216026e-10,7.82358346590812e-09,1.02317066410208e-06,0.00875428286984755
44.715187,1.16386619600289e-11,9.75417445269568e-11,5.2042494597248e-10,7.75696625954142e-09,1.01549899882227e-06,0.00872434730186744
44.73352,1.15301002431133e-11,9.66517135920743e-11,5.15781969827313e-10,7.69091435430317e-09,1.00788417749133e-06,0.00869449363843894
44.751853,1.14225521144319e-11,9.57698038474461e-11,5.11180373109897e-10,7.62542297129977e-09,1.00032578461214e-06,0.00866472175627583
44.770186,1.13160081008844e-11,9.48959411903318e-11,5.06619787454102e-10,7.56048737186686e-09,9.92823407676894e-07,0.00863503153174552
44.788519,1.12104588180058e-11,9.40300521941509e-11,5.02099847768973e-10,7.49610285723256e-09,9.85376637146011e-07,0.00860542284087238
44.806852,1.11058949691362e-11,9.3172064102311e-11,4.97620192209631e-10,7.43226476818281e-09,9.77985066427136e-07,0.0085758955593414
44.825185,1.10023073445982e-11,9.23219048220964e-11,4.93180462148471e-10,7.36896848473023e-09,9.70648291854355e-07,0.00854644956250187
44.843518,1.0899686820882e-11,9.14795029186095e-11,4.88780302146586e-10,7.30620942578528e-09,9.633659126675e-07,0.00851708472537079
44.861851,1.07980243598385e-11,9.06447876087683e-11,4.84419359925447e-10,7.24398304883024e-09,9.56137530991634e-07,0.00848780092263653
44.880184,1.06973110078795e-11,8.98176887553603e-11,4.80097286338859e-10,7.1822848495962e-09,9.48962751816661e-07,0.0084585980286624
44.898517,1.05975378951854e-11,8.89981368611472e-11,4.75813735345128e-10,7.12111036174226e-09,9.41841182977065e-07,0.00842947591748999
44.91685,1.0498696234921e-11,8.81860630630261e-11,4.71568363979509e-10,7.06045515653766e-09,9.34772435131813e-07,0.00840043446284292
44.935183,1.04007773224576e-11,8.7381399126245e-11,4.6736083232688e-10,7.00031484254689e-09,9.27756121744394e-07,0.00837147353813016
44.953516,1.03037725346033e-11,8.65840774386652e-11,4.6319080349465e-10,6.94068506531655e-09,9.20791859062961e-07,0.00834259301644956
44.971849,1.02076733288405e-11,8.57940310050857e-11,4.59057943585944e-10,6.88156150706586e-09,9.13879266100679e-07,0.00831379277059144
44.990182,1.01124712425696e-11,8.50111934416082e-11,4.54961921672973e-10,6.82293988637891e-09,9.07017964616116e-07,0.00828507267304184
45.008515,1.00181578923607e-11,8.4235498970064e-11,4.50902409770686e-10,6.76481595790002e-09,9.00207579093873e-07,0.00825643259598614
45.026848,9.92472497321242e-12,8.34668824124846e-11,4.4687908281064e-10,6.70718551203138e-09,8.93447736725265e-07,0.00822787241131243
45.045181,9.8321642578166e-12,8.2705279185624e-11,4.42891618615079e-10,6.65004437463305e-09,8.86738067389162e-07,0.00819939199061488
45.063514,9.74046759583119e-12,8.19506252955351e-11,4.38939697871285e-10,6.59338840672614e-09,8.80078203632992e-07,0.00817099120519723
45.081847,9.64962691315929e-12,8.12028573321909e-11,4.3502300410613e-10,6.53721350419765e-09,8.73467780653845e-07,0.00814266992607616
45.10018,9.55963421123466e-12,8.04619124641548e-11,4.31141223660841e-10,6.48151559750805e-09,8.66906436279682e-07,0.00811442802398458
45.118513,9.47048156631467e-12,7.97277284333049e-11,4.27294045666029e-10,6.42629065140177e-09,8.60393810950753e-07,0.00808626536937517
45.136846,9.38216112877956e-12,7.90002435496004e-11,4.23481162016909e-10,6.37153466461942e-09,8.53929547701072e-07,0.00805818183242358
45.155179,9.29466512243777e-12,7.82793966858969e-11,4.19702267348734e-10,6.31724366961265e-09,8.47513292140031e-07,0.00803017728303181
45.173512,9.20798584383889e-12,7.75651272728139e-11,4.15957059012486e-10,6.26341373226174e-09,8.41144692434197e-07,0.00800225159083159
45.191845,9.12211566159174e-12,7.6857375293641e-11,4.12245237050726e-10,6.21004095159489e-09,8.3482339928914e-07,0.00797440462518757
45.210178,9.03704701569008e-12,7.61560812792992e-11,4.08566504173717e-10,6.15712145951049e-09,8.28549065931491e-07,0.00794663625520083
45.228511,8.95277241684367e-12,7.54611863033407e-11,4.04920565735711e-10,6.10465142050128e-09,8.22321348091042e-07,0.0079189463497119
45.246844,8.86928444581626e-12,7.47726319769992e-11,4.01307129711475e-10,6.05262703138095e-09,8.16139903983009e-07,0.00789133477730424
45.265177,8.78657575276941e-12,7.40903604442841e-11,3.97725906673016e-10,6.00104452101317e-09,8.10004394290424e-07,0.00786380140630745
45.28351,8.70463905661262e-12,7.34143143771176e-11,3.94176609766508e-10,5.94990015004259e-09,8.03914482146614e-07,0.00783634610480045
45.301843,8.62346714435945e-12,7.27444369705189e-11,3.9065895468943e-10,5.89919021062822e-09,7.97869833117838e-07,0.00780896874061481
45.320176,8.54305287048987e-12,7.20806719378307e-11,3.87172659667906e-10,5.8489110261792e-09,7.91870115186029e-07,0.0077816691813378
45.338509,8.46338915631847e-12,7.14229635059907e-11,3.83717445434247e-10,5.79905895109253e-09,7.85914998731658e-07,0.0077544472943159
45.356842,8.38446898936839e-12,7.07712564108426e-11,3.80293035204682e-10,5.74963037049306e-09,7.80004156516706e-07,0.00772730294665762
45.375175,8.30628542275157e-12,7.01254958924961e-11,3.76899154657302e-10,5.70062169997569e-09,7.74137263667777e-07,0.00770023600523705
45.393508,8.22883157455446e-12,6.94856276907227e-11,3.73535531910191e-10,5.65202938534983e-09,7.68313997659305e-07,0.0076732463366967
45.411841,8.1521006272295e-12,6.8851598040398e-11,3.70201897499746e-10,5.60384990238559e-09,7.62534038296896e-07,0.00764633380745087
45.430174,8.07608582699264e-12,6.82233536669842e-11,3.66897984359209e-10,5.55607975656273e-09,7.56797067700779e-07,0.00761949828368875
45.448507,8.00078048322594e-12,6.76008417820518e-11,3.63623527797358e-10,5.50871548282095e-09,7.5110277028935e-07,0.00759273963137742
45.46684,7.92617796788639e-12,6.69840100788468e-11,3.60378265477416e-10,5.46175364531304e-09,7.45450832762886e-07,0.00756605771626516
45.485173,7.85227171491989e-12,6.63728067278942e-11,3.57161937396138e-10,5.4151908371595e-09,7.39840944087309e-07,0.00753945240388445
45.503506,7.77905521968068e-12,6.57671803726418e-11,3.53974285863071e-10,5.36902368020532e-09,7.34272795478098e-07,0.00751292355955498
45.521839,7.70652203835661e-12,6.51670801251477e-11,3.50815055480021e-10,5.32324882477919e-09,7.28746080384322e-07,0.00748647104838691
45.540172,7.63466578739916e-12,6.45724555618015e-11,3.47683993120673e-10,5.27786294945408e-09,7.23260494472734e-07,0.00746009473528379
45.558505,7.56348014295966e-12,6.39832567190899e-11,3.44580847910428e-10,5.23286276081049e-09,7.17815735612047e-07,0.00743379448494561
45.576838,7.49295884032999e-12,6.33994340893976e-11,3.41505371206388e-10,5.18824499320113e-09,7.12411503857266e-07,0.00740757016187196
45.595171,7.42309567338878e-12,6.2820938616846e-11,3.38457316577522e-10,5.14400640851775e-09,7.07047501434132e-07,0.00738142163036492
45.613504,7.35388449405322e-12,6.22477216931737e-11,3.35436439785035e-10,5.10014379596016e-09,7.01723432723713e-07,0.00735534875453208
45.631837,7.28531921173542e-12,6.16797351536511e-11,3.32442498762879e-10,5.05665397180679e-09,6.96439004247063e-07,0.00732935139828968
45.65017,7.21739379280396e-12,6.1116931273032e-11,3.29475253598446e-10,5.01353377918739e-09,6.9119392464999e-07,0.00730342942536535
45.668503,7.15010226005106e-12,6.05592627615461e-11,3.26534466513449e-10,4.97078008785761e-09,6.8598790468797e-07,0.00727758269930138
45.686836,7.08343869216396e-12,6.00066827609233e-11,3.23619901844949e-10,4.92838979397543e-09,6.8082065721111e-07,0.00725181108345739
45.705169,7.01739722320172e-12,5.94591448404572e-11,3.20731326026565e-10,4.88635981987943e-09,6.75691897149263e-07,0.0072261144410134
45.723502,6.95197204207698e-12,5.89166029931046e-11,3.17868507569851e-10,4.84468711386903e-09,6.70601341497218e-07,0.00720049263497288
45.741835,6.88715739204204e-12,5.83790116316175e-11,3.15031217045818e-10,4.80336864998632e-09,6.65548709299994e-07,0.00717494552816543
45.760168,6.82294757018059e-12,5.78463255847153e-11,3.12219227066655e-10,4.7624014278001e-09,6.60533721638269e-07,0.00714947298324987
45.778501,6.75933692690342e-12,5.73185000932874e-11,3.09432312267585e-10,4.72178247219132e-09,6.55556101613861e-07,0.00712407486271704
45.796834,6.69631986544932e-12,5.67954908066327e-11,3.06670249288885e-10,4.68150883314054e-09,6.5061557433535e-07,0.00709875102889272
45.815167,6.63389084139046e-12,5.62772537787335e-11,3.03932816758075e-10,4.6415775855172e-09,6.45711866903781e-07,0.00707350134394042
45.8335,6.57204436214264e-12,5.57637454645628e-11,3.01219795272265e-10,4.60198582887045e-09,6.40844708398476e-07,0.00704832566986446
45.851833,6.51077498647971e-12,5.52549227164248e-11,2.98530967380645e-10,4.56273068722192e-09,6.36013829862931e-07,0.0070232238685125
45.870166,6.45007732405297e-12,5.47507427803302e-11,2.95866117567146e-10,4.52380930886015e-09,6.31218964290834e-07,0.00699819580157855
45.888499,6.38994603491483e-12,5.42511632924031e-11,2.93225032233243e-10,4.48521886613671e-09,6.26459846612157e-07,0.00697324133060576
45.906832,6.33037582904704e-12,5.37561422753218e-11,2.90607499680923e-10,4.44695655526407e-09,6.21736213679355e-07,0.00694836031698924
45.925165,6.27136146589335e-12,5.32656381347921e-11,2.88013310095794e-10,4.40901959611515e-09,6.17047804253679e-07,0.00692355262197882
45.943498,6.21289775389626e-12,5.27796096560504e-11,2.85442255530337e-10,4.37140523202451e-09,6.1239435899154e-07,0.00689881810668175
45.961831,6.15497955003874e-12,5.22980160004034e-11,2.82894129887337e-10,4.33411072959127e-09,6.07775620431019e-07,0.00687415663206558
45.980164,6.09760175938957e-12,5.18208167017948e-11,2.80368728903421e-10,4.29713337848362e-09,6.03191332978441e-07,0.00684956805896097
45.998497,6.0407593346533e-12,5.13479716634046e-11,2.77865850132772e-10,4.26047049124491e-09,5.9864124289504e-07,0.00682505224806421
46.01683,5.98444727572443e-12,5.08794411542821e-11,2.75385292930974e-10,4.22411940310161e-09,5.94125098283741e-07,0.00680060905994008
46.035163,5.92866062924569e-12,5.04151858060059e-11,2.72926858439008e-10,4.18807747177254e-09,5.89642649076018e-07,0.00677623835502465
46.053496,5.87339448817032e-12,4.99551666093756e-11,2.70490349567374e-10,4.15234207727987e-09,5.85193647018829e-07,0.00675193999362772
46.071829,5.81864399132884e-12,4.94993449111359e-11,2.6807557098038e-10,4.1169106217618e-09,5.80777845661692e-07,0.00672771383593578
46.090162,5.76440432299942e-12,4.90476824107264e-11,2.65682329080544e-10,4.08178052928651e-09,5.76395000343782e-07,0.00670355974201455
46.108495,5.71067071248265e-12,4.86001411570656e-11,2.63310431993153e-10,4.04694924566804e-09,5.72044868181181e-07,0.00667947757181159
46.126828,5.65743843368015e-12,4.81566835453609e-11,2.60959689550954e-10,4.01241423828341e-09,5.67727208054191e-07,0.00665546718515913
46.145161,5.6047028046769e-12,4.77172723139482e-11,2.58629913278967e-10,3.97817299589133e-09,5.63441780594709e-07,0.00663152844177652
46.163494,5.552459187328e-12,4.72818705411626e-11,2.56320916379461e-10,3.94422302845258e-09,5.59188348173754e-07,0.00660766120127292
46.181827,5.50070298684889e-12,4.68504416422351e-11,2.54032513717039e-10,3.9105618669518e-09,5.5496667488902e-07,0.00658386532314998
46.20016,5.44942965140936e-12,4.64229493662179e-11,2.51764521803857e-10,3.87718706322056e-09,5.50776526552548e-07,0.00656014066680431
46.218493,5.3986346717319e-12,4.59993577929404e-11,2.49516758784998e-10,3.84409618976237e-09,5.46617670678479e-07,0.00653648709153016
46.236826,5.34831358069303e-12,4.55796313299885e-11,2.47289044423941e-10,3.81128683957866e-09,5.42489876470884e-07,0.00651290445652202
46.255159,5.29846195292916e-12,4.51637347097162e-11,2.45081200088189e-10,3.77875662599665e-09,5.38392914811697e-07,0.00648939262087699
46.273492,5.24907540444548e-12,4.47516329862805e-11,2.42893048735005e-10,3.74650318249829e-09,5.34326558248714e-07,0.00646595144359762
46.291825,5.20014959222897e-12,4.43432915327062e-11,2.40724414897285e-10,3.71452416255084e-09,5.30290580983678e-07,0.0064425807835942
46.310158,5.15168021386483e-12,4.3938676037976e-11,2.38575124669554e-10,3.68281723943891e-09,5.26284758860473e-07,0.0064192804996874
46.328491,5.10366300715645e-12,4.35377525041471e-11,2.3644500569408e-10,3.65138010609772e-09,5.22308869353358e-07,0.00639605045061071
46.346824,5.05609374974918e-12,4.31404872434951e-11,2.34333887147126e-10,3.62021047494789e-09,5.18362691555315e-07,0.00637289049501305
46.365157,5.00896825875735e-12,4.2746846875683e-11,2.32241599725301e-10,3.58930607773158e-09,5.14446006166479e-07,0.00634980049146118
46.38349,4.96228239039503e-12,4.23567983249569e-11,2.30167975632064e-10,3.55866466535003e-09,5.1055859548263e-07,0.00632678029844212
46.401823,4.91603203960998e-12,4.19703088173658e-11,2.28112848564311e-10,3.52828400770233e-09,5.06700243383771e-07,0.0063038297743657
46.420156,4.87021313972136e-12,4.1587345878009e-11,2.26076053699115e-10,3.49816189352577e-09,5.02870735322807e-07,0.00628094877756702
46.438489,4.8248216620605e-12,4.12078773283066e-11,2.24057427680558e-10,3.4682961302373e-09,4.99069858314276e-07,0.00625813716630876
46.456822,4.77985361561527e-12,4.08318712832957e-11,2.22056808606695e-10,3.43868454377643e-09,4.95297400923166e-07,0.00623539479878381
46.475155,4.73530504667777e-12,4.04592961489518e-11,2.20074036016631e-10,3.40932497844951e-09,4.91553153253835e-07,0.00621272153311748
46.493488,4.691172038495e-12,4.00901206195332e-11,2.18108950877703e-10,3.38021529677502e-09,4.87836906938961e-07,0.00619011722736996
46.511821,4.64745071092341e-12,3.97243136749516e-11,2.16161395572793e-10,3.35135337933063e-09,4.8414845512862e-07,0.00616758173953877
46.530154,4.6041372200861e-12,3.9361844578165e-11,2.14231213887738e-10,3.32273712460113e-09,4.8048759247941e-07,0.00614511492756113
46.548487,4.56122775803347e-12,3.90026828725946e-11,2.1231825099886e-10,3.29436444882772e-09,4.76854115143651e-07,0.00612271664931622
46.56682,4.51871855240716e-12,3.86467983795669e-11,2.10422353460605e-10,3.26623328585878e-09,4.73247820758684e-07,0.00610038676262758
46.585153,4.47660586610691e-12,3.82941611957765e-11,2.08543369193288e-10,3.2383415870016e-09,4.69668508436218e-07,0.00607812512526557
46.603486,4.43488599696074e-12,3.79447416907746e-11,2.06681147470956e-10,3.21068732087554e-09,4.66115978751774e-07,0.00605593159494948
46.621819,4.39355527739815e-12,3.7598510504479e-11,2.04835538909351e-10,3.18326847326641e-09,4.62590033734186e-07,0.00603380602935
46.640152,4.35261007412616e-12,3.72554385447064e-11,2.03006395453975e-10,3.15608304698184e-09,4.59090476855182e-07,0.00601174828609146
46.658485,4.31204678780889e-12,3.6915496984729e-11,2.0119357036828e-10,3.12912906170827e-09,4.55617113019046e-07,0.00598975822275416
46.676818,4.27186185274969e-12,3.65786572608518e-11,1.9939691822194e-10,3.10240455386879e-09,4.52169748552348e-07,0.00596783569687663
46.695151,4.23205173657625e-12,3.62448910700119e-11,1.9761629487924e-10,3.07590757648222e-09,4.48748191193726e-07,0.00594598056595784
46.713484,4.19261293992918e-12,3.59141703674019e-11,1.95851557487575e-10,3.04963619902363e-09,4.45352250083784e-07,0.00592419268745951
46.731817,4.15354199615276e-12,3.5586467364112e-11,1.94102564466026e-10,3.02358850728566e-09,4.41981735755013e-07,0.00590247191880842
46.75015,4.11483547098919e-12,3.52617545247952e-11,1.92369175494065e-10,2.9977626032413e-09,4.38636460121818e-07,0.00588081811739843
46.768483,4.07648996227545e-12,3.49400045653548e-11,1.9065125150035e-10,2.97215660490762e-09,4.353162364706e-07,0.00585923114059299
46.786816,4.03850209964291e-12,3.46211904506501e-11,1.88948654651606e-10,2.94676864621075e-09,4.32020879449903e-07,0.00583771084572706
46.805149,4.00086854421999e-12,3.43052853922264e-11,1.8726124834163e-10,2.92159687685199e-09,4.28750205060649e-07,0.00581625709010947
46.823482,3.96358598833748e-12,3.3992262846063e-11,1.85588897180372e-10,2.89663946217499e-09,4.25504030646418e-07,0.00579486973102509
46.841815,3.92665115523656e-12,3.3682096510343e-11,1.83931466983127e-10,2.87189458303408e-09,4.22282174883817e-07,0.00577354862573697
46.860148,3.89006079877961e-12,3.33747603232439e-11,1.82288824759811e-10,2.84736043566359e-09,4.19084457772906e-07,0.00575229363148842
46.878481,3.85381170316391e-12,3.30702284607471e-11,1.80660838704347e-10,2.82303523154859e-09,4.15910700627693e-07,0.00573110460550536
46.896814,3.81790068263762e-12,3.27684753344683e-11,1.7904737818413e-10,2.79891719729626e-09,4.12760726066694e-07,0.00570998140499827
46.915147,3.7823245812188e-12,3.24694755895073e-11,1.77448313729593e-10,2.77500457450866e-09,4.09634358003571e-07,0.00568892388716438
46.93348,3.74708027241687e-12,3.21732041023177e-11,1.75863517023872e-10,2.75129561965652e-09,4.06531421637816e-07,0.00566793190918975
46.951813,3.71216465895671e-12,3.18796359785955e-11,1.74292860892544e-10,2.72778860395392e-09,4.03451743445522e-07,0.00564700532825145
46.970146,3.67757467250544e-12,3.15887465511885e-11,1.72736219293483e-10,2.7044818132343e-09,4.003951511702e-07,0.00562614400151957
46.988479,3.64330727340151e-12,3.13005113780215e-11,1.71193467306774e-10,2.68137354782717e-09,3.97361473813675e-07,0.00560534778615933
47.006812,3.60935945038664e-12,3.1014906240045e-11,1.69664481124748e-10,2.65846212243619e-09,3.94350541627041e-07,0.0055846165393331
47.025145,3.57572822034011e-12,3.07319071391987e-11,1.68149138042086e-10,2.63574586601803e-09,3.91362186101682e-07,0.00556395011820257
47.043478,3.54241062801547e-12,3.04514902963948e-11,1.66647316446012e-10,2.61322312166233e-09,3.88396239960342e-07,0.00554334837993061
47.061811,3.50940374577983e-12,3.01736321495212e-11,1.65158895806582e-10,2.59089224647269e-09,3.85452537148282e-07,0.00552281118168351
47.080144,3.47670467335565e-12,2.9898309351461e-11,1.63683756667057e-10,2.56875161144866e-09,3.8253091282449e-07,0.0055023383806328
47.098477,3.44431053756468e-12,2.96254987681303e-11,1.62221780634348e-10,2.54679960136862e-09,3.79631203352933e-07,0.00548192983395735
47.11681,3.41221849207468e-12,2.93551774765354e-11,1.60772850369569e-10,2.5250346146738e-09,3.76753246293907e-07,0.00546158539884544
47.135143,3.38042571714812e-12,2.90873227628453e-11,1.59336849578654e-10,2.50345506335312e-09,3.73896880395418e-07,0.00544130493249661
47.153476,3.34892941939357e-12,2.88219121204849e-11,1.57913663003069e-10,2.48205937282909e-09,3.71061945584638e-07,0.00542108829212367
47.171809,3.31772683151918e-12,2.85589232482427e-11,1.56503176410598e-10,2.46084598184468e-09,3.68248282959426e-07,0.00540093533495475
47.190142,3.28681521208857e-12,2.82983340483965e-11,1.5510527658622e-10,2.43981334235099e-09,3.65455734779882e-07,0.0053808459182351
47.208475,3.25619184527904e-12,2.80401226248582e-11,1.53719851323059e-10,2.41895991939611e-09,3.62684144460003e-07,0.00536081989922919
47.226808,3.22585404064193e-12,2.77842672813327e-11,1.52346789413421e-10,2.39828419101468e-09,3.59933356559357e-07,0.00534085713522248
47.245141,3.19579913286535e-12,2.75307465194951e-11,1.50985980639901e-10,2.37778464811846e-09,3.57203216774843e-07,0.00532095748352346
47.263474,3.16602448153906e-12,2.72795390371849e-11,1.49637315766585e-10,2.35745979438792e-09,3.544935719325e-07,0.00530112080146554
47.281807,3.13652747092154e-12,2.70306237266153e-11,1.48300686530311e-10,2.33730814616455e-09,3.51804269979369e-07,0.00528134694640879
47.30014,3.10730550970929e-12,2.67839796726e-11,1.46975985632021e-10,2.31732823234419e-09,3.49135159975417e-07,0.00526163577574209
47.318473,3.07835603080826e-12,2.65395861507957e-11,1.45663106728188e-10,2.29751859427129e-09,3.46486092085525e-07,0.00524198714688476
47.336806,3.04967649110742e-12,2.62974226259607e-11,1.44361944422313e-10,2.27787778563393e-09,3.43856917571522e-07,0.00522240091728857
47.355139,3.02126437125451e-12,2.60574687502299e-11,1.43072394256505e-10,2.25840437235986e-09,3.4124748878428e-07,0.0052028769444395
47.373472,2.99311717543372e-12,2.58197043614043e-11,1.41794352703128e-10,2.23909693251325e-09,3.38657659155863e-07,0.00518341508585962
47.391805,2.96523243114571e-12,2.55841094812572e-11,1.40527717156533e-10,2.21995405619253e-09,3.36087283191734e-07,0.00516401519910888
47.410138,2.93760768898942e-12,2.53506643138555e-11,1.3927238592485e-10,2.20097434542879e-09,3.33536216463018e-07,0.00514467714178704
47.428471,2.91024052244621e-12,2.51193492438968e-11,1.38028258221865e-10,2.18215641408541e-09,3.31004315598815e-07,0.00512540077153534
47.446804,2.88312852766564e-12,2.48901448350602e-11,1.3679523415896e-10,2.16349888775809e-09,3.2849143827857e-07,0.00510618594603831
47.465137,2.8562693232537e-12,2.46630318283742e-11,1.35573214737134e-10,2.14500040367616e-09,3.25997443224503e-07,0.00508703252302564
47.48347,2.82966055006265e-12,2.44379911405979e-11,1.34362101839084e-10,2.12665961060435e-09,3.23522190194076e-07,0.00506794036027388
47.501803,2.80329987098307e-12,2.42150038626175e-11,1.33161798221363e-10,2.10847516874565e-09,3.21065539972536e-07,0.00504890931560822
47.520136,2.77718497073774e-12,2.3994051257858e-11,1.31972207506614e-10,2.09044574964483e-09,3.18627354365493e-07,0.00502993924690427
47.538469,2.7513135556774e-12,2.37751147607077e-11,1.3079323417585e-10,2.07257003609279e-09,3.16207496191552e-07,0.00501103001208973
47.556802,2.72568335357864e-12,2.35581759749597e-11,1.29624783560835e-10,2.05484672203183e-09,3.13805829275015e-07,0.00499218146914614
47.575135,2.70029211344343e-12,2.33432166722653e-11,1.28466761836507e-10,2.03727451246154e-09,3.11422218438611e-07,0.00497339347611072
47.593468,2.67513760530065e-12,2.31302187906019e-11,1.27319076013473e-10,2.0198521233456e-09,3.09056529496285e-07,0.00495466589107787
47.611801,2.65021762000952e-12,2.29191644327566e-11,1.26181633930587e-10,2.00257828151931e-09,3.06708629246055e-07,0.004935998572201
47.630134,2.62552996906479e-12,2.27100358648216e-11,1.25054344247572e-10,1.98545172459799e-09,3.04378385462896e-07,0.00491739137769425
47.648467,2.60107248440372e-12,2.25028155147037e-11,1.23937116437719e-10,1.96847120088593e-09,3.02065666891678e-07,0.00489884416583399
47.6668,2.57684301821505e-12,2.22974859706489e-11,1.22829860780653e-10,1.95163546928641e-09,2.9977034324018e-07,0.00488035679496072
47.685133,2.55283944274946e-12,2.20940299797781e-11,1.21732488355154e-10,1.93494329921216e-09,2.97492285172113e-07,0.00486192912348048
47.703466,2.52905965013218e-12,2.18924304466388e-11,1.20644911032052e-10,1.91839347049684e-09,2.95231364300229e-07,0.0048435610098667
47.721799,2.50550155217702e-12,2.16926704317676e-11,1.1956704146718e-10,1.90198477330713e-09,2.92987453179452e-07,0.00482525231266175
47.740132,2.48216308020225e-12,2.1494733150267e-11,1.18498793094382e-10,1.88571600805549e-09,2.90760425300076e-07,0.00480700289047849
47.758465,2.45904218484838e-12,2.12986019703956e-11,1.17440080118605e-10,1.86958598531386e-09,2.88550155081001e-07,0.00478881260200204
47.776798,2.43613683589733e-12,2.11042604121701e-11,1.16390817509026e-10,1.85359352572786e-09,2.86356517863024e-07,0.00477068130599121
47.795131,2.41344502209355e-12,2.09116921459807e-11,1.15350920992259e-10,1.83773745993189e-09,2.8417938990217e-07,0.00475260886128024
47.813464,2.39096475096669e-12,2.0720880991219e-11,1.14320307045615e-10,1.82201662846482e-09,2.82018648363074e-07,0.00473459512678027
47.831797,2.36869404865595e-12,2.05318109149183e-11,1.13298892890419e-10,1.80642988168642e-09,2.79874171312412e-07,0.004716639961481
47.85013,2.34663095973612e-12,2.0344466030407e-11,1.12286596485398e-10,1.79097607969461e-09,2.77745837712383e-07,0.00469874322445218
47.868463,2.32477354704519e-12,2.01588305959728e-11,1.11283336520111e-10,1.77565409224317e-09,2.75633527414215e-07,0.00468090477484519
47.886796,2.30311989151359e-12,1.99748890135408e-11,1.10289032408453e-10,1.76046279866033e-09,2.73537121151753e-07,0.00466312447189455
47.905129,2.28166809199504e-12,1.97926258273621e-11,1.09303604282206e-10,1.74540108776802e-09,2.71456500535056e-07,0.00464540217491951
47.923462,2.26041626509901e-12,1.96120257227163e-11,1.08326972984654e-10,1.7304678578017e-09,2.6939154804407e-07,0.00462773774332553
47.941795,2.23936254502466e-12,1.94330735246232e-11,1.07359060064251e-10,1.71566201633099e-09,2.67342147022324e-07,0.00461013103660578
47.960128,2.21850508339641e-12,1.92557541965689e-11,1.06399787768343e-10,1.70098248018084e-09,2.65308181670678e-07,0.00459258191434265
47.978461,2.19784204910109e-12,1.90800528392419e-11,1.05449079036957e-10,1.68642817535351e-09,2.63289537041129e-07,0.00457509023620927
47.996794,2.17737162812645e-12,1.89059546892807e-11,1.0450685749663e-10,1.67199803695103e-09,2.61286099030631e-07,0.00455765586197088
48.015127,2.15709202340137e-12,1.87334451180346e-11,1.03573047454304e-10,1.65769100909847e-09,2.59297754374992e-07,0.00454027865148652
48.03346,2.13700145463742e-12,1.8562509630333e-11,1.02647573891268e-10,1.64350604486776e-09,2.57324390642788e-07,0.00452295846471013
48.051793,2.11709815817203e-12,1.83931338632686e-11,1.01730362457164e-10,1.6294421062022e-09,2.55365896229341e-07,0.00450569516169243
48.070126,2.09738038681303e-12,1.822530358499e-11,1.00821339464031e-10,1.61549816384158e-09,2.53422160350723e-07,0.00448848860258205
48.088459,2.07784640968461e-12,1.80590046935058e-11,9.99204318804156e-11,1.60167319724788e-09,2.51493073037811e-07,0.00447133864762701
48.106792,2.05849451207491e-12,1.78942232155e-11,9.90275673255293e-11,1.58796619453174e-09,2.4957852513039e-07,0.00445424515717625
48.125125,2.03932299528486e-12,1.77309453051579e-11,9.81426740634585e-11,1.5743761523794e-09,2.47678408271283e-07,0.00443720799168094
48.143458,2.02033017647844e-12,1.75691572430021e-11,9.72656809974222e-11,1.56090207598026e-09,2.4579261490053e-07,0.00442022701169589
48.161791,2.00151438853447e-12,1.74088454347408e-11,9.63965176640901e-11,1.54754297895524e-09,2.43921038249622e-07,0.00440330207788098
48.180124,1.98287397989966e-12,1.72499964101242e-11,9.55351142279391e-11,1.53429788328542e-09,2.42063572335746e-07,0.00438643305100251
48.198457,1.9644073144431e-12,1.70925968218137e-11,9.46814014756713e-11,1.52116581924162e-09,2.40220111956105e-07,0.00436961979193455
48.21679,1.94611277131212e-12,1.69366334442602e-11,9.38353108106743e-11,1.50814582531434e-09,2.38390552682251e-07,0.0043528621616604
48.235123,1.92798874478938e-12,1.67820931725922e-11,9.29967742475311e-11,1.49523694814429e-09,2.36574790854473e-07,0.00433616002127378
48.253456,1.91003364415153e-12,1.66289630215156e-11,9.21657244065853e-11,1.48243824245376e-09,2.34772723576223e-07,0.00431951323198029
48.271789,1.89224589352894e-12,1.64772301242218e-11,9.13420945085453e-11,1.46974877097818e-09,2.32984248708578e-07,0.00430292165509871
48.290122,1.87462393176689e-12,1.6326881731307e-11,9.05258183691429e-11,1.45716760439858e-09,2.3120926486474e-07,0.00428638515206234
48.308455,1.85716621228809e-12,1.61779052097007e-11,8.97168303938396e-11,1.44469382127448e-09,2.29447671404591e-07,0.00426990358442023
48.326788,1.8398712029563e-12,1.60302880416045e-11,8.89150655725741e-11,1.43232650797729e-09,2.2769936842926e-07,0.00425347681383859
48.345121,1.82273738594145e-12,1.588401782344e-11,8.81204594745629e-11,1.42006475862444e-09,2.25964256775751e-07,0.00423710470210203
48.363454,1.80576325758586e-12,1.57390822648067e-11,8.73329482431438e-11,1.40790767501389e-09,2.24242238011601e-07,0.00422078711111484
48.381787,1.78894732827182e-12,1.55954691874491e-11,8.65524685906662e-11,1.39585436655927e-09,2.22533214429579e-07,0.00420452390290228
48.40012,1.77228812229033e-12,1.54531665242339e-11,8.57789577934267e-11,1.38390395022559e-09,2.20837089042412e-07,0.00418831493961181
48.418453,1.75578417771111e-12,1.53121623181357e-11,8.50123536866489e-11,1.37205555046546e-09,2.19153765577571e-07,0.00417216008351442
48.436786,1.73943404625379e-12,1.51724447212322e-11,8.42525946595091e-11,1.3603082991558e-09,2.17483148472064e-07,0.00415605919700578
48.455119,1.72323629316039e-12,1.50340019937088e-11,8.34996196502055e-11,1.34866133553515e-09,2.15825142867297e-07,0.00414001214260756
48.473452,1.70718949706888e-12,1.48968225028727e-11,8.27533681410724e-11,1.33711380614153e-09,2.14179654603953e-07,0.00412401878296861
48.491785,1.69129224988798e-12,1.47608947221741e-11,8.20137801537341e-11,1.32566486475071e-09,2.12546590216903e-07,0.00410807898086617
48.510118,1.67554315667317e-12,1.46262072302393e-11,8.12807962443081e-11,1.31431367231511e-09,2.10925856930177e-07,0.00409219259920711
48.528451,1.65994083550379e-12,1.44927487099099e-11,8.05543574986448e-11,1.30305939690315e-09,2.09317362651946e-07,0.00407635950102912
48.546784,1.64448391736131e-12,1.43605079472922e-11,7.98344055276132e-11,1.29190121363915e-09,2.07721015969551e-07,0.00406057954950193
48.565117,1.62917104600877e-12,1.42294738308153e-11,7.91208824624285e-11,1.2808383046437e-09,2.06136726144573e-07,0.0040448526079284
48.58345,1.61400087787132e-12,1.40996353502965e-11,7.84137309500173e-11,1.26986985897454e-09,2.04564403107923e-07,0.00402917853974577
48.601783,1.59897208191785e-12,1.39709815960173e-11,7.77128941484295e-11,1.25899507256798e-09,2.03003957454979e-07,0.00401355720852682
48.620116,1.58408333954385e-12,1.38435017578062e-11,7.70183157222893e-11,1.24821314818078e-09,2.01455300440762e-07,0.00399798847798104
48.638449,1.56933334445515e-12,1.371718512413e-11,7.63299398382812e-11,1.23752329533243e-09,1.99918343975124e-07,0.00398247221195563
48.656782,1.55472080255298e-12,1.35920210811943e-11,7.56477111606856e-11,1.22692473024815e-09,1.98393000617998e-07,0.00396700827443689
48.675115,1.54024443181998e-12,1.34679991120518e-11,7.49715748469474e-11,1.21641667580209e-09,1.96879183574668e-07,0.0039515965295511
48.693448,1.52590296220724e-12,1.33451087957176e-11,7.4301476543284e-11,1.2059983614612e-09,1.95376806691066e-07,0.00393623684156582
48.711781,1.5116951355225e-12,1.32233398062951e-11,7.36373623803374e-11,1.19566902322954e-09,1.93885784449121e-07,0.00392092907489085
48.730114,1.49761970531935e-12,1.31026819121069e-11,7.29791789688585e-11,1.18542790359296e-09,1.92406031962123e-07,0.00390567309407948
48.748447,1.48367543678747e-12,1.2983124974836e-11,7.23268733954357e-11,1.17527425146437e-09,1.90937464970135e-07,0.00389046876382944
48.76678,1.46986110664386e-12,1.28646589486737e-11,7.16803932182576e-11,1.16520732212942e-09,1.89479999835428e-07,0.00387531594898412
48.785113,1.45617550302514e-12,1.27472738794752e-11,7.10396864629132e-11,1.15522637719259e-09,1.88033553537948e-07,0.00386021451453349
48.803446,1.44261742538085e-12,1.26309599039237e-11,7.04047016182331e-11,1.14533068452385e-09,1.86598043670828e-07,0.00384516432561532
48.821779,1.42918568436771e-12,1.25157072487014e-11,6.9775387632164e-11,1.13551951820561e-09,1.85173388435916e-07,0.00383016524751612
48.840112,1.41587910174492e-12,1.2401506229668e-11,6.91516939076813e-11,1.12579215848029e-09,1.83759506639346e-07,0.00381521714567227
48.858445,1.4026965102704e-12,1.22883472510473e-11,6.85335702987382e-11,1.11614789169818e-09,1.82356317687136e-07,0.00380031988567099
48.876778,1.38963675359801e-12,1.21762208046212e-11,6.79209671062505e-11,1.10658601026583e-09,1.80963741580817e-07,0.00378547333325143
48.895111,1.37669868617575e-12,1.20651174689301e-11,6.73138350741177e-11,1.09710581259489e-09,1.795816989131e-07,0.00377067735430568
48.913444,1.36388117314491e-12,1.19550279084817e-11,6.67121253852777e-11,1.08770660305125e-09,1.78210110863566e-07,0.00375593181487971
48.931777,1.3511830902401e-12,1.18459428729666e-11,6.61157896577992e-11,1.07838769190478e-09,1.76848899194384e-07,0.00374123658117451
48.95011,1.33860332369032e-12,1.17378531964806e-11,6.55247799410069e-11,1.06914839527936e-09,1.75497986246077e-07,0.00372659151954695
48.968443,1.32614077012092e-12,1.16307497967553e-11,6.49390487116422e-11,1.05998803510342e-09,1.74157294933301e-07,0.00371199649651088
48.986776,1.31379433645635e-12,1.15246236743941e-11,6.43585488700557e-11,1.05090593906082e-09,1.72826748740655e-07,0.00369745137873803
49.005109,1.30156293982407e-12,1.14194659121166e-11,6.3783233736439e-11,1.04190144054222e-09,1.71506271718539e-07,0.00368295603305903
49.023442,1.28944550745915e-12,1.13152676740094e-11,6.3213057047084e-11,1.0329738785968e-09,1.70195788479017e-07,0.00366851032646437
49.041775,1.27744097660977e-12,1.12120202047829e-11,6.26479729506767e-11,1.02412259788439e-09,1.68895224191725e-07,0.0036541141261053
49.060108,1.26554829444382e-12,1.11097148290366e-11,6.20879360046294e-11,1.01534694862807e-09,1.67604504579812e-07,0.00363976729929486
49.078441,1.25376641795604e-12,1.10083429505293e-11,6.15329011714367e-11,1.00664628656706e-09,1.66323555915888e-07,0.00362546971350875
49.096774,1.24209431387635e-12,1.09078960514577e-11,6.09828238150722e-11,9.98019972910141e-10,1.65052305018032e-07,0.0036112212363863
49.115107,1.23053095857883e-12,1.08083656917398e-11,6.04376596974116e-11,9.89467374289319e-10,1.63790679245807e-07,0.00359702173573141
49.13344,1.21907533799159e-12,1.07097435083062e-11,5.98973649746893e-11,9.80987862713998e-10,1.62538606496301e-07,0.00358287107951334
49.151773,1.20772644750756e-12,1.06120212143973e-11,5.93618961939882e-11,9.72580815525492e-10,1.61296015200217e-07,0.00356876913586783
49.170106,1.19648329189608e-12,1.0515190598867e-11,5.88312102897592e-11,9.64245615351914e-10,1.60062834317977e-07,0.0035547157730978
49.188439,1.18534488521519e-12,1.04192435254927e-11,5.83052645803693e-11,9.55981650063452e-10,1.58838993335844e-07,0.00354071085967434
49.206772,1.17431025072498e-12,1.03241719322919e-11,5.77840167646868e-11,9.47788312728041e-10,1.57624422262099e-07,0.00352675426423757
49.225105,1.16337842080154e-12,1.02299678308444e-11,5.72674249186902e-11,9.39665001567379e-10,1.56419051623222e-07,0.00351284585559753
49.243438,1.15254843685183e-12,1.01366233056213e-11,5.67554474921098e-11,9.31611119913319e-10,1.55222812460109e-07,0.00349898550273495
49.261771,1.14181934922928e-12,1.00441305133198e-11,5.6248043305102e-11,9.2362607616467e-10,1.54035636324317e-07,0.00348517307480231
49.280104,1.13119021715025e-12,9.9524816822044e-12,5.57451715449469e-11,9.15709283744274e-10,1.52857455274334e-07,0.00347140844112449
49.298437,1.12066010861121e-12,9.86166911145358e-12,5.52467917627829e-11,9.07860161056554e-10,1.51688201871877e-07,0.00345769147119968
49.31677,1.11022810030671e-12,9.77168517051285e-12,5.47528638703628e-11,9.00078131445331e-10,1.50527809178216e-07,0.00344402203470026
49.335103,1.09989327754813e-12,9.6825222984536e-12,5.42633481368445e-11,8.92362623152024e-10,1.49376210750523e-07,0.00343040000147358
49.353436,1.0896547341832e-12,9.59417300333789e-12,5.37782051856075e-11,8.84713069274249e-10,1.48233340638254e-07,0.00341682524154278
49.371769,1.07951157251623e-12,9.50662986158871e-12,5.32973959910983e-11,8.77128907724675e-10,1.47099133379543e-07,0.00340329762510763
49.390102,1.06946290322914e-12,9.41988551736639e-12,5.28208818757032e-11,8.69609581190311e-10,1.45973523997639e-07,0.00338981702254528
49.408435,1.05950784530316e-12,9.33393268195047e-12,5.23486245066511e-11,8.6215453709209e-10,1.44856447997355e-07,0.00337638330441111
49.426768,1.04964552594133e-12,9.24876413312724e-12,5.18805858929403e-11,8.54763227544808e-10,1.43747841361549e-07,0.00336299634143949
49.445101,1.03987508049172e-12,9.16437271458291e-12,5.14167283822963e-11,8.47435109317404e-10,1.42647640547631e-07,0.00334965600454458
49.463434,1.03019565237131e-12,9.08075133530239e-12,5.0957014658155e-11,8.4016964379356e-10,1.41555782484094e-07,0.00333636216482109
49.481767,1.0206063929906e-12,8.99789296897328e-12,5.05014077366713e-11,8.32966296932653e-10,1.40472204567063e-07,0.003323114693545
49.5001,1.011106461679e-12,8.91579065339559e-12,5.00498709637567e-11,8.25824539231016e-10,1.39396844656882e-07,0.0033099134621744
49.518433,1.00169502561083e-12,8.83443748989683e-12,4.96023680121431e-11,8.1874384568355e-10,1.38329641074718e-07,0.00329675834235023
49.536766,9.92371259732015e-13,8.75382664275206e-12,4.915886287847e-11,8.11723695745618e-10,1.37270532599182e-07,0.00328364920589695
49.555099,9.83134346687548e-13,8.67395133860986e-12,4.87193198804018e-11,8.04763573295325e-10,1.36219458462995e-07,0.00327058592482333
49.573432,9.73983476749534e-13,8.59480486592306e-12,4.82837036537666e-11,7.97862966596048e-10,1.35176358349656e-07,0.00325756837132319
49.591765,9.6491784774595e-13,8.51638057438459e-12,4.78519791497229e-11,7.9102136825932e-10,1.34141172390145e-07,0.00324459641777606
49.610098,9.55936664990103e-13,8.43867187436911e-12,4.74241116319522e-11,7.8423827520803e-10,1.33113841159653e-07,0.00323166993674798
49.628431,9.47039141210672e-13,8.36167223637884e-12,4.70000666738731e-11,7.77513188639902e-10,1.32094305674323e-07,0.00321878880099213
49.646764,9.38224496482474e-13,8.28537519049536e-12,4.65798101558842e-11,7.70845613991328e-10,1.31082507388031e-07,0.00320595288344955
49.665097,9.29491958157848e-13,8.20977432583573e-12,4.61633082626295e-11,7.64235060901465e-10,1.30078388189172e-07,0.00319316205724987
49.68343,9.20840760798661e-13,8.13486329001371e-12,4.5750527480287e-11,7.57681043176638e-10,1.29081890397486e-07,0.00318041619571193
49.701763,9.12270146108993e-13,8.06063578860631e-12,4.53414345938846e-11,7.51183078755084e-10,1.28092956760897e-07,0.0031677151723445
49.720096,9.03779362868435e-13,7.98708558462472e-12,4.49359966846374e-11,7.44740689671953e-10,1.27111530452376e-07,0.00315505886084698
49.738429,8.95367666865965e-13,7.91420649799009e-12,4.45341811273085e-11,7.38353402024589e-10,1.26137555066826e-07,0.00314244713510994
49.756762,8.87034320834533e-13,7.84199240501465e-12,4.41359555875955e-11,7.32020745938185e-10,1.25170974618e-07,0.00312987986921594
49.775095,8.78778594386162e-13,7.77043723788668e-12,4.37412880195377e-11,7.25742255531615e-10,1.24211733535421e-07,0.00311735693744002
49.793428,8.70599763947737e-13,7.69953498416111e-12,4.33501466629486e-11,7.19517468883657e-10,1.23259776661344e-07,0.0031048782142505
49.811761,8.6249711269735e-13,7.6292796862541e-12,4.29625000408705e-11,7.13345927999441e-10,1.22315049247726e-07,0.00309244357430948
49.830094,8.54469930501211e-13,7.55966544094231e-12,4.25783169570488e-11,7.07227178777178e-10,1.21377496953229e-07,0.00308005289247354
49.848427,8.46517513851243e-13,7.49068639886724e-12,4.21975664934352e-11,7.01160770975215e-10,1.20447065840235e-07,0.00306770604379431
49.86676,8.38639165803163e-13,7.42233676404342e-12,4.18202180077065e-11,6.95146258179324e-10,1.19523702371887e-07,0.00305540290351918
49.885093,8.30834195915195e-13,7.35461079337156e-12,4.14462411308097e-11,6.89183197770289e-10,1.18607353409154e-07,0.00304314334709177
49.903426,8.23101920187343e-13,7.28750279615592e-12,4.1075605764527e-11,6.83271150891748e-10,1.17697966207909e-07,0.00303092725015264
49.921759,8.15441661001239e-13,7.22100713362623e-12,4.07082820790636e-11,6.77409682418344e-10,1.1679548841604e-07,0.00301875448853984
49.940092,8.07852747060532e-13,7.15511821846377e-12,4.03442405106557e-11,6.7159836092409e-10,1.15899868070568e-07,0.00300662493828953
49.958425,8.00334513331853e-13,7.08983051433198e-12,3.99834517592009e-11,6.6583675865105e-10,1.15011053594797e-07,0.00299453847563646
49.976758,7.92886300986334e-13,7.02513853541125e-12,3.96258867859092e-11,6.60124451478259e-10,1.14128993795482e-07,0.00298249497701469
49.995091,7.85507457341658e-13,6.96103684593792e-12,3.92715168109748e-11,6.54461018890905e-10,1.13253637860011e-07,0.00297049431905803
50.013424,7.78197335804677e-13,6.89752005974771e-12,3.89203133112697e-11,6.48846043949791e-10,1.12384935353617e-07,0.00295853637860068
50.031757,7.70955295814515e-13,6.83458283982281e-12,3.85722480180549e-11,6.43279113261017e-10,1.11522836216601e-07,0.00294662103267773
50.05009,7.6378070278628e-13,6.77221989784385e-12,3.82272929147166e-11,6.37759816945974e-10,1.10667290761584e-07,0.00293474815852577
50.068423,7.56672928055228e-13,6.71042599374528e-12,3.78854202345178e-11,6.32287748611529e-10,1.09818249670773e-07,0.00292291763358333
50.086756,7.49631348821485e-13,6.64919593527503e-12,3.75466024583726e-11,6.26862505320502e-10,1.08975663993246e-07,0.00291112933549154
50.105089,7.42655348095301e-13,6.58852457755852e-12,3.7210812312641e-11,6.21483687562389e-10,1.0813948514226e-07,0.00289938314209453
50.123422,7.35744314642756e-13,6.52840682266597e-12,3.68780227669397e-11,6.16150899224308e-10,1.07309664892578e-07,0.00288767893144003
50.141755,7.28897642932067e-13,6.46883761918441e-12,3.65482070319772e-11,6.10863747562226e-10,1.06486155377815e-07,0.0028760165817799
50.160088,7.22114733080297e-13,6.40981196179305e-12,3.62213385574042e-11,6.05621843172395e-10,1.05668909087801e-07,0.00286439597157056
50.178421,7.15394990800619e-13,6.35132489084261e-12,3.58973910296846e-11,6.00424799963046e-10,1.04857878865964e-07,0.00285281697947354
50.196754,7.08737827350083e-13,6.29337149193883e-12,3.55763383699866e-11,5.95272235126328e-10,1.04053017906736e-07,0.00284127948435597
50.215087,7.02142659477834e-13,6.23594689552941e-12,3.52581547320908e-11,5.90163769110467e-10,1.03254279752973e-07,0.00282978336529108
50.23342,6.95608909373815e-13,6.17904627649471e-12,3.49428145003168e-11,5.85099025592167e-10,1.02461618293393e-07,0.00281832850155865
50.251753,6.89136004617998e-13,6.1226648537426e-12,3.46302922874705e-11,5.80077631449258e-10,1.01674987760038e-07,0.0028069147726455
50.270086,6.82723378130042e-13,6.06679788980655e-12,3.43205629328077e-11,5.75099216733551e-10,1.00894342725752e-07,0.002795542058246
50.288419,6.76370468119413e-13,6.01144069044748e-12,3.40136015000152e-11,5.70163414643931e-10,1.00119638101667e-07,0.00278421023826244
50.306752,6.70076718036042e-13,5.95658860425961e-12,3.37093832752131e-11,5.65269861499697e-10,9.93508291347308e-08,0.00277291919280558
50.325085,6.63841576521339e-13,5.90223702227928e-12,3.34078837649704e-11,5.60418196714085e-10,9.85878714052266e-08,0.00276166880219506
50.343418,6.57664497359773e-13,5.84838137759798e-12,3.3109078694343e-11,5.55608062768067e-10,9.78307208243295e-08,0.00275045894695985
50.361751,6.51544939430818e-13,5.79501714497843e-12,3.28129440049249e-11,5.50839105184323e-10,9.7079333631669e-08,0.00273928950783868
50.380084,6.45482366661386e-13,5.74213984047439e-12,3.25194558529194e-11,5.46110972501457e-10,9.63336663929156e-08,0.00272816036578047
50.398417,6.39476247978729e-13,5.68974502105396e-12,3.22285906072274e-11,5.41423316248442e-10,9.5593675997385e-08,0.00271707140194481
50.41675,6.33526057263719e-13,5.63782828422615e-12,3.19403248475506e-11,5.36775790919248e-10,9.48593196556536e-08,0.00270602249770229
50.435083,6.27631273304614e-13,5.58638526767101e-12,3.16546353625139e-11,5.32168053947709e-10,9.41305548971981e-08,0.002695013534635
50.453416,6.21791379751248e-13,5.53541164887311e-12,3.13714991478037e-11,5.27599765682595e-10,9.3407339568049e-08,0.00268404439453687
50.471749,6.16005865069631e-13,5.4849031447583e-12,3.10908934043223e-11,5.23070589362903e-10,9.26896318284601e-08,0.00267311495941412
50.490082,6.10274222496988e-13,5.4348555113338e-12,3.08127955363592e-11,5.18580191093337e-10,9.19773901505986e-08,0.00266222511148565
50.508415,6.04595949997223e-13,5.38526454333171e-12,3.0537183149779e-11,5.14128239820014e-10,9.12705733162485e-08,0.00265137473318341
50.526748,5.98970550216776e-13,5.33612607385553e-12,3.02640340502244e-11,5.09714407306368e-10,9.05691404145311e-08,0.00264056370715279
50.545081,5.9339753044092e-13,5.28743597403008e-12,2.99933262413363e-11,5.05338368109254e-10,8.98730508396438e-08,0.00262979191625302
50.563414,5.87876402550454e-13,5.23919015265465e-12,2.97250379229893e-11,5.00999799555269e-10,8.91822642886143e-08,0.00261905924355754
50.581747,5.82406682978784e-13,5.19138455585903e-12,2.94591474895421e-11,4.96698381717233e-10,8.84967407590692e-08,0.00260836557235432
50.60008,5.76987892669448e-13,5.14401516676316e-12,2.91956335281055e-11,4.9243379739094e-10,8.78164405470238e-08,0.0025977107861463
50.618413,5.71619557033998e-13,5.09707800513943e-12,2.89344748168239e-11,4.8820573207203e-10,8.71413242446828e-08,0.00258709476865169
50.636746,5.66301205910274e-13,5.05056912707819e-12,2.86756503231723e-11,4.84013873933097e-10,8.64713527382573e-08,0.00257651740380434
50.655079,5.61032373521119e-13,5.00448462465658e-12,2.84191392022698e-11,4.7985791380099e-10,8.58064872058035e-08,0.00256597857575409
50.673412,5.55812598433406e-13,4.9588206256099e-12,2.81649207952065e-11,4.7573754513429e-10,8.5146689115068e-08,0.00255547816886707
50.691745,5.50641423517521e-13,4.91357329300649e-12,2.79129746273872e-11,4.71652464000993e-10,8.44919202213575e-08,0.00254501606772612
50.710078,5.45518395907163e-13,4.86873882492521e-12,2.76632804068871e-11,4.67602369056371e-10,8.38421425654182e-08,0.00253459215713101
50.728411,5.40443066959554e-13,4.82431345413587e-12,2.74158180228248e-11,4.63586961521021e-10,8.3197318471332e-08,0.00252420632209885
50.746744,5.35414992216019e-13,4.78029344778294e-12,2.71705675437483e-11,4.59605945159102e-10,8.25574105444294e-08,0.00251385844786437
50.765077,5.3043373136293e-13,4.73667510707175e-12,2.69275092160365e-11,4.55659026256766e-10,8.19223816692174e-08,0.00250354841988025
50.78341,5.2549884819299e-13,4.69345476695759e-12,2.66866234623124e-11,4.51745913600743e-10,8.12921950073177e-08,0.00249327612381735
50.801743,5.20609910566942e-13,4.65062879583803e-12,2.64478908798748e-11,4.47866318457147e-10,8.06668139954297e-08,0.00248304144556517
50.820076,5.15766490375553e-13,4.60819359524749e-12,2.62112922391389e-11,4.44019954550416e-10,8.00462023432965e-08,0.00247284427123198
50.838409,5.10968163502031e-13,4.5661455995551e-12,2.59768084820951e-11,4.40206538042473e-10,7.94303240316958e-08,0.0024626844871452
50.856742,5.06214509784737e-13,4.52448127566494e-12,2.57444207207788e-11,4.36425787512034e-10,7.88191433104389e-08,0.00245256197985168
50.875075,5.01505112980272e-13,4.48319712271926e-12,2.55141102357548e-11,4.32677423934098e-10,7.82126246963875e-08,0.00244247663611794
50.893408,4.96839560726913e-13,4.44228967180429e-12,2.52858584746156e-11,4.28961170659622e-10,7.76107329714835e-08,0.00243242834293048
50.911741,4.92217444508367e-13,4.40175548565877e-12,2.50596470504919e-11,4.25276753395353e-10,7.70134331807937e-08,0.00242241698749604
50.930074,4.87638359617886e-13,4.3615911583851e-12,2.48354577405775e-11,4.21623900183829e-10,7.64206906305682e-08,0.00241244245724188
50.948407,4.83101905122705e-13,4.3217933151632e-12,2.4613272484667e-11,4.1800234138357e-10,7.58324708863133e-08,0.00240250463981598
50.96674,4.78607683828821e-13,4.28235861196696e-12,2.43930733837057e-11,4.14411809649417e-10,7.52487397708794e-08,0.00239260342308739
50.985073,4.74155302246094e-13,4.24328373528319e-12,2.41748426983542e-11,4.10852039913035e-10,7.46694633625601e-08,0.00238273869514636
51.003406,4.69744370553677e-13,4.20456540183322e-12,2.39585628475636e-11,4.07322769363601e-10,7.40946079932084e-08,0.0023729103443047
51.021739,4.65374502565767e-13,4.16620035829708e-12,2.37442164071654e-11,4.03823737428637e-10,7.35241402463636e-08,0.00236311825909594
51.040072,4.61045315697676e-13,4.12818538104004e-12,2.35317861084721e-11,4.00354685755005e-10,7.2958026955394e-08,0.00235336232827558
51.058405,4.56756430932231e-13,4.09051727584187e-12,2.33212548368924e-11,3.96915358190088e-10,7.23962352016535e-08,0.00234364244082136
51.076738,4.5250747278646e-13,4.05319287762828e-12,2.31126056305562e-11,3.93505500763081e-10,7.18387323126469e-08,0.00233395848593342
51.095071,4.48298069278623e-13,4.01620905020515e-12,2.29058216789542e-11,3.901248616665e-10,7.12854858602164e-08,0.00232431035303457
51.113404,4.44127851895529e-13,3.97956268599492e-12,2.27008863215884e-11,3.86773191237805e-10,7.07364636587348e-08,0.00231469793177045
51.131737,4.39996455560152e-13,3.94325070577539e-12,2.24977830466339e-11,3.83450241941181e-10,7.01916337633128e-08,0.00230512111200981
51.15007,4.35903518599584e-13,3.90727005842118e-12,2.2296495489615e-11,3.80155768349498e-10,6.96509644680242e-08,0.00229557978384464
51.168403,4.31848682713252e-13,3.87161772064725e-12,2.20970074320908e-11,3.76889527126405e-10,6.91144243041374e-08,0.00228607383759043
51.186736,4.27831592941436e-13,3.83629069675478e-12,2.18993028003528e-11,3.73651277008573e-10,6.85819820383635e-08,0.0022766031637863
51.205069,4.23851897634114e-13,3.80128601837968e-12,2.17033656641357e-11,3.70440778788101e-10,6.80536066711179e-08,0.00226716765319526
51.223402,4.19909248420046e-13,3.76660074424292e-12,2.15091802353379e-11,3.67257795295056e-10,6.75292674347901e-08,0.00225776719680434
51.241735,4.16003300176198e-13,3.73223195990359e-12,2.13167308667542e-11,3.6410209138018e-10,6.70089337920334e-08,0.00224840168582479
51.260068,4.12133710997421e-13,3.69817677751394e-12,2.11260020508201e-11,3.60973433897726e-10,6.64925754340593e-08,0.00223907101169228
51.278401,4.08300142166406e-13,3.66443233557664e-12,2.0936978418366e-11,3.57871591688439e-10,6.5980162278949e-08,0.00222977506606699
51.296734,4.04502258123961e-13,3.63099579870451e-12,2.07496447373842e-11,3.54796335562699e-10,6.54716644699764e-08,0.00222051374083387
51.315067,4.00739726439519e-13,3.59786435738215e-12,2.05639859118056e-11,3.51747438283787e-10,6.49670523739427e-08,0.00221128692810275
51.3334,3.97012217781944e-13,3.5650352277299e-12,2.03799869802877e-11,3.48724674551299e-10,6.4466296579523e-08,0.0022020945202085
51.351733,3.93319405890622e-13,3.53250565126997e-12,2.01976331150138e-11,3.45727820984716e-10,6.39693678956267e-08,0.0021929364097112
51.370066,3.89660967546779e-13,3.50027289469455e-12,2.00169096205019e-11,3.42756656107072e-10,6.34762373497659e-08,0.00218381248939625
51.388399,3.86036582545129e-13,3.4683342496363e-12,1.98378019324255e-11,3.39810960328818e-10,6.29868761864419e-08,0.00217472265227455
51.406732,3.82445933665725e-13,3.43668703244064e-12,1.96602956164437e-11,3.36890515931765e-10,6.25012558655369e-08,0.00216566679158263
51.425065,3.78888706646116e-13,3.4053285839403e-12,1.94843763670424e-11,3.33995107053207e-10,6.20193480607215e-08,0.00215664480078277
51.443398,3.75364590153743e-13,3.3742562692319e-12,1.93100300063859e-11,3.31124519670149e-10,6.15411246578724e-08,0.00214765657356312
51.461731,3.71873275758603e-13,3.34346747745457e-12,1.91372424831781e-11,3.28278541583693e-10,6.10665577535039e-08,0.00213870200383787
51.480064,3.68414457906162e-13,3.31295962157051e-12,1.89659998715345e-11,3.2545696240353e-10,6.05956196532054e-08,0.00212978098574734
51.498397,3.64987833890519e-13,3.28273013814764e-12,1.8796288369864e-11,3.2265957353258e-10,6.01282828700966e-08,0.00212089341365805
51.51673,3.61593103827834e-13,3.25277648714426e-12,1.86280942997605e-11,3.19886168151767e-10,5.96645201232909e-08,0.00211203918216294
51.535063,3.58229970629985e-13,3.22309615169549e-12,1.84614041049044e-11,3.17136541204902e-10,5.92043043363684e-08,0.00210321818608136
51.553396,3.5489813997849e-13,3.19368663790197e-12,1.82962043499745e-11,3.14410489383719e-10,5.87476086358647e-08,0.00209443032045927
51.571729,3.51597320298656e-13,3.16454547462015e-12,1.81324817195685e-11,3.11707811113013e-10,5.82944063497658e-08,0.00208567548056924
51.590062,3.48327222733981e-13,3.13567021325472e-12,1.79702230171339e-11,3.09028306535921e-10,5.78446710060169e-08,0.00207695356191067
51.608395,3.45087561120796e-13,3.10705842755292e-12,1.78094151639087e-11,3.06371777499329e-10,5.73983763310426e-08,0.00206826446020977
51.626728,3.41878051963124e-13,3.07870771340052e-12,1.76500451978701e-11,3.03738027539381e-10,5.69554962482739e-08,0.00205960807141965
51.645061,3.38698414407806e-13,3.05061568861997e-12,1.74921002726944e-11,3.01126861867139e-10,5.65160048766915e-08,0.00205098429172048
51.663394,3.35548370219835e-13,3.0227799927702e-12,1.73355676567252e-11,2.9853808735435e-10,5.60798765293763e-08,0.00204239301751954
51.681727,3.32427643757919e-13,2.99519828694816e-12,1.718043473195e-11,2.9597151251932e-10,5.56470857120692e-08,0.00203383414545122
51.70006,3.29335961950299e-13,2.96786825359251e-12,1.70266889929882e-11,2.93426947512943e-10,5.52176071217469e-08,0.00202530757237719
51.718393,3.26273054270755e-13,2.94078759628867e-12,1.68743180460852e-11,2.9090420410481e-10,5.47914156452008e-08,0.00201681319538638
51.736726,3.23238652714871e-13,2.913954039576e-12,1.67233096081185e-11,2.88403095669464e-10,5.43684863576332e-08,0.0020083509117951
51.755059,3.20232491776502e-13,2.88736532875659e-12,1.65736515056099e-11,2.85923437172759e-10,5.39487945212596e-08,0.00199992061914712
51.773392,3.17254308424454e-13,2.86101922970572e-12,1.64253316737482e-11,2.83465045158326e-10,5.35323155839208e-08,0.00199152221521357
51.791725,3.14303842079411e-13,2.83491352868426e-12,1.62783381554203e-11,2.81027737734178e-10,5.31190251777092e-08,0.00198315559799321
51.810058,3.11380834591048e-13,2.80904603215258e-12,1.61326591002506e-11,2.78611334559404e-10,5.27088991176012e-08,0.0019748206657123
51.828391,3.08485030215368e-13,2.78341456658622e-12,1.59882827636489e-11,2.76215656830985e-10,5.23019134000997e-08,0.00196651731682471
51.846724,3.05616175592262e-13,2.75801697829334e-12,1.58451975058675e-11,2.73840527270733e-10,5.18980442018912e-08,0.00195824545001197
51.865057,3.02774019723254e-13,2.7328511332337e-12,1.57033917910657e-11,2.71485770112318e-10,5.14972678785057e-08,0.00195000496418327
51.88339,2.99958313949483e-13,2.70791491683935e-12,1.55628541863835e-11,2.69151211088422e-10,5.10995609629922e-08,0.00194179575847551
51.901723,2.97168811929863e-13,2.68320623383696e-12,1.54235733610229e-11,2.66836677417996e-10,5.07049001646013e-08,0.00193361773225328
51.920056,2.94405269619465e-13,2.65872300807175e-12,1.52855380853377e-11,2.64541997793623e-10,5.03132623674771e-08,0.00192547078510898
51.938389,2.91667445248102e-13,2.63446318233311e-12,1.51487372299321e-11,2.62267002368998e-10,4.99246246293607e-08,0.00191735481686274
51.956722,2.88955099299094e-13,2.61042471818161e-12,1.50131597647654e-11,2.600115227465e-10,4.95389641803007e-08,0.00190926972756245
51.975055,2.86267994488254e-13,2.58660559577785e-12,1.48787947582667e-11,2.57775391964875e-10,4.91562584213753e-08,0.00190121541748384
51.993388,2.8360589574306e-13,2.56300381371267e-12,1.47456313764565e-11,2.55558444487024e-10,4.87764849234217e-08,0.0018931917871304
52.011721,2.80968570182023e-13,2.53961738883901e-12,1.46136588820763e-11,2.53360516187907e-10,4.83996214257779e-08,0.00188519873723343
52.030054,2.78355787094239e-13,2.51644435610523e-12,1.44828666337258e-11,2.51181444342516e-10,4.80256458350289e-08,0.00187723616875201
52.048387,2.75767317919156e-13,2.49348276839008e-12,1.43532440850083e-11,2.4902106761399e-10,4.76545362237674e-08,0.00186930398287304
52.06672,2.73202936226498e-13,2.47073069633902e-12,1.42247807836829e-11,2.46879226041799e-10,4.72862708293603e-08,0.0018614020810112
52.085053,2.70662417696401e-13,2.44818622820211e-12,1.40974663708252e-11,2.44755761030049e-10,4.69208280527238e-08,0.00185353036480893
52.103386,2.68145540099729e-13,2.42584746967344e-12,1.39712905799946e-11,2.42650515335875e-10,4.65581864571114e-08,0.00184568873613641
52.121719,2.65652083278556e-13,2.40371254373186e-12,1.38462432364095e-11,2.40563333057929e-10,4.6198324766905e-08,0.0018378770970916
52.140052,2.63181829126865e-13,2.38177959048336e-12,1.37223142561299e-11,2.38494059624984e-10,4.58412218664198e-08,0.00183009535000015
52.158385,2.60734561571395e-13,2.36004676700474e-12,1.3599493645247e-11,2.36442541784615e-10,4.54868567987165e-08,0.0018223433974154
52.176718,2.58310066552676e-13,2.33851224718872e-12,1.34777714990802e-11,2.34408627591981e-10,4.51352087644198e-08,0.00181462114211833
52.195051,2.55908132006256e-13,2.31717422159061e-12,1.33571380013813e-11,2.32392166398711e-10,4.47862571205491e-08,0.0018069284871176
52.213384,2.53528547844085e-13,2.2960308972762e-12,1.32375834235456e-11,2.30393008841873e-10,4.44399813793567e-08,0.00179926533564939
52.231717,2.51171105936073e-13,2.27508049767105e-12,1.311909812383e-11,2.28411006833039e-10,4.40963612071721e-08,0.00179163159117747
52.25005,2.48835600091841e-13,2.25432126241138e-12,1.30016725465787e-11,2.26446013547454e-10,4.37553764232587e-08,0.00178402715739312
52.268383,2.46521826042612e-13,2.23375144719595e-12,1.28852972214546e-11,2.24497883413274e-10,4.34170069986752e-08,0.00177645193821503
52.286716,2.44229581423299e-13,2.21336932363966e-12,1.27699627626789e-11,2.22566472100922e-10,4.30812330551491e-08,0.00176890583778936
52.305049,2.41958665754745e-13,2.19317317912828e-12,1.26556598682766e-11,2.20651636512513e-10,4.27480348639548e-08,0.0017613887604896
52.323382,2.39708880426126e-13,2.17316131667446e-12,1.25423793193285e-11,2.18753234771376e-10,4.24173928448014e-08,0.0017539006109165
52.341715,2.37480028677532e-13,2.15333205477525e-12,1.24301119792312e-11,2.16871126211669e-10,4.20892875647304e-08,0.00174644129389811
52.360048,2.35271915582698e-13,2.13368372727077e-12,1.2318848792962e-11,2.15005171368078e-10,4.17636997370182e-08,0.0017390107144896
52.378381,2.33084348031903e-13,2.11421468320418e-12,1.22085807863516e-11,2.13155231965602e-10,4.14406102200898e-08,0.00173160877797327
52.396714,2.3091713471503e-13,2.09492328668304e-12,1.20992990653629e-11,2.11321170909429e-10,4.11200000164382e-08,0.00172423538985846
52.415047,2.2877008610477e-13,2.07580791674172e-12,1.19909948153755e-11,2.09502852274888e-10,4.08018502715521e-08,0.00171689045588146
52.43338,2.26643014440007e-13,2.05686696720535e-12,1.18836593004784e-11,2.07700141297506e-10,4.04861422728535e-08,0.00170957388200545
52.451713,2.24535733709339e-13,2.03809884655477e-12,1.17772838627667e-11,2.05912904363123e-10,4.017285744864e-08,0.00170228557442043
52.470046,2.22448059634755e-13,2.01950197779279e-12,1.16718599216463e-11,2.04141008998113e-10,3.98619773670369e-08,0.00169502543954309
52.488379,2.20379809655473e-13,2.00107479831174e-12,1.15673789731443e-11,2.02384323859677e-10,3.95534837349571e-08,0.0016877933840168
52.506712,2.18330802911925e-13,1.98281575976216e-12,1.14638325892252e-11,2.00642718726221e-10,3.92473583970677e-08,0.00168058931471145
52.525045,2.16300860229884e-13,1.96472332792265e-12,1.13612124171134e-11,1.98916064487813e-10,3.89435833347637e-08,0.00167341313872342
52.543378,2.14289804104751e-13,1.946795982571e-12,1.12595101786219e-11,1.97204233136726e-10,3.86421406651509e-08,0.00166626476337538
52.561711,2.12297458685984e-13,1.92903221735647e-12,1.11587176694872e-11,1.95507097758059e-10,3.83430126400362e-08,0.00165914409621636
52.580044,2.10323649761666e-13,1.91143053967314e-12,1.1058826758709e-11,1.93824532520432e-10,3.80461816449224e-08,0.00165205104502148
52.598377,2.08368204743229e-13,1.89398947053461e-12,1.09598293878976e-11,1.92156412666771e-10,3.77516301980148e-08,0.00164498551779194
52.61671,2.06430952650308e-13,1.87670754444959e-12,1.0861717570625e-11,1.9050261450516e-10,3.74593409492312e-08,0.0016379474227549
52.635043,2.04511724095749e-13,1.8595833092989e-12,1.07644833917839e-11,1.88863015399777e-10,3.71692966792219e-08,0.00163093666836336
52.653376,2.02610351270749e-13,1.84261532621337e-12,1.06681190069508e-11,1.8723749376191e-10,3.68814802983955e-08,0.00162395316329603
52.671709,2.00726667930131e-13,1.82580216945293e-12,1.05726166417555e-11,1.85625929041034e-10,3.65958748459517e-08,0.00161699681645725
52.690042,1.98860509377767e-13,1.80914242628686e-12,1.04779685912559e-11,1.84028201715985e-10,3.63124634889225e-08,0.00161006753697683
52.708375,1.97011712452135e-13,1.79263469687509e-12,1.03841672193193e-11,1.82444193286196e-10,3.60312295212196e-08,0.00160316523421
52.726708,1.95180115511997e-13,1.7762775941505e-12,1.02912049580073e-11,1.80873786263001e-10,3.57521563626876e-08,0.00159628981773718
52.745041,1.93365558422233e-13,1.76006974370247e-12,1.01990743069686e-11,1.79316864161035e-10,3.54752275581673e-08,0.00158944119736394
52.763374,1.91567882539787e-13,1.74400978366133e-12,1.01077678328349e-11,1.77773311489678e-10,3.52004267765627e-08,0.00158261928312082
52.781707,1.89786930699758e-13,1.72809636458394e-12,1.00172781686239e-11,1.76243013744601e-10,3.49277378099165e-08,0.00157582398526324
52.80004,1.88022547201615e-13,1.71232814934034e-12,9.92759801314714e-12,1.74725857399363e-10,3.46571445724931e-08,0.00156905521427133
52.818373,1.86274577795535e-13,1.69670381300133e-12,9.83872013042207e-12,1.7322172989708e-10,3.43886310998647e-08,0.00156231288084979
52.836706,1.84542869668885e-13,1.68122204272719e-12,9.75063734909118e-12,1.71730519642183e-10,3.41221815480099e-08,0.00155559689592776
52.855039,1.82827271432814e-13,1.66588153765739e-12,9.66334256184498e-12,1.70252115992226e-10,3.38577801924142e-08,0.00154890717065872
52.873372,1.81127633108975e-13,1.6506810088012e-12,9.57682872485037e-12,1.68786409249766e-10,3.35954114271781e-08,0.00154224361642022
52.891705,1.79443806116376e-13,1.63561917892947e-12,9.49108885718454e-12,1.6733329065433e-10,3.33350597641339e-08,0.00153560614481389
52.910038,1.77775643258345e-13,1.62069478246728e-12,9.40611604027348e-12,1.65892652374426e-10,3.30767098319665e-08,0.00152899466766516
52.928371,1.76122998709627e-13,1.60590656538756e-12,9.32190341733566e-12,1.64464387499636e-10,3.28203463753421e-08,0.00152240909702316
52.946704,1.74485728003592e-13,1.5912532851058e-12,9.23844419283071e-12,1.63048390032775e-10,3.25659542540422e-08,0.00151584934516057
52.965037,1.72863688019568e-13,1.57673371037555e-12,9.15573163191285e-12,1.61644554882112e-10,3.23135184421055e-08,0.00150931532457343
52.98337,1.71256736970288e-13,1.56234662118505e-12,9.07375905988944e-12,1.60252777853658e-10,3.20630240269752e-08,0.00150280694798102
53.001703,1.69664734389459e-13,1.54809080865465e-12,8.99251986168402e-12,1.58872955643525e-10,3.18144562086517e-08,0.00149632412832563
53.020036,1.68087541119447e-13,1.53396507493529e-12,8.91200748130456e-12,1.57504985830345e-10,3.15678002988536e-08,0.00148986677877247
53.038369,1.66525019299067e-13,1.51996823310779e-12,8.83221542131602e-12,1.5614876686775e-10,3.13230417201833e-08,0.00148343481270942
53.056702,1.64977032351503e-13,1.50609910708319e-12,8.75313724231805e-12,1.54804198076923e-10,3.10801660052993e-08,0.00147702814374696
53.075035,1.63443444972326e-13,1.49235653150383e-12,8.67476656242678e-12,1.5347117963921e-10,3.08391587960941e-08,0.00147064668571786
53.093368,1.61924123117633e-13,1.47873935164556e-12,8.59709705676182e-12,1.5214961258879e-10,3.06000058428797e-08,0.00146429035267714
53.111701,1.60418933992297e-13,1.46524642332062e-12,8.52012245693761e-12,1.50839398805419e-10,3.0362693003577e-08,0.00145795905890179
53.130034,1.58927746038313e-13,1.45187661278149e-12,8.44383655055894e-12,1.49540441007213e-10,3.0127206242912e-08,0.00145165271889063
53.148367,1.57450428923277e-13,1.43862879662571e-12,8.36823318072176e-12,1.48252642743526e-10,2.98935316316193e-08,0.00144537124736414
53.1667,1.55986853528947e-13,1.42550186170138e-12,8.29330624551749e-12,1.46975908387851e-10,2.9661655345649e-08,0.00143911455926422
53.185033,1.5453689193993e-13,1.41249470501375e-12,8.21904969754259e-12,1.45710143130814e-10,2.94315636653815e-08,0.00143288256975406
53.203366,1.53100417432463e-13,1.39960623363243e-12,8.1454575434121e-12,1.44455252973205e-10,2.92032429748472e-08,0.00142667519421791
53.221699,1.51677304463304e-13,1.3868353645996e-12,8.0725238432773e-12,1.43211144719076e-10,2.89766797609515e-08,0.00142049234826089
53.240032,1.50267428658726e-13,1.37418102483903e-12,8.00024271034827e-12,1.41977725968903e-10,2.87518606127068e-08,0.00141433394770882
53.258365,1.48870666803614e-13,1.36164215106589e-12,7.92860831042027e-12,1.40754905112798e-10,2.85287722204693e-08,0.001408199908608
53.276698,1.47486896830659e-13,1.34921768969741e-12,7.85761486140419e-12,1.39542591323781e-10,2.8307401375181e-08,0.00140209014722497
53.295031,1.46115997809662e-13,1.33690659676439e-12,7.78725663286189e-12,1.3834069455111e-10,2.80877349676189e-08,0.00139600458004642
53.313364,1.44757849936927e-13,1.32470783782338e-12,7.71752794554477e-12,1.37149125513667e-10,2.78697599876475e-08,0.00138994312377885
53.331697,1.43412334524763e-13,1.3126203878699e-12,7.64842317093728e-12,1.35967795693402e-10,2.76534635234793e-08,0.00138390569534846
53.35003,1.42079333991078e-13,1.30064323125222e-12,7.57993673080401e-12,1.34796617328832e-10,2.74388327609386e-08,0.00137789221190089
53.368363,1.40758731849069e-13,1.28877536158601e-12,7.51206309674078e-12,1.33635503408588e-10,2.72258549827316e-08,0.00137190259080103
53.386696,1.39450412697017e-13,1.27701578166986e-12,7.4447967897302e-12,1.32484367665034e-10,2.70145175677228e-08,0.00136593674963278
53.405029,1.38154262208164e-13,1.2653635034014e-12,7.37813237970061e-12,1.31343124567916e-10,2.68048079902151e-08,0.00135999460619889
53.423362,1.36870167120695e-13,1.25381754769432e-12,7.31206448508938e-12,1.30211689318091e-10,2.65967138192358e-08,0.00135407607852067
53.441695,1.35598015227811e-13,1.24237694439613e-12,7.24658777241006e-12,1.29089977841289e-10,2.63902227178288e-08,0.00134818108483782
53.460028,1.34337695367891e-13,1.23104073220657e-12,7.18169695582294e-12,1.27977906781937e-10,2.61853224423509e-08,0.00134230954360818
53.478361,1.3308909741475e-13,1.21980795859689e-12,7.11738679671017e-12,1.26875393497033e-10,2.59820008417735e-08,0.00133646137350753
53.496694,1.31852112267984e-13,1.20867767972981e-12,7.05365210325401e-12,1.25782356050079e-10,2.578024585699e-08,0.00133063649342935
53.515027,1.30626631843412e-13,1.19764896038017e-12,6.99048773001926e-12,1.2469871320505e-10,2.55800455201276e-08,0.00132483482248456
53.53336,1.29412549063596e-13,1.18672087385642e-12,6.92788857753916e-12,1.23624384420431e-10,2.53813879538647e-08,0.00131905628000136
53.551693,1.28209757848464e-13,1.17589250192268e-12,6.86584959190528e-12,1.22559289843295e-10,2.51842613707535e-08,0.00131330078552495
53.570026,1.27018153106004e-13,1.16516293472166e-12,6.80436576436059e-12,1.21503350303436e-10,2.49886540725468e-08,0.00130756825881727
53.588359,1.25837630723059e-13,1.15453127069811e-12,6.7434321308967e-12,1.20456487307542e-10,2.47945544495304e-08,0.00130185861985682
53.606692,1.24668087556201e-13,1.14399661652319e-12,6.6830437718543e-12,1.19418623033437e-10,2.46019509798608e-08,0.0012961717888384
53.625025,1.2350942142269e-13,1.13355808701928e-12,6.6231958115273e-12,1.18389680324349e-10,2.44108322289063e-08,0.00129050768617286
53.643358,1.22361531091522e-13,1.12321480508573e-12,6.56388341777064e-12,1.17369582683245e-10,2.4221186848595e-08,0.00128486623248686
53.661691,1.2122431627455e-13,1.11296590162503e-12,6.50510180161119e-12,1.16358254267201e-10,2.4033003576766e-08,0.00127924734862263
53.680024,1.20097677617704e-13,1.1028105154699e-12,6.44684621686263e-12,1.15355619881832e-10,2.38462712365262e-08,0.00127365095563773
53.698357,1.1898151669228e-13,1.09274779331088e-12,6.38911195974352e-12,1.14361604975759e-10,2.36609787356118e-08,0.00126807697480479
53.71669,1.17875735986311e-13,1.08277688962458e-12,6.33189436849851e-12,1.13376135635127e-10,2.34771150657538e-08,0.00126252532761124
53.735023,1.16780238896027e-13,1.07289696660274e-12,6.27518882302351e-12,1.1239913857817e-10,2.32946693020497e-08,0.00125699593575913
53.753356,1.15694929717387e-13,1.06310719408177e-12,6.21899074449371e-12,1.11430541149825e-10,2.3113630602338e-08,0.00125148872116479
53.771689,1.14619713637692e-13,1.05340674947297e-12,6.16329559499506e-12,1.10470271316381e-10,2.29339882065788e-08,0.00124600360595863
53.790022,1.13554496727279e-13,1.04379481769348e-12,6.10809887715927e-12,1.09518257660191e-10,2.27557314362383e-08,0.00124054051248487
53.808355,1.12499185931287e-13,1.03427059109776e-12,6.05339613380169e-12,1.0857442937441e-10,2.25788496936781e-08,0.00123509936330125
53.826688,1.11453689061504e-13,1.02483326940969e-12,5.99918294756258e-12,1.0763871625779e-10,2.24033324615486e-08,0.00122968008117883
53.845021,1.10417914788292e-13,1.0154820596554e-12,5.94545494055177e-12,1.06711048709521e-10,2.22291693021875e-08,0.00122428258910167
53.863354,1.09391772632578e-13,1.00621617609657e-12,5.89220777399605e-12,1.057913577241e-10,2.20563498570224e-08,0.00121890681026658
53.881687,1.08375172957934e-13,9.97034840164462e-13,5.83943714789026e-12,1.04879574886265e-10,2.18848638459777e-08,0.00121355266808291
53.90002,1.07368026962719e-13,9.87937280394487e-13,5.78713880065107e-12,1.03975632365956e-10,2.17147010668866e-08,0.00120822008617218
53.918353,1.06370246672293e-13,9.7892273236134e-13,5.73530850877376e-12,1.03079462913322e-10,2.15458513949059e-08,0.0012029089883679
53.936686,1.0538174493132e-13,9.69990438614835e-13,5.68394208649272e-12,1.02190999853781e-10,2.13783047819376e-08,0.00119761929871525
53.955019,1.04402435396125e-13,9.61139648616212e-13,5.63303538544418e-12,1.01310177083104e-10,2.12120512560519e-08,0.00119235094147082
53.973352,1.03432232527126e-13,9.52369618675091e-13,5.58258429433242e-12,1.00436929062558e-10,2.1047080920917e-08,0.00118710384110235
53.991685,1.02471051581348e-13,9.43679611886984e-13,5.53258473859889e-12,9.95711908140792e-11,2.08833839552313e-08,0.00118187792228844
54.010018,1.0151880860499e-13,9.35068898071367e-13,5.48303268009409e-12,9.871289791549e-11,2.07209506121611e-08,0.00117667310991827
54.028351,1.00575420426079e-13,9.26536753710343e-13,5.43392411675278e-12,9.78619864957613e-11,2.0559771218782e-08,0.00117148932909132
54.046684,9.96408046471733e-14,9.18082461887831e-13,5.38525508227151e-12,9.70183932303073e-11,2.03998361755234e-08,0.0011663265051171
54.065017,9.87148796381506e-14,9.09705312229334e-13,5.33702164578957e-12,9.61820553363269e-11,2.02411359556194e-08,0.00116118456351486
54.08335,9.77975645290538e-14,9.01404600842245e-13,5.28921991157241e-12,9.53529105681798e-11,2.00836611045613e-08,0.00115606343001332
54.101683,9.68887792030091e-14,8.93179630256723e-13,5.24184601869819e-12,9.45308972128073e-11,1.99274022395565e-08,0.00115096303055036
54.120016,9.59884442892033e-14,8.85029709367047e-13,5.19489614074679e-12,9.37159540851848e-11,1.97723500489885e-08,0.00114588329127275
54.138349,9.50964811559347e-14,8.76954153373588e-13,5.14836648549192e-12,9.29080205238216e-11,1.96184952918849e-08,0.00114082413853588
54.156682,9.42128119037235e-14,8.68952283725253e-13,5.10225329459577e-12,9.21070363862915e-11,1.9465828797385e-08,0.00113578549890341
54.175015,9.33373593584852e-14,8.61023428062446e-13,5.05655284330633e-12,9.13129420448042e-11,1.93143414642145e-08,0.00113076729914704
54.193348,9.24700470647759e-14,8.53166920160621e-13,5.01126144015778e-12,9.0525678381817e-11,1.91640242601631e-08,0.00112576946624619
54.211681,9.16107992790891e-14,8.45382099874248e-13,4.96637542667301e-12,8.97451867856786e-11,1.90148682215649e-08,0.00112079192738773
54.230014,9.07595409632248e-14,8.3766831308139e-13,4.92189117706925e-12,8.89714091463141e-11,1.88668644527851e-08,0.00111583460996563
54.248347,8.99161977777166e-14,8.30024911628723e-13,4.8778050979662e-12,8.82042878509462e-11,1.87200041257079e-08,0.00111089744158075
54.26668,8.9080696075316e-14,8.22451253277054e-13,4.83411362809643e-12,8.74437657798492e-11,1.85742784792297e-08,0.00110598035004042
54.285013,8.82529628945466e-14,8.14946701647393e-13,4.79081323801898e-12,8.6689786302144e-11,1.84296788187561e-08,0.00110108326335828
54.303346,8.74329259533117e-14,8.07510626167464e-13,4.74790042983507e-12,8.59422932716274e-11,1.82861965157018e-08,0.00109620610975388
54.321679,8.66205136425608e-14,8.00142402018704e-13,4.70537173690631e-12,8.52012310226323e-11,1.81438230069946e-08,0.0010913488176524
54.340012,8.58156550200215e-14,7.92841410083802e-13,4.66322372357583e-12,8.44665443659316e-11,1.80025497945836e-08,0.00108651131568438
54.358345,8.5018279803982e-14,7.85607036894632e-13,4.62145298489138e-12,8.37381785846685e-11,1.78623684449502e-08,0.00108169353268535
54.376678,8.42283183671391e-14,7.78438674580744e-13,4.58005614633141e-12,8.3016079430328e-11,1.77232705886235e-08,0.0010768953976956
54.395011,8.34457017304988e-14,7.71335720818275e-13,4.5390298635332e-12,8.2300193118739e-11,1.75852479196985e-08,0.00107211683995983
54.413344,8.26703615573328e-14,7.64297578779318e-13,4.49837082202352e-12,8.15904663261096e-11,1.74482921953586e-08,0.00106735778892683
54.431677,8.19022301471966e-14,7.57323657081809e-13,4.45807573695187e-12,8.08868461851003e-11,1.73123952354015e-08,0.00106261817424921
54.45001,8.11412404299996e-14,7.50413369739809e-13,4.41814135282588e-12,8.01892802809275e-11,1.71775489217679e-08,0.00105789792578304
54.468343,8.03873259601291e-14,7.43566136114276e-13,4.37856444324912e-12,7.9497716647499e-11,1.70437451980748e-08,0.00105319697358757
54.486676,7.96404209106353e-14,7.36781380864283e-13,4.33934181066141e-12,7.8812103763587e-11,1.69109760691517e-08,0.00104851524792494
54.505009,7.89004600674619e-14,7.3005853389866e-13,4.30047028608115e-12,7.81323905490287e-11,1.67792336005802e-08,0.00104385267925979
54.523342,7.81673788237389e-14,7.23397030328101e-13,4.26194672885028e-12,7.74585263609616e-11,1.66485099182369e-08,0.00103920919825902
54.541675,7.74411131741228e-14,7.16796310417702e-13,4.22376802638123e-12,7.6790460990092e-11,1.65187972078402e-08,0.00103458473579143
54.560008,7.67215997091915e-14,7.10255819539921e-13,4.18593109390629e-12,7.61281446569919e-11,1.63900877145002e-08,0.0010299792229274
54.578341,7.6008775609893e-14,7.03775008127978e-13,4.14843287422922e-12,7.54715280084309e-11,1.62623737422717e-08,0.00102539259093861
54.596674,7.53025786420434e-14,6.97353331629687e-13,4.11127033747901e-12,7.48205621137371e-11,1.6135647653711e-08,0.00102082477129768
54.615007,7.46029471508776e-14,6.90990250461682e-13,4.07444048086581e-12,7.41751984611897e-11,1.60099018694357e-08,0.00101627569567785
54.63334,7.39098200556493e-14,6.8468522996409e-13,4.03794032843911e-12,7.35353889544416e-11,1.58851288676873e-08,0.00101174529595269
54.651673,7.32231368442854e-14,6.78437740355612e-13,4.00176693084814e-12,7.29010859089752e-11,1.57613211838987e-08,0.00100723350419573
54.670006,7.25428375680835e-14,6.72247256688984e-13,3.96591736510415e-12,7.22722420485825e-11,1.56384714102623e-08,0.00100274025268018
54.688339,7.18688628364669e-14,6.66113258806903e-13,3.9303887343452e-12,7.16488105018838e-11,1.55165721953045e-08,0.000998265473878568
54.706672,7.12011538117802e-14,6.60035231298281e-13,3.89517816760261e-12,7.10307447988656e-11,1.53956162434601e-08,0.000993809100462428
54.725005,7.0539652204141e-14,6.54012663454975e-13,3.86028281956988e-12,7.04179988674586e-11,1.52755963146523e-08,0.000989371065301973
54.743338,6.98843002663353e-14,6.48045049228855e-13,3.82569987037348e-12,6.98105270301372e-11,1.51565052238749e-08,0.000984951301465774
54.761671,6.92350407887586e-14,6.42131887189274e-13,3.79142652534558e-12,6.92082840005491e-11,1.50383358407775e-08,0.000980549742220403
54.780004,6.85918170944114e-14,6.36272680480958e-13,3.75746001479913e-12,6.86112248801787e-11,1.49210810892538e-08,0.000976166321030126
54.798337,6.79545730339345e-14,6.30466936782249e-13,3.72379759380465e-12,6.80193051550321e-11,1.48047339470338e-08,0.000971800971556561
54.81667,6.7323252980692e-14,6.2471416826372e-13,3.69043654196911e-12,6.74324806923537e-11,1.46892874452772e-08,0.000967453627658349
54.835003,6.66978018259036e-14,6.19013891547215e-13,3.65737416321683e-12,6.68507077373723e-11,1.45747346681722e-08,0.000963124223390812
54.853336,6.60781649738191e-14,6.13365627665215e-13,3.62460778557233e-12,6.62739429100716e-11,1.44610687525353e-08,0.000958812693005633
54.871669,6.54642883369367e-14,6.07768902020586e-13,3.59213476094495e-12,6.57021432019885e-11,1.4348282887415e-08,0.00095451897095049
54.890002,6.48561183312715e-14,6.02223244346725e-13,3.55995246491573e-12,6.51352659730431e-11,1.42363703136986e-08,0.000950242991868759
54.908335,6.42536018716603e-14,5.96728188668016e-13,3.52805829652575e-12,6.45732689483883e-11,1.41253243237211e-08,0.000945984690599136
54.926668,6.36566863671183e-14,5.91283273260703e-13,3.49644967806683e-12,6.40161102152945e-11,1.40151382608782e-08,0.000941744002175338
54.945001,6.30653197162321e-14,5.85888040614078e-13,3.46512405487369e-12,6.3463748220053e-11,1.39058055192408e-08,0.000937520861825729
54.963334,6.24794503026002e-14,5.80542037392039e-13,3.43407889511821e-12,6.2916141764911e-11,1.37973195431737e-08,0.000933315204972991
54.981667,6.18990269903147e-14,5.75244814395009e-13,3.4033116896055e-12,6.23732500050322e-11,1.36896738269563e-08,0.000929126967233797
55,6.13239991194836e-14,5.69995926522178e-13,3.3728199515716e-12,6.18350324454793e-11,1.35828619144063e-08,0.000924956084418446
