pair_id,x,independent_y,sign,independent_y_calculated,square_y_calculated,random_sign_y_calculated
1,0.79969381033181,-0.173709753618042,-1,-0.173709753618042,0.639510190283009,-0.79969381033181
2,0.839877787153194,0.366964711018136,-1,0.366964711018136,0.705394697353346,-0.839877787153194
3,0.0904777164750526,-1.25297064242617,-1,-1.25297064242617,0.00818621717854,-0.0904777164750526
4,-0.363734560276125,-1.19125143699323,-1,-1.19125143699323,0.132302830339266,0.363734560276125
5,-0.48682288629478,0.503578774587862,-1,0.503578774587862,0.23699652262038,0.48682288629478
6,-0.103206221183769,2.01611591552424,1,2.01611591552424,0.0106515240910329,-0.103206221183769
7,-0.436064847909422,-1.80013225785684,-1,-1.80013225785684,0.190152551582267,0.436064847909422
8,-0.168105034184361,-1.58484924014641,-1,-1.58484924014641,0.0282593025181251,0.168105034184361
9,-0.650437483193092,0.173836450642966,-1,0.173836450642966,0.423068919542564,0.650437483193092
10,-0.263763749629735,0.71115438259492,-1,0.71115438259492,0.0695713156187374,0.263763749629735
11,0.130613794078508,-0.312914573167667,-1,-0.312914573167667,0.0170599632035828,-0.130613794078508
12,0.45620753696473,-1.27512768283467,1,-1.27512768283467,0.208125316783426,0.45620753696473
13,0.635328166453585,0.361707581472319,1,0.361707581472319,0.403641879089275,0.635328166453585
14,-0.534079965651535,-0.844777004500473,-1,-0.844777004500473,0.285241409710345,0.534079965651535
15,0.0373314784732788,-0.300431398808388,1,-0.300431398808388,0.00139363928500088,0.0373314784732788
16,0.850158813148637,-0.188433813469987,1,-0.188433813469987,0.722770007574299,0.850158813148637
17,0.0235014075102576,-1.08979899392071,-1,-1.08979899392071,0.000552316154963192,-0.0235014075102576
18,0.16718147105229,1.34809560921083,1,1.34809560921083,0.0279496442632076,0.16718147105229
19,0.669970617203609,-0.525588281113665,1,-0.525588281113665,0.448860627916184,0.669970617203609
20,1.31370832522738,-0.58016034022792,1,-0.58016034022792,1.72582956377174,1.31370832522738
21,1.49196706557952,0.616780003557578,-1,0.616780003557578,2.22596572477396,-1.49196706557952
22,0.466681509120088,0.771461182126197,-1,0.771461182126197,0.217791630954603,-0.466681509120088
23,1.87598553993224,0.403901635674458,-1,0.403901635674458,3.51932174603487,-1.87598553993224
24,-0.951330813536234,0.421220987855775,-1,0.421220987855775,0.905030316783514,0.951330813536234
25,2.31571244130933,-1.18735742429925,1,-1.18735742429925,5.3625241108348,2.31571244130933
26,0.0449455116612381,1.34250388873202,1,1.34250388873202,0.00202009901849049,0.0449455116612381
27,1.6290357737764,-0.140937200735098,1,-0.140937200735098,2.65375755224327,1.6290357737764
28,-0.497196288965402,-0.315167288906927,-1,-0.315167288906927,0.247204149760968,0.497196288965402
29,0.411494464950384,-0.0149083122409683,1,-0.0149083122409683,0.169327694684803,0.411494464950384
30,0.763593292348834,0.2481562812253,1,0.2481562812253,0.583074716120132,0.763593292348834
31,-1.19408959306778,0.150756092590559,1,0.150756092590559,1.42584995627278,-1.19408959306778
32,0.900102547953964,-0.137122666111824,1,-0.137122666111824,0.810184596833219,0.900102547953964
33,0.729236576100669,-1.92688944311687,1,-1.92688944311687,0.531785983923027,0.729236576100669
34,-0.623160209888591,-1.49017168513445,-1,-1.49017168513445,0.388328647188392,0.623160209888591
35,-0.670041703592713,1.28617031639579,-1,1.28617031639579,0.448955884553425,0.670041703592713
36,0.620675116380662,-0.448338207414313,-1,-0.448338207414313,0.385237600094148,-0.620675116380662
37,0.48305242245559,0.0391058730886336,-1,0.0391058730886336,0.233339642840214,-0.48305242245559
38,-0.942931876191271,-1.53550423539498,1,-1.53550423539498,0.88912052313759,-0.942931876191271
39,1.22196818530828,-0.335445331228889,-1,-0.335445331228889,1.49320624590562,-1.22196818530828
40,0.188342161649122,1.07904810904904,-1,1.07904810904904,0.0354727698546641,-0.188342161649122
41,-1.29245572714805,-2.51625084172986,-1,-2.51625084172986,1.6704418066378,1.29245572714805
42,1.07563558388312,-1.61857548587441,-1,-1.61857548587441,1.15699190931557,-1.07563558388312
43,1.22342751063468,0.389571366842035,1,0.389571366842035,1.49677487377777,1.22342751063468
44,0.138376005153373,2.01164200045459,-1,2.01164200045459,0.0191479188022063,-0.138376005153373
45,1.18813452980149,-0.321782991708558,1,-0.321782991708558,1.4116636609066,1.18813452980149
46,-0.329731853978186,-0.761317279153831,-1,-0.761317279153831,0.108723095527892,0.329731853978186
47,1.20188033142392,0.631705074063208,-1,0.631705074063208,1.44451633106367,-1.20188033142392
48,0.138729911728184,0.0523450460989259,-1,0.0523450460989259,0.0192459884081099,-0.138729911728184
49,0.859441578069081,-1.01057682596374,1,-1.01057682596374,0.738639826113872,0.859441578069081
50,-0.987322368792366,0.0025646061145608,1,0.0025646061145608,0.974805459917769,-0.987322368792366
51,0.70421681457095,0.574667563457221,-1,0.574667563457221,0.495921321924456,-0.70421681457095
52,0.475540275275582,0.859347143513915,1,0.859347143513915,0.226138553409176,0.475540275275582
53,-0.513711953909046,0.239061522375861,1,0.239061522375861,0.26389997158905,-0.513711953909046
54,-0.861244743191187,-1.3809621737232,-1,-1.3809621737232,0.741742507674453,0.861244743191187
55,-0.463868490127351,-0.2807105736348,-1,-0.2807105736348,0.215173976133028,0.463868490127351
56,-0.267058050116114,0.163495182234109,1,0.163495182234109,0.0713200021318207,-0.267058050116114
57,-2.29922609443448,-0.4018042729153,-1,-0.4018042729153,5.28644063332842,2.29922609443448
58,0.117129705680619,-1.44718462890073,-1,-1.44718462890073,0.0137193679528284,-0.117129705680619
59,0.0076381924657477,0.935172253961682,1,0.935172253961682,5.83419841438049e-05,0.0076381924657477
60,0.413712466554417,1.99545287915263,1,1.99545287915263,0.17115800498254,0.413712466554417
61,0.142402879375252,-0.868660313049181,-1,-0.868660313049181,0.0202785800543627,-0.142402879375252
62,0.474126129327758,0.348823698324207,-1,0.348823698324207,0.224795586511322,-0.474126129327758
63,-0.780929796830395,0.038648852622698,-1,0.038648852622698,0.609851347577561,0.780929796830395
64,-0.32071380111997,-0.113508944240543,-1,-0.113508944240543,0.10285734222882,0.32071380111997
65,0.419403119411022,-1.54769278230493,-1,-1.54769278230493,0.175898976571696,-0.419403119411022
66,-0.572094465601983,-0.154091762378932,-1,-0.154091762378932,0.327292077572418,0.572094465601983
67,0.948462337808268,-0.476933841186486,1,-0.476933841186486,0.899580806240725,0.948462337808268
68,1.04700118808969,0.0462508677038682,1,0.0462508677038682,1.09621148786122,1.04700118808969
69,0.138168823880718,0.952620532873514,-1,0.952620532873514,0.0190906238925808,-0.138168823880718
70,1.29167726570218,-1.42653563654495,1,-1.42653563654495,1.66843015873187,1.29167726570218
71,-0.179250628261203,0.544302617630308,1,0.544302617630308,0.032130787732036,-0.179250628261203
72,-0.474935150920754,1.20584702512221,1,1.20584702512221,0.225563397580119,-0.474935150920754
73,1.52046851429255,-0.171806938637093,1,-0.171806938637093,2.311824502955,1.52046851429255
74,0.381338922894837,1.37691915851806,-1,1.37691915851806,0.145419374114594,-0.381338922894837
75,-0.371033989439991,1.93109031758082,-1,1.93109031758082,0.137666221319756,0.371033989439991
76,-0.33003164575067,1.08530957772791,-1,1.08530957772791,0.108920887196896,0.33003164575067
77,-1.59029267107319,0.137458030496092,-1,0.137458030496092,2.52903077966911,1.59029267107319
78,1.82173803893996,0.0375777311557463,1,0.0375777311557463,3.31872948252081,1.82173803893996
79,1.72752443290751,-0.420800509885037,1,-0.420800509885037,2.98434066629242,1.72752443290751
80,1.85800431997966,0.376313481955886,-1,0.376313481955886,3.45218005306307,-1.85800431997966
81,1.30652048522344,-1.49867084487607,-1,-1.49867084487607,1.7069957783085,-1.30652048522344
82,-1.11935097978535,-0.454876787522066,-1,-0.454876787522066,1.25294661594643,1.11935097978535
83,-0.0139490298673786,-1.34594222300218,1,-1.34594222300218,0.00019457543424102,-0.0139490298673786
84,0.327505353553907,-0.038157147385458,1,-0.038157147385458,0.10725975660647,0.327505353553907
85,0.711721124312806,0.589010459131554,1,0.589010459131554,0.506546958793085,0.711721124312806
86,-0.696184332822641,3.03736114709516,1,3.03736114709516,0.484672625267706,-0.696184332822641
87,2.56964343273159,-1.36526892420675,1,-1.36526892420675,6.60306737138059,2.56964343273159
88,-1.4671264464368,-0.107656910844396,1,-0.107656910844396,2.15246000983428,-1.4671264464368
89,-0.0744362699593566,0.426490646443472,-1,0.426490646443472,0.00554075828546221,0.0744362699593566
90,-0.971489870853136,-1.98426023760084,-1,-1.98426023760084,0.943792569170242,0.971489870853136
91,-1.74557814632292,-0.687710072962539,1,-0.687710072962539,3.04704306492018,-1.74557814632292
92,0.488230162172479,-0.794275256888212,-1,-0.794275256888212,0.238368691254965,-0.488230162172479
93,-1.01916626453549,-0.888332839659604,1,-0.888332839659604,1.03869987476722,-1.01916626453549
94,0.353815814012224,-0.275582013404456,1,-0.275582013404456,0.125185630245133,0.353815814012224
95,-0.060989049611522,-0.901424945837564,1,-0.901424945837564,0.00371966417251669,-0.060989049611522
96,-0.885593103882865,-0.163658133662246,1,-0.163658133662246,0.784275145644886,-0.885593103882865
97,0.785447018076821,-0.129153299585699,1,-0.129153299585699,0.61692701820577,0.785447018076821
98,-0.298772528495977,0.201311117560529,1,0.201311117560529,0.0892650237838796,-0.298772528495977
99,-0.372256146951127,-0.286463856053996,1,-0.286463856053996,0.138574638942899,-0.372256146951127
100,-1.44564271901392,-0.518867490231262,1,-0.518867490231262,2.08988287103797,-1.44564271901392
101,0.662249361586574,0.473080178088874,-1,0.473080178088874,0.438574216921824,-0.662249361586574
102,-0.0030949526920465,0.112498561912657,1,0.112498561912657,9.57873216600588e-06,-0.0030949526920465
103,0.262945946452432,1.07503325728806,1,1.07503325728806,0.0691405707557652,0.262945946452432
104,-1.35965273419161,-1.6696872314897,1,-1.6696872314897,1.84865555759471,-1.35965273419161
105,2.53378182097109,0.0597828594019851,-1,0.0597828594019851,6.42005031628357,-2.53378182097109
106,0.719859175163611,-0.545776942497053,-1,-0.545776942497053,0.518197232067234,-0.719859175163611
107,-1.02051523389058,0.703349285263478,-1,0.703349285263478,1.04145134260274,1.02051523389058
108,-0.876919225781436,-0.472960992825466,1,-0.472960992825466,0.768987328545113,-0.876919225781436
109,-0.364540270043794,0.492522742304753,-1,0.492522742304753,0.132889608483602,0.364540270043794
110,-2.4300778914166,-1.38548904368284,1,-1.38548904368284,5.90527855835176,-2.4300778914166
111,-1.17837838207199,-0.0959286781722677,1,-0.0959286781722677,1.38857561133459,-1.17837838207199
112,1.61818907345446,1.68734109432784,1,1.68734109432784,2.61853587744741,1.61818907345446
113,0.142845116001528,1.42119546385819,-1,1.42119546385819,0.0204047271654899,-0.142845116001528
114,0.1564264857107,0.805342830337714,-1,0.805342830337714,0.0244692454317997,-0.1564264857107
115,0.707200515605097,-1.96964933703113,-1,-1.96964933703113,0.500132569272116,-0.707200515605097
116,0.361870027568277,0.464901200467174,-1,0.464901200467174,0.130949916852265,-0.361870027568277
117,-0.901598067429464,-0.255849736608411,1,-0.255849736608411,0.812879075192545,-0.901598067429464
118,-0.865933512660847,1.10114083727806,1,1.10114083727806,0.749840848349154,-0.865933512660847
119,1.77150209663798,-0.527560956310081,1,-0.527560956310081,3.13821967839277,1.77150209663798
120,-1.55683031535814,-0.183180724046259,-1,-0.183180724046259,2.42372063081814,1.55683031535814
121,0.806270705734622,0.614451995187532,-1,0.614451995187532,0.650072450925806,-0.806270705734622
122,-0.196970880023662,-1.07998649754952,1,-1.07998649754952,0.0387975275772957,-0.196970880023662
123,-0.989910881748941,0.2162814367732,-1,0.2162814367732,0.979923553804966,0.989910881748941
124,0.231097233222191,0.0193231762088129,-1,0.0193231762088129,0.0534059312029517,-0.231097233222191
125,2.40005987119429,-0.253282098394518,-1,-0.253282098394518,5.76028738531716,-2.40005987119429
126,-2.13825933434169,0.637528624801743,1,0.637528624801743,4.57215298089938,-2.13825933434169
127,0.310020477169089,-0.672007996983168,-1,-0.672007996983168,0.0961126962641497,-0.310020477169089
128,-0.921934721445652,1.12247613314095,1,1.12247613314095,0.849963630607072,-0.921934721445652
129,1.05526161329864,-0.308928551767,1,-0.308928551767,1.11357707250164,1.05526161329864
130,0.935184490011889,-1.03993278500138,1,-1.03993278500138,0.874570030358796,0.935184490011889
131,0.260038380590062,-0.957736763254287,-1,-0.957736763254287,0.067619959379902,-0.260038380590062
132,-2.09169499684887,0.316115580564549,-1,0.316115580564549,4.37518795984258,2.09169499684887
133,-0.623810974960505,0.792329787354317,1,0.792329787354317,0.389140132481175,-0.623810974960505
134,-0.949526848060287,-0.296460227395821,-1,-0.296460227395821,0.901601235187303,0.949526848060287
135,-0.413891797405713,-1.60193889174102,-1,-1.60193889174102,0.171306419959732,0.413891797405713
136,0.684842606473805,0.310004960558788,-1,0.310004960558788,0.469009395641835,-0.684842606473805
137,-1.23785621114982,-0.805274872861118,-1,-0.805274872861118,1.53228799948218,1.23785621114982
138,-0.256457947775804,1.05868825959821,-1,1.05868825959821,0.0657706789773771,0.256457947775804
139,0.88049652944539,-1.50330019356936,1,-1.50330019356936,0.775274138365376,0.88049652944539
140,0.0089218757105203,0.0147224872498097,1,0.0147224872498097,7.95998661939721e-05,0.0089218757105203
141,-0.946267178444871,-0.924138102399086,-1,-0.924138102399086,0.895421573002018,0.946267178444871
142,-1.08524315242996,-1.04269463443996,1,-1.04269463443996,1.17775269989611,-1.08524315242996
143,-0.632522580622792,0.846523763798688,-1,0.846523763798688,0.400084814997716,0.632522580622792
144,1.85043122950071,-0.933579578243686,-1,-0.933579578243686,3.42409573511152,-1.85043122950071
145,-0.693109693029886,-2.30926961012749,1,-2.30926961012749,0.480401046571983,-0.693109693029886
146,-0.730741103559019,-0.239608045382646,1,-0.239608045382646,0.533982560430652,-0.730741103559019
147,-0.308945889354231,2.28994170719115,-1,2.28994170719115,0.0954475625488766,0.308945889354231
148,1.2728488388003,-0.861371781506083,1,-0.861371781506083,1.62014416643526,1.2728488388003
149,-0.202791236767127,0.226908594860631,1,0.226908594860631,0.0411242857095409,-0.202791236767127
150,0.0222555973420628,0.159491114809799,-1,0.159491114809799,0.000495311613052033,-0.0222555973420628
151,2.76455454352211,0.244390246188359,1,0.244390246188359,7.64276182410876,2.76455454352211
152,-0.0978819950128505,-0.533821898470694,-1,-0.533821898470694,0.00958088494769569,0.0978819950128505
153,-0.62393785478239,0.661203940628416,1,0.661203940628416,0.389298446630451,-0.62393785478239
154,-0.193245416468808,0.565819464453552,-1,0.565819464453552,0.0373437909862032,0.193245416468808
155,0.589206582575787,0.173712231643645,1,0.173712231643645,0.347164396950637,0.589206582575787
156,0.226251364126552,-0.0239372981514728,1,-0.0239372981514728,0.0511896797691258,0.226251364126552
157,0.519067578353396,-1.1691570009565,-1,-1.1691570009565,0.269431150897658,-0.519067578353396
158,1.32154491266198,-0.662343038288621,1,-0.662343038288621,1.74648095618276,1.32154491266198
159,1.68347415523901,-1.05360142731536,1,-1.05360142731536,2.8340852313577,1.68347415523901
160,0.0564771018432934,-0.410078399046589,1,-0.410078399046589,0.00318966303261774,0.0564771018432934
161,-2.02109881411838,0.979024321897201,-1,0.979024321897201,4.08484041643073,2.02109881411838
162,1.29700019321745,-0.380522320302271,1,-0.380522320302271,1.6822095012061,1.29700019321745
163,0.236829004514475,0.0323770677143392,-1,0.0323770677143392,0.0560879773793171,-0.236829004514475
164,0.30345729265242,0.399285759707447,-1,0.399285759707447,0.0920863284639365,-0.30345729265242
165,-0.199286992876483,0.551132882207029,-1,0.551132882207029,0.0397153055297515,0.199286992876483
166,0.80221377428974,-1.22887565447254,-1,-1.22887565447254,0.64354693966019,-0.80221377428974
167,-0.452447746120015,1.16803817206506,1,1.16803817206506,0.204708962969082,-0.452447746120015
168,0.440115372997274,-1.03762923576194,-1,-1.03762923576194,0.19370154154853,-0.440115372997274
169,0.664719139450981,-1.28311531904749,-1,-1.28311531904749,0.441851534352453,-0.664719139450981
170,2.31821780622651,0.135428832968379,1,0.135428832968379,5.37413379710565,2.31821780622651
171,0.550501304972189,0.742436160299092,1,0.742436160299092,0.303051686776083,0.550501304972189
172,0.430065167784958,-0.384281160583136,1,-0.384281160583136,0.184956048541904,0.430065167784958
173,0.316522283865323,0.940520497692066,-1,0.940520497692066,0.10018635618332,-0.316522283865323
174,-0.117753762294001,-1.24264703862368,-1,-1.24264703862368,0.0138659485343921,0.117753762294001
175,-0.583272297534979,2.65603674527366,1,2.65603674527366,0.340206573071733,-0.583272297534979
176,1.03273382628019,-0.331128566086954,-1,-0.331128566086954,1.06653915594331,-1.03273382628019
177,0.165350038765688,1.01797447474808,1,1.01797447474808,0.0273406353198146,0.165350038765688
178,0.931511081866733,0.174363307404169,1,0.174363307404169,0.867712895640532,0.931511081866733
179,1.32703720555886,0.438726658338328,-1,0.438726658338328,1.76102774493748,-1.32703720555886
180,-0.277609168872465,-0.577258957198633,1,-0.577258957198633,0.0770668506420609,-0.277609168872465
181,-0.769447652523193,2.12550188454655,-1,2.12550188454655,0.592049689973453,0.769447652523193
182,1.07086136613441,-1.59023882143863,1,-1.59023882143863,1.14674406547925,1.07086136613441
183,1.26565791159923,-0.392298964468546,-1,-0.392298964468546,1.60188994919372,-1.26565791159923
184,0.998000823262059,-0.413127865896299,1,-0.413127865896299,0.996005643231748,0.998000823262059
185,-0.0312656633844856,-0.0021332033954428,1,-0.0021332033954428,0.000977541706871964,-0.0312656633844856
186,-0.542899346970303,0.0552973974761485,1,0.0552973974761485,0.294739700940781,-0.542899346970303
187,2.0978810378913,1.3292507947745,-1,1.3292507947745,4.40110484914389,-2.0978810378913
188,-0.485947908640774,-1.1189335099681,1,-1.1189335099681,0.236145369912342,-0.485947908640774
189,-1.31587238009458,-1.05176154517756,-1,-1.05176154517756,1.73152012069576,1.31587238009458
190,1.23118550088787,0.992594208954124,-1,0.992594208954124,1.51581773759651,-1.23118550088787
191,-0.399468135981751,0.0158692238376854,1,0.0158692238376854,0.159574791664735,-0.399468135981751
192,0.231218368227052,1.07508056786796,1,1.07508056786796,0.0534619338055808,0.231218368227052
193,-1.15495500181451,0.600495372121357,1,0.600495372121357,1.33392105621635,-1.15495500181451
194,1.34692268061581,-0.329737570244128,1,-0.329737570244128,1.81420070755728,1.34692268061581
195,0.549895198945704,-0.21857176834577,1,-0.21857176834577,0.302384729823536,0.549895198945704
196,-1.66181167842019,0.504586594362639,-1,0.504586594362639,2.76161805453371,1.66181167842019
197,1.42235059413533,-0.294157720507913,-1,-0.294157720507913,2.02308121263714,-1.42235059413533
198,-1.56985201333353,0.867783766833677,1,0.867783766833677,2.46443534376735,-1.56985201333353
199,0.0452459284270777,-0.577873303873925,-1,-0.577873303873925,0.00204719403922824,-0.0452459284270777
200,-0.635544733864953,0.570638786589669,-1,0.570638786589669,0.403917108743474,0.635544733864953
201,1.8377051813603,0.785013357728018,1,0.785013357728018,3.37716033359849,1.8377051813603
202,1.24978394345015,-1.92754491368077,1,-1.92754491368077,1.56195990530581,1.24978394345015
203,0.550270963385601,-1.64032340322326,-1,-1.64032340322326,0.302798133145318,-0.550270963385601
204,-0.708968400624558,-0.225735862476026,-1,-0.225735862476026,0.502636193084144,0.708968400624558
205,0.979999321290147,0.435146505520745,1,0.435146505520745,0.960398669729149,0.979999321290147
206,0.239973333542305,-0.0666717951097464,-1,-0.0666717951097464,0.0575872008114065,-0.239973333542305
207,0.349819250666314,-0.982074327891828,-1,-0.982074327891828,0.122373508136742,-0.349819250666314
208,-0.232717772409662,-0.733418191624126,-1,-0.733418191624126,0.0541575615953154,0.232717772409662
209,1.60186589420738,-0.255575426972408,1,-0.255575426972408,2.56597434302481,1.60186589420738
210,-0.242903540855072,-0.771238458424504,-1,-0.771238458424504,0.0590021301599316,0.242903540855072
211,1.52799639511612,0.395082305576611,1,0.395082305576611,2.33477298348785,1.52799639511612
212,0.390727219673707,0.516585881589619,-1,0.516585881589619,0.152667760193945,-0.390727219673707
213,-1.25176239911236,-0.776177352725433,1,-0.776177352725433,1.56690910383153,-1.25176239911236
214,1.4299387304776,-0.279976942451682,1,-0.279976942451682,2.0447247729199,1.4299387304776
215,0.902704820972619,1.38680053500108,-1,1.38680053500108,0.814875993807208,-0.902704820972619
216,0.681985836166249,-0.526539254652861,1,-0.526539254652861,0.465104680731377,0.681985836166249
217,1.36343872312698,0.625709009762731,1,0.625709009762731,1.85896515172213,1.36343872312698
218,0.0608944615461742,0.567758372929743,-1,0.567758372929743,0.00370813544699849,-0.0608944615461742
219,0.989364302984321,0.0079093908872223,-1,0.0079093908872223,0.978841724019651,-0.989364302984321
220,1.35165871954582,-2.15109935446234,1,-2.15109935446234,1.82698129412426,1.35165871954582
221,1.4625692160119,0.312523628773041,-1,0.312523628773041,2.13910871162565,-1.4625692160119
222,1.21439577618567,0.869697152366384,1,0.869697152366384,1.47475710121759,1.21439577618567
223,-0.604514382788172,0.609904401333574,1,0.609904401333574,0.365437638997764,-0.604514382788172
224,-0.742845457130176,0.147803532996805,1,0.147803532996805,0.55181937317894,-0.742845457130176
225,-0.264958885944633,1.14664314888341,-1,1.14664314888341,0.0702032112410211,0.264958885944633
226,-0.992124814010337,0.0642308531215246,-1,0.0642308531215246,0.984311646575045,0.992124814010337
227,0.464548945459112,-0.0537463875530595,-1,-0.0537463875530595,0.215805722727173,-0.464548945459112
228,-0.0109745726235955,-0.166491309929419,-1,-0.166491309929419,0.000120441244270572,0.0109745726235955
229,0.984154837020247,0.433250456935711,-1,0.433250456935711,0.968560743230348,-0.984154837020247
230,-0.0898167154745722,-1.05983751756833,1,-1.05983751756833,0.00806704237864026,-0.0898167154745722
231,-1.28385429842641,0.934670050253543,-1,0.934670050253543,1.64828185958796,1.28385429842641
232,-1.07708766649157,-0.167396105875903,-1,-0.167396105875903,1.16011784130826,1.07708766649157
233,-0.277099884251038,0.763738554316191,1,0.763738554316191,0.0767843458519386,-0.277099884251038
234,-0.816565765227969,0.764581327180871,-1,0.764581327180871,0.666779648942339,0.816565765227969
235,0.266232934589927,-0.429861920558649,-1,-0.429861920558649,0.0708799754603644,-0.266232934589927
236,-1.12470895156568,0.723250652232909,-1,0.723250652232909,1.26497022573198,1.12470895156568
237,0.723073596798636,0.647183513677608,1,0.647183513677608,0.522835426387317,0.723073596798636
238,0.3078818285418,-1.96337676463512,1,-1.96337676463512,0.0947912203462424,0.3078818285418
239,2.11198546693194,0.763684397818973,-1,0.763684397818973,4.46048261253174,-2.11198546693194
240,-1.55194157545117,1.60793286341111,1,1.60793286341111,2.40852265361385,-1.55194157545117
241,0.0698361233943829,1.47218755749939,-1,1.47218755749939,0.00487708413075547,-0.0698361233943829
242,1.20239469714657,0.926133216322972,1,0.926133216322972,1.44575300772618,1.20239469714657
243,-0.829637681443524,0.790941583770735,-1,0.790941583770735,0.688298682470985,0.829637681443524
244,0.566340416521776,2.12512270321691,1,2.12512270321691,0.320741467386058,0.566340416521776
245,0.117824825628726,-0.643871423895594,1,-0.643871423895594,0.0138826895344396,0.117824825628726
246,0.129269286882843,0.499294467129322,-1,0.499294467129322,0.0167105485311987,-0.129269286882843
247,-2.26964812061499,-0.0941814959610859,1,-0.0941814959610859,5.15130259141117,-2.26964812061499
248,-0.849934093632422,-0.924814849520376,1,-0.924814849520376,0.722387963518767,-0.849934093632422
249,-0.921768756223064,2.18212798543331,1,2.18212798543331,0.849657639949015,-0.921768756223064
250,0.674389929090508,-0.35052531990134,1,-0.35052531990134,0.4548017764587,0.674389929090508
251,1.46324722811907,-0.304063587815997,-1,-0.304063587815997,2.14109245059814,-1.46324722811907
252,-0.439678317984001,0.833992246673072,-1,0.833992246673072,0.19331702330524,0.439678317984001
253,0.709475680459158,0.0539420233373144,1,0.0539420233373144,0.503355741162985,0.709475680459158
254,-2.12861084703216,-0.43204667198928,1,-0.43204667198928,4.53098413810295,-2.12861084703216
255,0.688610166243699,0.449779027906602,1,0.449779027906602,0.474183961054174,0.688610166243699
256,0.888470058542439,-0.400661601447888,1,-0.400661601447888,0.789379044926404,0.888470058542439
257,0.587906436933568,-0.719021765246527,1,-0.719021765246527,0.345633978587924,0.587906436933568
258,-0.531860719377813,-0.67173891365355,1,-0.67173891365355,0.282875824817085,-0.531860719377813
259,-0.0080855607067413,-0.255812469709577,1,-0.255812469709577,6.53762919423989e-05,-0.0080855607067413
260,0.949236349349808,-0.51232145647632,-1,-0.51232145647632,0.901049646926951,-0.949236349349808
261,-0.528163924170815,0.95708093142373,1,0.95708093142373,0.278957130795514,-0.528163924170815
262,-2.07992029918373,-1.60327156734902,-1,-1.60327156734902,4.32606845095654,2.07992029918373
263,-0.294242777455118,-0.884279553327876,-1,-0.884279553327876,0.0865788120845019,0.294242777455118
264,-0.0133137002587322,-0.0124936342630687,-1,-0.0124936342630687,0.000177254614579366,0.0133137002587322
265,0.0183538468483898,-0.902862741105765,1,-0.902862741105765,0.000336863694134148,0.0183538468483898
266,-1.13641669775118,-0.746201247518416,-1,-0.746201247518416,1.29144291092769,1.13641669775118
267,-0.686077176380671,-1.63737294489445,-1,-1.63737294489445,0.470701891950474,0.686077176380671
268,-0.854752013047684,-1.50591203286557,-1,-1.50591203286557,0.730601003809069,0.854752013047684
269,0.0260247059083174,-0.0247333936533221,1,-0.0247333936533221,0.000677285317614411,0.0260247059083174
270,-0.521438037323274,1.36684391517728,-1,1.36684391517728,0.271897626767548,0.521438037323274
271,-1.91016315454101,2.71934464768268,-1,2.71934464768268,3.64872327696606,1.91016315454101
272,-0.288017430861782,0.730569705308663,1,0.730569705308663,0.0829540404802216,-0.288017430861782
273,-0.78075768176249,0.341427171316332,-1,0.341427171316332,0.609582557631138,0.78075768176249
274,-1.49982653017486,-1.44232046368487,1,-1.44232046368487,2.24947962061635,-1.49982653017486
275,-1.67537254029133,0.575427650480446,1,0.575427650480446,2.80687314876222,-1.67537254029133
276,1.28366494693782,1.48052240900625,1,1.48052240900625,1.64779569599687,1.28366494693782
277,-1.90235483483986,1.45400830860262,-1,1.45400830860262,3.6189539176386,1.90235483483986
278,-0.812746765073375,0.0819486919597757,-1,0.0819486919597757,0.660557304137235,0.812746765073375
279,0.574014909009611,0.009944976832683,-1,0.009944976832683,0.329493115765313,-0.574014909009611
280,-0.0530132732156786,-0.556600672952116,-1,-0.556600672952116,0.00281040713704019,0.0530132732156786
281,0.38431164647705,-1.16839719816254,1,-1.16839719816254,0.147695441617901,0.38431164647705
282,0.446474869912648,1.46057345846361,-1,1.46057345846361,0.199339809463516,-0.446474869912648
283,-1.26055138716562,-0.609023698200599,1,-0.609023698200599,1.58898979968518,-1.26055138716562
284,-0.167551734882818,-0.487367618883992,1,-0.487367618883992,0.0280735838622421,-0.167551734882818
285,-0.87275128461451,-0.0747653910228175,1,-0.0747653910228175,0.761694804796277,-0.87275128461451
286,1.01839554091931,-0.276193255434025,-1,-0.276193255434025,1.03712947776433,-1.01839554091931
287,-0.122620997208033,0.53309537186074,1,0.53309537186074,0.0150359089562925,-0.122620997208033
288,1.38729784984684,-0.0890782928135497,1,-0.0890782928135497,1.92459532418966,1.38729784984684
289,-0.613289870451788,-1.34284255530195,-1,-1.34284255530195,0.376124465198771,0.613289870451788
290,-0.380655032149054,-0.614168586559567,1,-0.614168586559567,0.144898253500397,-0.380655032149054
291,-0.580108265945877,-1.38441526776363,1,-1.38441526776363,0.336525600218733,-0.580108265945877
292,1.96805354246453,0.273268379777695,-1,0.273268379777695,3.8732347460072,-1.96805354246453
293,-0.996717104097618,-1.24685245487445,-1,-1.24685245487445,0.993444985600741,0.996717104097618
294,0.486076331579988,-0.254990509427703,-1,-0.254990509427703,0.236270200122259,-0.486076331579988
295,1.42204833318943,-0.399550859550806,1,-0.399550859550806,2.02222146192684,1.42204833318943
296,-0.504963858358284,1.19451290565084,1,1.19451290565084,0.254988498248085,-0.504963858358284
297,-0.891723389271814,-2.29201006529204,-1,-2.29201006529204,0.795170602974411,0.891723389271814
298,-1.26344695040532,-0.731071825265018,1,-0.731071825265018,1.59629819648851,-1.26344695040532
299,0.21250059338033,-1.06373348293676,-1,-1.06373348293676,0.0451565021869923,-0.21250059338033
300,-0.657739578326457,0.199731379859117,1,0.199731379859117,0.432621352897065,-0.657739578326457
301,-0.48264602745232,-0.831328343623366,-1,-0.831328343623366,0.232947187815506,0.48264602745232
302,0.942941672768066,0.459510027673137,-1,0.459510027673137,0.889138998242639,-0.942941672768066
303,-1.64832967457312,1.94767661597692,-1,1.94767661597692,2.71699071607833,1.64832967457312
304,-1.55881539844785,0.639680704765343,-1,0.639680704765343,2.42990544643813,1.55881539844785
305,0.846863428924468,0.649817454599192,-1,0.649817454599192,0.717177667249707,-0.846863428924468
306,-0.814865957844002,-1.68430680974218,-1,-1.68430680974218,0.664006529253022,0.814865957844002
307,-0.487944361721875,-0.0870319201261209,1,-0.0870319201261209,0.238089700136168,-0.487944361721875
308,0.983990126192057,0.202444524739154,1,0.202444524739154,0.96823656844346,0.983990126192057
309,0.438598496552617,-0.692778299302707,1,-0.692778299302707,0.192368641178216,0.438598496552617
310,-0.313459583403797,0.520215784378955,1,0.520215784378955,0.098256910427682,-0.313459583403797
311,-1.53928239544045,1.38034928936996,-1,1.38034928936996,2.36939029291289,1.53928239544045
312,1.84570399408195,1.06064710857012,-1,1.06064710857012,3.40662323377005,-1.84570399408195
313,0.322252493822673,1.28137870783057,-1,1.28137870783057,0.103846669774932,-0.322252493822673
314,0.894589676037044,0.605846104810779,-1,0.605846104810779,0.800290688472063,-0.894589676037044
315,0.0807234704376419,-0.744680154939543,-1,-0.744680154939543,0.00651627867949685,-0.0807234704376419
316,0.495050943297036,0.712597964939391,1,0.712597964939391,0.245075436459285,0.495050943297036
317,-1.19096606530307,2.01473484431926,1,2.01473484431926,1.41840016870348,-1.19096606530307
318,-0.883556495519511,1.2838282961333,-1,1.2838282961333,0.780672080774719,0.883556495519511
319,0.164659660155374,1.33929992113784,1,1.33929992113784,0.0271128036824833,0.164659660155374
320,0.0961191201084704,0.0978781779334275,1,0.0978781779334275,0.00923888525042656,0.0961191201084704
321,-0.249045775817247,-1.84893451766384,1,-1.84893451766384,0.0620237984524145,-0.249045775817247
322,0.434090348782058,-0.819276664581303,-1,-0.819276664581303,0.188434430905729,-0.434090348782058
323,-0.437204786692163,-0.395049236910949,-1,-0.395049236910949,0.191148025506539,0.437204786692163
324,-1.73613074861551,0.822523004338729,-1,0.822523004338729,3.01414997628825,1.73613074861551
325,0.480855419970387,-1.04085120654835,1,-1.04085120654835,0.231221934914898,0.480855419970387
326,-1.61195140657605,0.767702545227639,-1,0.767702545227639,2.5983873371625,1.61195140657605
327,-0.267574621788856,-0.465776058851809,1,-0.465776058851809,0.0715961782254492,-0.267574621788856
328,0.291806682192708,-0.42293482292353,-1,-0.42293482292353,0.085151139772316,-0.291806682192708
329,-1.59426177484717,0.705198010081791,1,0.705198010081791,2.54167060673884,-1.59426177484717
330,0.699902668834547,-0.0820279837213091,1,-0.0820279837213091,0.489863745841722,0.699902668834547
331,3.23418255288045,-0.199130169932766,1,-0.199130169932766,10.4599367853563,3.23418255288045
332,0.90923156379794,0.617654871882228,1,0.617654871882228,0.826702036606448,0.90923156379794
333,0.942632268503961,0.0789860812941465,1,0.0789860812941465,0.888555593624923,0.942632268503961
334,-2.08684066424382,0.18319306318182,-1,0.18319306318182,4.3549039579416,2.08684066424382
335,1.44276375800285,-1.22223590184014,-1,-1.22223590184014,2.08156726140651,-1.44276375800285
336,-2.4473290818994,-0.45176452461648,-1,-0.45176452461648,5.98941963511058,2.4473290818994
337,0.532739692798319,0.230889260950672,-1,0.230889260950672,0.283811580282847,-0.532739692798319
338,0.177773515832238,-0.352880079450704,-1,-0.352880079450704,0.0316034229313549,-0.177773515832238
339,0.0300434998215357,0.369209768901323,-1,0.369209768901323,0.000902611881526616,-0.0300434998215357
340,-0.974674346019819,-0.387465332916567,1,-0.387465332916567,0.949990080789162,-0.974674346019819
341,2.00015740956515,-0.852835499012768,-1,-0.852835499012768,4.00062966303838,-2.00015740956515
342,1.88121088269461,1.16284088522165,1,1.16284088522165,3.53895438516864,1.88121088269461
343,-1.3203109436819,1.56608813638159,-1,1.56608813638159,1.74322098800619,1.3203109436819
344,1.54223334470422,0.594653057468808,1,0.594653057468808,2.37848368951756,1.54223334470422
345,0.662233133025877,-0.233514276265123,-1,-0.233514276265123,0.438552722477269,-0.662233133025877
346,0.102706991360174,0.081829114804646,1,0.081829114804646,0.0105487260742589,0.102706991360174
347,-0.783546850764017,-1.16048243725063,1,-1.16048243725063,0.613945667342208,-0.783546850764017
348,-1.65592391805714,1.04344689187014,-1,1.04344689187014,2.74208402239371,1.65592391805714
349,-0.893951097695458,0.294318823439761,1,0.294318823439761,0.799148565070913,-0.893951097695458
350,-0.0543607798735193,0.32058789674372,-1,0.32058789674372,0.00295509438845722,0.0543607798735193
351,0.797279353426232,-1.93751510469772,1,-1.93751510469772,0.635654367399751,0.797279353426232
352,0.736824930781119,1.55797504808416,-1,1.55797504808416,0.542910978620601,-0.736824930781119
353,-0.447947194804181,0.175930465970595,-1,0.175930465970595,0.200656689332935,0.447947194804181
354,0.767101584872533,0.249046204002273,1,0.249046204002273,0.588444841513952,0.767101584872533
355,-1.13891778543383,0.105581881595807,-1,0.105581881595807,1.29713372197749,1.13891778543383
356,-0.864900950153316,-0.94413828681783,-1,-0.94413828681783,0.748053653576109,0.864900950153316
357,1.40165825823364,0.713114822449391,-1,0.713114822449391,1.96464587287456,-1.40165825823364
358,-1.58049878424239,0.231647616067449,1,0.231647616067449,2.49797640699166,-1.58049878424239
359,0.376693116587257,0.90865454106938,-1,0.90865454106938,0.141897704084221,-0.376693116587257
360,-0.465449108004262,2.3937579342063,-1,2.3937579342063,0.216642872141963,0.465449108004262
361,0.619905633044645,-1.3853757380744,1,-1.3853757380744,0.384282993880482,0.619905633044645
362,-0.0820480226101952,-0.536335494120816,1,-0.536335494120816,0.0067318780142431,-0.0820480226101952
363,0.829974083642663,-0.613847532379571,-1,-0.613847532379571,0.688856979518477,-0.829974083642663
364,0.113298795990515,-1.22188847393133,1,-1.22188847393133,0.0128366171729005,0.113298795990515
365,0.761340773778966,-0.686461952108197,-1,-0.686461952108197,0.579639773818354,-0.761340773778966
366,-1.15902744878075,-0.0739497804596846,-1,-0.0739497804596846,1.34334462702721,1.15902744878075
367,0.618111107881328,1.08977761010563,1,1.08977761010563,0.382061341686282,0.618111107881328
368,-0.286840498929718,1.59074285586805,-1,1.59074285586805,0.0822774718262497,0.286840498929718
369,1.0028788234958,1.87866147243137,-1,1.87866147243137,1.00576593461633,-1.0028788234958
370,0.867128132087394,0.0837692755555325,1,0.0837692755555325,0.751911197457373,0.867128132087394
371,1.88071598700878,0.224542731273045,-1,0.224542731273045,3.5370926237904,-1.88071598700878
372,0.0479729573397443,0.904760235640463,1,0.904760235640463,0.00230140463592093,0.0479729573397443
373,-0.0254894885740446,0.627402185784564,1,0.627402185784564,0.00064971402776635,-0.0254894885740446
374,1.3289263557882,-0.146643429881206,-1,-0.146643429881206,1.76604525910851,-1.3289263557882
375,0.486069658880396,0.829358678145633,-1,0.829358678145633,0.236263713284105,-0.486069658880396
376,-0.606299405993255,1.04919014875227,-1,1.04919014875227,0.367598969707774,0.606299405993255
377,-0.521655130250457,-1.85094047943439,-1,-1.85094047943439,0.272124074916621,0.521655130250457
378,1.00191192829437,0.63777490807181,-1,0.63777490807181,1.00382751205854,-1.00191192829437
379,-0.561320300133031,-0.187627111436171,1,-0.187627111436171,0.315080479341436,-0.561320300133031
380,1.92753821009483,0.348110936086151,-1,0.348110936086151,3.71540355137558,-1.92753821009483
381,1.36881250452782,-0.713091554720098,-1,-0.713091554720098,1.87364767255173,-1.36881250452782
382,0.125343638953486,-1.21390248032005,-1,-1.21390248032005,0.0157110278261018,-0.125343638953486
383,0.386170262883301,1.27055387641455,1,1.27055387641455,0.149127471935358,0.386170262883301
384,1.91759324352258,-1.35397085736376,1,-1.35397085736376,3.67716384760344,1.91759324352258
385,-0.663853302523101,1.23164084591965,-1,1.23164084591965,0.440701207270828,0.663853302523101
386,-0.407847536206906,-0.681350318328423,-1,-0.681350318328423,0.166339612790044,0.407847536206906
387,2.63493071529225,-0.99292079329175,1,-0.99292079329175,6.94285987439054,2.63493071529225
388,-1.36043748494377,0.708618770096213,1,0.708618770096213,1.85079015044013,-1.36043748494377
389,1.97957326454202,-0.202788721284017,1,-0.202788721284017,3.91871030968957,1.97957326454202
390,0.291635699302209,0.236563231915842,1,0.236563231915842,0.0850513811074882,0.291635699302209
391,-0.677958794650588,0.436764258462401,-1,0.436764258462401,0.459628127244078,0.677958794650588
392,-0.0146216595530972,1.5907164610169,-1,1.5907164610169,0.000213792928086679,0.0146216595530972
393,0.128399116345344,1.24387247624934,-1,1.24387247624934,0.0164863330782651,-0.128399116345344
394,1.38021827175281,-1.40636440608004,1,-1.40636440608004,1.9050024776803,1.38021827175281
395,-0.985032089779124,-0.314069941807065,-1,-0.314069941807065,0.970288217894628,0.985032089779124
396,0.689462687919133,-0.327290719450758,1,-0.327290719450758,0.475358798032675,0.689462687919133
397,1.11932115153081,-0.528452857423523,-1,-0.528452857423523,1.25287984026425,-1.11932115153081
398,2.03531183433324,1.225611762656,-1,1.225611762656,4.14249426297695,-2.03531183433324
399,-0.680474033971956,-1.42409609493947,-1,-1.42409609493947,0.463044910910066,0.680474033971956
400,1.19237885130892,-0.622658416188162,1,-0.622658416188162,1.42176732504879,1.19237885130892
401,1.26881374669229,-0.333169736760295,-1,-0.333169736760295,1.60988832379533,-1.26881374669229
402,0.812129333463591,-1.84574452009081,-1,-1.84574452009081,0.659554054272016,-0.812129333463591
403,1.77615005253456,1.34394274778318,1,1.34394274778318,3.15470900911851,1.77615005253456
404,-0.107890053259949,-1.49855286582535,1,-1.49855286582535,0.0116402635924346,-0.107890053259949
405,0.96442076594137,1.4851910787726,1,1.4851910787726,0.930107413778939,0.96442076594137
406,-1.84636297899564,1.58682871866882,1,1.58682871866882,3.40905625020565,-1.84636297899564
407,0.706529577344691,0.0859983171610597,1,0.0859983171610597,0.499184043662868,0.706529577344691
408,0.455593636387616,0.972450548545253,1,0.972450548545253,0.207565561516891,0.455593636387616
409,-0.227266469464419,0.846544345934654,1,0.846544345934654,0.0516500481428215,-0.227266469464419
410,-0.223820364769175,-1.91280369083952,1,-1.91280369083952,0.0500955556854066,-0.223820364769175
411,-0.257430464265797,-1.99483013686203,1,-1.99483013686203,0.0662704439321037,-0.257430464265797
412,-0.405924007745949,0.923377005293765,1,0.923377005293765,0.164774300064533,-0.405924007745949
413,-0.404660438867411,-0.499726138457029,1,-0.499726138457029,0.163750070784366,-0.404660438867411
414,0.192382444174261,-0.573020208522233,1,-0.573020208522233,0.0370110048264626,0.192382444174261
415,-0.26938067621238,1.64709160218208,-1,1.64709160218208,0.072565948716639,0.26938067621238
416,1.2842545877918,-0.0354827981677585,-1,-0.0354827981677585,1.64930984626429,-1.2842545877918
417,-0.922983470843856,1.03263302259613,-1,1.03263302259613,0.851898487450971,0.922983470843856
418,0.184823414581806,2.54479380402364,-1,2.54479380402364,0.034159694577678,-0.184823414581806
419,-1.6475526550037,-0.546386847836327,-1,-0.546386847836327,2.71442975100975,1.6475526550037
420,0.951223171542543,0.510068290387302,-1,0.510068290387302,0.904825522079455,-0.951223171542543
421,-1.76734417999566,0.153407092695348,-1,0.153407092695348,3.12350545056452,1.76734417999566
422,0.184983404195326,-1.6137799289384,1,-1.6137799289384,0.0342188598276914,0.184983404195326
423,1.29877974745959,0.102947166996539,1,0.102947166996539,1.68682883241119,1.29877974745959
424,-0.218647338464704,0.256447197401679,-1,0.256447197401679,0.0478066586176987,0.218647338464704
425,-1.28421822914093,-0.283309558694152,-1,-0.283309558694152,1.64921646005788,1.28421822914093
426,-0.595666644328215,-1.14255855398957,1,-1.14255855398957,0.354818751165236,-0.595666644328215
427,0.411535689484993,-0.188149031626532,-1,-0.188149031626532,0.169361623719889,-0.411535689484993
428,-0.664047297573696,0.79092460998505,1,0.79092460998505,0.440958813414929,-0.664047297573696
429,1.09580827383046,0.302075820802366,-1,0.302075820802366,1.20079577299528,-1.09580827383046
430,-0.3437007681679,-0.138258949763074,-1,-0.138258949763074,0.118130218039205,0.3437007681679
431,-0.544205888938254,1.13741759523602,-1,1.13741759523602,0.296160049555075,0.544205888938254
432,0.681624271688287,-1.93422333007619,1,-1.93422333007619,0.464611647754588,0.681624271688287
433,-2.4747288311466,-0.60970804655845,-1,-0.60970804655845,6.12428278770823,2.4747288311466
434,-0.588574847804654,0.301371941414386,1,0.301371941414386,0.346420351468271,-0.588574847804654
435,1.01778404981872,2.00295913788634,1,2.00295913788634,1.0358843720654,1.01778404981872
436,0.015169059498409,-0.80683458689125,-1,-0.80683458689125,0.000230100366066272,-0.015169059498409
437,-1.07749386600425,-0.407560015861978,-1,-0.407560015861978,1.16099303127679,1.07749386600425
438,0.587289292834583,0.748905893269092,1,0.748905893269092,0.344908713478144,0.587289292834583
439,-1.41613256063611,-2.61728494658876,-1,-2.61728494658876,2.00543142929379,1.41613256063611
440,0.889269756359523,-0.374481377797911,-1,-0.374481377797911,0.790800699575726,-0.889269756359523
441,-1.39990819983482,-0.0606368619496583,1,-0.0606368619496583,1.95974296796476,-1.39990819983482
442,2.18412165825852,-1.34923505995667,-1,-1.34923505995667,4.77038741807396,-2.18412165825852
443,-0.894947177008,0.448316666299041,1,0.448316666299041,0.800930449634588,-0.894947177008
444,-1.78533667658247,0.332800028486693,1,0.332800028486693,3.18742704875054,-1.78533667658247
445,1.01177962001239,-0.87679191705634,1,-0.87679191705634,1.02369799947241,1.01177962001239
446,1.52346437743225,0.0735017076540735,1,0.0735017076540735,2.32094370930504,1.52346437743225
447,1.29695079823514,-1.66054731850908,-1,-1.66054731850908,1.68208137304278,-1.29695079823514
448,-0.802855859542539,-0.733777764412773,-1,-0.733777764412773,0.644577531201789,0.802855859542539
449,-1.56472806474767,0.792236250817865,-1,0.792236250817865,2.44837391660897,1.56472806474767
450,1.84893646486014,0.0949265401042352,-1,0.0949265401042352,3.4185660510895,-1.84893646486014
451,-1.17140973879855,-0.432639763181466,1,-0.432639763181466,1.37220077615209,-1.17140973879855
452,0.561069933500039,-1.13173796233407,1,-1.13173796233407,0.314799470277738,0.561069933500039
453,-0.750624553935284,0.555062810417616,1,0.555062810417616,0.563437220970544,-0.750624553935284
454,-2.27390006068248,0.0733888161458013,-1,0.0733888161458013,5.17062148597179,2.27390006068248
455,-1.10847621121173,0.371570237663331,-1,0.371570237663331,1.22871951082232,1.10847621121173
456,0.721123891840491,0.8457490592191,1,0.8457490592191,0.520019667383176,0.721123891840491
457,1.45562644544431,1.07472480598424,-1,1.07472480598424,2.11884834867682,-1.45562644544431
458,0.939417669262648,0.385369097249792,-1,0.385369097249792,0.882505557322867,-0.939417669262648
459,-0.848939309157766,0.651001838121723,1,0.651001838121723,0.720697950633266,-0.848939309157766
460,0.751032853440946,-0.772427448104602,1,-0.772427448104602,0.564050346947649,0.751032853440946
461,0.301868408075279,-0.453400243304128,1,-0.453400243304128,0.0911245357939034,0.301868408075279
462,-0.108985414733515,-0.945624222024688,-1,-0.945624222024688,0.0118778206246363,0.108985414733515
463,0.810434989861791,0.183311928190829,-1,0.183311928190829,0.656804872792281,-0.810434989861791
464,-1.18504516149891,-0.332240648675386,-1,-0.332240648675386,1.40433203479199,1.18504516149891
465,-0.285433537422085,0.229114046571557,-1,0.229114046571557,0.0814723042852847,0.285433537422085
466,-1.25775329081772,-0.579107175900307,1,-0.579107175900307,1.58194334056281,-1.25775329081772
467,0.770991544543469,0.879394247633821,1,0.879394247633821,0.594427961757523,0.770991544543469
468,1.78949575420126,-0.589908243447437,-1,-0.589908243447437,3.20229505430434,-1.78949575420126
469,-0.218099708695322,0.712988602269328,-1,0.712988602269328,0.0475674829329843,0.218099708695322
470,0.659607369438664,-0.22614059789987,-1,-0.22614059789987,0.435081881817794,-0.659607369438664
471,0.467795338899037,-0.138174004229142,-1,-0.138174004229142,0.218832479095665,-0.467795338899037
472,-0.779128746118793,-0.477784623317414,1,-0.477784623317414,0.607041603028643,-0.779128746118793
473,0.499511691347552,0.358285136934234,-1,0.358285136934234,0.249511929792892,-0.499511691347552
474,-0.442594668642078,0.961500699536464,1,0.961500699536464,0.195890040710391,-0.442594668642078
475,-0.0229751675260148,-0.989240387037354,-1,-0.989240387037354,0.000527858322848445,0.0229751675260148
476,-1.89831471890302,0.76649726302292,-1,0.76649726302292,3.60359877200386,1.89831471890302
477,1.59023173967375,-0.160881084291686,-1,-0.160881084291686,2.52883698586579,-1.59023173967375
478,0.578967515594369,0.511771543185174,-1,0.511771543185174,0.335203384113515,-0.578967515594369
479,-2.322335251825,-1.20736996909039,1,-1.20736996909039,5.39324102186907,-2.322335251825
480,0.893478683147077,-0.823247492387344,-1,-0.823247492387344,0.798304157238235,-0.893478683147077
481,0.285490265332721,0.300513506480929,-1,0.300513506480929,0.0815046915997473,-0.285490265332721
482,-0.253069320963022,0.634740020011081,1,0.634740020011081,0.0640440812126853,-0.253069320963022
483,0.988373971008309,-0.542542337043355,1,-0.542542337043355,0.976883106566734,0.988373971008309
484,0.496511627665633,-0.456600136753195,1,-0.456600136753195,0.246523796407176,0.496511627665633
485,-0.392591060940969,0.747854821730271,1,0.747854821730271,0.154127741130755,-0.392591060940969
486,-0.988898416835105,0.10689358781047,1,0.10689358781047,0.977920078818976,-0.988898416835105
487,1.73512637084776,0.188540841535708,-1,0.188540841535708,3.01066352281133,-1.73512637084776
488,-1.09609979724502,-0.0291206767940057,-1,-0.0291206767940057,1.20143476552056,1.09609979724502
489,0.879395770720513,0.6077059989463,-1,0.6077059989463,0.773336921561125,-0.879395770720513
490,-0.27147427089211,-0.721207123590923,-1,-0.721207123590923,0.0736982797564026,0.27147427089211
491,-1.54306597599302,-1.00069529271441,1,-1.00069529271441,2.38105260626729,-1.54306597599302
492,-1.63023091747764,-0.232187437764148,-1,-0.232187437764148,2.65765284429999,1.63023091747764
493,0.0110357035957642,0.884069843863523,1,0.884069843863523,0.000121786753853563,0.0110357035957642
494,-1.23898114903524,1.35700218222434,1,1.35700218222434,1.53507428766468,-1.23898114903524
495,-0.195037848145722,0.382856277851925,1,0.382856277851925,0.0380397622093138,-0.195037848145722
496,-0.43351656835859,-0.824097235499283,1,-0.824097235499283,0.187936615041408,-0.43351656835859
497,-1.80490603835775,-0.0204601822504485,-1,-0.0204601822504485,3.25768580730027,1.80490603835775
498,1.31560682887634,0.295498609102083,-1,0.295498609102083,1.73082132818606,-1.31560682887634
499,-0.0994508283217348,-1.67246567897563,-1,-1.67246567897563,0.00989046725387917,0.0994508283217348
500,0.390485376211186,0.0017187822360603,-1,0.0017187822360603,0.152478829034791,-0.390485376211186
501,0.177465044646507,-0.720003367897017,1,-0.720003367897017,0.0314938420713868,0.177465044646507
502,0.0061455426433311,-0.53739603060413,-1,-0.53739603060413,3.7767694381001e-05,-0.0061455426433311
503,-0.694934656481598,-0.319898731405681,-1,-0.319898731405681,0.482934176779197,0.694934656481598
504,-0.300537314147047,-0.524626363116148,-1,-0.524626363116148,0.0903226771947207,0.300537314147047
505,-0.551617542086816,0.22123452130231,1,0.22123452130231,0.304281912737901,-0.551617542086816
506,1.61982315627174,0.163722787775738,1,0.163722787775738,2.62382705759415,1.61982315627174
507,0.788374747066003,0.063186702806235,-1,0.063186702806235,0.621534741811385,-0.788374747066003
508,-1.12559324880673,0.567053867372139,-1,0.567053867372139,1.26696016175929,1.12559324880673
509,-0.570721954832356,-0.433621616279516,1,-0.433621616279516,0.325723549727666,-0.570721954832356
510,-0.114996652166054,-0.419634144847923,-1,-0.419634144847923,0.0132242300094004,0.114996652166054
511,0.062472221048196,1.49240208175456,-1,1.49240208175456,0.00390277840269466,-0.062472221048196
512,0.667485333621273,0.14551442167242,1,0.14551442167242,0.445536670599503,0.667485333621273
513,-1.42849520429066,-0.469845040272464,-1,-0.469845040272464,2.0405985486814,1.42849520429066
514,-1.05240132760158,-0.264758431053035,-1,-0.264758431053035,1.10754855433757,1.05240132760158
515,0.663313877931564,-1.43823988417703,1,-1.43823988417703,0.43998530065661,0.663313877931564
516,2.37408841792625,-0.0435829927830247,1,-0.0435829927830247,5.63629581613157,2.37408841792625
517,0.106433934463112,-0.734276949241448,1,-0.734276949241448,0.0113281824052979,0.106433934463112
518,0.546605022548139,-0.765383369380096,-1,-0.765383369380096,0.298777050674852,-0.546605022548139
519,-1.30288607427832,-0.780734823493497,1,-0.780734823493497,1.69751212254837,-1.30288607427832
520,-0.307042173676216,-2.05587729518037,-1,-2.05587729518037,0.0942748964158156,0.307042173676216
521,1.35428041101212,-0.0194512626613339,-1,-0.0194512626613339,1.83407543165117,-1.35428041101212
522,0.830397169252074,0.594789371968933,-1,0.594789371968933,0.689559458701857,-0.830397169252074
523,0.211248336281715,-1.08307744148351,1,-1.08307744148351,0.0446258595817928,0.211248336281715
524,1.06521762307114,1.37163699067499,-1,1.37163699067499,1.13468858450132,-1.06521762307114
525,-1.3679635964874,0.331202272320188,1,0.331202272320188,1.87132440131474,-1.3679635964874
526,-0.0271379609869274,0.233450090996283,1,0.233450090996283,0.000736468926527994,-0.0271379609869274
527,-1.44937565832792,-0.873930320109941,-1,-0.873930320109941,2.1006897989535,1.44937565832792
528,-1.24143235031358,-0.338670702523759,-1,-0.338670702523759,1.54115428040511,1.24143235031358
529,0.581560623805958,-1.36193308521852,1,-1.36193308521852,0.338212759161574,0.581560623805958
530,-1.44708609556288,-0.1975564117615,1,-0.1975564117615,2.09405816797141,-1.44708609556288
531,0.0884554789047618,-0.893438440929634,-1,-0.893438440929634,0.00782437174827076,-0.0884554789047618
532,1.00588080869483,0.856126055262986,-1,0.856126055262986,1.01179620130057,-1.00588080869483
533,-1.51818117353792,-1.1067705056427,1,-1.1067705056427,2.30487407568498,-1.51818117353792
534,-0.181291047030207,0.700946877051128,-1,0.700946877051128,0.0328664437333089,0.181291047030207
535,1.16766426132756,0.720698105122248,1,0.720698105122248,1.36343982718163,1.16766426132756
536,0.498358013337036,-0.357221807563895,1,-0.357221807563895,0.248360709457238,0.498358013337036
537,-1.69975743885882,0.198896215302392,-1,0.198896215302392,2.8891753509559,1.69975743885882
538,2.13204006824968,0.485648098280294,1,0.485648098280294,4.5455948526221,2.13204006824968
539,0.48109173613747,0.128056516126552,-1,0.128056516126552,0.231449258579765,-0.48109173613747
540,0.327478693055505,-0.304882464907778,-1,-0.304882464907778,0.107242294405342,-0.327478693055505
541,0.396298996995934,-0.898359229019476,-1,-0.898359229019476,0.157052895019983,-0.396298996995934
542,-0.412576111795388,1.48165808690897,1,1.48165808690897,0.1702190480242,-0.412576111795388
543,-0.381269309199681,-0.713235511229213,-1,-0.713235511229213,0.145366286137602,0.381269309199681
544,-0.181363493470359,-2.81719231282085,1,-2.81719231282085,0.0328927167637729,-0.181363493470359
545,1.27098267380997,0.227053610971677,-1,0.227053610971677,1.61539695712513,-1.27098267380997
546,0.0459107543443718,-0.494042941804602,1,-0.494042941804602,0.00210779736446925,0.0459107543443718
547,0.448756179699158,1.26484113859865,-1,1.26484113859865,0.201382108818183,-0.448756179699158
548,-1.24490373484647,-0.0140283219524929,-1,-0.0140283219524929,1.54978530903469,1.24490373484647
549,-0.0902219697773307,-0.393253195483725,1,-0.393253195483725,0.00814000383050157,-0.0902219697773307
550,-0.275851866365568,0.914196836832019,1,0.914196836832019,0.076094252177367,-0.275851866365568
551,1.16439378059596,1.7734966023275,1,1.7734966023275,1.35581287629055,1.16439378059596
552,0.220769457631007,-0.17457397158538,-1,-0.17457397158538,0.0487391534226892,-0.220769457631007
553,-0.45722254794031,-0.615009895119321,1,-0.615009895119321,0.209052458345029,-0.45722254794031
554,1.4131481858258,0.237194185725354,1,0.237194185725354,1.99698779510274,1.4131481858258
555,1.0035223170618,-0.19508613351775,-1,-0.19508613351775,1.00705704084109,-1.0035223170618
556,0.744679587742306,-0.179368076538975,1,-0.179368076538975,0.554547688400051,0.744679587742306
557,-0.21531525592252,1.84807697820919,1,1.84807697820919,0.0463606594329803,-0.21531525592252
558,0.682912346259789,-0.524246006741417,-1,-0.524246006741417,0.46636927267405,-0.682912346259789
559,0.948737477808171,0.650785318867415,-1,0.650785318867415,0.900102801797811,-0.948737477808171
560,-0.116207114001377,-0.592736998009219,-1,-0.592736998009219,0.013504093344529,0.116207114001377
561,-0.527055330012221,-0.275490134107045,-1,-0.275490134107045,0.277787320894291,0.527055330012221
562,0.577071665326824,0.556597615054723,-1,0.556597615054723,0.333011706923073,-0.577071665326824
563,0.150196902960866,0.128675365666553,1,0.128675365666553,0.0225591096590359,0.150196902960866
564,-0.0710227740958377,-0.356842878448373,1,-0.356842878448373,0.00504423444026839,-0.0710227740958377
565,1.26196664035371,-1.09779382374263,-1,-1.09779382374263,1.59255980136563,-1.26196664035371
566,1.03127233373846,1.811499890229,-1,1.811499890229,1.06352262633437,-1.03127233373846
567,-1.62613870806886,0.245085187533673,1,0.245085187533673,2.64432709787986,-1.62613870806886
568,1.26533133448564,1.17506192325296,1,1.17506192325296,1.60106338603121,1.26533133448564
569,-1.34603364271361,1.10247854005069,-1,1.10247854005069,1.81180656731686,1.34603364271361
570,0.221813352215053,0.3729534094249,-1,0.3729534094249,0.0492011632208792,-0.221813352215053
571,0.43060934373135,-0.0123253994779258,1,-0.0123253994779258,0.185424406908744,0.43060934373135
572,-1.9914608790259,1.74651049040505,-1,1.74651049040505,3.9659164326906,1.9914608790259
573,-1.0165835761313,0.955090834588013,-1,0.955090834588013,1.03344216725989,1.0165835761313
574,0.284974763369438,0.496507757391272,-1,0.496507757391272,0.0812106157574673,-0.284974763369438
575,0.05660694107805,0.0852334282718249,-1,0.0852334282718249,0.00320434577821382,-0.05660694107805
576,0.304007141421389,-2.16885918269843,-1,-2.16885918269843,0.0924203420352045,-0.304007141421389
577,0.389285500286812,-0.516550842382193,-1,-0.516550842382193,0.151543200733553,-0.389285500286812
578,1.43694562230192,1.00497078542127,-1,1.00497078542127,2.06481272145264,-1.43694562230192
579,1.17588546619935,1.26458452691176,1,1.26458452691176,1.38270662961887,1.17588546619935
580,-1.20805529234723,0.647285685239649,1,0.647285685239649,1.45939758936816,-1.20805529234723
581,-0.274593860014071,1.18072114602912,1,1.18072114602912,0.0754017879574271,-0.274593860014071
582,-2.0911550339997,-2.59010790209017,-1,-2.59010790209017,4.37292937622227,2.0911550339997
583,0.19283428440547,-1.07867574238592,-1,-1.07867574238592,0.0371850612421698,-0.19283428440547
584,-1.64767040660043,1.03217733178007,1,1.03217733178007,2.71481776878684,-1.64767040660043
585,-1.55288052963238,0.6520145935984,-1,0.6520145935984,2.41143793931134,1.55288052963238
586,0.856569792431833,-0.448734277206901,-1,-0.448734277206901,0.733711809306714,-0.856569792431833
587,-0.539557159414036,0.113801924581678,-1,0.113801924581678,0.291121928274944,0.539557159414036
588,-0.938588722073026,0.887803091085637,1,0.887803091085637,0.880948789202676,-0.938588722073026
589,-0.299457546875861,0.729665781774811,1,0.729665781774811,0.0896748223809086,-0.299457546875861
590,-0.853073432589919,-1.19559139132696,1,-1.19559139132696,0.727734281390747,-0.853073432589919
591,0.473244614457581,0.315073285653138,1,0.315073285653138,0.223960465113104,0.473244614457581
592,-0.804008342283911,-1.29548602909119,-1,-1.29548602909119,0.646429414462123,0.804008342283911
593,0.433226573759908,0.814113495269497,-1,0.814113495269497,0.187685264211749,-0.433226573759908
594,-0.365247614777179,1.29086706335807,-1,1.29086706335807,0.133405820100419,0.365247614777179
595,0.0406668585477483,-0.184830594152042,1,-0.184830594152042,0.00165379338414257,0.0406668585477483
596,0.769809810302109,0.962040078862109,-1,0.962040078862109,0.59260714403737,-0.769809810302109
597,0.466194126504947,0.260699810544048,-1,0.260699810544048,0.217336963587711,-0.466194126504947
598,0.106927232956954,0.785886971394047,-1,0.785886971394047,0.0114334331478308,-0.106927232956954
599,-0.974117405475633,1.94120074704518,-1,1.94120074704518,0.948904719650578,0.974117405475633
600,-1.057968832011,1.21865166811093,1,1.21865166811093,1.11929804950672,-1.057968832011
601,0.194404217837675,-1.32249287311599,-1,-1.32249287311599,0.0377929999130783,-0.194404217837675
602,0.635576373601516,-0.0365576382918086,1,-0.0365576382918086,0.403957326680454,0.635576373601516
603,-0.349789580458824,-0.101982690562538,-1,-0.101982690562538,0.12235275059756,0.349789580458824
604,0.379812658837797,-0.336729587411003,-1,-0.336729587411003,0.144257655813437,-0.379812658837797
605,-0.787371784927779,0.605587258269973,-1,0.605587258269973,0.619954327700356,0.787371784927779
606,-0.209030434146374,0.54298929406356,-1,0.54298929406356,0.0436937223994216,0.209030434146374
607,0.234152162575927,-0.0739040150184366,-1,-0.0739040150184366,0.0548272352389836,-0.234152162575927
608,-1.19647173573219,2.69068400578613,1,2.69068400578613,1.431544614406,-1.19647173573219
609,0.120223352707348,-1.11385922082477,-1,-1.11385922082477,0.0144536545361955,-0.120223352707348
610,0.948177330373024,-0.325524633682824,-1,-0.325524633682824,0.899040249833314,-0.948177330373024
611,0.701159747850031,0.502095284282855,-1,0.502095284282855,0.491624992005119,-0.701159747850031
612,-0.287820608430413,-0.761622058352479,1,-0.761622058352479,0.0828407026372528,-0.287820608430413
613,-1.15916906461506,-0.178561367259877,-1,-0.178561367259877,1.34367292036054,1.15916906461506
614,-0.0570446023992726,-0.0957434365506583,-1,-0.0957434365506583,0.0032540866628911,0.0570446023992726
615,0.160663693941607,0.137383186433558,1,0.137383186433558,0.0258128225509625,0.160663693941607
616,-1.09603022661421,-0.376428187353117,1,-0.376428187353117,1.201282257652,-1.09603022661421
617,-0.0835699273330897,-0.0049391787734496,-1,-0.0049391787734496,0.00698393275445789,0.0835699273330897
618,1.63088500347251,-0.0811200522622064,1,-0.0811200522622064,2.65978589455153,1.63088500347251
619,-1.58497570435889,-1.66492638380786,1,-1.66492638380786,2.51214798340794,-1.58497570435889
620,-0.0154830135322663,0.521120313329109,-1,0.521120313329109,0.000239723708040341,0.0154830135322663
621,0.126874889768536,0.977217374257926,1,0.977217374257926,0.0160972376537782,0.126874889768536
622,1.81364380719699,0.776549049975497,1,0.776549049975497,3.289303859384,1.81364380719699
623,0.656968277345122,1.14070111777877,-1,1.14070111777877,0.431607317437817,-0.656968277345122
624,-0.951076157136603,0.0721376816832008,1,0.0721376816832008,0.904545856673729,-0.951076157136603
625,0.382584012783402,-1.58116325599321,1,-1.58116325599321,0.14637052683745,0.382584012783402
626,-0.874184924104793,1.09309556726563,-1,1.09309556726563,0.764199281532103,0.874184924104793
627,-0.490854242175727,0.836632824827388,1,0.836632824827388,0.240937887061907,-0.490854242175727
628,-0.486056616987644,0.0626865578251002,-1,0.0626865578251002,0.236251034917474,0.486056616987644
629,1.43699022635767,-0.378520604064989,-1,-0.378520604064989,2.06494091064746,-1.43699022635767
630,-0.118083356360821,1.32379240654564,1,1.32379240654564,0.0139436790494367,-0.118083356360821
631,0.927442324991024,1.15771468570208,1,1.15771468570208,0.860149266184756,0.927442324991024
632,-0.962624992739832,-1.12709689604913,-1,-1.12709689604913,0.926646876647361,0.962624992739832
633,0.07621495946789,-1.07955334316058,-1,-1.07955334316058,0.00580872004669212,-0.07621495946789
634,-0.245008180277591,-0.432122882942675,1,-0.432122882942675,0.0600290084029368,-0.245008180277591
635,-0.0133453470233762,0.908030196369616,1,0.908030196369616,0.000178098287174336,-0.0133453470233762
636,-1.11163682668508,-1.140875368799,1,-1.140875368799,1.23573643444246,-1.11163682668508
637,-2.728707105298,-1.29752023487047,-1,-1.29752023487047,7.44584246650377,2.728707105298
638,-0.298238463896411,0.750947736087801,-1,0.750947736087801,0.0889461813472907,0.298238463896411
639,-1.2636990772159,0.924490262445353,1,0.924490262445353,1.59693535775631,-1.2636990772159
640,-0.402864223028909,-1.95789896272018,-1,-1.95789896272018,0.162299582196686,0.402864223028909
641,0.364039524988882,0.926926690783523,-1,0.926926690783523,0.132524775754131,-0.364039524988882
642,0.73689435031014,-0.236284823206858,1,-0.236284823206858,0.543013283519004,0.73689435031014
643,1.25581142356342,0.846343693265203,-1,0.846343693265203,1.57706233155239,-1.25581142356342
644,-0.163380115471176,0.709541582006398,1,0.709541582006398,0.0266930621313748,-0.163380115471176
645,-0.475757117228342,0.771080372319641,-1,0.771080372319641,0.226344834593422,0.475757117228342
646,-1.14675626469191,0.576257377926621,-1,0.576257377926621,1.31504993061014,1.14675626469191
647,1.51206350978102,0.212854722491138,-1,0.212854722491138,2.28633605761129,-1.51206350978102
648,-1.09333258467905,-1.50134426420391,1,-1.50134426420391,1.19537614072097,-1.09333258467905
649,0.159486246163538,0.718464662233624,1,0.718464662233624,0.0254358627153368,0.159486246163538
650,0.119570922528466,-0.401238265574673,1,-0.401238265574673,0.0142972055143084,0.119570922528466
651,-1.37902197976711,1.02502634479946,1,1.02502634479946,1.90170162068081,-1.37902197976711
652,3.75950791917279,0.160328579580559,-1,0.160328579580559,14.1338997943229,-3.75950791917279
653,-1.61987328768051,-0.628805200245272,-1,-0.628805200245272,2.62398946814086,1.61987328768051
654,0.748344281050924,-3.19325204545857,-1,-3.19325204545857,0.560019162981624,-0.748344281050924
655,-0.297429940452138,0.249394070468348,-1,0.249394070468348,0.0884645694773622,0.297429940452138
656,1.69983707924925,0.381821100920225,-1,0.381821100920225,2.88944609599063,-1.69983707924925
657,0.415154873047087,-0.328958641582005,-1,-0.328958641582005,0.172353568614743,-0.415154873047087
658,-0.191738850242037,-0.190449565273513,1,-0.190449565273513,0.0367637866921383,-0.191738850242037
659,-0.962798737190682,-0.264899328268856,1,-0.264899328268856,0.926981408335971,-0.962798737190682
660,-0.628190788933866,1.05468509947554,-1,1.05468509947554,0.394623667301353,0.628190788933866
661,-0.858452244093016,0.799643340816859,1,0.799643340816859,0.736940255388336,-0.858452244093016
662,-0.363427208506451,-1.31067375653498,-1,-1.31067375653498,0.132079335882791,0.363427208506451
663,-0.0667572507741255,-0.0531112673078662,-1,-0.0531112673078662,0.00445653053091948,0.0667572507741255
664,-1.19545632598439,0.25388362530049,1,0.25388362530049,1.42911582733609,-1.19545632598439
665,0.879056586424705,-1.05623392673913,1,-1.05623392673913,0.772740482136654,0.879056586424705
666,1.93019017519256,-1.4547506136423,1,-1.4547506136423,3.72563411240989,1.93019017519256
667,-1.99552648634144,1.34930268687997,-1,1.34930268687997,3.9821259576902,1.99552648634144
668,0.961802333944526,-0.740150114546196,-1,-0.740150114546196,0.925063729581137,-0.961802333944526
669,0.962399689325858,0.491184072508421,-1,0.491184072508421,0.926213162014508,-0.962399689325858
670,-0.892383007688655,-1.34112137923156,1,-1.34112137923156,0.796347432411449,-0.892383007688655
671,-0.685925892033415,0.876166290330148,1,0.876166290330148,0.470494329361837,-0.685925892033415
672,0.525188357991287,-0.852520758601601,1,-0.852520758601601,0.275822811369585,0.525188357991287
673,0.697951506196667,-0.591247724096905,-1,-0.591247724096905,0.487136305002196,-0.697951506196667
674,0.440302167620846,1.70549454086,1,1.70549454086,0.193865998811615,0.440302167620846
675,0.198324188197469,0.31508109194996,-1,0.31508109194996,0.0393324836241852,-0.198324188197469
676,1.68798873764369,1.24051647438859,-1,1.24051647438859,2.84930597841192,-1.68798873764369
677,-0.218013555419859,0.231994291607431,1,0.231994291607431,0.0475299103468079,-0.218013555419859
678,1.08576825295783,-0.71488935100378,-1,-0.71488935100378,1.1788926991311,-1.08576825295783
679,1.00688606223614,-0.107332419388996,-1,-0.107332419388996,1.01381954232541,-1.00688606223614
680,-2.30373831274792,-0.952184818757347,1,-0.952184818757347,5.30721021362264,-2.30373831274792
681,-0.705622051594928,1.09739190562495,1,1.09739190562495,0.497902479697036,-0.705622051594928
682,1.34251351792947,-0.210563912227082,-1,-0.210563912227082,1.80234254582336,-1.34251351792947
683,1.87317315061638,-1.07162597230886,1,-1.07162597230886,3.5087776521901,1.87317315061638
684,-1.5119562310622,-0.418025725197894,-1,-0.418025725197894,2.28601164464782,1.5119562310622
685,-1.12853127342204,-1.286506859996,-1,-1.286506859996,1.27358283509157,1.12853127342204
686,-0.542085493579548,1.64299738204778,-1,1.64299738204778,0.293856682349382,0.542085493579548
687,-1.10329954524278,-1.03537750389247,1,-1.03537750389247,1.21726988653292,-1.10329954524278
688,0.604885570915244,0.367798814403305,1,0.367798814403305,0.365886553901461,0.604885570915244
689,-2.07060533489248,0.112820913062617,1,0.112820913062617,4.28740645288519,-2.07060533489248
690,-0.175900936838508,-0.154611330644285,-1,-0.154611330644285,0.0309411395806648,0.175900936838508
691,0.123450605896473,0.740857555709033,-1,0.740857555709033,0.0152400520962063,-0.123450605896473
692,-0.357411528220869,-0.192999610921151,1,-0.192999610921151,0.127743000505177,-0.357411528220869
693,0.347776178287352,0.735843187951823,1,0.735843187951823,0.120948270184156,0.347776178287352
694,0.182490800279623,0.476412348584174,-1,0.476412348584174,0.0333028921866972,-0.182490800279623
695,-1.24223230571517,0.696218149791008,1,0.696218149791008,1.54314110136243,-1.24223230571517
696,0.508558173129724,-0.778280615022976,-1,-0.778280615022976,0.258631415457042,-0.508558173129724
697,0.283014064967378,1.28651986853438,-1,1.28651986853438,0.0800969609693593,-0.283014064967378
698,-0.750622944756015,-0.852459495680395,1,-0.852459495680395,0.563434805194192,-0.750622944756015
699,-0.506420147405,-1.2655919935457,-1,-1.2655919935457,0.256461365697702,0.506420147405
700,-0.0789998648024922,0.339271973864273,-1,0.339271973864273,0.00624097863881205,0.0789998648024922
701,0.884193320814459,1.04401146656347,-1,1.04401146656347,0.781797828572902,-0.884193320814459
702,1.46806385244896,0.89331688002166,-1,0.89331688002166,2.15521147486728,-1.46806385244896
703,0.765510033193223,1.04108150161934,1,1.04108150161934,0.58600561091949,0.765510033193223
704,-1.15484802763164,-1.65964483465786,1,-1.65964483465786,1.3336739669247,-1.15484802763164
705,0.142208791730775,0.897325208867412,-1,0.897325208867412,0.020223340445527,-0.142208791730775
706,0.894163993360595,0.163345078236853,1,0.163345078236853,0.799529247022566,0.894163993360595
707,-1.11102767441536,-0.889816433177829,-1,-0.889816433177829,1.2343824933168,1.11102767441536
708,0.336714144917282,1.80441745845403,-1,1.80441745845403,0.113376415387376,-0.336714144917282
709,-0.409648089205181,2.68323666312478,1,2.68323666312478,0.167811556989456,-0.409648089205181
710,-0.839281292926729,0.134962539948205,-1,0.134962539948205,0.704393088656762,0.839281292926729
711,-0.612769269976339,-0.632657175927254,1,-0.632657175927254,0.375486178227336,-0.612769269976339
712,0.110628474367011,-0.0673434957281873,-1,-0.0673434957281873,0.0122386593407725,-0.110628474367011
713,-0.29912952570049,0.179175981980744,1,0.179175981980744,0.0894784731457998,-0.29912952570049
714,0.142317479739639,-0.741184157939624,1,-0.741184157939624,0.0202542650394425,0.142317479739639
715,0.313192344718344,-1.2340122708337,1,-1.2340122708337,0.0980894447901742,0.313192344718344
716,-0.660726038067407,-0.0605158492351313,1,-0.0605158492351313,0.436558897380252,-0.660726038067407
717,1.28985936558116,0.540086412542069,1,0.540086412542069,1.66373718297742,1.28985936558116
718,0.589474987675686,-0.841475612190649,1,-0.841475612190649,0.34748076109525,0.589474987675686
719,0.321360652266474,1.25934329234373,-1,1.25934329234373,0.103272668825133,-0.321360652266474
720,-1.63563815417443,-1.11293901023073,1,-1.11293901023073,2.67531217139112,-1.63563815417443
721,1.55587331934598,0.169909267163469,-1,0.169909267163469,2.42074178585268,-1.55587331934598
722,-1.20845458309311,0.179339931578208,-1,0.179339931578208,1.46036247939875,1.20845458309311
723,0.863283946790588,-2.70991904831079,1,-2.70991904831079,0.745259172786334,0.863283946790588
724,-1.489298132489,-0.403315252819528,-1,-0.403315252819528,2.21800892743521,1.489298132489
725,-0.384757016327436,0.201279648336683,-1,0.201279648336683,0.148037961613191,0.384757016327436
726,0.288751683243532,-0.156103622452455,1,-0.156103622452455,0.0833775345759729,0.288751683243532
727,-0.285515906132553,-1.16439475613908,1,-1.16439475613908,0.0815193326546928,-0.285515906132553
728,1.24347003846113,0.108248876757436,-1,0.108248876757436,1.54621773655052,-1.24347003846113
729,0.203617028882951,-0.550785718504365,1,-0.550785718504365,0.0414598944511206,0.203617028882951
730,-0.4846677414117,0.150727392276993,1,0.150727392276993,0.234902819565119,-0.4846677414117
731,0.679282797638482,1.52504491535918,1,1.52504491535918,0.461425119167563,0.679282797638482
732,0.712170816652738,-0.0807560493446093,1,-0.0807560493446093,0.507187272091828,0.712170816652738
733,-0.144896377489793,0.229456153980883,1,0.229456153980883,0.0209949602096644,-0.144896377489793
734,-0.713160451029546,-0.14843690334638,1,-0.14843690334638,0.508597828912665,-0.713160451029546
735,0.810658204606774,1.08401772943234,-1,1.08401772943234,0.657166724696279,-0.810658204606774
736,-0.530572697448656,0.906796877512696,1,0.906796877512696,0.281507387277943,-0.530572697448656
737,0.233332095123436,1.14267563545236,-1,1.14267563545236,0.054443866614692,-0.233332095123436
738,-2.31426468743585,0.0660365511281174,-1,0.0660365511281174,5.35582104351256,2.31426468743585
739,1.49232779194884,0.424067912099286,-1,0.424067912099286,2.2270422386229,-1.49232779194884
740,0.463648430466681,0.509392686298368,1,0.509392686298368,0.214969867074217,0.463648430466681
741,0.496581748282084,-1.75723437875015,1,-1.75723437875015,0.246593432726891,0.496581748282084
742,0.0482645053188945,-0.628242491515708,1,-0.628242491515708,0.0023294624736776,0.0482645053188945
743,-0.0432774702710843,1.60576064648625,-1,1.60576064648625,0.00187293943306459,0.0432774702710843
744,-0.536694505376277,1.66316288583845,1,1.66316288583845,0.288040992101087,-0.536694505376277
745,-0.617613963857572,-0.813890065989286,1,-0.813890065989286,0.381447008351863,-0.617613963857572
746,-0.842255459399216,-0.197120339055995,-1,-0.197120339055995,0.709394258887784,0.842255459399216
747,-0.366332544668846,0.0070446927854238,1,0.0070446927854238,0.134199533283552,-0.366332544668846
748,0.672810766205903,-0.105007967579204,-1,-0.105007967579204,0.452674327122574,-0.672810766205903
749,0.887912782065494,-0.722028513644001,-1,-0.722028513644001,0.788389108555286,-0.887912782065494
750,1.20352235140418,-1.06512603364058,1,-1.06512603364058,1.44846605032944,1.20352235140418
751,0.169691149820581,0.243991880499168,1,0.243991880499168,0.0287950863274308,0.169691149820581
752,-0.376634677315384,0.427723931960028,1,0.427723931960028,0.141853680156463,-0.376634677315384
753,0.695721717564237,-0.494392061581531,1,-0.494392061581531,0.484028708290533,0.695721717564237
754,-0.167278215784813,-0.640999926737484,1,-0.640999926737484,0.0279820014761505,-0.167278215784813
755,0.389499420290372,-0.0400508612154065,1,-0.0400508612154065,0.151709798406536,0.389499420290372
756,1.54331980685309,0.211544307931455,1,0.211544307931455,2.38183602622506,1.54331980685309
757,0.187162368983012,-0.443795495893786,1,-0.443795495893786,0.0350297523633332,0.187162368983012
758,2.06927137441498,-1.8749767056192,1,-1.8749767056192,4.28188402097327,2.06927137441498
759,0.980765337605564,1.16844751938097,-1,1.16844751938097,0.961900647448556,-0.980765337605564
760,-0.527580449979824,0.0396642462948796,-1,0.0396642462948796,0.278341131200913,0.527580449979824
761,0.71209963378158,1.87304732615514,-1,1.87304732615514,0.507085888431861,-0.71209963378158
762,0.855000094438758,0.152451509944485,1,0.152451509944485,0.731025161490285,0.855000094438758
763,0.139132157296932,0.271164986267217,-1,0.271164986267217,0.0193577571940983,-0.139132157296932
764,1.55113781625934,0.213326034961447,-1,0.213326034961447,2.40602852502981,-1.55113781625934
765,0.509052763588029,0.21531865301637,-1,0.21531865301637,0.259134716116609,-0.509052763588029
766,1.45833427110591,-0.177646452065247,1,-0.177646452065247,2.12673884628201,1.45833427110591
767,0.250316085808825,0.175747195182729,-1,0.175747195182729,0.0626581428146512,-0.250316085808825
768,0.940977364165137,-1.66341587257782,1,-1.66341587257782,0.885438399871169,0.940977364165137
769,1.10018511322874,0.284564726903297,-1,0.284564726903297,1.21040728337012,-1.10018511322874
770,-0.396933550398406,0.437287997720267,-1,0.437287997720267,0.157556243431884,0.396933550398406
771,0.209301656615301,0.419450420186174,1,0.419450420186174,0.0438071834619094,0.209301656615301
772,-1.1090398062141,0.204321009020161,-1,0.204321009020161,1.22996929176742,1.1090398062141
773,-0.119245211125189,-1.05851668767265,1,-1.05851668767265,0.0142194203762908,-0.119245211125189
774,-1.17822020172264,0.473572336494415,1,0.473572336494415,1.38820284374734,-1.17822020172264
775,0.639024450955416,-0.381880671434153,1,-0.381880671434153,0.408352248918871,0.639024450955416
776,2.03606095244526,0.521688148532374,-1,0.521688148532374,4.14554420207229,-2.03606095244526
777,-0.604018408268945,0.343942823062866,1,0.343942823062866,0.36483823752775,-0.604018408268945
778,1.00062318107002,-0.204687179753118,1,-0.204687179753118,1.00124675049469,1.00062318107002
779,0.123143714325544,0.649674942525669,-1,0.649674942525669,0.0151643743778911,-0.123143714325544
780,-0.742410378307235,-0.684965906741526,1,-0.684965906741526,0.551173169818291,-0.742410378307235
781,-0.418156982846793,-0.62148073205601,1,-0.62148073205601,0.174855262303533,-0.418156982846793
782,-0.82773760069101,-0.558935113994261,-1,-0.558935113994261,0.68514953559771,0.82773760069101
783,0.667803609450745,0.835132378181965,-1,0.835132378181965,0.445961660795444,-0.667803609450745
784,-0.629022831904276,1.0157361236208,1,1.0157361236208,0.395669723056876,-0.629022831904276
785,1.25953040137981,0.221009492371904,1,0.221009492371904,1.586416832,1.25953040137981
786,0.930066190892207,-0.156544849069722,-1,-0.156544849069722,0.86502311944074,-0.930066190892207
787,1.66693854482222,-0.623171488263588,1,-0.623171488263588,2.77868411221403,1.66693854482222
788,-0.914283444559412,1.18958491969007,-1,1.18958491969007,0.835914216995424,0.914283444559412
789,-0.350508172859323,0.603675821470687,1,0.603675821470687,0.122855979241181,-0.350508172859323
790,0.213263608752198,0.56487929995272,1,0.56487929995272,0.0454813668180107,0.213263608752198
791,0.126966634952078,0.764466417799421,1,0.764466417799421,0.0161205263910541,0.126966634952078
792,-0.049115945212075,-0.810784393477706,-1,-0.810784393477706,0.00241237607407555,0.049115945212075
793,-0.0360668842236107,0.227354458584806,1,0.227354458584806,0.00130082013759934,-0.0360668842236107
794,-0.589772310614992,1.52555855029785,-1,1.52555855029785,0.347831378368146,0.589772310614992
795,-1.10970478925029,1.02959260940454,-1,1.02959260940454,1.23144471928503,1.10970478925029
796,-0.0311862088297173,-0.458337910138119,1,-0.458337910138119,0.000972579621170737,-0.0311862088297173
797,-1.26533216596542,-0.352917418627883,1,-0.352917418627883,1.60106549022675,-1.26533216596542
798,-2.09470037824317,0.194264913441303,1,0.194264913441303,4.38776967461209,-2.09470037824317
799,-1.53665102111028,1.89353780707169,1,1.89353780707169,2.36129636067926,-1.53665102111028
800,-0.560807619362739,0.612684060039167,-1,0.612684060039167,0.314505185935303,0.560807619362739
801,-0.139616842740443,-0.650724566291884,1,-0.650724566291884,0.0194928627768095,-0.139616842740443
802,0.862850193472684,0.901154102461088,-1,0.901154102461088,0.744510456375849,-0.862850193472684
803,1.68161709166595,0.867732348648725,-1,0.867732348648725,2.82783604298306,-1.68161709166595
804,0.418178087751412,0.190705018251034,1,0.190705018251034,0.174872913075428,0.418178087751412
805,-0.460245800710948,1.6506202770853,-1,1.6506202770853,0.211826197072062,0.460245800710948
806,-0.884282856600089,0.871133400414759,-1,0.871133400414759,0.781956170476813,0.884282856600089
807,0.207604655584294,0.134950298476425,-1,0.134950298476425,0.0430996930202732,-0.207604655584294
808,1.34626916598432,-0.290608643794561,1,-0.290608643794561,1.81244066728012,1.34626916598432
809,0.0554416045661083,-0.151526281253624,1,-0.151526281253624,0.00307377151686472,0.0554416045661083
810,1.66573250142534,-1.06985681572199,-1,-1.06985681572199,2.77466476630471,-1.66573250142534
811,-0.0595513982376548,-1.35084742004945,1,-1.35084742004945,0.00354636903205975,-0.0595513982376548
812,-0.59288717951763,-0.369121979809005,1,-0.369121979809005,0.351515207636371,-0.59288717951763
813,0.621057373052862,-1.11505401083635,1,-1.11505401083635,0.385712260623321,0.621057373052862
814,-0.814249948670223,1.96687085087638,1,1.96687085087638,0.663002978909461,-0.814249948670223
815,1.01238382698231,-0.483151603829366,-1,-0.483151603829366,1.02492101313535,-1.01238382698231
816,-0.583520165664896,1.5827979361112,1,1.5827979361112,0.340495783737587,-0.583520165664896
817,-0.703656141498009,-0.439382090116741,1,-0.439382090116741,0.495131965467866,-0.703656141498009
818,0.645032778653309,0.0853103340833567,1,0.0853103340833567,0.416067285537208,0.645032778653309
819,0.361819230175839,-0.928488726777713,-1,-0.928488726777713,0.130913155325037,-0.361819230175839
820,0.882661157984863,-0.370579307359373,-1,-0.370579307359373,0.77909071981518,-0.882661157984863
821,0.703899369326433,0.0213160265876115,-1,0.0213160265876115,0.49547432213815,-0.703899369326433
822,-1.55883486053474,-0.968121683514547,-1,-0.968121683514547,2.42996612241837,1.55883486053474
823,0.627659955549837,0.0905007318189881,1,0.0905007318189881,0.393957019800823,0.627659955549837
824,0.469066340420015,-0.276520664409115,-1,-0.276520664409115,0.220023231715026,-0.469066340420015
825,1.27502629301142,-0.271725313246734,-1,-0.271725313246734,1.62569204787043,-1.27502629301142
826,-0.759142512125938,-0.454941972856724,1,-0.454941972856724,0.57629735371688,-0.759142512125938
827,-0.114617885336916,-0.147810663472995,-1,-0.147810663472995,0.0131372596391065,0.114617885336916
828,1.08108441220568,0.943857565433657,1,0.943857565433657,1.1687435063141,1.08108441220568
829,1.5852821733021,-2.03808477178927,-1,-2.03808477178927,2.51311956898942,-1.5852821733021
830,0.79619119660467,1.1710079051833,-1,1.1710079051833,0.633920421550776,-0.79619119660467
831,0.302319460444421,-0.2795759640702,-1,-0.2795759640702,0.0913970561634058,-0.302319460444421
832,-1.19931256009141,-2.53431945594171,-1,-2.53431945594171,1.438350616793,1.19931256009141
833,-0.0414299264316683,0.561025151836989,-1,0.561025151836989,0.00171643880413345,0.0414299264316683
834,2.20835282611569,-0.916849150934315,1,-0.916849150934315,4.87682220461313,2.20835282611569
835,-1.88639786118474,-0.689206027956244,1,-0.689206027956244,3.55849689068237,-1.88639786118474
836,-0.100686667711649,-1.55658626159283,1,-1.55658626159283,0.010137805054876,-0.100686667711649
837,-2.10355636302297,0.360257783123778,1,0.360257783123778,4.42494937241443,-2.10355636302297
838,-1.68669855460923,0.491356181349459,1,0.491356181349459,2.84495201412087,-1.68669855460923
839,0.0171484066000391,0.524065948178614,1,0.524065948178614,0.000294067848920265,0.0171484066000391
840,0.504600944639671,-0.967594125344058,-1,-0.967594125344058,0.254622113331248,-0.504600944639671
841,0.990837778580688,-1.0418471358566,-1,-1.0418471358566,0.981759503462713,-0.990837778580688
842,-0.568226694977049,-1.28225117957419,-1,-1.28225117957419,0.322881576884541,0.568226694977049
843,0.996619790039186,-0.0442580828175145,-1,-0.0442580828175145,0.993251005897752,-0.996619790039186
844,-0.585363272043837,-0.439593277796827,1,-0.439593277796827,0.342650160257867,-0.585363272043837
845,-0.180676723533304,0.438097064854135,-1,0.438097064854135,0.0326440784267299,0.180676723533304
846,2.05415331323504,1.61448608826793,-1,1.61448608826793,4.21954583427448,-2.05415331323504
847,-1.40733370502405,-0.897412322691927,-1,-0.897412322691927,1.98058815729671,1.40733370502405
848,0.372214534677166,1.24899684150689,-1,1.24899684150689,0.138543659824939,-0.372214534677166
849,0.455448882688311,-0.62574343210709,1,-0.62574343210709,0.207433684742031,0.455448882688311
850,-0.337372875347306,-0.101381469553087,-1,-0.101381469553087,0.113820457020109,0.337372875347306
851,-0.933213361167934,1.31037928220399,1,1.31037928220399,0.870887177462354,-0.933213361167934
852,0.823227345614267,0.941970011973321,1,0.941970011973321,0.677703262567112,0.823227345614267
853,0.997013344380514,-0.822964130358369,-1,-0.822964130358369,0.994035608872818,-0.997013344380514
854,0.436642040799583,-0.539583227288226,1,-0.539583227288226,0.190656271793624,0.436642040799583
855,-0.590936252513248,-1.06703339828951,1,-1.06703339828951,0.349205654534401,-0.590936252513248
856,-1.62099184933576,-0.7879978084826,1,-0.7879978084826,2.62761457561296,-1.62099184933576
857,-0.105404267988095,0.93682896821891,-1,0.93682896821891,0.0111100597101061,0.105404267988095
858,-0.464701670808062,0.278828453917635,1,0.278828453917635,0.215947642851805,-0.464701670808062
859,-0.735378818301548,1.59214464511121,-1,1.59214464511121,0.540782006406581,0.735378818301548
860,0.396068437815441,-0.140678114294668,-1,-0.140678114294668,0.156870207433564,-0.396068437815441
861,0.368361839809146,-1.06344403869378,1,-1.06344403869378,0.135690445027579,0.368361839809146
862,1.50910963663816,-0.240148039027189,-1,-0.240148039027189,2.27741189539416,-1.50910963663816
863,-1.75708225571259,0.39089481656758,-1,0.39089481656758,3.08733805334005,1.75708225571259
864,-0.30502276715597,-0.019682619203625,1,-0.019682619203625,0.0930388884834852,-0.30502276715597
865,-0.186614425304725,1.34263150950412,-1,1.34263150950412,0.034824943731813,0.186614425304725
866,-0.352780054460909,-0.342883501850186,1,-0.342883501850186,0.124453766825442,-0.352780054460909
867,2.28671395593873,0.868941848154704,1,0.868941848154704,5.22906071628496,2.28671395593873
868,-0.300103450334298,0.116716776223712,1,0.116716776223712,0.0900620809025505,-0.300103450334298
869,1.25456563122655,2.45836750508429,-1,2.45836750508429,1.57393492305488,-1.25456563122655
870,-0.476580233300106,-0.474509561103955,-1,-0.474509561103955,0.227128718772383,0.476580233300106
871,0.782963184646216,-0.105718685400575,1,-0.105718685400575,0.613031348511344,0.782963184646216
872,-0.658080414852818,1.19000268044323,1,1.19000268044323,0.433069832412856,-0.658080414852818
873,-0.933197553498268,1.29980338013335,-1,1.29980338013335,0.870857673855152,0.933197553498268
874,0.748323359817476,-0.490297043340632,1,-0.490297043340632,0.559987850848516,0.748323359817476
875,-0.240519766243899,-0.441568889774497,-1,-0.441568889774497,0.0578497579540197,0.240519766243899
876,1.39911958848235,-0.0865885082194125,1,-0.0865885082194125,1.95753562287503,1.39911958848235
877,-2.67790212952193,-0.914038198229973,-1,-0.914038198229973,7.17115981529807,2.67790212952193
878,-0.246446607290511,-0.173290182764766,1,-0.173290182764766,0.0607359302450035,-0.246446607290511
879,-0.367063306293504,1.19157324079055,1,1.19157324079055,0.134735470827119,-0.367063306293504
880,-1.43720261954059,-0.289440710503616,-1,-0.289440710503616,2.06555136961432,1.43720261954059
881,-0.82637394948553,2.02407835618958,-1,2.02407835618958,0.682893904388313,0.82637394948553
882,0.480419028580925,-0.140210213740832,1,-0.140210213740832,0.230802443022639,0.480419028580925
883,0.821466845577862,-1.41428260563016,1,-1.41428260563016,0.674807778383642,0.821466845577862
884,-0.919153441385123,0.302915604881807,-1,0.302915604881807,0.844843048810115,0.919153441385123
885,0.141842501079195,0.822404396704403,1,0.822404396704403,0.0201192951124013,0.141842501079195
886,-1.36928543174963,-0.231824421179682,1,-0.231824421179682,1.87494259360177,-1.36928543174963
887,1.76858963106013,-1.59680527486645,1,-1.59680527486645,3.12790928309342,1.76858963106013
888,-0.651665120018195,-1.36851400052731,1,-1.36851400052731,0.424667428648328,-0.651665120018195
889,0.24400219545061,0.208373388894286,-1,0.208373388894286,0.0595370713847178,-0.24400219545061
890,0.587008187496592,0.828562262898908,-1,0.828562262898908,0.344578612188035,-0.587008187496592
891,-0.745651724946695,0.926250370559242,1,0.926250370559242,0.555996494915981,-0.745651724946695
892,-1.38003028691621,0.27656296548883,1,0.27656296548883,1.90448359280604,-1.38003028691621
893,0.651774182034534,-2.24468536233106,1,-2.24468536233106,0.424809584366786,0.651774182034534
894,-1.13585732686802,-0.188269397373134,-1,-0.188269397373134,1.29017186699976,1.13585732686802
895,1.23062822522894,1.5190364865492,1,1.5190364865492,1.51444582873013,1.23062822522894
896,-0.703339064068559,1.05284278485333,1,1.05284278485333,0.494685839044836,-0.703339064068559
897,-0.563262179973008,0.180027138564675,1,0.180027138564675,0.317264283387945,-0.563262179973008
898,-0.724500926064829,0.699651138968813,-1,0.699651138968813,0.524901591868795,0.724500926064829
899,-0.334562539118156,-1.17241410401334,1,-1.17241410401334,0.111932092581188,-0.334562539118156
900,-0.858714306608959,0.256701364328703,-1,0.256701364328703,0.737390260374906,0.858714306608959
901,0.431826209795488,0.148425502701847,1,0.148425502701847,0.186473875466337,0.431826209795488
902,-0.0263936720841431,0.425983491024204,-1,0.425983491024204,0.000696625926085275,0.0263936720841431
903,2.94332580400657,1.01956982671554,-1,1.01956982671554,8.66316678853095,-2.94332580400657
904,0.949193470115667,1.89490536805233,-1,1.89490536805233,0.900968243710222,-0.949193470115667
905,-0.508169084318398,-0.0132895486638926,-1,-0.0132895486638926,0.258235818256999,0.508169084318398
906,-0.452219261476727,1.09369345896314,1,1.09369345896314,0.204502260450556,-0.452219261476727
907,-1.70936431277436,1.21260424229852,-1,1.21260424229852,2.92192635378656,1.70936431277436
908,0.756227581001851,1.02865717663896,1,1.02865717663896,0.571880154267911,0.756227581001851
909,0.662826541994835,-0.143639124310878,1,-0.143639124310878,0.439339024772831,0.662826541994835
910,-1.43413641606607,1.09537282162013,-1,1.09537282162013,2.05674725988682,1.43413641606607
911,0.265558291436634,0.242278801443318,-1,0.242278801443318,0.070521206150744,-0.265558291436634
912,-0.624489215560647,-0.734104835211907,1,-0.734104835211907,0.389986780351552,-0.624489215560647
913,2.35223281815145,0.40221555095613,1,0.40221555095613,5.5329992307887,2.35223281815145
914,0.748656499751746,0.727731430418597,1,0.727731430418597,0.560486554620536,0.748656499751746
915,0.528418324142923,-0.544944102797271,-1,-0.544944102797271,0.279225925290016,-0.528418324142923
916,1.68828310336732,-0.0302491284830744,1,-0.0302491284830744,2.85029983711558,1.68828310336732
917,-1.14692564620845,-0.519521806580018,-1,-0.519521806580018,1.31543843793067,1.14692564620845
918,1.7466128386525,1.45213054020996,1,1.45213054020996,3.05065640814574,1.7466128386525
919,0.891194011286153,0.379205428097593,-1,0.379205428097593,0.794226765752304,-0.891194011286153
920,-0.912988505231698,0.607177058185677,-1,0.607177058185677,0.833548010685211,0.912988505231698
921,0.216558741013432,3.68058325107859,1,3.68058325107859,0.0468976883093229,0.216558741013432
922,-1.27548677071139,-0.338676269389444,-1,-0.338676269389444,1.62686650225977,1.27548677071139
923,-0.324870328807422,-0.703925986438756,1,-0.703925986438756,0.105540730539443,-0.324870328807422
924,-1.4890955039285,0.833173676829313,-1,0.833173676829313,2.21740541982008,1.4890955039285
925,-1.98007333128314,0.24072423368864,1,0.24072423368864,3.92069039725872,-1.98007333128314
926,-0.758329627711416,0.403878616755856,-1,0.403878616755856,0.575063824264934,0.758329627711416
927,0.24673115579962,-1.80778223040853,1,-1.80778223040853,0.0608762632422164,0.24673115579962
928,-0.782444466699079,1.0307584266047,1,1.0307584266047,0.612219343468006,-0.782444466699079
929,-0.327874182345393,-0.0322308508152569,-1,-0.0322308508152569,0.10750147944866,0.327874182345393
930,-0.146885418803527,0.071354044256875,1,0.071354044256875,0.0215753262570876,-0.146885418803527
931,1.36453679158205,-0.109413990373857,-1,-0.109413990373857,1.86196065558104,-1.36453679158205
932,-1.01160639568764,-1.8075592819079,-1,-1.8075592819079,1.02334749979614,1.01160639568764
933,1.00945006456014,1.82597761471725,1,1.82597761471725,1.01898943284047,1.00945006456014
934,0.359249154932504,-0.0156963679623328,1,-0.0156963679623328,0.129059955319718,0.359249154932504
935,0.408968913230391,1.06771198621623,1,1.06771198621623,0.167255571988847,0.408968913230391
936,-0.685289003020827,2.15260186757814,-1,2.15260186757814,0.469621017661279,0.685289003020827
937,0.268846984396309,0.417085889287975,-1,0.417085889287975,0.0722787010189892,-0.268846984396309
938,-0.636459696956692,-0.0406388214320911,1,-0.0406388214320911,0.405080945850204,-0.636459696956692
939,-1.83694162984453,0.0249794736595814,1,0.0249794736595814,3.37435455145589,-1.83694162984453
940,-0.400167136991266,-1.09244264870935,-1,-1.09244264870935,0.160133737527787,0.400167136991266
941,0.632703153457012,-0.386116400188761,1,-0.386116400188761,0.400313280394447,0.632703153457012
942,-1.58132720602805,0.0717899410176892,1,0.0717899410176892,2.50059573252449,-1.58132720602805
943,1.32739357639874,0.595942147006932,-1,0.595942147006932,1.76197370666464,-1.32739357639874
944,-1.17633190479446,0.987374739987775,-1,0.987374739987775,1.38375675023736,1.17633190479446
945,1.36312016294917,-2.0203586323787,-1,-2.0203586323787,1.85809657863858,-1.36312016294917
946,0.887120503757683,-0.796170280787478,-1,-0.796170280787478,0.786982788187285,-0.887120503757683
947,0.757424122902456,0.0668421115886534,1,0.0668421115886534,0.573691301954554,0.757424122902456
948,0.0970476509686564,1.03720108435474,1,1.03720108435474,0.00941824655853416,0.0970476509686564
949,-0.161267078998335,-0.10599050712978,1,-0.10599050712978,0.0260070707686552,-0.161267078998335
950,-0.577047109832386,3.19667623318964,1,3.19667623318964,0.33298336696591,-0.577047109832386
951,0.251328929116048,-0.462372326355017,1,-0.462372326355017,0.0631662306106196,0.251328929116048
952,0.253493602800272,0.468259447792973,1,0.468259447792973,0.0642590066606618,0.253493602800272
953,-0.105313850670609,-0.0630526946797892,-1,-0.0630526946797892,0.0110910071430714,0.105313850670609
954,-0.445092202507604,-0.801600031947799,-1,-0.801600031947799,0.19810706873307,0.445092202507604
955,-0.181765580202436,0.890022149425406,1,0.890022149425406,0.0330387261463283,-0.181765580202436
956,-1.29166795464817,0.644610579455936,-1,0.644610579455936,1.66840610506498,1.29166795464817
957,0.643991602606549,1.43110519792077,1,1.43110519792077,0.414725184227752,0.643991602606549
958,-0.863689970690131,-0.457719716619698,-1,-0.457719716619698,0.745960365470719,0.863689970690131
959,-0.214825166076983,0.790041869328123,-1,0.790041869328123,0.0461498519800032,0.214825166076983
960,-0.546964221847613,-2.13936837610465,-1,-2.13936837610465,0.299169859981365,0.546964221847613
961,0.101204817319987,-0.0777139348066629,-1,-0.0777139348066629,0.010242415048772,-0.101204817319987
962,-0.24143061144267,-1.66312041851416,1,-1.66312041851416,0.0582887401415813,-0.24143061144267
963,0.19595202109139,1.64019703137424,1,1.64019703137424,0.0383971945698006,0.19595202109139
964,0.944112848015068,-0.629646228883623,-1,-0.629646228883623,0.891349069787124,-0.944112848015068
965,2.5913345140016,-0.183882551128349,-1,-0.183882551128349,6.71501456345591,-2.5913345140016
966,-0.144016355093394,-0.620692638597987,-1,-0.620692638597987,0.0207407105343866,0.144016355093394
967,1.35366110503791,1.07887094423214,1,1.07887094423214,1.83239838729246,1.35366110503791
968,0.818385155719277,0.571788814052269,1,0.571788814052269,0.669754263101665,0.818385155719277
969,0.98710024750371,-1.04797428254042,-1,-1.04797428254042,0.974366898621885,-0.98710024750371
970,-1.00877618939636,-0.307810374653528,-1,-0.307810374653528,1.01762940029303,1.00877618939636
971,-0.464112048020664,-1.20693733675945,1,-1.20693733675945,0.215399993117935,-0.464112048020664
972,-0.225224299961955,-0.627912552789275,-1,-0.627912552789275,0.0507259852933525,0.225224299961955
973,0.779940934332255,-0.03343682811283,-1,-0.03343682811283,0.608307861047072,-0.779940934332255
974,0.0753384533040919,0.759380627027681,1,0.759380627027681,0.00567588254625284,0.0753384533040919
975,-0.785236553530135,-1.58265124922615,-1,-1.58265124922615,0.616596444999884,0.785236553530135
976,0.230102024732144,0.642146590783563,-1,0.642146590783563,0.0529469417858323,-0.230102024732144
977,-0.484888363500579,-0.910417518145536,1,-0.910417518145536,0.23511672505827,-0.484888363500579
978,-0.430450052688313,-2.73471211617746,-1,-2.73471211617746,0.185287247859371,0.430450052688313
979,-0.542361990602803,-0.0752089900196042,1,-0.0752089900196042,0.294156528850635,-0.542361990602803
980,-0.488199896617117,1.44264185761146,1,1.44264185761146,0.238339139056963,-0.488199896617117
981,-0.662556592267895,0.0796647015626487,1,0.0796647015626487,0.438981237957646,-0.662556592267895
982,1.48035277314814,0.475257939637181,-1,0.475257939637181,2.19144433296739,-1.48035277314814
983,0.92246935862387,0.209467212735527,1,0.209467212735527,0.850949717599934,0.92246935862387
984,0.0280129639468033,1.83367560567978,1,1.83367560567978,0.000784726149084902,0.0280129639468033
985,0.629611432705076,0.208091048227407,1,0.208091048227407,0.396410556192939,0.629611432705076
986,-0.191639680893198,-0.57331163723188,-1,-0.57331163723188,0.0367257672928466,0.191639680893198
987,-0.250039112230658,-0.167167153419698,1,-0.167167153419698,0.0625195576450957,-0.250039112230658
988,0.7536198681223,1.19308360161094,1,1.19308360161094,0.567942905628672,0.7536198681223
989,1.1043548084944,-0.704386189306443,1,-0.704386189306443,1.21959954304469,1.1043548084944
990,0.0574535642716179,-0.447409283347058,-1,-0.447409283347058,0.00330091204751293,-0.0574535642716179
991,-1.82783236318606,-0.262493474342433,-1,-0.262493474342433,3.34097114791032,1.82783236318606
992,0.917946004838961,-0.700145412701965,1,-0.700145412701965,0.842624867799809,0.917946004838961
993,0.411966269971655,-0.560536073082422,1,-0.560536073082422,0.169716207594359,0.411966269971655
994,-0.27003857766698,1.89518767332892,-1,1.89518767332892,0.0729208334284055,0.27003857766698
995,0.347888783613952,1.97723677010926,1,1.97723677010926,0.121026605764395,0.347888783613952
996,-0.456781277795788,-0.110572140141532,-1,-0.110572140141532,0.208649135744752,0.456781277795788
997,-0.490632377244029,3.15820815061502,-1,3.15820815061502,0.240720129600127,0.490632377244029
998,1.12489291005548,0.432577948916383,1,0.432577948916383,1.26538405909309,1.12489291005548
999,0.181017290455426,-0.99483659059946,1,-0.99483659059946,0.0327672594438242,0.181017290455426
1000,0.157090298497976,0.144548438585848,1,0.144548438585848,0.0246773618821832,0.157090298497976
1001,-0.509110735706075,-1.790899574498,-1,-1.790899574498,0.259193741211181,0.509110735706075
1002,0.61298071845148,0.557752023929355,1,0.557752023929355,0.375745361193293,0.61298071845148
1003,0.417235567007822,1.68453472579337,1,1.68453472579337,0.174085518376339,0.417235567007822
1004,-1.26527926778761,0.576684884042391,1,0.576684884042391,1.60093162549314,-1.26527926778761
1005,0.215252418217259,0.533359937799929,-1,0.533359937799929,0.0463336035483779,-0.215252418217259
1006,2.40755936064941,0.259933588647192,1,0.259933588647192,5.79634207505061,2.40755936064941
1007,0.124872346363655,1.52327630574913,-1,1.52327630574913,0.0155931028863646,-0.124872346363655
1008,-0.745807338068494,0.540822687413303,-1,0.540822687413303,0.556228585516813,0.745807338068494
1009,-1.02504299373457,0.780827918809964,1,0.780827918809964,1.05071313900434,-1.02504299373457
1010,-1.36096510929023,1.09270788654988,-1,1.09270788654988,1.85222602870538,1.36096510929023
1011,0.342468361277225,-1.18935396790429,1,-1.18935396790429,0.117284578475908,0.342468361277225
1012,-1.12096645761801,-1.90099776023271,-1,-1.90099776023271,1.25656579910467,1.12096645761801
1013,1.4487385684446,0.348767025264058,1,0.348767025264058,2.09884343969892,1.4487385684446
1014,0.353517670639236,0.85475272583868,1,0.85475272583868,0.124974743454192,0.353517670639236
1015,-0.727010039908984,-1.08662172361445,-1,-1.08662172361445,0.528543598128462,0.727010039908984
1016,-0.93113329103089,-0.851038801140579,1,-0.851038801140579,0.867009205666016,-0.93113329103089
1017,-0.884872615593435,0.590489420243484,-1,0.590489420243484,0.782999545827167,0.884872615593435
1018,-2.35702161258799,0.347901557188731,1,0.347901557188731,5.55555088220689,-2.35702161258799
1019,-0.211056037220465,-0.862404322142096,-1,-0.862404322142096,0.0445446508472063,0.211056037220465
1020,-2.03375995920085,1.35199545854514,-1,1.35199545854514,4.13617957164862,2.03375995920085
1021,-0.565299075530071,-0.2444945489234,-1,-0.2444945489234,0.319563044795153,0.565299075530071
1022,1.33062479043186,0.334213037764064,1,0.334213037764064,1.77056233291182,1.33062479043186
1023,-1.00939674561079,-0.345953956215348,1,-0.345953956215348,1.01888179004966,-1.00939674561079
1024,-1.85295897439879,1.37016399125704,-1,1.37016399125704,3.43345696080502,1.85295897439879
1025,-0.669483687948582,-0.73913110935398,1,-0.73913110935398,0.448208408429235,-0.669483687948582
1026,-0.0750116716389025,1.84140147675935,1,1.84140147675935,0.00562675088206253,-0.0750116716389025
1027,-0.381047495108525,-0.439324276226687,1,-0.439324276226687,0.145197193528481,-0.381047495108525
1028,-0.213734223601777,0.225999329482833,1,0.225999329482833,0.0456823183386544,-0.213734223601777
1029,0.115063957237057,0.827309668723397,1,0.827309668723397,0.0132397142550513,0.115063957237057
1030,1.55445869922722,0.381230942322043,-1,0.381230942322043,2.41634184760317,-1.55445869922722
1031,-1.40520126717757,0.004256439344591,1,0.004256439344591,1.97459060127746,-1.40520126717757
1032,-2.12187895033689,0.236801977405262,1,0.236801977405262,4.50237027988279,-2.12187895033689
1033,0.139892052704708,0.412389276526277,-1,0.412389276526277,0.0195697864099367,-0.139892052704708
1034,-0.0478896379444114,-0.27381350002047,1,-0.27381350002047,0.00229341742244681,-0.0478896379444114
1035,-0.25762619921037,-0.296313782705975,-1,-0.296313782705975,0.0663712585195811,0.25762619921037
1036,-1.1657648414868,-0.508956676020935,1,-0.508956676020935,1.35900766564674,-1.1657648414868
1037,-0.0911991821412463,-2.07889418034569,-1,-2.07889418034569,0.00831729082323222,0.0911991821412463
1038,-0.474924968295122,0.280049576833791,1,0.280049576833791,0.225553725510123,-0.474924968295122
1039,-1.23386353105783,-1.37445633157289,-1,-1.37445633157289,1.52241921327451,1.23386353105783
1040,-0.868832528692968,-0.990178229119366,1,-0.990178229119366,0.754869962915017,-0.868832528692968
1041,-0.004177454672807,0.46591179581811,1,0.46591179581811,1.7451127543357e-05,-0.004177454672807
1042,0.755699990020584,-1.39547924020257,-1,-1.39547924020257,0.57108247491711,-0.755699990020584
1043,0.895876028675915,0.0919393378875047,1,0.0919393378875047,0.802593858756129,0.895876028675915
1044,0.041589134444788,-0.15541691008962,-1,-0.15541691008962,0.00172965610386665,-0.041589134444788
1045,-0.0855321514505493,-0.462015741723265,1,-0.462015741723265,0.0073157489317597,-0.0855321514505493
1046,1.16423098320407,1.1237932674038,1,1.1237932674038,1.35543378225231,1.16423098320407
1047,-0.581369550453278,2.54224228227476,1,2.54224228227476,0.337990554194247,-0.581369550453278
1048,-0.671744869254988,0.937727676931353,1,0.937727676931353,0.451241169370401,-0.671744869254988
1049,0.430353079101062,-0.357085626198634,1,-0.357085626198634,0.185203772691765,0.430353079101062
1050,0.814179918145066,-1.09684051937311,1,-1.09684051937311,0.662888939110707,0.814179918145066
1051,-0.214008775048941,0.947850901343366,1,0.947850901343366,0.0457997557979481,-0.214008775048941
1052,0.176139366756414,0.99694825240841,-1,0.99694825240841,0.0310250765213505,-0.176139366756414
1053,0.222148242624545,0.350721826393625,-1,0.350721826393625,0.0493498417011738,-0.222148242624545
1054,-1.09374331603771,-1.29641022583297,-1,-1.29641022583297,1.19627444137716,1.09374331603771
1055,-1.19981413080908,0.828261865232052,-1,0.828261865232052,1.43955394848914,1.19981413080908
1056,-1.12223832001565,-0.0396101770641202,-1,-0.0396101770641202,1.25941884691155,1.12223832001565
1057,2.37624966836424,0.133261788499626,-1,0.133261788499626,5.64656248640115,-2.37624966836424
1058,1.12435864288213,0.362061215260111,1,0.362061215260111,1.26418235782374,1.12435864288213
1059,-0.479154879062708,-1.96369901458215,-1,-1.96369901458215,0.229589398129598,0.479154879062708
1060,0.811864641738857,0.271444105390937,-1,0.271444105390937,0.659124196505763,-0.811864641738857
1061,0.944548872157006,0.886737779235791,1,0.886737779235791,0.892172571893071,0.944548872157006
1062,-0.701407106632152,-0.147499331964964,-1,-0.147499331964964,0.491971929234087,0.701407106632152
1063,-1.5465238784175,-0.575574415435252,-1,-0.575574415435252,2.39173610651552,1.5465238784175
1064,0.0468266802202307,-0.132263627026279,1,-0.132263627026279,0.00219273798044774,0.0468266802202307
1065,0.0331174422289354,0.830067991863584,1,0.830067991863584,0.00109676497978687,0.0331174422289354
1066,-0.810867510424742,0.358330834658724,-1,0.358330834658724,0.657506119462419,0.810867510424742
1067,0.637797189891842,0.628695201063274,-1,0.628695201063274,0.40678525543393,-0.637797189891842
1068,0.796638890267709,-1.48038166837415,-1,-1.48038166837415,0.634633521486968,-0.796638890267709
1069,-0.165936789479318,0.0170268582357729,1,0.0170268582357729,0.0275350181027035,-0.165936789479318
1070,0.664878942781997,0.837989085998743,-1,0.837989085998743,0.442064008554906,-0.664878942781997
1071,-0.91370668206874,-2.70807334569827,-1,-2.70807334569827,0.834859900857066,0.91370668206874
1072,0.801748667483347,0.682166854467723,1,0.682166854467723,0.642800925811322,0.801748667483347
1073,-1.68174001148447,-0.594919851836525,-1,-0.594919851836525,2.82824946622779,1.68174001148447
1074,1.72294617180007,-1.12462651760408,1,-1.12462651760408,2.9685435109205,1.72294617180007
1075,-1.14032376217804,-0.485323377031919,-1,-0.485323377031919,1.30033828258788,1.14032376217804
1076,-1.03488673580306,-0.420340989555275,1,-0.420340989555275,1.07099055594111,-1.03488673580306
1077,-0.375185898172162,-0.872491432129397,-1,-0.872491432129397,0.140764458187252,0.375185898172162
1078,0.742187865451164,-0.514329274900381,-1,-0.514329274900381,0.550842827622955,-0.742187865451164
1079,0.516747088245867,0.856227944284965,1,0.856227944284965,0.267027553210582,0.516747088245867
1080,-0.502034758213306,0.455777843737899,-1,0.455777843737899,0.252038898454293,0.502034758213306
1081,0.864826498905323,1.50721000597763,1,1.50721000597763,0.747924873208839,0.864826498905323
1082,1.24768298102465,-0.480817095097794,1,-0.480817095097794,1.55671282113854,1.24768298102465
1083,-1.26264833968717,2.29257413701394,1,2.29257413701394,1.59428082971477,-1.26264833968717
1084,2.12270881286873,0.568887463680634,-1,0.568887463680634,4.50589270423056,-2.12270881286873
1085,1.13516567880124,-0.390339805615441,-1,-0.390339805615441,1.28860111832829,-1.13516567880124
1086,0.878299939277333,-1.28522652698078,-1,-1.28522652698078,0.771410783334567,-0.878299939277333
1087,0.105768721179788,-0.808052922326105,1,-0.808052922326105,0.0111870223800077,0.105768721179788
1088,-0.357810710239418,-0.344194329307073,-1,-0.344194329307073,0.128028504362037,0.357810710239418
1089,0.24644924609402,0.0128852418849665,-1,0.0128852418849665,0.0607372309003111,-0.24644924609402
1090,2.15646142391757,1.3918549055242,1,1.3918549055242,4.65032587284458,2.15646142391757
1091,1.42851781375584,1.54587739032099,-1,1.54587739032099,2.04066314421777,-1.42851781375584
1092,1.34582535393972,0.275226694074692,-1,0.275226694074692,1.81124588330697,-1.34582535393972
1093,-1.71083923007028,-0.625090192086645,1,-0.625090192086645,2.92697087114748,-1.71083923007028
1094,-0.598899365943259,-2.05957004680681,1,-2.05957004680681,0.358680450527238,-0.598899365943259
1095,-0.215015477569807,0.108992065243852,-1,0.108992065243852,0.0462316555945723,0.215015477569807
1096,-1.50658735143193,-0.0440010449011129,1,-0.0440010449011129,2.26980544749469,-1.50658735143193
1097,1.00193764805798,0.836132100607076,-1,0.836132100607076,1.00387905059597,-1.00193764805798
1098,0.172954993784911,-0.61254215750866,1,-0.61254215750866,0.0299134298751387,0.172954993784911
1099,1.04744022251056,0.585464093996181,-1,0.585464093996181,1.09713101973298,-1.04744022251056
1100,-1.06285126508235,1.4496865293433,1,1.4496865293433,1.12965281168716,-1.06285126508235
1101,-0.317024157850213,1.2150447726339,1,1.2150447726339,0.100504316660637,-0.317024157850213
1102,-0.585479207008404,1.16952719311925,-1,1.16952719311925,0.34278590183919,0.585479207008404
1103,-1.63074104026684,0.134681528487054,-1,0.134681528487054,2.65931634041058,1.63074104026684
1104,1.02911878469361,-0.707034711930987,1,-0.707034711930987,1.05908547300926,1.02911878469361
1105,0.357733048483557,-1.00290879331743,1,-1.00290879331743,0.127972933977339,0.357733048483557
1106,-0.874180989116596,-0.669646998398514,-1,-0.669646998398514,0.76419240173287,0.874180989116596
1107,0.579653943349466,0.559009684727254,1,0.559009684727254,0.335998694040586,0.579653943349466
1108,1.04251622271219,-3.93874018085658,1,-3.93874018085658,1.08684007461809,1.04251622271219
1109,2.52900626600356,0.551259307208357,-1,0.551259307208357,6.39587269348528,-2.52900626600356
1110,0.389022633720315,-1.05718000837395,-1,-1.05718000837395,0.151338609546691,-0.389022633720315
1111,-0.789352296539772,1.03233971334879,1,1.03233971334879,0.623077048052613,-0.789352296539772
1112,0.625552405860132,2.27162939874064,-1,2.27162939874064,0.391315812477399,-0.625552405860132
1113,0.17074352948814,0.607371702639028,-1,0.607371702639028,0.0291533528620672,-0.17074352948814
1114,1.18886444660443,1.57713441409099,1,1.57713441409099,1.41339867240007,1.18886444660443
1115,0.633103462091485,1.36585755793696,1,1.36585755793696,0.400819993712224,0.633103462091485
1116,-0.644803583761804,0.620484576866783,1,0.620484576866783,0.415771661632066,-0.644803583761804
1117,1.81150141619558,-0.85652739142993,1,-0.85652739142993,3.28153738087861,1.81150141619558
1118,0.775662196762179,0.816272526179858,1,0.816272526179858,0.60165184348593,0.775662196762179
1119,1.35586221073883,0.769430765290401,1,0.769430765290401,1.83836233450958,1.35586221073883
1120,0.189017031656671,-1.72262849405966,-1,-1.72262849405966,0.0357274382562989,-0.189017031656671
1121,-0.535732855586531,1.12910868588144,1,1.12910868588144,0.287009692554899,-0.535732855586531
1122,-1.78045694757416,-0.0571946857431038,1,-0.0571946857431038,3.17002694216508,-1.78045694757416
1123,-1.58713804213255,-0.640101474645678,-1,-0.640101474645678,2.51900716478434,1.58713804213255
1124,-1.15362812056393,0.519961008462899,-1,0.519961008462899,1.33085784055587,1.15362812056393
1125,-0.528776608002775,1.25346213365867,1,1.25346213365867,0.27960470117092,-0.528776608002775
1126,0.822286150961061,0.851331700203336,1,0.851331700203336,0.676154514062357,0.822286150961061
1127,2.09836505779858,0.946876276524561,-1,0.946876276524561,4.40313591579002,-2.09836505779858
1128,-0.968182123870941,-0.870755306961069,-1,-0.870755306961069,0.937376624983246,0.968182123870941
1129,0.107819783487498,1.0575502480464,1,1.0575502480464,0.011625105711291,0.107819783487498
1130,-0.960407736165276,0.506282141401162,-1,0.506282141401162,0.922383019686111,0.960407736165276
1131,-0.338719956930253,0.258210557688725,-1,0.258210557688725,0.114731209222832,0.338719956930253
1132,-0.38463231061644,1.23968712002968,1,1.23968712002968,0.147942014370141,-0.38463231061644
1133,-0.0470891775312012,0.183862936723621,1,0.183862936723621,0.00221739064056498,-0.0470891775312012
1134,-0.651372721047454,-0.0118843399023879,1,-0.0118843399023879,0.424286421724765,-0.651372721047454
1135,-0.938587964938258,-0.538294491667242,-1,-0.538294491667242,0.880947367926941,0.938587964938258
1136,1.08153693336623,0.857170311880472,-1,0.857170311880472,1.16972213823522,-1.08153693336623
1137,0.0111520964383228,0.451661319634119,1,0.451661319634119,0.000124369254969652,0.0111520964383228
1138,-1.60005689156565,-0.384953415260841,-1,-0.384953415260841,2.56018205624674,1.60005689156565
1139,-0.329146649754457,0.200229704014305,-1,0.200229704014305,0.108337517044583,0.329146649754457
1140,-0.514563814873346,-1.71793621441357,-1,-1.71793621441357,0.264775919577011,0.514563814873346
1141,-0.356191934346642,1.75636351620356,1,1.75636351620356,0.126872694093602,-0.356191934346642
1142,-0.938959559414154,0.523021544358908,-1,0.523021544358908,0.881645054215223,0.938959559414154
1143,0.206001583680193,1.86951470207018,1,1.86951470207018,0.0424366524787477,0.206001583680193
1144,-0.305657451198837,-0.775397662283619,-1,-0.775397662283619,0.0934264774733691,0.305657451198837
1145,-0.479415661145141,-0.132452678760723,1,-0.132452678760723,0.229839376151232,-0.479415661145141
1146,2.38726854975781,0.749955955782362,1,0.749955955782362,5.69905112866277,2.38726854975781
1147,-0.821191519670265,0.85416460988538,1,0.85416460988538,0.67435551197836,-0.821191519670265
1148,-0.754478833473509,1.19270336587468,-1,1.19270336587468,0.569238310159546,0.754478833473509
1149,0.466012083820046,-0.525728642581668,1,-0.525728642581668,0.217167262266302,0.466012083820046
1150,0.229028023365761,1.37537618523715,-1,1.37537618523715,0.0524538354868275,-0.229028023365761
1151,0.0605868997134381,-1.08952026438912,1,-1.08952026438912,0.00367077241688621,0.0605868997134381
1152,1.66861236243772,-0.824156379892592,1,-0.824156379892592,2.78426721608,1.66861236243772
1153,-1.3291439257445,-0.246268811084518,-1,-0.246268811084518,1.76662357534349,1.3291439257445
1154,-0.268091799137168,-0.368729696628898,1,-0.368729696628898,0.0718732127646035,-0.268091799137168
1155,0.946307610817929,-1.83787613766794,-1,-1.83787613766794,0.895498094291937,-0.946307610817929
1156,-0.320747181106974,0.0084380356221897,1,0.0084380356221897,0.10287875418807,-0.320747181106974
1157,0.907818155614207,0.141808760745342,1,0.141808760745342,0.82413380366278,0.907818155614207
1158,-1.36914705918327,-0.0051567640623,-1,-0.0051567640623,1.8745636696702,1.36914705918327
1159,-0.575199524143643,-0.0725884838221249,1,-0.0725884838221249,0.330854492575073,-0.575199524143643
1160,-0.97025564440416,1.70785017215858,-1,1.70785017215858,0.941396015498131,0.97025564440416
1161,0.196243613358116,-1.48291941639571,-1,-1.48291941639571,0.0385115557838498,-0.196243613358116
1162,-0.440101556438823,-0.204456395983969,-1,-0.204456395983969,0.193689379979874,0.440101556438823
1163,0.954420771661306,0.915761779892593,-1,0.915761779892593,0.910919009378563,-0.954420771661306
1164,-0.290887263741109,-0.279381334012144,1,-0.279381334012144,0.0846154002067895,-0.290887263741109
1165,0.752374689192011,0.142639266154855,1,0.142639266154855,0.566067672936776,0.752374689192011
1166,-0.550333315856929,0.266799561083279,-1,0.266799561083279,0.302866758542082,0.550333315856929
1167,-0.314253432913121,0.433671091046081,-1,0.433671091046081,0.0987552200976817,0.314253432913121
1168,-0.238061010593645,-0.366857665465672,-1,-0.366857665465672,0.0566730447648677,0.238061010593645
1169,-1.5944834210017,-2.05527521080249,-1,-2.05527521080249,2.54237737984927,1.5944834210017
1170,0.464286936531671,-0.923951482499896,1,-0.923951482499896,0.215562359433964,0.464286936531671
1171,-1.42821184873524,0.506902226112325,-1,0.506902226112325,2.03978908486772,1.42821184873524
1172,-0.762628970463606,0.260826702205221,1,0.260826702205221,0.581602946590379,-0.762628970463606
1173,-0.69123884152677,0.187902183225878,-1,0.187902183225878,0.477811136035271,0.69123884152677
1174,0.379057197981348,-1.50635447249336,-1,-1.50635447249336,0.143684359341471,-0.379057197981348
1175,-0.44127699573674,-0.648735137683737,-1,-0.648735137683737,0.194725386966443,0.44127699573674
1176,0.177119418917216,-0.61462833046347,1,-0.61462833046347,0.0313712885575723,0.177119418917216
1177,0.265599017204897,0.426793782530902,-1,0.426793782530902,0.0705428379402072,-0.265599017204897
1178,-0.153223215411639,-1.66712018853027,1,-1.66712018853027,0.0234773537410815,-0.153223215411639
1179,-0.575065873239032,0.129644445397097,1,0.129644445397097,0.33070075856417,-0.575065873239032
1180,-0.227569965250226,-1.04258549551345,-1,-1.04258549551345,0.051788089083989,0.227569965250226
1181,-0.935486055051757,-1.2368124985067,-1,-1.2368124985067,0.875134159196298,0.935486055051757
1182,-1.32835482111709,0.590491073036559,-1,0.590491073036559,1.76452653078501,1.32835482111709
1183,-1.87511500267565,-0.194106619402044,-1,-0.194106619402044,3.51605627325931,1.87511500267565
1184,0.485937282858067,-0.0322676999248276,-1,-0.0322676999248276,0.236135042871481,-0.485937282858067
1185,1.49659621517125,1.37567143004989,-1,1.37567143004989,2.23980023126491,-1.49659621517125
1186,-1.36861128821126,0.813857101764844,1,0.813857101764844,1.87309685821928,-1.36861128821126
1187,-1.61524009203179,0.399256062130871,1,0.399256062130871,2.60900055490687,-1.61524009203179
1188,1.14556247095809,-0.359230248514388,1,-0.359230248514388,1.3123133748676,1.14556247095809
1189,-0.719198826456872,0.841223263506909,1,0.841223263506909,0.517246951976942,-0.719198826456872
1190,2.1396841192348,-1.09755242426511,-1,-1.09755242426511,4.57824813010558,-2.1396841192348
1191,0.444216908035257,-0.75964964175396,1,-0.75964964175396,0.197328661384404,0.444216908035257
1192,0.45684753896558,-0.588673063117117,1,-0.588673063117117,0.208709673858907,0.45684753896558
1193,0.909552202351862,0.833683831979284,1,0.833683831979284,0.827285208803123,0.909552202351862
1194,0.274343007491129,0.621386728736405,-1,0.621386728736405,0.0752640857592775,-0.274343007491129
1195,1.71143690208302,1.02783392667166,-1,1.02783392667166,2.92901626981153,-1.71143690208302
1196,-0.0057592779884833,-1.37992690796996,1,-1.37992690796996,3.31692829486282e-05,-0.0057592779884833
1197,-1.13182170895217,-0.781608361905243,-1,-0.781608361905243,1.2810203808554,1.13182170895217
1198,-2.52536696765662,-0.204502105751302,-1,-0.204502105751302,6.37747832133121,2.52536696765662
1199,-0.814794469442427,1.44987431067839,-1,1.44987431067839,0.663890027433965,0.814794469442427
1200,-0.981504297628493,0.818597136923043,1,0.818597136923043,0.963350686263202,-0.981504297628493
