x,df_1,df_2,df_3,df_5,df_10,df_30
0.001,12.60935635549078,0.4997500624895847,0.012609356355490783,4.203118785163598e-06,1.3014324543999603e-15,3.498843889933798e-58
0.019333000000000003,2.8415959998697065,0.4951900352163148,0.05493657546548104,0.0003540296044913819,1.8015141437395475e-10,3.532914429664097e-40
0.037666000000000005,2.0172338482538406,0.4906716164395589,0.07598113012832917,0.0009539684158045489,2.5719215669886516e-09,3.9742544935073735e-36
0.05599900000000001,1.6393055213679169,0.48619442649777594,0.091799469891082,0.0017135595048102328,1.2450874004378111e-08,1.0150921940809426e-33
0.07433200000000001,1.4098768125403423,0.48175808919369034,0.1047989632297487,0.0025966388449312258,3.830020196904126e-08,5.302274156618347e-32
0.09266500000000001,1.2512101295720888,0.4773622317626822,0.11594338665679765,0.0035812979748507195,9.165997853197562e-08,1.1503764566592775e-30
0.11099800000000001,1.132790451400664,0.4730064848414657,0.12573747452457093,0.004652202732426108,1.869805723718949e-07,1.4270886555465285e-29
0.12933100000000003,1.039860013311811,0.4686904824370527,0.1344861353816298,0.005797742125013858,3.414801413554383e-07,1.201973081038755e-28
0.14766400000000002,0.9642905735223443,0.4644138618960007,0.14239100324860343,0.007008675034567262,5.750061164028215e-07,7.619415968981468e-28
0.165997,0.901185417583054,0.4601762638739405,0.14959407576253422,0.008277389264784461,9.099005897280992e-07,3.8859684677767995e-27
0.18433000000000002,0.8473938413920701,0.45597733230538195,0.1562001067838003,0.009597455227819305,1.3708695231215026e-06,1.6690113315318223e-26
0.20266300000000004,0.8007835090975691,0.451816714373796,0.1622891883042407,0.010963337923100775,1.984855693493548e-06,6.237011462501644e-26
0.22099600000000003,0.759852309176791,0.4476940604819686,0.1679243209188341,0.012370201075259548,2.7809152944272474e-06,2.0774703034011554e-25
0.23932900000000001,0.723507055616304,0.443609024222626,0.1731562201135944,0.013813768334522145,3.790098113986088e-06,6.28212606831272e-25
0.25766200000000006,0.6909303764479798,0.43956126234932763,0.17802650265633946,0.015290221575812588,5.045331210501926e-06,1.7494291137080802e-24
0.27599500000000005,0.6614970410562664,0.43555043474762495,0.18256987584632425,0.01679612429473542,6.581306009518978e-06,4.5376099446515904e-24
0.29432800000000003,0.634719385997128,0.431576204406483,0.1868156874417627,0.018328362551119717,8.43436874649811e-06,1.106295920068116e-23
0.312661,0.610210583847688,0.42763823738996287,0.190789051356402,0.01988409852871466,1.064241418128949e-05,2.554348888622244e-23
0.330994,0.5876592429418119,0.42373620280916297,0.1945116834582821,0.02146073338486353,1.3244782511762814e-05,5.620163851315755e-23
0.34932700000000005,0.56681142357986,0.4198697727944156,0.19800253416488178,0.023055877084071894,1.628215941534187e-05,1.1845038522964765e-22
0.36766000000000004,0.5474576385802946,0.41603862246773793,0.2012782754004311,0.024667323577907494,1.979647914852541e-05,2.401898873340028e-22
0.38599300000000003,0.529423282561958,0.41224242991553384,0.2043536811059379,0.026293030143708103,2.383083063578919e-05,4.703665193332118e-22
0.4043260000000001,0.5125614691566396,0.40848087616154494,0.20724192857822746,0.027931100004773463,2.842936648055433e-05,8.92455989201493e-22
0.42265900000000006,0.49674759084531933,0.4047536451400488,0.20995483999909184,0.029579767573058722,3.3637214832177726e-05,1.6452207324459933e-21
0.44099200000000005,0.481875131843221,0.40106042366930117,0.21250307814180575,0.031237385811970397,3.950039404416607e-05,2.9540066688878384e-21
0.45932500000000004,0.4678524062961511,0.39740090142522083,0.21489630652197966,0.03290241533106943,4.606573006004408e-05,5.177042478228545e-21
0.477658,0.4545999891939489,0.39377477091531454,0.21714332163840325,0.03457341490905215,5.338077646451229e-05,8.872752726328404e-21
0.49599100000000007,0.4420486724008379,0.3901817274528401,0.219252163072764,0.03624903320487442,6.149373713871644e-05,1.489607261875251e-20
0.5143240000000001,0.43013782334417355,0.38662146913120443,0.22123020585366876,0.03792800146516078,7.045339145961732e-05,2.453424740827071e-20
0.532657,0.4188140557366707,0.38309369679859623,0.22308423848652786,0.039609127073172816,8.030902198459266e-05,3.9695717618006546e-20
0.5509900000000001,0.40803014447194746,0.37959811403284965,0.22482052930259838,0.04129128781347957,9.111034456353547e-05,6.316955107938591e-20
0.569323,0.39774413332393566,0.37613442711653705,0.22644488321638306,0.04297342674913361,0.00010290744082181515,9.897761909665722e-20
0.5876560000000001,0.38791859616991253,0.3727023450122894,0.22796269055082613,0.044654547626112095,0.00011575069295855998,1.5284747879859409e-19
0.6059890000000001,0.3785200214181034,0.36930157933834196,0.2293789692591351,0.04633371073412469,0.00012969072080578825,2.3284088731652547e-19
0.624322,0.36951829603216957,0.3659318443443027,0.23069840161539618,0.04801002916444246,0.00014477832109497206,3.5018122591197826e-19
0.6426550000000001,0.36088627061985706,0.36259285688714205,0.23192536624520427,0.04968266541477059,0.00016106440887864236,5.203330645753644e-19
0.660988,0.35259939092532966,0.3592843364074019,0.23306396620895184,0.05135082829884089,0.00017859996105567378,7.643988831164854e-19
0.6793210000000001,0.3446353840442788,0.35600600490562134,0.23411805372434352,0.053013770124691606,0.000197435961949874,1.110911839969129e-18
0.6976540000000001,0.336973989991841,0.35275758691897763,0.23509125201376788,0.054670784110804414,0.00021762335089249495,1.5981197260727196e-18
0.715987,0.32959673105909926,0.3495388094981406,0.23598697468081128,0.05632120201359668,0.00023921297176024157,2.2768741653470455e-18
0.7343200000000001,0.32248671281490265,0.3463494021843376,0.23680844295423936,0.05796439194338567,0.00026225552442130724,3.214261059528519e-18
0.7526530000000001,0.3156284517353504,0.3431890969866284,0.23755870108396676,0.059599756348983624,0.00028680151804289335,4.4981335857371986e-18
0.7709860000000001,0.30900772534055043,0.3400576283593874,0.23824063012940966,0.061226730153651016,0.00031290122621459017,6.242738131614753e-18
0.7893190000000001,0.30261144143778496,0.3369547331799904,0.238856960344231,0.06284477902731603,0.0003406046438428979,8.595656817091687e-18
0.8076520000000001,0.29642752365045905,0.3338801507267063,0.2394102823313406,0.06445339778182398,0.0003699614457730426,1.1746328157063105e-17
0.8259850000000001,0.29044481088265695,0.33083362265678945,0.23990305711691137,0.0660521088775707,0.00040102094709513017,1.593645045110916e-17
0.8443180000000001,0.28465296875251234,0.3278148929847725,0.24033762527118377,0.06764046103123843,0.00043383206509250966,2.147262116383283e-17
0.8626510000000001,0.27904241134154767,0.32482370806095723,0.2407162151861974,0.06921802791552949,0.0004684432827910861,2.87416204355225e-17
0.8809840000000001,0.27360423186541755,0.32185981655010126,0.241040950605723,0.07078440694281075,0.000504902614069125,3.8228808525861456e-17
0.8993170000000001,0.268330141084931,0.31892296941029985,0.24131385749007697,0.07233921812546783,0.0005432575702879122,5.0540176067198726e-17
0.9176500000000001,0.2632124124533373,0.3160129198720599,0.24153687028780504,0.07388210300653475,0.0005835551284044306,6.642866314893712e-17
0.9359830000000001,0.25824383314344096,0.3131294234175653,0.24171183767709734,0.07541272365484086,0.0006258417005279961,8.68254491684006e-17
0.954316,0.2534176602215502,0.31027223776013046,0.24184052783198895,0.07693076171950411,0.0006701631048835535,1.1287701080139388e-16
0.9726490000000001,0.2487275813388975,0.30744112282384345,0.24192463326169736,0.07843591753911891,0.0007165645381451177,1.4598885114096435e-16
0.9909820000000001,0.24416767939849027,0.30463584072339217,0.24196577526567473,0.07992790930144296,0.000765090549103548,1.8787691983772938e-16
1.009315,0.23973240072917162,0.30185615574407687,0.24196550804196384,0.08140647224979157,0.0008157850136336088,2.40627872800485e-16
1.0276480000000001,0.23541652636129004,0.2991018343220039,0.2419253224821271,0.08287135793270432,0.0008686911109259688,3.067694615720335e-16
1.045981,0.23121514605165944,0.2963726450244602,0.24184664968226077,0.0843223334937669,0.0009238513009504824,3.893524978118002e-16
1.064314,0.22712363475096572,0.2936683585304674,0.24173086419633935,0.08575918099875422,0.0009813073031178338,4.920460083632576e-16
1.082647,0.22313763124570965,0.2909887476115128,0.24157928705527382,0.08718169679751035,0.00104110007610724,6.192473821691099e-16
1.10098,0.21925301874018607,0.2883335871124567,0.24139318857257014,0.08858969091820942,0.0011032697988286313,7.762095128690714e-16
1.119313,0.215465907172771,0.28570265393261357,0.24117379095527586,0.08998298649184087,0.0011678558524883483,9.6918716136163e-16
1.137646,0.21177261708560743,0.28309572700700575,0.240922270736973,0.09136141920494478,0.0012348968037280668,1.2056050020592437e-15
1.155979,0.20816966488826402,0.2805125872877886,0.2406397610478706,0.09272483677878546,0.0013044303888072504,1.4942500761822516e-15
1.174312,0.20465374937456762,0.2779530177258449,0.24032735373554726,0.09407309847329931,0.0013764934988001066,1.8454916564238774e-15
1.192645,0.2012217393680095,0.2754168032525472,0.23998610134855966,0.0954060746142843,0.0014511221657786007,2.2715318309208165e-15
1.210978,0.19787066238523857,0.2729037307616866,0.2396170189939514,0.09672364614241911,0.001528351549953661,2.7866904419596944e-15
1.229311,0.19459769421948198,0.2704135890915666,0.23922108607864562,0.09802570418280863,0.0016082159277473445,3.4077283675565784e-15
1.247644,0.19140014935652083,0.26794616900726,0.23879924794376714,0.09931214963385113,0.0016907486807692842,4.154213513317968e-15
1.2659770000000001,0.1882754721453122,0.2655012631830276,0.238352417400106,0.10058289277431133,0.001775982285671301,5.048934289215504e-15
1.28431,0.18522122865366306,0.2630786661848983,0.23788147617218602,0.10183785288756672,0.001863948304854611,6.118365782505208e-15
1.302643,0.18223509914668332,0.2606781744534068,0.237387276257733,0.10307695790206738,0.00195467737800466,7.393194305454216e-15
1.320976,0.17931487113220718,0.25829958628648986,0.23687064120873846,0.10430014404711813,0.002048199214429091,8.908906496288927e-15
1.339309,0.17645843292307695,0.25594270182253787,0.23633236733977328,0.1055073555231548,0.0021445425861748887,1.0706449685373602e-14
1.357642,0.17366376767124433,0.25360732302360184,0.2357732248687235,0.10669854418574114,0.0022437353219013113,1.2832970807615298e-14
1.375975,0.1709289478331219,0.25129325365875277,0.2351939589946799,0.10787366924256823,0.002345804301485664,1.5342641748048472e-14
1.394308,0.1682521300296066,0.24900029928759343,0.23459529091732076,0.10903269696278253,0.002450775451339522,1.8297579652094707e-14
1.412641,0.165631550267739,0.2467282672439207,0.23397791880176907,0.1101756003980166,0.0025586737404134302,2.176887141674291e-14
1.430974,0.16306551949412287,0.24447696661953638,0.23334251869258296,0.11130235911453337,0.0026695231768686977,2.5837712305526288e-14
1.4493070000000001,0.160552419453052,0.24224620824820628,0.23268974538024442,0.11241295893593532,0.0027833468053952543,3.0596669400350106e-14
1.46764,0.15809069882481191,0.24003580468976543,0.23202023322324697,0.11350739169592207,0.0029001667051550863,3.6151081418667425e-14
1.485973,0.15567886962188413,0.23784557021436825,0.23133459692864,0.11458565500061399,0.003020003988331179,4.262060728692594e-14
1.5043060000000001,0.1533155038228049,0.23567532078688258,0.23063343229366834,0.11564775199998636,0.0031428787992623746,5.014093677235698e-14
1.522639,0.1509992302252503,0.23352487405142627,0.22991731691094489,0.11669369116798806,0.003268810314144961,5.886567743681654e-14
1.540972,0.14872873150155336,0.23139404931604443,0.22918681083941167,0.11772348609094327,0.003397816741282242,6.896843319028402e-14
1.5593050000000002,0.14650274144133274,0.22928266753752688,0.22844245724317738,0.11873715526385756,0.0035299153218637646,8.064509078956562e-14
1.577638,0.14432004236723953,0.2271905513063639,0.22768478300016706,0.1197347218942725,0.0036651223312563364,9.41163317515422e-14
1.595971,0.1421794627110265,0.22511752483183933,0.22691429928237966,0.12071621371333292,0.003803453080789277,1.0963038833173647e-13
1.6143040000000002,0.14007987473822836,0.22306341392725973,0.226131502109421,0.1216816627937489,0.0039449219200168315,1.2746606345988896e-13
1.6326370000000001,0.13802019241072105,0.22102804599531836,0.2253368728768624,0.12263110537435398,0.004089542239441038,1.4793603582642592e-13
1.65097,0.1359993693773159,0.21901125001359256,0.2245308788608672,0.12356458169097533,0.004237326473678724,1.7139047267900558e-13
1.669303,0.13401639708335028,0.21701285652017363,0.2237139737004279,0.12448213581334844,0.004388286105056646,1.9822097431857965e-13
1.6876360000000001,0.13207030299096814,0.2150326975994275,0.22288659785846546,0.12538381548782307,0.004542431667619253,2.288648757813852e-13
1.705969,0.1301601489024473,0.21307060686788587,0.2220491790629591,0.1262696719856191,0.0046997727515337845,2.6380993275888035e-13
1.724302,0.12828502937953729,0.21112641946026553,0.22120213272919484,0.12713975995640536,0.0048603180078779385,3.0359942044357557e-13
1.7426350000000002,0.12644407025232066,0.20919997201561574,0.22034586236415288,0.12799413728698517,0.0050240751537954705,3.488376756968791e-13
1.760968,0.1246364272116157,0.20729110266359163,0.21948075995398447,0.12883286496488272,0.005191050978005662,4.0019611471723247e-13
1.779301,0.12286128447939418,0.20539965101085303,0.2186072063354705,0.12965600694663634,0.005361251346652773,4.584197602447254e-13
1.7976340000000002,0.12111785355211083,0.20352545812758724,0.21772557155229524,0.1304636300306129,0.005534681209481989,5.243343142738432e-13
1.815967,0.11940537201222143,0.20166836653415524,0.21683621519691768,0.131255803734167,0.005711344606328627,5.988538142607776e-13
1.8343,0.11772310240351852,0.19982822018785898,0.21593948673877403,0.1320326001749777,0.005891244673907878,6.829889129075401e-13
1.8526330000000002,0.11607033116623683,0.1980048644698302,0.21503572583949884,0.13279409395640276,0.006074383652892318,7.77855823783577e-13
1.8709660000000001,0.11444636762817317,0.1961981461720384,0.21412526265581266,0.13354036205669845,0.006260762895265146,8.846859773086822e-13
1.889299,0.11285054304833819,0.19440791348441744,0.21320841813068223,0.1342714837219599,0.006450382871937043,1.0048364339699156e-12
1.907632,0.11128220970990495,0.1926340159821097,0.21228550427332532,0.13498754036264407,0.00664324318061511,1.1398011040821439e-12
1.9259650000000001,0.10974074005944978,0.1908763046128265,0.21135682442859824,0.13568861545354172,0.00683934255391241,1.2912228259278515e-12
1.944298,0.10822552588968955,0.18913463168432418,0.21042267353627153,0.1363747944370752,0.007038678867687096,1.4609063567288839e-12
1.962631,0.10673597756311398,0.1874088508519939,0.20948333838067199,0.13704616462979888,0.007241249149600301,1.6508323336123366e-12
1.9809640000000002,0.10527152327409252,0.18569881710656527,0.20853909783113941,0.13770281513198843,0.00744704958788224,1.8631722645359897e-12
1.999297,0.1038316083471964,0.1840043867619217,0.2075902230737247,0.13834483674020956,0.007656075540296205,2.1003046120377233e-12
2.01763,0.10241569456963241,0.18232541744302716,0.20663697783452745,0.13897232186275918,0.007868321543290547,2.364832035668597e-12
2.035963,0.10102325955582357,0.18066176807396309,0.2056796185950533,0.13958536443788014,0.008083781321328734,2.659599862063487e-12
2.0542960000000003,0.09965379614230281,0.1790132988660746,0.2047183947999481,0.14018405985465143,0.008302447796388107,2.987715854795855e-12
2.072629,0.09830681181120567,0.17737987130622446,0.20375354905744741,0.1407685048764627,0.008524313097618011,3.352571359457953e-12
2.090962,0.09698182814076016,0.17576134814515462,0.20278531733286018,0.141338797566984,0.008749368571148277,3.757863902803318e-12
2.109295,0.09567838028127487,0.17415759338595388,0.2018139291353917,0.14189503721854532,0.008977604790039227,4.207621328287835e-12
2.127628,0.09439601645522182,0.17256847227263025,0.2008396076985907,0.1424373242828457,0.009209011564364739,4.706227553949401e-12
2.1459610000000002,0.09313429748010045,0.17099385127878872,0.19986257015469389,0.14296576030391236,0.009443577951419946,5.258450042274953e-12
2.164294,0.09189279631285088,0.16943359809641123,0.19888302770312527,0.1434804478532359,0.009681292266045489,5.8694690755189705e-12
2.182627,0.09067109761466098,0.16788758162473946,0.1979011857733947,0.143981490467009,0.009922142091060482,6.544908933860494e-12
2.2009600000000002,0.0894687973350849,0.16635567195925924,0.1969172441826285,0.14446899258539936,0.010166114287796384,7.290871077815997e-12
2.219293,0.08828550231445427,0.1648377403807852,0.19593139728795217,0.14494305949379038,0.010413195006724395,8.113969440466338e-12
2.237626,0.08712082990362743,0.1633336593446448,0.19494383413393432,0.14540379726592628,0.010663369698169172,9.021367939304377e-12
2.2559590000000003,0.0859744076001789,0.1618433024699619,0.19395473859529203,0.1458513127088988,0.010916623123101557,1.002082032187143e-11
2.274292,0.08484587270018358,0.16036654452903723,0.19296428951504588,0.14628571330991752,0.01117293936400374,1.1120712463820696e-11
2.292625,0.08373487196480248,0.15890326143682612,0.19197266083830528,0.14670710718480653,0.011432301835799949,1.2330107242629825e-11
2.3109580000000003,0.08264106130092187,0.15745333024051222,0.19098002174185585,0.14711560302817192,0.011694693296846269,1.3658792114878508e-11
2.329291,0.08156410545514121,0.15601662910917652,0.1899865367597114,0.14751131006518828,0.011960095859973265,1.5117329529815846e-11
2.347624,0.08050367772044704,0.15459303732356008,0.18899236590478677,0.14789433800495305,0.012228491003575296,1.6717110316861732e-11
2.3659570000000003,0.07945945965494713,0.153182435265921,0.1879976647868398,0.14826479699535902,0.012499859582740547,1.847041018971923e-11
2.38429,0.07843114081207518,0.1517847044099833,0.1870025847268227,0.14862279757943866,0.012774181840415918,2.0390449514923506e-11
2.402623,0.07741841848170919,0.15039972731097762,0.18600727286777954,0.14896845065313435,0.013051437418601397,2.24914564979109e-11
2.4209560000000003,0.07642099744167866,0.14902738759577305,0.18501187228241664,0.1493018674244501,0.013331605369568136,2.4788733945065496e-11
2.439289,0.0754385897191641,0.14766756995309888,0.18401652207747016,0.14962315937394335,0.013614664167095232,2.7298729765688366e-11
2.457622,0.07447091436151987,0.14632016012385518,0.18302135749498719,0.14993243821651514,0.013900591717719962,3.003911138343146e-11
2.4759550000000004,0.07351769721607763,0.14498504489151262,0.18202651001063352,0.15022981586445938,0.014189365371996422,3.302884423245458e-11
2.494288,0.07257867071851122,0.14366211207259907,0.1810321074291339,0.1505154043917332,0.014480961935758015,3.628827451938431e-11
2.512621,0.07165357368936591,0.1423512505072736,0.1800382739769483,0.15078931599941126,0.014775357681378757,3.983921643809497e-11
2.5309540000000004,0.07074215113837785,0.14105235004998598,0.17904513039228198,0.15105166298228923,0.015072528359029173,4.370504403037796e-11
2.549287,0.06984415407622707,0.1397653015602219,0.1780527940125227,0.15130255769660061,0.015372449207922304,4.791078789172559e-11
2.5676200000000002,0.06895933933338849,0.13848999689333216,0.177061378859195,0.15154211252881544,0.015675094967545503,5.248323692772843e-11
2.5859530000000004,0.06808746938576149,0.1372263288914461,0.17607099572051813,0.15177043986548702,0.015980439888873987,5.745104537295813e-11
2.604286,0.06722831218677552,0.1359741913744673,0.1750817522316489,0.1519876520641173,0.01628845774556224,6.284484529070752e-11
2.6226190000000003,0.06638164100568511,0.13473347913115205,0.17409375295268883,0.15219386142500932,0.01659912184510929,6.86973647785409e-11
2.640952,0.06554723427178233,0.13350408791026877,0.173107099444532,0.15238918016407857,0.016912405039994163,7.504355211132393e-11
2.659285,0.06472487542426793,0.13228591441183818,0.17212189034262432,0.15257372038659522,0.01722827973877803,8.192070606020516e-11
2.6776180000000003,0.0639143527675365,0.13107885627845375,0.17113822142870558,0.15274759406182922,0.017546717917169517,8.936861263292877e-11
2.695951,0.06311545933164214,0.12988281208668093,0.17015618570059998,0.15291091299857273,0.01786769112904974,9.742968848788518e-11
2.714284,0.06232799273772368,0.128697681338535,0.1691758734401196,0.15306378882151384,0.018191170517454038,1.0614913128141743e-10
2.7326170000000003,0.06155175506817894,0.12752336445303677,0.16819737227914194,0.15320633294843733,0.018517126825506994,1.1557507721511417e-10
2.75095,0.06078655274138798,0.12635976275784525,0.16722076726392124,0.153338656568228,0.018845530407308096,1.257587660571468e-10
2.769283,0.0600321963907948,0.12520677848096645,0.1662461409176894,0.1534608706196539,0.019176351238764773,1.3675471391911385e-10
2.7876160000000003,0.059288500748166995,0.12406431474253846,0.1652735733016023,0.15357308577090645,0.019509558928370283,1.4862089407736523e-10
2.805949,0.05855528453086014,0.12293227554669083,0.16430314207408248,0.15367541239987656,0.019845122727923693,1.6141892613538495e-10
2.824282,0.05783237033292349,0.1218105657734785,0.16333492254860985,0.1537679605751443,0.020183011543189237,1.7521427383149303e-10
2.8426150000000003,0.05711958451989036,0.12069909117088938,0.16236898775000821,0.15385084003766317,0.020523193944492753,1.9007645180392575e-10
2.860948,0.056416757127104214,0.11959775834692482,0.16140540846927456,0.153924160183118,0.020865638177252684,2.0607924163320115e-10
2.879281,0.055723721761438284,0.1185064747617521,0.16044425331699574,0.1539880300449376,0.021210312172443443,2.2330091748965796e-10
2.8976140000000004,0.05504031550627391,0.11742514871992911,0.1594855887753964,0.15404255827794386,0.02155718355698882,2.418244817220552e-10
2.915947,0.05436637882960791,0.1163536893626993,0.15852947924905872,0.15408785314261833,0.021906219664083352,2.6173791073128113e-10
2.93428,0.05370175549516581,0.11529200666035738,0.15757598711435514,0.15412402248996998,0.02225738754343982,2.8313441148138104e-10
2.9526130000000004,0.053046292476403835,0.11424001140468455,0.15662517276763221,0.15415117374698561,0.022610653971460632,3.061126890083853e-10
2.970946,0.05239983987328713,0.11319761520145274,0.15567709467218288,0.15416941390264766,0.02296598546133139,3.3077722529577757e-10
2.9892790000000002,0.05176225083173658,0.11216473046299713,0.1547318094040427,0.15417884949450245,0.023323348273034988,3.5723856989385633e-10
3.0076120000000004,0.051133381465643,0.11114127040085678,0.1537893716966455,0.15417958659576378,0.023682708423284238,3.8561364266868226e-10
3.025945,0.050513090781349655,0.1101271490184821,0.1528498344843711,0.15417173080293675,0.024044031695371795,4.1602604907489546e-10
3.0442780000000003,0.049901240604510275,0.10912228110400894,0.15191324894501737,0.15415538722394653,0.024407283648935577,4.486064083552698e-10
3.0626110000000004,0.04929769550923315,0.1081265822230987,0.1509796645412281,0.15413066046675838,0.02477242962963816,4.834926950784997e-10
3.080944,0.04870232274942565,0.10713996871184368,0.15004912906090648,0.15409765462847516,0.025139434778759077,5.208305944355105e-10
3.0992770000000003,0.04811499219225735,0.10616235766973706,0.14912168865664277,0.15405647328489794,0.02550826404269848,5.607738717232541e-10
3.1176100000000004,0.047535576253663836,0.10519366695270743,0.14819738788418496,0.15400721948053797,0.025878882182390872,6.034847564538308e-10
3.135943,0.046963949835816005,0.10423381516621644,0.14727626973997837,0.15394999571906562,0.026251253782627763,6.491343415356075e-10
3.1542760000000003,0.046399990266483136,0.10328272165841958,0.14635837569780136,0.15388490395418605,0.026625343261288445,6.979029979819592e-10
3.1726090000000005,0.045843577240221416,0.10234030651338945,0.1454437457445216,0.153812045580927,0.027001114878477235,7.499808056120593e-10
3.190942,0.04529459276132177,0.10140649054440083,0.14453241841499762,0.1537315214273298,0.027378532745566755,8.055680002173215e-10
3.2092750000000003,0.0447529210884542,0.1004811952872768,0.14362443082614884,0.15364343174652959,0.027757560834145947,8.648754376758761e-10
3.2276080000000005,0.04421844868094815,0.09956434299379602,0.14271981871021777,0.15354787620921617,0.028138162984872348,9.281250755067093e-10
3.245941,0.043691064146651165,0.09865585662515976,0.141818616447245,0.1534449538964623,0.028520302916227144,9.955504723639283e-10
3.2642740000000003,0.04317065819130985,0.09775565984551872,0.14092085709677984,0.1533347632929113,0.02890394423317319,1.0673973059808862e-09
3.282607,0.042657123569420856,0.09686367701555892,0.14002657242884586,0.15321740228031214,0.02928905043571426,1.1439239100828266e-09
3.30094,0.04215035503649944,0.09597983318614599,0.13913579295418246,0.15309296813139303,0.02967558492735596,1.2254018307959217e-09
3.3192730000000004,0.04165024930271805,0.09510405409202763,0.13824854795378086,0.15296155750406337,0.030063511023466518,1.3121164030895462e-09
3.337606,0.041156704987866694,0.09423626614559347,0.1373648655077338,0.1528232664359351,0.030452791959538074,1.4043673477979335e-09
3.3559390000000002,0.04066962257759063,0.09337639643069176,0.13648477252341695,0.15267819033915445,0.03084339089934728,1.5024693897762268e-09
3.3742720000000004,0.04018890438086181,0.09252437269650265,0.13560829476301942,0.15252642399553432,0.031235270943014655,1.6067528977551664e-09
3.392605,0.03971445448864237,0.09168012335146727,0.13473545687044056,0.15236806155198032,0.03162839513496301,1.7175645464678426e-09
3.4109380000000002,0.03924617873370006,0.09084357745727212,0.13386628239756942,0.15220319651620023,0.03202272647177386,1.8352680016307262e-09
3.4292710000000004,0.03878398465153757,0.09001466472288862,0.13300079382996285,0.15203192175269023,0.032418227909941796,1.9602446283704856e-09
3.447604,0.038327781442398234,0.08919331549866681,0.1321390126119379,0.1518543294789892,0.032814862373526675,2.092894223697096e-09
3.4659370000000003,0.037877479934312966,0.08837946077048303,0.1312809591710929,0.15167051126219339,0.03321259276170331,2.233635773632653e-09
3.4842700000000004,0.03743299254715417,0.08757303215394097,0.1304266529422729,0.15148055801572435,0.03361138195620817,2.3829082356143025e-09
3.502603,0.03699423325766362,0.08677396188862566,0.12957611239099243,0.15128455999634238,0.03401119282868351,2.541171346798634e-09
3.5209360000000003,0.03656111756542291,0.08598218283240981,0.12872935503632985,0.15108260680139837,0.03441198824791849,2.7089064589039405e-09
3.5392690000000004,0.03613356245973583,0.08519762845581233,0.12788639747330682,0.15087478736631768,0.03481373108698703,2.8866174002351423e-09
3.557602,0.035711486387393715,0.08442023283640805,0.12704725539476466,0.15066118996230857,0.035216384230282914,3.0748313655455934e-09
3.5759350000000003,0.03529480922129512,0.08364993065328859,0.12621194361275193,0.1504419021942887,0.0356199105804515,3.2740998343980804e-09
3.5942680000000005,0.03488345222989309,0.08288665718157374,0.12538047607943342,0.15021701099902435,0.03602427306521877,3.484999518696553e-09
3.612601,0.03447733804744384,0.08213034828697305,0.12455286590753369,0.14998660264347402,0.036429434644116916,3.7081333400681676e-09
3.6309340000000003,0.03407639064503132,0.08138094042039663,0.12372912539032613,0.14975076272333282,0.03683535831510767,3.944131437784603e-09
3.6492670000000005,0.03368053530234394,0.08063837061261578,0.12290926602117877,0.14950957616176966,0.037242007121102205,4.1936522079188425e-09
3.6676,0.03328969858017974,0.07990257646897174,0.12209329851266723,0.14926312720835275,0.037649344156379126,4.457383374443357e-09
3.6859330000000003,0.03290380829365751,0.07917349616413309,0.1212812328152659,0.14901149943815717,0.0380573325728996,4.736043092982791e-09
3.7042660000000005,0.03252279348611233,0.07845106843690074,0.12047307813562741,0.1487547757510493,0.03846593558652051,5.0303810879432785e-09
3.722599,0.03214658440365445,0.07773523258506056,0.11966884295445966,0.14849303837114286,0.03887511648310563,5.3411798237479235e-09
3.7409320000000004,0.03177511247037133,0.07702592846028271,0.11886853504401115,0.1482263688464209,0.039284838624535294,5.669255710916879e-09
3.7592650000000005,0.031408310264153486,0.0763230964630678,0.11807216148517301,0.14795484804851963,0.039695065454614535,6.015460347737148e-09
3.7775980000000002,0.031046111493125257,0.07562667753773901,0.11727972868420698,0.1476785561726676,0.04010576050488014,6.380681798276283e-09
3.7959310000000004,0.030688450972662287,0.0749366131674798,0.1164912423891089,0.14739757273777754,0.04051688740030737,6.765845907501202e-09
3.814264,0.030335264602978616,0.07425284536941716,0.11570670770561563,0.14711197658668412,0.040928409864915936,7.171917654270681e-09
3.8325970000000003,0.029986489347265947,0.07357531668974943,0.11492612911286341,0.14682184588652433,0.041340291727276296,7.59990254297802e-09
3.8509300000000004,0.02964206321036925,0.07290397019891888,0.11414951047870728,0.14652725812925607,0.04175249692591652,8.050848034627739e-09
3.869263,0.029301925217982767,0.07223874948682812,0.11337685507470766,0.14622829013230954,0.04216498951462972,8.525845018136635e-09
3.8875960000000003,0.028966015396351172,0.07157959865810018,0.11260816559079323,0.14592501803936844,0.04257773366768341,9.02602932265744e-09
3.9059290000000004,0.02863427475246138,0.07092646232738196,0.1118434441496067,0.14561751732127642,0.04299069368493013,9.552583271729474e-09
3.924262,0.028306645254710713,0.07027928561469043,0.11108269232054162,0.1453058627770644,0.043403833996820754,1.0106737280067986e-08
3.9425950000000003,0.027983069814037684,0.06963801414080124,0.11032591113347594,0.14499012853509555,0.04381711916932076,1.068977149381037e-08
3.9609280000000004,0.027663492265502233,0.06900259402267964,0.10957310109221123,0.1446703880543233,0.04423051390872938,1.13030174750431e-08
3.979261,0.027347857350302603,0.06837297186895284,0.10882426218762249,0.14434671412566027,0.04464398306640344,1.1947859931441544e-08
3.9975940000000003,0.027036110698216452,0.06774909477542385,0.1080793939105259,0.14401917887345161,0.04505749164338484,1.2625738491857263e-08
4.0159270000000005,0.02672819881045426,0.06713091032062607,0.10733849526427115,0.1436878537570528,0.04547100479493381,1.3338149528698462e-08
4.034260000000001,0.026424069042913414,0.0665183665614187,0.1066015647770639,0.1433528095725059,0.045884487834967326,1.4086648027949256e-08
4.052593000000001,0.026123669589821884,0.06591141202862211,0.10586860051402505,0.14301411645431153,0.04629790624040417,1.48728495076844e-08
4.070926000000001,0.025826949467760506,0.06530999572269315,0.10513960008899247,0.1426718438772939,0.04671122565541646,1.569843198593691e-08
4.089259000000001,0.025533858500053522,0.06471406710943996,0.10441456067607041,0.14232606065855566,0.04712441189558908,1.6565137998784922e-08
4.107592000000001,0.025244347301517204,0.06412357611577567,0.10369347902093372,0.1419768349595184,0.04753743095198706,1.7474776669526156e-08
4.1259250000000005,0.024958367263556762,0.06353847312551118,0.10297635145189044,0.141624234288047,0.04795024899513158,1.8429225829815628e-08
4.144258000000001,0.024675870539601887,0.06295870897518595,0.10226317389070945,0.14126832550065457,0.04836283237888606,1.9430434193644624e-08
4.162591000000001,0.024396810030872115,0.06238423494993718,0.10155394186321802,0.14090917480478488,0.04877514764425158,2.048042358504516e-08
4.180924000000001,0.0241211393724626,0.0618150027794065,0.10084865050967387,0.14054684776116924,0.04918716152307369,2.1581291220406847e-08
4.199257000000001,0.023848812919742116,0.061250964633683964,0.10014729459491754,0.14018140928625658,0.04959884094166072,2.273521204629895e-08
4.21759,0.023579785735054613,0.06069207311928922,0.09944986851830899,0.13981292365471162,0.050010153024314156,2.3944441133691228e-08
4.2359230000000005,0.023314013574716467,0.06013828127518911,0.09875636632345369,0.13944145450198103,0.05042106509677199,2.5211316129473712e-08
4.254256000000001,0.023051452876301472,0.059589542568851975,0.09806678170772283,0.13906706482692344,0.05083154468956584,2.65382597661764e-08
4.272589000000001,0.022792060746206006,0.05904581089233756,0.0973811080315716,0.13868981699450153,0.05124155954129253,2.7927782430794906e-08
4.290922000000001,0.022535794947486906,0.05850704055842288,0.09669933832766042,0.1383097727385338,0.05165107760180061,2.938248479362988e-08
4.309255000000001,0.022282613887965135,0.057973186296763284,0.09602146530978323,0.13792699316450338,0.05206006703529309,3.0905060498049004e-08
4.327588,0.022032476608588175,0.05744420325008864,0.0953474813816069,0.13754153875242178,0.052468496223346456,3.249829891208615e-08
4.345921000000001,0.021785342772044292,0.0569200469704341,0.0946773786452255,0.1371534693597457,0.05287633376784753,3.4165087942792186e-08
4.364254000000001,0.021541172651622642,0.0564006734154055,0.09401114890953471,0.13676284422434423,0.05328354849384809,3.590841691425269e-08
4.382587000000001,0.0212999271203123,0.05588603894447855,0.09334878369842818,0.1363697219675144,0.05369010945233869,3.773137951019143e-08
4.400920000000001,0.0210615676401346,0.05537610031533199,0.09269027425882122,0.1359741605970438,0.0540959859229422,3.963717678207945e-08
4.419253000000001,0.020826056251702512,0.054870814680214125,0.09203561156850511,0.135576217510317,0.054501147416527854,4.1629120223669135e-08
4.4375860000000005,0.020593355564001544,0.05437013958234254,0.09138478634383534,0.13517594949746503,0.05490556367774638,4.3710634912875686e-08
4.455919000000001,0.020363428744386312,0.05387403295233659,0.09073778904725713,0.13477341274455495,0.05530920468748766,4.588526272192492e-08
4.474252000000001,0.02013623950878773,0.053382453104682606,0.09009460989467254,0.13436866283681947,0.05571204066526065,4.815666559669156e-08
4.492585000000001,0.019911752112125106,0.05289535873423123,0.08945523886265158,0.13396175476192182,0.05611404207149766,5.05286289061498e-08
4.510918000000001,0.019689931338918384,0.05241270891272667,0.08881966569549106,0.13355274291325778,0.05651517960978254,5.300506486285378e-08
4.529251000000001,0.01947074249409542,0.051934463085367776,0.08818787991212419,0.1331416810932894,0.05691542422900443,5.559001601537453e-08
4.5475840000000005,0.019254151393989467,0.05146058106740038,0.0875598708128842,0.1327286225169131,0.05731474712543766,5.8287658813605754e-08
4.565917000000001,0.019040124357522264,0.050991023040740706,0.08693562748612499,0.13231361981485515,0.05771311974474817,6.110230724786327e-08
4.584250000000001,0.018828628197568108,0.05052574955062972,0.08631513881470163,0.13189672503709865,0.05811051378392817,6.403841656269068e-08
4.602583000000001,0.018619630212494537,0.050064721502317916,0.08569839348231377,0.13147798965633611,0.058506901193158746,6.710058704628846e-08
4.620916000000001,0.01841309817787531,0.049607900157780334,0.0850853799797149,0.13105746457144804,0.058902254177602066,7.029356789647671e-08
4.639249000000001,0.018209000338371573,0.04915524713246162,0.08447608661078995,0.13063520011100693,0.05929654519912398,7.362226116410677e-08
4.6575820000000006,0.01800730539977702,0.048706724392050746,0.08387050149850421,0.13021124603680212,0.05968974697794695,7.709172577482206e-08
4.675915000000001,0.017807982521223325,0.04826229424928509,0.08326861259072593,0.12978565154738814,0.06008183249423519,8.070718163007936e-08
4.694248000000001,0.017611001307541865,0.04782191936078389,0.08267040766592576,0.12935846528165215,0.06047277498961228,8.447401378832895e-08
4.712581000000001,0.017416331801777974,0.04738556272391037,0.08207587433875468,0.12892973532240098,0.06086254796861215,8.839777672724916e-08
4.730914000000001,0.017223944477854383,0.04695318767366257,0.08148500006550395,0.12849950919996456,0.06125112520006417,9.248419868793149e-08
4.749247,0.017033810233379878,0.046524757879592635,0.08089777214944868,0.12806783389581752,0.0616384807184134,9.673918610190558e-08
4.767580000000001,0.016845900382600257,0.046100237342754,0.08031417774607738,0.12763475584621453,0.062024588824976634,1.0116882810188591e-07
4.785913000000001,0.016660186649487957,0.045679590392676724,0.07973420386821083,0.1272003209458402,0.06240942408913487,1.0577940111712146e-07
4.804246000000001,0.016476641160967042,0.04526278168437017,0.07915783739101123,0.12676457455147208,0.06279296134946372,1.105773735542238e-07
4.822579000000001,0.016295236440270786,0.044849776195353165,0.07858506505688463,0.12632756148565524,0.0631751757148014,1.1556941056433718e-07
4.840912000000001,0.01611594540042837,0.04444053922271122,0.07801587348027848,0.12588932604038733,0.06355604256525633,1.2076237889752122e-07
4.8592450000000005,0.015938741337878003,0.044035036380180616,0.07745024915237696,0.1254499119808139,0.06393553755315443,1.2616335184519422e-07
4.877578000000001,0.015763597926203337,0.04363323359525902,0.07688817844569501,0.12500936254893202,0.06431363660392697,1.3177961427149432e-07
4.895911000000001,0.01559048920999069,0.04323509710634266,0.0763296476185747,0.12456772046730129,0.06469031591694005,1.376186677343927e-07
4.914244000000001,0.015419389598803922,0.04284059345988938,0.07577464281958457,0.12412502794276223,0.06506555196626633,1.4368823569740554e-07
4.932577000000001,0.015250273861274574,0.04244968950760776,0.07522315009182418,0.12368132667015994,0.0654393215013997,1.499962688327255e-07
4.950910000000001,0.015083117119304653,0.0420623524036718,0.07467515537713658,0.12323665783607315,0.06581160154791402,1.5655095041658755e-07
4.9692430000000005,0.014917894842379317,0.04167854960196105,0.07413064452022955,0.12279106212254633,0.06618236940806632,1.6336070181769575e-07
4.987576000000001,0.014754582841987312,0.04129824885332586,0.0735896032727077,0.12234457971082614,0.06655160266134574,1.7043418807950486e-07
5.005909000000001,0.014593157266146434,0.04092141820287771,0.07305201729701787,0.12189725028509915,0.06691927916496826,1.7778032359714875e-07
5.024242000000001,0.014433594594031996,0.04054802598730416,0.07251787217030851,0.12144911303623168,0.0672853770543187,1.8540827788980238e-07
5.042575000000001,0.014275871630705672,0.04017804083220833,0.07198715338820563,0.12100020666551035,0.0676498747433408,1.933274814692657e-07
5.060908000000001,0.014119965501942841,0.03981143164947262,0.07145984636850651,0.12055056938838188,0.06801275092487534,2.0154763180550987e-07
5.079241000000001,0.01396585364915605,0.03944816763464663,0.07093593645479301,0.12010023893819313,0.06837398457094786,2.100786993899676e-07
5.097574000000001,0.013813513824412513,0.03908821826435864,0.07041540891996581,0.11964925256992862,0.0687335549330066,2.1893093389729314e-07
5.115907000000001,0.013662924085543737,0.038731553293751025,0.06989824896970183,0.1191976470639468,0.06909144154211118,2.281148704463314e-07
5.134240000000001,0.013514062791345045,0.03837814275393885,0.06938444174583538,0.1187454587297126,0.06944762420907288,2.3764133596102672e-07
5.152573000000001,0.013366908596863231,0.03802795694949175,0.06887397232966537,0.11829272340952701,0.06980208302454739,2.475214556319662e-07
5.170906000000001,0.013221440448770418,0.03768096645593872,0.06836682574518964,0.11783947648225193,0.07015479835908099,2.5776665947928154e-07
5.189239000000001,0.013077637580822156,0.0373371421172958,0.06786298696226799,0.11738575286703083,0.07050575086310996,2.6838868901755607e-07
5.207572000000001,0.012935479509398053,0.0369964550436161,0.0673624408997151,0.11693158702700368,0.07085492146691533,2.7939960402346077e-07
5.225905000000001,0.012794946029123242,0.036658876608562464,0.06686517242832525,0.1164770129730157,0.07120229138053248,2.9081178940673286e-07
5.244238000000001,0.012656017208568657,0.03632437844700202,0.0663711663738297,0.11602206426732,0.0715478420936176,3.026379621851861e-07
5.262571000000001,0.012518673386028979,0.03599293245262287,0.06588040751978792,0.11556677402727258,0.07189155537526991,3.148911785643549e-07
5.2809040000000005,0.012382895165376002,0.03566451077557238,0.06539288061041479,0.1151111749290206,0.07223341327381252,3.2758484112240866e-07
5.299237000000001,0.012248663411986284,0.03533908582011712,0.06490857035334399,0.1146552992111811,0.07257339811653102,3.40732706100942e-07
5.317570000000001,0.012115959248741391,0.03501663024232413,0.06442746142232979,0.11419917867851273,0.07291149250937119,3.543488908022291e-07
5.335903000000001,0.011984764052099086,0.034697116947763354,0.0639495384598877,0.11374284470557673,0.07324767933659666,3.684478810935179e-07
5.354236000000001,0.011855059448234204,0.03438051908923095,0.06347478607987571,0.11328632824038973,0.0735819417604064,3.830445390189246e-07
5.372569000000001,0.011726827309247543,0.03406681006449354,0.06300318887001677,0.11282965980806577,0.07391426322051449,3.9815411051948423e-07
5.3909020000000005,0.011600049749441644,0.033755963514052884,0.06253473139436447,0.11237286951444742,0.07424462743369042,4.137922332618691e-07
5.409235000000001,0.011474709121661743,0.03344795331893101,0.062069398195711986,0.1119159870497274,0.07457301839326304,4.299749445763182e-07
5.427568000000001,0.01135078801370085,0.03314275359847563,0.061607173797946335,0.11145904169205736,0.07489942036858695,4.4671868950423006e-07
5.445901000000001,0.011228269244767492,0.03284033870818542,0.06114804270834851,0.11100206231114598,0.07522381790447304,4.640403289559442e-07
5.464234000000001,0.01110713586201481,0.032540683237555296,0.06069198941984064,0.11054507737184449,0.07554619582058396,4.819571479791522e-07
5.482567000000001,0.010987371137129972,0.03224376200794128,0.06023899841318128,0.11008811493772001,0.07586653921079443,5.004868641383884e-07
5.500900000000001,0.010868958562982398,0.031949550070444845,0.059789054159109865,0.10963120267461578,0.0761848334425174,5.19647636006016e-07
5.519233000000001,0.010751881850329768,0.03165802270381651,0.05934214112044117,0.10917436785419858,0.07650106415599726,5.394580717651585e-07
5.537566000000001,0.010636124924580765,0.03136915541237879,0.058898243754111027,0.10871763735749253,0.07681521726357013,5.599372379249016e-07
5.555899000000001,0.010521671922613048,0.03108292392396778,0.058457346513173955,0.10826103767839883,0.07712727894889143,5.811046681482161e-07
5.574232000000001,0.010408507189645805,0.030799304187893766,0.05801943384875374,0.10780459492720211,0.0774372356661328,6.029803721928865e-07
5.592565000000001,0.010296615276165441,0.03051827237292034,0.05758449021194817,0.10734833483406125,0.077745074139148,6.255848449658277e-07
5.610898000000001,0.010185980934903513,0.030239804865261972,0.05715250005568823,0.10689228275248702,0.07805078136060815,6.489390756910824e-07
5.629231000000001,0.010076589117865874,0.029963878266599808,0.05672344783655326,0.10643646366280288,0.07835434459110813,6.730645571918035e-07
5.647564000000001,0.009968424973412002,0.029690469392115712,0.0562973180165426,0.10598090217559247,0.07865575135824315,6.979832952864948e-07
5.665897000000001,0.009861473843383414,0.029419555268544083,0.05587409506480459,0.10552562253513043,0.07895498945565785,7.237178182997502e-07
5.684230000000001,0.009755721260280435,0.029151113132241543,0.05545376345932385,0.10507064862279752,0.07925204694206711,7.50291186687762e-07
5.702563000000001,0.009651152944486128,0.028885120427274213,0.055036307688567654,0.10461600396048054,0.07954691214025009,7.777270027787796e-07
5.720896000000001,0.009547754801536704,0.02862155480352245,0.05462171225309211,0.10416171171395525,0.07983957363601744,8.060494206287088e-07
5.739229000000001,0.009445512919437255,0.028360394114802834,0.05420996166710894,0.10370779469625332,0.08013002027715271,8.352831559920565e-07
5.757562000000001,0.009344413566022194,0.02810161641700739,0.05380104046001389,0.10325427537101281,0.08041824117232872,8.654534964083421e-07
5.775895000000001,0.009244443186359348,0.027845199966259684,0.05339493317787703,0.10280117585581133,0.08070422568999853,8.965863114040845e-07
5.794228000000001,0.00914558840019691,0.027591123217087805,0.052991624384896165,0.10234851792548272,0.08098796345726318,9.287080628105305e-07
5.812561000000001,0.009047835999452532,0.02733936482061398,0.05259109866481377,0.10189632301541618,0.08126944435871447,9.618458151971568e-07
5.830894000000001,0.008951172945743557,0.027089903622760772,0.0521933406222984,0.10144461222483868,0.08154865853525618,9.96027246421e-07
5.849227000000001,0.008855586367957833,0.026842718662473515,0.05179833488429089,0.1009934063200787,0.08182559638290161,1.0312806582918957e-06
5.867560000000001,0.008761063559864172,0.02659778916995916,0.051406066101316636,0.1005427257378138,0.08210024855154996,1.067634987353606e-06
5.885893000000001,0.008667591977761747,0.02635509456494103,0.05101651894876404,0.10009259058829922,0.08237260594374102,1.1051198157808227e-06
5.904226000000001,0.008575159238167724,0.026114614454929554,0.05062967812813004,0.09964302065857898,0.08264265971338888,1.1437653823920608e-06
5.922559000000001,0.00848375311554236,0.025876328633508805,0.05024552836823348,0.0991940354156788,0.08291040126449555,1.1836025937782905e-06
5.940892000000001,0.008393361540050975,0.025640217078638606,0.049864054426396555,0.09874565400978126,0.08317582224984506,1.2246630355473446e-06
5.959225000000001,0.008303972595361904,0.025406259950972235,0.04948524108959555,0.09829789527738166,0.08343891456967707,1.2669789836838713e-06
5.977558000000001,0.008215574516479971,0.02517443759218937,0.04910907317558094,0.0978507777444264,0.08369967037034373,1.3105834160248572e-06
5.995891000000001,0.008128155687614687,0.02494473052334432,0.048735535533967714,0.09740431962943245,0.08395808204294676,1.3555100238503665e-06
6.014224000000001,0.008041704640082643,0.02471711944322927,0.04836461304729638,0.09695853884658771,0.08421414222195697,1.4017932235894834e-06
6.032557000000001,0.007956210050243278,0.02449158522675253,0.04799629063206548,0.09651345300883363,0.08446784378381737,1.449468168641212e-06
6.050890000000001,0.007871660737467666,0.02426810892333149,0.04763055323973575,0.09606907943092823,0.08471917984552879,1.4985707613100514e-06
6.069223000000001,0.007788045662139458,0.02404667175530036,0.04726738585770706,0.09562543513249008,0.08496814376321955,1.5491376648559888e-06
6.087556000000001,0.00770535392368759,0.023827255116332307,0.046906773510267945,0.09518253684102415,0.08521472913069943,1.6012063156587648e-06
6.105889000000001,0.007623574758650062,0.023609840569876098,0.04654870125951906,0.09474040099492788,0.08545892977799827,1.6548149354959019e-06
6.124222000000001,0.0075426975387682515,0.023394409847606937,0.046193154206270404,0.09429904374647793,0.08570073976988984,1.7100025439343112e-06
6.142555000000001,0.0074627117691112585,0.023180944847891488,0.04584011749091323,0.09385848096479879,0.085940153404401,1.7668089708350719e-06
6.160888000000001,0.007383607086229584,0.02296942763426682,0.045489576294266844,0.09341872823881099,0.08617716521130786,1.8252748689709793e-06
6.179221000000001,0.007305373256337865,0.022759840433933375,0.04514151583840136,0.0929798008801608,0.08641176995061757,1.8854417267564808e-06
6.197554000000001,0.007228000173525897,0.02255216563626155,0.04479592138743611,0.09254171392613005,0.08664396261103735,1.9473518810895013e-06
6.215887000000001,0.0071514778579975175,0.022346385791311964,0.04445277824831464,0.09210448214252719,0.0868737384084319,2.011048530304847e-06
6.234220000000001,0.007075796454336994,0.02214248360836923,0.0441120717715568,0.09166812002655822,0.08710109278426739,2.076575747238424e-06
6.252553000000001,0.007000946229802184,0.021940441954489107,0.04377378735198839,0.09123264180967895,0.08732602140404429,2.1439784924020667e-06
6.270886000000001,0.006926917572644151,0.021740243853058852,0.04343791042944822,0.09079806146042692,0.08754852015571964,2.2133026272681774e-06
6.289219000000001,0.006853700990452729,0.021541872482370827,0.04310442648947415,0.09036439268723473,0.08776858514811761,2.284594927663739e-06
6.307552000000001,0.006781287108527575,0.021345311174208986,0.04277332106396734,0.08993164894122305,0.08798621270932998,2.35790309727308e-06
6.325885000000001,0.0067096666682742315,0.021150543412448368,0.04244457973183598,0.08949984341897504,0.08820139938510675,2.4332757812486967e-06
6.3442180000000015,0.006638830525624841,0.020957552831667295,0.0421181881196186,0.08906898906529011,0.08841414193723708,2.5107625799295438e-06
6.362551000000001,0.006568769649482925,0.020766323215772278,0.04179413190208727,0.08863909857591906,0.08862443734192114,2.590414062666178e-06
6.380884000000001,0.006499475120192017,0.020576838496635434,0.041472396802831345,0.0882101844002792,0.08883228278813295,2.6722817817517694e-06
6.399217000000001,0.006430938128027526,0.02038908275274439,0.041152968594821975,0.08778225874415023,0.08903767567597498,2.7564182864586417e-06
6.417550000000001,0.006363149971711589,0.020203040207864453,0.04083583310095771,0.08735533357235037,0.08924061361502487,2.84287713717914e-06
6.435883000000001,0.006296102056950366,0.020018695229712998,0.04052097619459191,0.08692942061139287,0.08944109442267452,2.931712919670535e-06
6.4542160000000015,0.00622978589499356,0.019836032328645985,0.040208383800041804,0.08650453135212353,0.08963911612246114,3.0229812594025617e-06
6.472549000000001,0.0061641931012156315,0.01965503615635642,0.03989804189308013,0.08608067705233795,0.0898346769423928,3.1167388360071756e-06
6.490882000000001,0.00609931539371833,0.0194756915045847,0.03958993650140925,0.08565786873938003,0.09002777531326647,3.213043397829636e-06
6.509215000000001,0.006035144591954377,0.019297983303840756,0.03928405370511832,0.08523611721272056,0.09021840986697982,3.311953776579581e-06
6.527548000000001,0.005971672615371653,0.01912189662213783,0.038980379637123995,0.08481543304651652,0.09040657943483793,3.4135299020817703e-06
6.545881000000001,0.005908891482077751,0.0189474166637378,0.0386789004835946,0.08439582659215086,0.09059228304585379,3.517832817124975e-06
6.564214000000001,0.005846793307524462,0.018774528767907972,0.03837960248435841,0.08397730798075341,0.09077551992504426,3.6249246924084554e-06
6.582547000000001,0.005785370303211862,0.01860321840768919,0.038082471933296384,0.0835598871257014,0.09095628949172067,3.734868841584775e-06
6.600880000000001,0.00572461477541168,0.018433471188675228,0.037787495178719446,0.08314357372510185,0.09113459135777564,3.84772973639776e-06
6.619213000000001,0.00566451912390958,0.018265272847803302,0.03749465862373093,0.08272837726425392,0.09131042532596495,3.963573021915107e-06
6.637546000000001,0.0056050758407661634,0.01809860925215556,0.0372039487265741,0.08231430701809234,0.09148379138818626,4.082465531853719e-06
6.655879000000001,0.005546277509096161,0.017933466397771616,0.03691535200096549,0.0819013720536114,0.09165468972375422,4.2044753039973805e-06
6.674212000000001,0.0054881168018657495,0.01776983040847184,0.03662885501641403,0.08148958123227028,0.09182312069767198,4.329671595705095e-06
6.692545000000001,0.005430586480707465,0.017607687534691406,0.03634444439852632,0.08107894321237845,0.09198908485890023,4.458124899509203e-06
6.710878000000001,0.0053736793947526075,0.017447024152324984,0.03606210682929862,0.08066946645146325,0.09215258293862391,4.5899069588019944e-06
6.729211000000001,0.005317388479480765,0.01728782676158197,0.03578182904739526,0.08026115920861722,0.09231361584851577,4.725090783609309e-06
6.747544000000001,0.005261706755586097,0.01713008198585216,0.03550359784841442,0.07985402954682723,0.09247218467899891,4.863750666450315e-06
6.7658770000000015,0.0052066273278602295,0.016973776570581772,0.03522740008514097,0.07944808533528445,0.09262829069750675,5.0059621982818065e-06
6.784210000000001,0.005152143384091437,0.016818897382159765,0.034953222667787005,0.07904333425167574,0.09278193534674256,5.151802284525812e-06
6.802543000000001,0.005098248193979829,0.01666543140681419,0.03468105256422017,0.07863978378445596,0.09293312024293714,5.301349161179194e-06
6.820876000000001,0.00504493510806825,0.01651336574951882,0.03441087680018015,0.07823744123510179,0.09308184717410552,5.454682411003743e-06
6.839209000000001,0.004992197556688694,0.016362687632909566,0.03414268245948332,0.07783631372034686,0.09322811809830372,5.611882979795407e-06
6.857542000000001,0.004940029048923993,0.016213384396210884,0.03387645668421633,0.07743640817439804,0.09337193514188526,5.773033192731466e-06
6.8758750000000015,0.004888423171584417,0.016065443494171938,0.03361218667491801,0.07703773135113401,0.09351330059775623,5.938216770793532e-06
6.894208000000001,0.0048373735881990865,0.01591885249601248,0.03334985969075088,0.07664028982628407,0.09365221692363232,6.107518847265623e-06
6.912541000000001,0.004786874038021838,0.015773599084378358,0.03308946304966152,0.07624408999959013,0.09378868674029535,6.281025984305386e-06
6.930874000000001,0.004736918335051368,0.015629671054306547,0.0328309841285308,0.07584913809694893,0.09392271282985047,6.458826189587018e-06
6.949207000000001,0.004687500367065428,0.015487056312199614,0.03257441036331363,0.0754554401725372,0.09405429813398487,6.641008933014038e-06
6.967540000000001,0.004638614094668823,0.01534574287480956,0.03231972924916881,0.07506300211091793,0.09418344575222695,6.827665163500916e-06
6.9858730000000016,0.004590253550354987,0.01520571886823092,0.03206692834057907,0.07467182962912877,0.09431015894020736,7.018887325821348e-06
7.004206000000001,0.004542412837580939,0.015066972526903056,0.031815995251461456,0.07428192827875256,0.09443444110792175,7.214769377521814e-06
7.022539000000001,0.0044950861298553475,0.01492949219262152,0.03156691765526826,0.07389330344796992,0.09455629581799484,7.415406805898574e-06
7.040872000000001,0.0044482676698396175,0.014793266313558538,0.03131968328507901,0.0735059603635936,0.09467572678394766,7.620896645036491e-06
7.059205000000001,0.00440195176846164,0.014658283443292308,0.031074279933683287,0.07311990409308557,0.09479273786846534,7.831337492908044e-06
7.077538000000001,0.004356132804042129,0.014524532239845232,0.030830695453654737,0.07273513954655617,0.09490733308166968,8.046829528530502e-06
7.095871000000001,0.004310805221433225,0.014392001464730898,0.030588917757416616,0.07235167147874583,0.09501951657939231,8.267474529179731e-06
7.114204000000001,0.004265963531169306,0.01426067998200976,0.03034893481729879,0.07196950449098878,0.09512929266145217,8.493375887658678e-06
7.132537000000001,0.004221602308629695,0.014130556757353448,0.030110734665586728,0.07158864303315998,0.09523666576993588,8.724638629618555e-06
7.150870000000001,0.004177716193213165,0.014001620857117592,0.02987430539456224,0.07120909140560444,0.09534164048748081,8.961369430931341e-06
7.169203000000001,0.004134299887523958,0.013873861447423128,0.029639635156536462,0.07083085376104883,0.09544422153556249,9.203676635111083e-06
7.1875360000000015,0.0040913481565692505,0.013747267793245975,0.029406712163875158,0.07045393410649686,0.09554441377278552,9.451670270782707e-06
7.205869000000001,0.0040488558269678,0.013621829257515032,0.029175524689016644,0.0700783363051065,0.09564222219317782,9.705462069195709e-06
7.224202000000001,0.004006817786169597,0.01349753530021835,0.028946061064481995,0.06970406407805102,0.09573765192448999,9.965165481781373e-06
7.242535000000001,0.0039652289816864816,0.013374375477517575,0.02871830968287869,0.0693311210063626,0.09583070822649782,1.0230895697751342e-05
7.260868000000001,0.003924084420333301,0.013252339440870349,0.028492258996896624,0.06895951053275955,0.09592139648931065,1.0502769661735404e-05
7.279201000000001,0.003883379167479738,0.013131416936160791,0.028267897519297678,0.06858923596345638,0.09600972223168236,1.0780906091456158e-05
7.2975340000000015,0.0038431083463124076,0.013011597802837883,0.028045213822898596,0.06822030046995747,0.09609569109932962,1.10654254954397e-05
7.315867000000001,0.0038032671371072014,0.01289287197306173,0.027824196540547033,0.06785270709083407,0.09617930886325271,1.1356450190758512e-05
7.334200000000001,0.0037638507765116293,0.012775229470857614,0.02760483436509158,0.0674864587334849,0.09626058141806339,1.1654104320805887e-05
7.352533000000001,0.003724854556837124,0.012658660411277745,0.027387116049345347,0.06712155817588045,0.09633951478031651,1.1958513873099168e-05
7.370866000000001,0.003686273825361026,0.012543154999570684,0.02717103040604352,0.06675800806829083,0.09641611508684818,1.2269806697109395e-05
7.389199000000001,0.0036481039836381477,0.01242870353035834,0.026956566307795048,0.06639581093499762,0.0964903885931191,1.258811252211592e-05
7.407532000000002,0.003610340486821837,0.012315296386820463,0.026743712687028364,0.06603496917598951,0.09656234167156302,1.2913562975082915e-05
7.425865000000001,0.003572978842994269,0.012202924039886601,0.02653245853593167,0.06567548506864207,0.09663198080994258,1.3246291598556289e-05
7.444198000000001,0.003536014612505928,0.012091577047435383,0.026322792906387435,0.06531736076938117,0.09669931260970942,1.3586433868578319e-05
7.462531000000001,0.003499443407324112,0.011981246053501192,0.026114704909901826,0.06496059831533148,0.09676434378437124,1.3934127212618194e-05
7.480864000000001,0.0034632608903902734,0.011871921787487997,0.025908183717528586,0.06460519962594856,0.09682708115786649,1.4289511027515384e-05
7.4991970000000014,0.0034274627749861656,0.011763595063390387,0.025703218559787928,0.06425116650463529,0.0968875316629418,1.4652726697434363e-05
7.517530000000002,0.003392044824108509,0.011656256779021726,0.025499798726580435,0.06389850064034339,0.09694570233954058,1.5023917611828049e-05
7.535863000000001,0.00335700284985223,0.01154989791524933,0.025297913567096004,0.06354720360915893,0.09700160033319444,1.540322918340745e-05
7.554196000000001,0.003322332712802003,0.011444509535236637,0.025097552489718063,0.06319727687587273,0.09705523289342376,1.5790808866115132e-05
7.572529000000001,0.003288030321432003,0.011340082783692279,0.02489870496192318,0.06284872179553569,0.09710660737214431,1.6186806173101197e-05
7.590862000000001,0.003254091631513799,0.011236608886126029,0.024701360510176094,0.06250153961499881,0.09715573122208038,1.659137269469684e-05
7.6091950000000015,0.0032205126455322063,0.011134079148111499,0.024505508719820435,0.062155731474438036,0.09720261199518605,1.700466211638606e-05
7.627528000000001,0.003187289412109008,0.01103248495455562,0.02431113923496499,0.061811298408864644,0.09724725734107345,1.7426830236771363e-05
7.645861000000001,0.0031544180254344002,0.010931817768974705,0.024118241758365917,0.06146824134962042,0.0972896750054479,1.785803498553109e-05
7.664194000000001,0.0031218946247061085,0.010832069132777226,0.02392680605130482,0.061126561125857994,0.09732987282855064,1.82984364413663e-05
7.682527000000001,0.003089715393575952,0.010733230664553044,0.023736821933462895,0.06078625846600694,0.09736785874360991,1.874819684993433e-05
7.700860000000001,0.0030578765596038803,0.010635294059369171,0.023548279282791153,0.06044733399922499,0.09740364077529784,1.9207480641767025e-05
7.7191930000000015,0.0030263743937192548,0.010538251088071935,0.023361168035376932,0.060109788256835085,0.09743722703819814,1.9676454450170992e-05
7.737526000000001,0.0029952052096893335,0.010442093596595533,0.023175478185306707,0.05977362167374779,0.09746862573527795,2.0155287129106745e-05
7.755859000000001,0.0029643653635948405,0.010346813505276874,0.02299119978452532,0.05943883458986958,0.09749784515637053,2.0644149771044637e-05
7.774192000000001,0.0029338512533124764,0.010252402808176695,0.02280832294269184,0.05910542725149714,0.09752489367666477,2.114321572479528e-05
7.792525000000001,0.0029036593180043584,0.010158853572406847,0.022626837827031922,0.058773399812697316,0.09754977975520268,2.165266061331126e-05
7.810858000000001,0.002873786037614169,0.010066157937463738,0.022446734662186954,0.05844275233667342,0.09757251193338579,2.217266235145815e-05
7.829191000000002,0.0028442279323700223,0.009974308114567851,0.02226800373005998,0.058113484797117344,0.09759309883348859,2.2703401163751475e-05
7.847524000000001,0.002814981562293862,0.009883296386009297,0.022090635369658593,0.05778559707954821,0.09761154915718218,2.3245059602057683e-05
7.865857000000001,0.002786043526717394,0.0097931151044993,0.02191461997693473,0.057459088982637255,0.09762787168406409,2.3797822563256145e-05
7.884190000000001,0.0027574104638043357,0.009703756692527678,0.021739948004621524,0.057133960219518984,0.09764207527019894,2.436187730685921e-05
7.902523000000001,0.0027290790500790058,0.00961521364172611,0.021566609962067516,0.056810210419089215,0.09765416884666527,2.493741347258898e-05
7.9208560000000015,0.00270104599996109,0.009527478512237255,0.0213945964150678,0.05648783912728942,0.09766416141811343,2.5524623097905705e-05
7.939189000000002,0.002673308065306508,0.009440543932089603,0.021223897985692713,0.0561668458083779,0.09767206206132974,2.6123700635487457e-05
7.957522000000001,0.0026458620349543325,0.009354402596578057,0.021054505352113874,0.05584722984618795,0.09767787992381198,2.673484297065795e-05
7.975855000000001,0.0026187047342796058,0.009269047267650146,0.02088640924842767,0.055528990545372685,0.09768162422235092,2.7358249438757062e-05
7.994188000000001,0.0025918330247520233,0.009184470773297846,0.02071960046447633,0.055212127132637026,0.09768330424162303,2.7994121842456805e-05
8.012521,0.0025652438035003717,0.009100666006954954,0.02055406984566661,0.05489663875795682,0.09768292933279117,2.864266446901333e-05
8.030854,0.0025389340028826543,0.009017625926899938,0.020389808292786183,0.05458252449578503,0.09768050891211409,2.930408410745833e-05
8.049187,0.002512900590061811,0.008935343555664284,0.02022680676181787,0.054269783346245506,0.0976760524595653,2.997859006572236e-05
8.06752,0.002487140566586955,0.008853811979446192,0.02006505626375161,0.053958414236313784,0.09766956951746081,3.066639418769079e-05
8.085853,0.002461650967980057,0.008773024347529648,0.019904547864394464,0.053648416020985835,0.09766106968909646,3.136771087018684e-05
8.104186,0.0024364288633279777,0.008692973871708788,0.019745272684178507,0.053339787484433944,0.09765056263739387,3.2082757079881556e-05
8.122519,0.002411471354879787,0.008613653825717518,0.019587221897966817,0.053032527341150514,0.09763805808355602,3.281175237012493e-05
8.140852,0.002386775577649321,0.008535057544664333,0.01943038673485764,0.05272663423707979,0.09762356580573131,3.355491889769742e-05
8.159185,0.002362338699022831,0.00845717842447231,0.01927475847798661,0.05242210675073705,0.09760709563768843,3.431248143948052e-05
8.177518000000001,0.0023381579183717324,0.008380009921324184,0.019120328464327374,0.05211894339431648,0.0975886574674994,3.508466740903902e-05
8.195851000000001,0.0023142304666703096,0.008303545551112512,0.018967088084490335,0.051817142614786066,0.09756826123623155,3.587170687311476e-05
8.214184000000001,0.00229055360611839,0.008227778888894833,0.01881502878251998,0.05151670279497169,0.09754591693665075,3.667383256803215e-05
8.232517,0.0022671246297688162,0.008152703568353832,0.018664142055690506,0.05121762225462901,0.09752163461193224,3.749127991600598e-05
8.25085,0.002243940861159741,0.008078313281262366,0.018514419454299866,0.05091989925150332,0.0974954243543813,3.832428704135288e-05
8.269183,0.0022209996539516133,0.008004601776953465,0.018365852581462568,0.050623531982378775,0.09746729630416515,3.9173094786605945e-05
8.287516,0.002198298391568823,0.007931562861795083,0.018218433092900912,0.05032851858411523,0.09743726064805133,4.003794672852144e-05
8.305849,0.0021758344868459435,0.007859190398669691,0.018072152696734914,0.05003485713467429,0.09740532761815827,4.091908919398427e-05
8.324182,0.0021536053816784617,0.007787478306458593,0.01792700315327098,0.049742545654133816,0.09737150749071449,4.1816771275803845e-05
8.342515,0.0021316085466779886,0.00771642055953097,0.01778297627478932,0.04945158210569133,0.09733581058482682,4.2731244848396076e-05
8.360848,0.0021098414808318655,0.007646011187237565,0.017640063925330133,0.049161964396656196,0.09729824726125878,4.3662764583355114e-05
8.379181,0.0020883017111670843,0.007576244273409001,0.017498258020478732,0.04887369037943097,0.09725882792121945,4.461158796490531e-05
8.397514000000001,0.0020669867924185056,0.007507113955858676,0.017357550527149507,0.04858675785248181,0.09721756300515977,4.557797530523445e-05
8.415847000000001,0.00204589430670127,0.007438614425890185,0.017217933463368973,0.048301164561297766,0.09717446299158077,4.656218975970282e-05
8.43418,0.002025021863187367,0.007370739927809253,0.01707939889805764,0.04801690819933992,0.0971295383958505,4.7564497341929366e-05
8.452513,0.002004367097786317,0.007303484758440085,0.016941938950811128,0.047733986408979114,0.09708279976903007,4.8585166938745335e-05
8.470846,0.001983927672829871,0.007236843266646191,0.016805545791680247,0.04745239678242378,0.09703425769671084,4.9624470325020674e-05
8.489179,0.0019637012767607185,0.007170809852855524,0.0166702116409503,0.04717213686263694,0.09698392279785953,5.0682682178352856e-05
8.507512,0.0019436856238251071,0.0071053789685899815,0.01653592876891961,0.04689320414424291,0.0969318057236745,5.1760080093619744e-05
8.525845,0.001923878453769346,0.00704054511599919,0.01640268949567711,0.04661559607442375,0.0968779171564514,5.2856944597393506e-05
8.544178,0.001904277531540123,0.006976302847398548,0.01627048619087944,0.0463393100538053,0.09682226780845782,5.3973559162209434e-05
8.562511,0.0018848806469886229,0.006912646764811483,0.016139311273527225,0.046064343437333594,0.09676486842081866,5.511021022069165e-05
8.580844,0.0018656856145783144,0.006849571519515885,0.01600915721174065,0.04579069353514049,0.09670572976241028,5.626718717952762e-05
8.599177000000001,0.001846690273096443,0.006787071811594676,0.015880016522534655,0.045518357613399986,0.09664486262876558,5.744478243329324e-05
8.617510000000001,0.0018278924853691299,0.006725142389490485,0.01575188177159334,0.04524733289517446,0.09658227784098695,5.864329137812101e-05
8.635843000000001,0.0018092901379800387,0.006663778049564386,0.015624745573043946,0.044977616561250856,0.09651798624467099,5.986301242521565e-05
8.654176,0.001790881140992552,0.006602973635658663,0.015498600589230383,0.044709205750967776,0.0964519987088418,6.110424701420456e-05
8.672509,0.0017726634276754435,0.006542724038663538,0.015373439530486154,0.04444209756303228,0.09638432612489362,6.236729962632869e-05
8.690842,0.0017546349542319492,0.006483024196087919,0.015249255154907103,0.0441762890563277,0.09631497940554447,6.36524777974668e-05
8.709175,0.0017367936995322233,0.006423869091633989,0.015126040268123564,0.04391177725071166,0.09624396948379822,6.496009213099061e-05
8.727508,0.001719137664849147,0.006365253754775722,0.015003787723072258,0.04364855912780494,0.09617130731191724,6.629045631045118e-05
8.745841,0.0017016648735973848,0.006307173260341236,0.014882490419767842,0.04338663163177093,0.09609700386040379,6.764388711208708e-05
8.764174,0.0016843733710757297,0.006249622728098943,0.01476214130507426,0.04312599167008595,0.09602107011699187,6.90207044171582e-05
8.782507,0.0016672612242125985,0.006192597322347498,0.014642733372475724,0.04286663611430052,0.09594351708564915,7.042123122410201e-05
8.80084,0.0016503265213147268,0.0061360922515094705,0.014524259661847512,0.04260856180079133,0.09586435578558648,7.184579366050265e-05
8.819173000000001,0.0016335673718189544,0.006080102767728733,0.014406713259226687,0.04235176553150466,0.09578359725027975,7.329472099487766e-05
8.837506000000001,0.001616981906047077,0.00602462416647152,0.014290087296582482,0.04209624407469049,0.09570125252649875,7.47683456482751e-05
8.855839,0.0016005682749637529,0.005969651786131135,0.014174374951586733,0.04184199416562827,0.09561733267334789,7.626700320568303e-05
8.874172,0.0015843246499373672,0.005915181007636236,0.014059569447383985,0.04158901250734347,0.0955318487613149,7.779103242724184e-05
8.892505,0.0015682492225038746,0.005861207254062746,0.01394566405236183,0.04133729577131594,0.09544481187132996,7.934077525926272e-05
8.910838,0.001552340204133544,0.0058077259902492556,0.01383265207992094,0.041086840598179505,0.09535623309383356,8.091657684504513e-05
8.929171,0.0015365958260005524,0.005754732722415964,0.0137205268882452,0.04083764359841307,0.09526612352785503,8.251878553549528e-05
8.947504,0.0015210143387554532,0.00570222299778708,0.013609281880071785,0.04058970135302326,0.09517449428009903,8.414775289953638e-05
8.965837,0.0015055940123004006,0.005650192404216684,0.013498910502461407,0.040343010414219,0.09508135646404328,8.580383373431789e-05
8.98417,0.0014903331355671616,0.0055986365698179885,0.013389406246568434,0.040097567306077546,0.09498672119904414,8.748738607520816e-05
9.002503,0.0014752300162978256,0.005547551162595997,0.013280762647411242,0.03985336852520252,0.0948905996094525,8.919877120557878e-05
9.020836000000001,0.001460282980828229,0.0054969318900835,0.013172973283642593,0.03961041054137378,0.09479300282373902,9.093835366637506e-05
9.039169000000001,0.0014454903738739904,0.005446774498980402,0.013066031777320186,0.03936868979818917,0.09469394197362817,9.270650126546318e-05
9.057502000000001,0.0014308505583192064,0.005397074774796336,0.012959931793677337,0.039128202713698663,0.09459342819324226,9.450358508676319e-05
9.075835,0.001416361915007689,0.005347828541496548,0.012854667040893818,0.03888894568103019,0.09449147261825462,9.632997949915753e-05
9.094168,0.0014020228425367708,0.005299031661150979,0.012750231269866952,0.038650915069007794,0.09438808638505156,9.818606216517055e-05
9.112501,0.0013878317570536224,0.005250680033586604,0.012646618273982904,0.038414107222762485,0.09428328062990454,0.00010007221404942585
9.130834,0.0013737870920540378,0.005202769596042902,0.012543821888888144,0.0381785184643347,0.0941770664881506,0.00010198881942686822
9.149167,0.0013598872981836804,0.005155296322830476,0.012441835992261289,0.03794414509326974,0.09406945509338265,0.0001039362658907543
9.1675,0.0013461308430417368,0.005108256224992799,0.012340654503585133,0.03771098338720556,0.09396045757664842,0.00010591494436040853
9.185833,0.0013325162109869611,0.005061645349971041,0.012240271383919003,0.037479029602452946,0.09385008506565905,0.00010792524908874084
9.204166,0.0013190419029460616,0.005015459781271951,0.012140680635671447,0.03724827997456851,0.0937383486840063,0.00010996757766951964
9.222499000000001,0.0013057064362244142,0.0049696956381387715,0.012041876302373236,0.03701873071892028,0.09362525955038943,0.0001120423310444108
9.240832000000001,0.0012925083443190775,0.004924349075225164,0.011943852468450762,0.036790378031246254,0.0935108287778503,0.00011414991350976075
9.259165000000001,0.0012794461767340478,0.004879416282272095,0.011846603258999725,0.036563218088205396,0.09339506747301819,0.00011629073272313999
9.277498000000001,0.00126651849879777,0.004834893483787679,0.011750122839559327,0.03633724704792199,0.09327798673536296,0.00011846519970963019
9.295831,0.0012537238914828335,0.00479077693872995,0.011654405415886767,0.03611246105052268,0.09315959765645787,0.00012067372886786457
9.314164,0.0012410609512278482,0.004747062940192498,0.011559445233732176,0.03588885621866659,0.09303991131925089,0.0001229167379758087
9.332497,0.0012285282897614726,0.004703747815093024,0.011465236578614077,0.03566642865806871,0.09291893879734453,0.0001251946481962847
9.35083,0.0012161245339285586,0.004660827923864686,0.011371773775595192,0.03544517445801625,0.09279669115428447,0.00012750788408223565
9.369163,0.0012038483255183798,0.004618299660150295,0.011279051189058769,0.03522508969187846,0.09267317944285855,0.00012985687358173324
9.387496,0.0011916983210949292,0.004576159450499281,0.011187063222485367,0.03500617041760948,0.09254841470440217,0.00013224204804271396
9.405829,0.0011796731918292554,0.00453440375406744,0.011095804318230177,0.03478841267824485,0.09242240796811362,0.00013466384221745003
9.424162,0.00116777162333381,0.004493029062319411,0.011005268957300819,0.0345718125023913,0.09229517025037827,0.0001371226942667585
9.442495000000001,0.0011559923154987816,0.004452031898733868,0.010915451659135685,0.03435636590471011,0.09216671255410093,0.00013961904576393022
9.460828000000001,0.0011443339823303828,0.004411408818511407,0.010826346981382795,0.034142068886393914,0.09203704586804638,0.00014215334169839026
9.479161000000001,0.0011327953517910744,0.004371156408285096,0.010737949519679234,0.03392891743563736,0.09190618116618987,0.0001447260304790864
9.497494,0.001121375165641712,0.004331271285833667,0.010650253907431162,0.033716907528101345,0.09177412940707434,0.0001473375639375934
9.515827,0.001110072179285551,0.00429175009979731,0.010563254815594303,0.03350603512737074,0.09164090153317711,0.00014998839733094038
9.53416,0.0010988851616141502,0.004252589529396095,0.010476946952455166,0.03329629618540664,0.09150650847028519,0.00015267898934416356
9.552493,0.001087812894855069,0.004213786284150933,0.010391325063412787,0.03308768664299171,0.09137096112687833,0.00015540980209256285
9.570826,0.0010768541744214186,0.004175337103607091,0.010306383930761049,0.03288020243017001,0.09123427039352049,0.00015818130112368262
9.589159,0.0010660078087631765,0.004137238757060228,0.010222118373471709,0.03267383946668051,0.09109644714225988,0.00016099395541900228
9.607492,0.001055272619220288,0.004099488043284946,0.010138523246977966,0.03246859366238492,0.09095750222603687,0.00016384823739533423
9.625825,0.0010446474398774915,0.004062081790265792,0.010055593442958753,0.03226446091768949,0.09081744647810094,0.00016674462290593799
9.644158000000001,0.0010341311174208905,0.00402501685493074,0.009973323889123633,0.03206143712396093,0.09067629071143422,0.00016968359124132828
9.662491000000001,0.001023722510996216,0.003988290122887084,0.00989170954899834,0.03185951816393683,0.09053404571818471,0.0001726656251298042
9.680824000000001,0.00101342049206876,0.003951898508159759,0.009810745421711073,0.031658699912130224,0.09039072226910688,0.00017569121073766856
9.699157000000001,0.0010032239442849874,0.0039158389529320315,0.009730426541779346,0.03145897823522831,0.09024633111300986,0.00017876083766914903
9.71749,0.0009931317633357667,0.0038801084272885793,0.00965074797889768,0.03126034899248612,0.09010088297621448,0.0001818749989660283
9.735823,0.0009831428568212249,0.0038447039289608797,0.009571704837725797,0.031062808036114022,0.08995438856201772,0.00018503419110696255
9.754156,0.0009732561441172102,0.0038096224830749675,0.009493292257677763,0.030866351211660342,0.0898068585501646,0.00018823891400649502
9.772489,0.0009634705562433062,0.0037748611419014563,0.009415505412711597,0.030670974358388167,0.0896583035963293,0.0001914896710137751
9.790822,0.000953785035732422,0.003740416984607857,0.009338339511119788,0.03047667330964696,0.08950873433160211,0.000194786968910952
9.809155,0.0009441985365019155,0.0037062871170131548,0.00926178979532046,0.030283443893238872,0.08935816136198609,0.00019813131791127558
9.827488,0.0009347100237262297,0.003672468671344624,0.00918585154164925,0.03009128193177981,0.08920659526789977,0.00020152323165687944
9.845821,0.0009253184737110288,0.0036389588059968637,0.009110520060152002,0.029900183243055288,0.08905404660368876,0.0002049632272162491
9.864154000000001,0.0009160228737688155,0.0036057547052930302,0.009035790694378161,0.02971014364037104,0.08890052589714362,0.00020845182508137498
9.882487000000001,0.00090682222209601,0.0035728535792482483,0.008961658821174931,0.02952115893289885,0.08874604364902693,0.00021198954916460468
9.900820000000001,0.0008977155276514668,0.003540252663335183,0.008888119850482202,0.029333224926017056,0.08859061033260632,0.00021557692679515742
9.919153000000001,0.0008887018100364254,0.00350794921825175,0.008815169225128249,0.029146337421646174,0.08843423639319577,0.00021921448871532889
9.937486,0.0008797800993758596,0.003475940529690944,0.008742802420626217,0.028960492218579697,0.08827693224770394,0.00022290276907638575
9.955819,0.0008709494362012124,0.0034442239081127622,0.008671014944971312,0.02877568511280978,0.08811870828419015,0.00022664230543411793
9.974152,0.0008622088713345192,0.0034127966885182277,0.00859980233843894,0.028591911897848474,0.08795957486142794,0.00023043363874409402
9.992485,0.0008535574657738722,0.0033816562302254535,0.008529160173383437,0.028409168365043806,0.08779954230847428,0.00023427731335656115
10.010818,0.0008449942905802269,0.003350799916647759,0.008459084054037763,0.028227450303891403,0.08763862092424832,0.00023817387701105538
10.029151,0.0008365184267655245,0.003320225155073812,0.008389569616313899,0.028046753502341367,0.08747682097711577,0.0002421238808306567
10.047484,0.0008281289651821355,0.003289929376449774,0.008320612527604075,0.027867073747100485,0.08731415270448027,0.0002461278793159211
10.065817000000001,0.0008198250064135706,0.0032599100351634377,0.008252208486582834,0.02768840682392991,0.08715062631238274,0.0002501864303385044
10.084150000000001,0.0008116056606664808,0.003230164608830327,0.008184353223009899,0.027510748517938416,0.08698625197510731,0.0002543000951344308
10.102483000000001,0.0008034700476639063,0.003200690598081755,0.008117042497533807,0.02733409461387095,0.0868210398347937,0.0002584694382970397
10.120816000000001,0.0007954172965397714,0.0031714855263548147,0.00805027210149646,0.027158440896392997,0.08665500000105715,0.0002626950277696023
10.139149,0.0007874465457346007,0.003142546939684285,0.00798403785673843,0.02698378315037052,0.08648814255061535,0.0002669774348376075
10.157482,0.0007795569428924516,0.0031138724064964283,0.007918335615405109,0.026810117161145428,0.08632047752692106,0.00027131723412069476
10.175815,0.0007717476447590414,0.0030854595174046894,0.007853161259753723,0.026637438714806956,0.08615201493980311,0.00027571500356428607
10.194148,0.0007640178170810493,0.003057305885007237,0.007788510701961153,0.026465743598458626,0.08598276476511219,0.00028017132443083713
10.212481,0.0007563666345065991,0.003029409143686365,0.007724379883932591,0.026295027600481264,0.08581273694437519,0.00028468678129079457
10.230814,0.0007487932804868773,0.003001766949409719,0.00766076477711108,0.026125286510791636,0.08564194138445533,0.00028926196201318566
10.249147,0.0007412969471789057,0.00297437697953334,0.0075976613822878476,0.025956516121097103,0.08547038795721758,0.0002938974577558772
10.26748,0.0007338768353494243,0.0029472369326065005,0.007535065729413515,0.025788712225146223,0.08529808649920335,0.00029859386295550685
10.285813000000001,0.0007265321542798963,0.002920344528178329,0.007472973877410169,0.0256218706189753,0.0851250468113087,0.00030335177531704135
10.304146000000001,0.0007192621216726022,0.00289369750660619,0.00741138191398426,0.025455987101151083,0.08495127865847138,0.00030817179580304546
10.322479000000001,0.0007120659635578205,0.00286729362886582,0.007350285955440369,0.025291057473009363,0.08477679176936212,0.00031305452862254727
10.340812000000001,0.0007049429142020786,0.0028411306763631906,0.007289682146495835,0.025127077538889948,0.08460159583608437,0.0003180005812196139
10.359145,0.0006978922160174636,0.002815206450748094,0.007229566660096236,0.024964043106367517,0.08442570051387786,0.00032301056426154687
10.377478,0.000690913119471967,0.0027895187737294156,0.007169935697231716,0.024801949986478927,0.08424911542083091,0.00032808509162676394
10.395811,0.0006840048830008755,0.0027640654868921186,0.007110785486754219,0.024640793993946628,0.0840718501375965,0.0003332247803923032
10.414144,0.0006771667729191701,0.0027388444515158705,0.007052112285195542,0.02448057094739849,0.08389391420711642,0.00033843025082101963
10.432477,0.0006703980633349364,0.00271385354839534,0.006993912376586266,0.024321276669583846,0.08371531713434999,0.000343702126348393
10.45081,0.000663698036063765,0.0026890906776621303,0.00693618207227557,0.02416290698758606,0.08353606838601015,0.00034904103356903847
10.469143,0.0006570659805441447,0.002664553758608337,0.006878917710751873,0.02400545773303134,0.08335617739030357,0.00035444760222282773
10.487476000000001,0.0006505011937538085,0.0026402407295117152,0.00682211565746442,0.02384892474229411,0.08317565353667883,0.00035992246518068926
10.505809000000001,0.0006440029801270554,0.0026161495474624433,0.006765772304645642,0.023693303856698975,0.08299450617557932,0.0003654662584300536
10.524142000000001,0.0006375706514730087,0.002592278188191468,0.006709884071134461,0.023538590922719056,0.08281274461820132,0.0003710796210599498
10.542475000000001,0.0006312035268948151,0.0025686246459004107,0.006654447402200419,0.02338478179217094,0.08263037813625924,0.00037676319524575377
10.560808,0.0006249009327097621,0.002545186933093037,0.0065994587693687205,0.02323187232240645,0.08244741596175591,0.0003825176262336048
10.579141,0.0006186622023703158,0.0025219630804082438,0.006544914670246107,0.02307985837650067,0.08226386728675786,0.0003883435623244479
10.597474,0.0006124866763860536,0.0024989511364545977,0.006490811628347626,0.022928735823437192,0.08207974126317756,0.00039424165485774093
10.615807,0.0006063737022464963,0.002476149167646361,0.006437146192924264,0.02277850053828961,0.08189504700255976,0.0004002125581948166
10.63414,0.0006003226343448072,0.002453555258041023,0.00638391493879149,0.022629148402400063,0.08170979357587457,0.00040625692970191075
10.652473,0.0005943328339023792,0.0024311675091783103,0.006331114466158573,0.022480675303554548,0.08152399001331499,0.0004123754297327846
10.670806,0.0005884036688942605,0.0024089840399206712,0.006278741400458895,0.022333077136155056,0.08133764530410105,0.0004185687216110964
10.689139,0.0005825345139754506,0.002387002986295212,0.006226792392181036,0.022186349801388536,0.08115076839628729,0.00042483747161230586
10.707472000000001,0.0005767247504080154,0.0023652225013370744,0.0061752641167008085,0.02204048920739289,0.08096336819657826,0.0004311823489453476
10.725805000000001,0.0005709737659890437,0.002343640754934244,0.006124153274114111,0.02189549126941985,0.08077545357014661,0.00043760402573387404
10.744138000000001,0.0005652809549794194,0.0023222559336737772,0.006073456589070666,0.021751351909994845,0.08058703334045797,0.0004441031769971725
10.762471000000001,0.0005596457180333994,0.0023010662406894246,0.006023170810608631,0.021608067059073983,0.08039811628910108,0.0004506804806307686
10.780804,0.0005540674621289949,0.0022800698955106544,0.005973292711990112,0.02146563265419796,0.08020871115562182,0.0004573366173866354
10.799137,0.0005485456004991379,0.002259265133913037,0.005923819090537465,0.021324044640643157,0.08001882663736329,0.0004640722708530815
10.81747,0.0005430795525636368,0.0022386502077700195,0.005874746767470557,0.021183298971569932,0.07982847138931073,0.0004708881274342758
10.835803,0.0005376687438618866,0.0022182233849060294,0.005826072587744856,0.021043391608167834,0.0796376540239411,0.0004777848763294596
10.854136,0.0005323126059863595,0.002197982948950932,0.005777793419890365,0.020904318519798373,0.07944638311107825,0.0004847632095117744
10.872469,0.0005270105765168374,0.0021779271991958084,0.005729906155851448,0.02076607568413467,0.07925466717775143,0.0004918238217067573
10.890802,0.0005217620989553877,0.0021580544504500566,0.0056824077108275275,0.02062865908729863,0.07906251470806085,0.0004989674103705093
10.909135000000001,0.0005165666226620765,0.0021383630328997913,0.005635295023114647,0.020492064723995278,0.07886993414304615,0.0005061946756674929
10.927468000000001,0.0005114236027914104,0.002118851291967536,0.005588565053947854,0.020356288597644483,0.07867693388056037,0.0005135063204480047
10.945801000000001,0.000506332500229493,0.0020995175881731985,0.005542214787344478,0.020221326720510014,0.07848352227514833,0.0005209030502252935
10.964134000000001,0.0005012927815318843,0.0020803602969963132,0.005496241229948302,0.020087175113826024,0.07828970763793026,0.0005283855731523408
10.982467000000002,0.0004963039188621752,0.0020613778087395385,0.0054506414108745176,0.019953829807920962,0.07809549823648917,0.0005359545999983028
11.0008,0.0004913653899312406,0.0020425685283934044,0.005405412381555586,0.019821286842338904,0.077900902294763,0.0005436108441246078
11.019133,0.00048647667793717917,0.0020239308755022837,0.005360551215587941,0.019689542265958416,0.07770592799294208,0.0005513550214607155
11.037466,0.0004816372715059387,0.002005463284031606,0.00531605500857956,0.019558592137108886,0.07751058346736935,0.0005591878504795193
11.055799,0.00047684666463259414,0.001987164202236261,0.005271920877998367,0.019428432523684494,0.07731487681044671,0.0005671100521724521
11.074132,0.0004721043566232992,0.001969032092530218,0.005228145963021488,0.019299059503255694,0.0771188160705448,0.0005751223500242025
11.092465,0.0004674098520378809,0.0019510654313573271,0.00518472742438537,0.019170469163178303,0.076922409251917,0.0005832254699871363
11.110798,0.00046276266063308407,0.0019332627090633025,0.005141662444236747,0.019042657600700258,0.0767256643146184,0.0005914201404553612
11.129131000000001,0.000458162297306449,0.0019156224297688742,0.005098948225984413,0.01891562092306606,0.07652858917442798,0.000599707092238455
11.147464000000001,0.0004536082820408218,0.0018981431112440952,0.005056581994151913,0.01878935524761888,0.07633119170277607,0.0006080870585348702
11.165797000000001,0.0004491001398494862,0.0018808232847837977,0.005014560994230969,0.0186638567019004,0.07613347972667474,0.0006165607749049993
11.184130000000001,0.0004446374007219041,0.001863661495084184,0.004972882492535871,0.018539121423748417,0.07593546102865371,0.0006251289792439156
11.202463,0.00044021959957007636,0.001846656300120545,0.004931543776058592,0.018415145561392232,0.07573714334669852,0.000633792411753768
11.220796,0.0004358462761754874,0.0018298062710260898,0.004890542152324807,0.01829192527354586,0.07553853437419442,0.000642551814915878
11.239129,0.0004315169751366596,0.0018131099919718914,0.0048498749492507055,0.018169456729499055,0.07533964175987316,0.0006514079334624596
11.257462,0.00042723124581728014,0.0017965660600479162,0.004809539515000688,0.018047736109206226,0.07514047310776374,0.0006603615143480538
11.275795,0.0004229886422949163,0.0017801730851451463,0.004769533217845803,0.017926759603373223,0.07494103597714757,0.0006694133067206227
11.294128,0.0004187887233102999,0.0017639296898387734,0.004729853446023116,0.017806523413542052,0.07474133788251702,0.000678564061892335
11.312461,0.0004146310522171787,0.0017478345092724619,0.004690497607595792,0.01768702375217359,0.07454138629353743,0.0006878145333099786
11.330794000000001,0.00041051519693272265,0.0017318861910436655,0.004651463130314109,0.017568256842728124,0.07434118863501382,0.0006971654765251175
11.349127000000001,0.0004064407298884924,0.0017160833950899917,0.0046127474614772014,0.01745021891974412,0.07414075228686037,0.0007066176491638877
11.367460000000001,0.0004024072279819457,0.001700424793576602,0.004574348067795648,0.01733290622891478,0.07394008458407376,0.0007161718108964873
11.385793000000001,0.000398414272528485,0.001684909070784641,0.004536262435254922,0.01721631502716281,0.07373919281671082,0.0007258287234063569
11.404126000000002,0.00039446144921404354,0.0016695349230006816,0.004498488068979558,0.017100441582713188,0.07353808422986809,0.0007355891503589961
11.422459,0.0003905483480481941,0.001654301058407183,0.004461022493098224,0.016985282175164096,0.07333676602366698,0.0007454538573705697
11.440792,0.00038667456331777783,0.0016392061969739374,0.004423863250609522,0.01687083309555581,0.07313524535324051,0.00075542361197606
11.459125,0.00038283969354105575,0.0016242490703505268,0.0043870079032486495,0.01675709064643808,0.07293352932872527,0.0007654991835972665
11.477458,0.0003790433414223627,0.0016094284217597404,0.004350454031354823,0.01664405114193523,0.07273162501525456,0.0007756813435103343
11.495791,0.00037528511380726493,0.0015947430058919773,0.00431419923373953,0.016531710907809943,0.07252953943295756,0.0007859708648131341
11.514124,0.00037156462163821883,0.001580191588800608,0.004278241127555538,0.016420066281524762,0.07232727955695929,0.0007963685223921924
11.532457,0.000367881479910719,0.0015657729477982917,0.004242577348166734,0.016309113612302292,0.0721248523173852,0.0008068750928894198
11.550790000000001,0.00036423530762993186,0.0015514858713542396,0.004207205549018741,0.01619884926118341,0.07192226459936929,0.0008174913546685192
11.569123000000001,0.0003606257277678106,0.0015373291589924165,0.004172123401510318,0.016089269601083752,0.07171952324306387,0.0008282180877810073
11.587456000000001,0.00035705236722068535,0.0015233016211906687,0.004137328594865535,0.01598037101684874,0.07151663504365445,0.0008390560739321123
11.605789000000001,0.00035351485676732113,0.0015094020792807755,0.004102818836006755,0.015872149905306665,0.07131360675137595,0.0008500060964461649
11.624122000000002,0.0003500128310274416,0.001495629365349411,0.004068591849428366,0.01576460267532034,0.07111044507153311,0.0008610689402318795
11.642455,0.00034654592842070904,0.0014819823221400104,0.004034645377071324,0.015657725747836974,0.07090715666452327,0.0008722453917472146
11.660788,0.00034311379112615854,0.0014684598029555268,0.00400097717819841,0.01555151555593664,0.07070374814586308,0.0008835362389640347
11.679121,0.00033971606504208164,0.001455060671562087,0.00396758502927034,0.015445968544878947,0.07050022608621678,0.0008949422713324116
11.697454,0.0003363523997463513,0.0014417838020935137,0.003934466723822552,0.015341081172148347,0.07029659701142853,0.0009064642797446895
11.715787,0.000333022448457184,0.0014286280789567263,0.0039016200723428446,0.015236849907497785,0.07009286740255691,0.0009181030564992265
11.73412,0.0003297258679943355,0.0014155923967380018,0.0038690429021496866,0.015133271232990892,0.06988904369591303,0.0009298593952639048
11.752453000000001,0.00032646231874072345,0.0014026756601100935,0.0038367330572713636,0.015030341643042688,0.06968513228310047,0.0009417340910393209
11.770786000000001,0.0003232314646044745,0.0013898767837401936,0.0038046883983258394,0.014928057644458741,0.06948113951105853,0.0009537279401216975
11.789119000000001,0.00032003297298138794,0.0013771946921987404,0.00377290680240136,0.014826415756473048,0.06927707168210841,0.0009658417400655432
11.807452000000001,0.00031686651471781146,0.0013646283198690528,0.003741386162937853,0.014725412510784292,0.06907293505400167,0.0009780762896460526
11.825785000000002,0.00031373176407392873,0.0013521766108577926,0.0037101243896089987,0.01462504445159076,0.06886873583997105,0.0009904323888211576
11.844118,0.00031062839868744446,0.0013398385189062442,0.0036791194082051375,0.014525308135623936,0.06866448020878516,0.0010029108386934327
11.862451,0.0003075560995376772,0.0013276130073023966,0.0036483691605168136,0.014426200132180614,0.06846017428480389,0.0010155124414716113
11.880784,0.0003045145509100377,0.001315499048793841,0.003617871604219153,0.014327717023153766,0.06825582414803827,0.0010282380004319343
11.899117,0.0003015034403609034,0.0013034956255014519,0.0035876247127569053,0.014229855403061946,0.06805143583421121,0.0010410883198791736
11.91745,0.00029852245868287614,0.0012916017288338581,0.0035576264752302396,0.01413261187907755,0.06784701533482194,0.0010540642051074646
11.935783,0.0002955712998704215,0.0012798163594026984,0.003527874896281272,0.014035983071053606,0.06764256859721196,0.001067166462360784
11.954116,0.0002926496610858817,0.0012681385269386455,0.003498367995981313,0.013939965611549391,0.06743810152463399,0.0010803958987932755
11.972449000000001,0.00028975724262586793,0.0012565672502081997,0.0034691038097188274,0.0138445561458548,0.06723361997632317,0.0010937533224292576
11.990782000000001,0.00028689374788801295,0.0012451015569312398,0.003440080388088125,0.013749751332013366,0.06702912976757008,0.0011072395421230289
12.009115000000001,0.00028405888333809376,0.0012337404836993268,0.003411295796778746,0.013655547840844204,0.06682463666979684,0.0011208553675183936
12.027448000000001,0.000281252358477509,0.0012224830758947537,0.003382748116465596,0.013561942355962642,0.06662014641063511,0.0011346016090079702
12.045781000000002,0.0002784738858111175,0.0012113283876103334,0.0033544354426997282,0.013468931573799664,0.066415664674006,0.0011484790776922138
12.064114,0.00027572318081542434,0.001200275481569919,0.003326355885799887,0.013376512203620272,0.0662111971002024,0.0011624885853382823
12.082447,0.00027299996190711375,0.0011893234290496451,0.0032985075707447193,0.013284680967540607,0.06600674928597412,0.0011766309443385925
12.10078,0.0002703039504119326,0.0011784713097998988,0.003270888637065701,0.013193434600543964,0.0658023267846138,0.0011909069676691655
12.119113,0.0002676348705339037,0.0011677182119679886,0.0032434972387407474,0.013102769850495698,0.0655979351060462,0.0012053174688477738
12.137446,0.0002649924493248847,0.00115706323202153,0.003216331544088517,0.01301268347815701,0.0653935797169187,0.0012198632618918139
12.155779,0.0002623764166544502,0.0011465054746725234,0.0031893897356634125,0.012923172257197628,0.0651892660406943,0.0012345451612760091
12.174112000000001,0.0002597865051801108,0.001136044052802128,0.0031626700101512494,0.01283423297420748,0.06498499945774643,0.0012493639818898462
12.192445000000001,0.0002572224503178502,0.0011256780873861222,0.00313617057826562,0.012745862428707257,0.06478078530545556,0.0012643205389947976
12.210778000000001,0.0002546839902129857,0.0011154067074210423,0.0031098896646449357,0.012658057433157928,0.06457662887830816,0.0012794156481813496
12.229111000000001,0.0002521708657113463,0.0011052290498509963,0.0030838255077501424,0.012570814812969299,0.06437253542799717,0.0012946501253258465
12.247444000000002,0.0002496828203307644,0.0010951442594951456,0.0030579763597630943,0.01248413140650745,0.06416851016352444,0.0013100247865470446
12.265777000000002,0.00024721960023287715,0.0010851514889758484,0.0030323404864856154,0.01239800406510137,0.06396455825130533,0.00132554044816253
12.28411,0.0002447809541952354,0.001075249898647459,0.0030069161672392256,0.01231242965304836,0.06376068481527435,0.0013411979266449198
12.302443,0.0002423666335837123,0.001065438656525773,0.0029817016947655045,0.012227405047618682,0.06355689493699343,0.0013569980385778253
12.320776,0.00023997639232521938,0.0010557169382181242,0.002956695375127143,0.012142927139059177,0.06335319365576117,0.0013729416006116478
12.339109,0.00023760998688070973,0.0010460839268541127,0.002931895527609641,0.012058992830595971,0.06314958596872493,0.001389029429419261
12.357442,0.00023526717621848037,0.0010365388130169665,0.0029073004846236453,0.011975599038436204,0.06294607683099282,0.0014052623416512951
12.375775,0.00023294772178776294,0.0010270807946755308,0.002882908591607949,0.011892742691768958,0.06274267115574932,0.0014216411538914566
12.394108000000001,0.00023065138749260006,0.0010177090771168766,0.002858718206933131,0.011810420732765194,0.0625393738143709,0.0014381666826115244
12.412441000000001,0.000228377939666005,0.0010084228728795255,0.002834727701805844,0.011728630116576882,0.062336189636544324,0.0014548397441262431
12.430774000000001,0.00022612714704440273,0.000999221401687282,0.0028109354601737343,0.01164736781133524,0.06213312341038624,0.001471661154547985
12.449107000000001,0.00022389878074234585,0.000990103890383671,0.0027873398786309993,0.011566630798148111,0.06193017988256337,0.0014886317297412347
12.467440000000002,0.00022169261422750597,0.000981069572866974,0.0027639393663245722,0.01148641607109655,0.061727363758416205,0.0015057522852769593
12.485773,0.00021950842329593505,0.0009721176900258559,0.002740732344860955,0.011406720637230541,0.061524679702082065,0.0015230236363867812
12.504106,0.00021734598604759503,0.0009632474896755789,0.002717717248213643,0.01132754151656391,0.06132213233662083,0.0015404465979169555
12.522439,0.0002152050828621499,0.0009544582264948046,0.002694892522631216,0.011248875742068508,0.0611197262441422,0.0015580219842822357
12.540772,0.0002130854963750245,0.000945749161962964,0.002672256626546004,0.011170720359667534,0.06091746596593337,0.0015757506094195059
12.559105,0.00021098701145371468,0.0009371195642982051,0.002649808030483404,0.011093072428228089,0.06071535600258901,0.0015936332867413853
12.577438,0.0002089094151743613,0.0009285687083959036,0.0026275452169717845,0.011015929019553056,0.0605134008141423,0.0016116708290895632
12.595771000000001,0.00020685249679856994,0.0009200958757677364,0.0026054666804530176,0.010939287218372142,0.06031160482019711,0.0016298640486880215
12.614104000000001,0.00020481604775048708,0.0009117003544813105,0.002583570927193607,0.010863144122332196,0.06010997240006141,0.0016482137570961442
12.632437000000001,0.00020279986159411846,0.0009033814391003419,0.002561856475196416,0.010787496841986936,0.05990850789288275,0.0016667207651616205
12.650770000000001,0.00020080373401089546,0.0008951384306253821,0.0025403218541130124,0.01071234250078576,0.05970721559778381,0.0016853858829733355
12.669103000000002,0.0001988274627774821,0.0008869706364350836,0.0025189656051565834,0.01063767823506204,0.05950609977399989,0.0017042099198139162
12.687436000000002,0.00019687084774382124,0.0008788773702280027,0.0024977862810154714,0.010563501194020617,0.05930516464101753,0.0017231936841123929
12.705769,0.00019493369081141664,0.0008708579519649333,0.0024767824457672767,0.010489808539724692,0.059104414378713895,0.00174233798339652
12.724102,0.0001930157959118498,0.0008629117078117636,0.002455952674793555,0.010416597447082015,0.05890385312749806,0.0017616436242451387
12.742435,0.00019111696898552888,0.0008550379700828613,0.0024352955546951133,0.01034386510383048,0.05870348498845249,0.0017811114122402722
12.760768,0.0001892370179606631,0.0008472360771849681,0.0024148096832078535,0.010271608710522972,0.05850331402347629,0.00180074215191925
12.779101,0.00018737575273246763,0.00083950537356161,0.0023944936691192246,0.010199825480511729,0.05830334425542933,0.0018205366467265636
12.797434,0.00018553298514258692,0.000831845209638014,0.002374346132185235,0.010128512639931949,0.0581035796682771,0.0018404956989657806
12.815767000000001,0.0001837085289587452,0.0008242549417665271,0.002354365703048026,0.010057667427684908,0.05790402420723707,0.0018606201097512139
12.834100000000001,0.00018190219985460916,0.0008167339321725339,0.002334551023154035,0.009987287095420412,0.05770468177892597,0.0018809106789595593
12.852433000000001,0.0001801138153898725,0.0008092815489008673,0.0023149007446727,0.009917368907518674,0.05750555625150737,0.0019013682051813514
12.870766000000001,0.00017834319499055034,0.0008018971657627082,0.0022954135304157452,0.009847910141071649,0.05730665145484142,0.001921993485672552
12.889099000000002,0.00017659015992948812,0.0007945801622829697,0.0022760880537570014,0.009778908085863777,0.05710797118063419,0.0019427873163056482
12.907432000000002,0.0001748545333070754,0.0007873299236481621,0.00225692299855281,0.009710360044352169,0.05690951918258901,0.0019637504915211382
12.925765,0.0001731361400321724,0.0007801458406547326,0.00223791705906295,0.009642263331646281,0.056711299176557935,0.0019848838042784574
12.944098,0.00017143480680323453,0.0007730273096578749,0.0022190689398721296,0.009574615275486994,0.05651331484069436,0.0020061880460072613
12.962431,0.0001697503620896438,0.0007659737325208119,0.002200377355812023,0.009507413216225268,0.05631556981560681,0.0020276640065582992
12.980764,0.00016808263611323943,0.0007589845165645336,0.0021818410318838375,0.009440654506800192,0.05611806770451267,0.0020493124741543488
12.999097,0.00016643146083004373,0.0007520590745179987,0.002163458703181436,0.009374336512716566,0.055920812073393715,0.00207113423534115
13.017430000000001,0.00016479666991218547,0.000745196824468788,0.002145229114814981,0.009308456612021992,0.055723806451151645,0.0020931300749381047
13.035763000000001,0.00016317809873001824,0.0007383971898142098,0.0021271510218351143,0.009243012195283468,0.05552705432976457,0.0021153007759890587
13.054096000000001,0.00016157558433442504,0.0007316595992128504,0.002109223189157679,0.009178000665563506,0.05533055916444467,0.002137647119712939
13.072429000000001,0.0001599889654393186,0.0007249834865365666,0.002091444391488944,0.009113419438395816,0.05513432437379583,0.0021601698854543973
13.090762000000002,0.00015841808240432285,0.0007183682908229173,0.002073813413251375,0.009049265941760472,0.05493835333997256,0.0021828698506343265
13.109095000000002,0.00015686277721764288,0.0007118134562280282,0.0020563290485099126,0.008985537616058688,0.05474264940883899,0.0022057477907003894
13.127428,0.00015532289347911684,0.0007053184319798868,0.0020389901008987734,0.008922231914087139,0.05454721589012954,0.002228804479077572
13.145761,0.0001537982763834483,0.0006988826723320623,0.0020217953835487542,0.008859346301011758,0.05435205605760864,0.002252040687118457
13.164094,0.00015228877270361874,0.0006925056365178519,0.002004743719015067,0.008796878254341318,0.05415717314923268,0.0022754571840537057
13.182427,0.00015079423077447496,0.0006861867887048407,0.0019878339392056677,0.00873482526390039,0.053962570367311544,0.002299054736942413
13.20076,0.00014931450047649472,0.0006799255979498786,0.0019710648853100885,0.008673184831802006,0.053768250878670945,0.002322834110622441
13.219093,0.00014784943321972138,0.0006737215381544676,0.001954435407728784,0.008611954472419915,0.05357421781481549,0.0023467960676607103
13.237426000000001,0.0001463988819278736,0.0006675740880205563,0.0019379443660029602,0.008551131712360372,0.05338047427209176,0.0023709413683034117
13.255759000000001,0.00014496270102262105,0.0006614827310067381,0.001921590628744916,0.008490714090433704,0.05318702331185301,0.0023952707704264354
13.274092000000001,0.00014354074640803068,0.0006554469552848478,0.0019053730735688675,0.008430699157625312,0.05299386796062269,0.0024197850294854317
13.292425000000001,0.00014213287545517586,0.0006494662536969558,0.0018892905870222625,0.00837108447706647,0.05280101121026008,0.0024444848984661845
13.310758000000002,0.00014073894698691025,0.0006435401237127534,0.0018733420645175893,0.008311867624004675,0.052608456018125534,0.002469371127834799
13.329091000000002,0.0001393588212628048,0.0006376680673873281,0.0018575264102646582,0.008253046185773659,0.05241620530724591,0.00249444446548791
13.347424,0.00013799235996424342,0.000631849591319324,0.0018418425372033786,0.008194617761763095,0.05222426196648144,0.0025197056567029695
13.365757,0.00013663942617967687,0.000626084206609481,0.001826289366936997,0.008136579963387921,0.05203262885069158,0.0025451554440883645
13.38409,0.0001352998843900355,0.0006203714288195586,0.0018108658296658272,0.008078930414057372,0.051841308780902824,0.00257079456753382
13.402423,0.00013397360045429407,0.0006147107779316289,0.0017955708641214417,0.008021666749143695,0.051650304544475674,0.00259662376416055
13.420756,0.0001326604415951929,0.0006091017783077427,0.0017804034175013348,0.007964786615950513,0.051459618895272285,0.0026226437682714773
13.439089000000001,0.00013136027638510744,0.0006035439586499645,0.001765362445404057,0.007908287673680924,0.051269254553824924,0.002648855311301709
13.457422000000001,0.00013007297473207035,0.0005980368519607714,0.001750446911764807,0.007852167593405266,0.05107921420750394,0.0026752591217686396
13.475755000000001,0.00012879840786594082,0.000592579995503813,0.001735655788791489,0.007796424058028624,0.05088950051068678,0.0027018559252224715
13.494088000000001,0.00012753644832472005,0.0005871729307650311,0.001720988056901224,0.007741054762258044,0.05070011608492695,0.002728646444196476
13.512421000000002,0.00012628696994101333,0.0005818152034141312,0.001706442704657317,0.007686057412569444,0.05051106351912289,0.002755631398157425
13.530754000000002,0.00012504984782863395,0.0005765063632664088,0.0016920187287066803,0.00763142972717428,0.05032234536968788,0.002782811503456005
13.549087,0.0001238249583693505,0.0005712459642449219,0.0016777151337177062,0.007577169435985952,0.05013396416071977,0.002810187473277459
13.56742,0.00012261217919977234,0.000566033564343008,0.001663530932318575,0.007523274280585892,0.04994592238417051,0.002837760017591885
13.585753,0.00012141138919837746,0.0005608687255871467,0.001649465145036022,0.007469742014189531,0.0497582225000169,0.00286552984310501
13.604086,0.00012022246847267381,0.0005557510140001575,0.001635516800234542,0.007416570401611849,0.04957086693643054,0.002893497653208729
13.622419,0.00011904529834649933,0.0005506799995647348,0.0016216849340560198,0.007363757219232828,0.04938385808994844,0.0029216641479318903
13.640752,0.0001178797613474546,0.0005456552561873154,0.001607968590359813,0.007311300254962606,0.049197198325643905,0.002950030023890938
13.659085000000001,0.00011672574119446926,0.0005406763616622765,0.0015943668206632566,0.007259197308206402,0.04901088997729708,0.0029785959742407494
13.677418000000001,0.00011558312278549987,0.0005357428976364593,0.001580878684082604,0.00720744618982924,0.048824935347566205,0.0030073626886257055
13.695751000000001,0.00011445179218535648,0.0005308544495740165,0.0015675032472743863,0.007156044722120483,0.048639336708158704,0.0030363308531304316
13.714084000000001,0.00011333163661366017,0.0005260106067215812,0.0015542395843772105,0.007104990738758052,0.04845409630000198,0.00306550115023089
13.732417000000002,0.00011222254443292563,0.0005212109620737536,0.0015410867769539635,0.007054282084772603,0.04826921633341533,0.003094874258745579
13.750750000000002,0.00011112440513677053,0.0005164551123389013,0.001528043913934445,0.007003916616511362,0.048084698988280807,0.003124450853786691
13.769083,0.00011003710933824884,0.0005117426579052734,0.0015151100915584235,0.006953892201601842,0.047900546414214935,0.0031542316067114003
13.787416,0.00010896054875830818,0.0005070732028074218,0.0015022844133190758,0.006904206718915351,0.04771676073074012,0.0031842171850732237
13.805749,0.00010789461621436753,0.0005024463546929319,0.0014895659899068858,0.006854858058530337,0.04753334402745609,0.0032144082525735074
13.824082,0.00010683920560901687,0.0004978617247894538,0.0014769539391539068,0.006805844121695544,0.04735029836421173,0.003244805469013066
13.842415,0.00010579421191883445,0.0004933189278720358,0.0014644473859784521,0.006757162820792973,0.0471676257712762,0.0032754094902437943
13.860748000000001,0.00010475953118332346,0.0004888175822307561,0.0014520454623301881,0.00670881207930074,0.04698532824951094,0.0033062209681203876
13.879081000000001,0.00010373506049396377,0.000484357309638649,0.001439747307135621,0.006660789831755722,0.046803407770541025,0.0033372405504524384
13.897414000000001,0.00010272069798337947,0.0004799377353199247,0.0014275520662439878,0.006613094023716047,0.04662186627692659,0.0033684688809562185
13.915747000000001,0.00010171634281462147,0.00047555848791847814,0.0014154588923735389,0.0065657226117234735,0.04644070568233456,0.003399906599206911
13.934080000000002,0.00010072189517056121,0.00047121919946668643,0.0014034669450582132,0.006518673563265586,0.046259927871709794,0.0034315543405908917
13.952413000000002,9.973725624339717e-05,0.00046691950535448953,0.0013915753905947058,0.006471944856737892,0.04607953470144676,0.0034634127362579924
13.970746000000002,9.876232822427136e-05,0.0004626590442987542,0.0013797834019899262,0.006425534481405716,0.04589952799956064,0.003495482413074031
13.989079,9.779701429299482e-05,0.0004584374583129174,0.0013680901589088316,0.006379440437366071,0.04571990956585888,0.003527763993573604
14.007412,9.68412186078811e-05,0.00045425439267690463,0.0013564948476226545,0.006333660735509252,0.04554068117211159,0.003560258095912487
14.025745,9.589484629568746e-05,0.0004501094959073269,0.0013449966609575047,0.0062881933974804766,0.0453618445622235,0.003592965333820947
14.044078,9.495780344166058e-05,0.00044600241972794584,0.0013335947982433482,0.006243036455641283,0.04518340145240419,0.003625886316556446
14.062411,9.402999707968726e-05,0.0004419328190404098,0.0013222884652633608,0.006198187953030871,0.045005353531339054,0.0036590216488570507
14.080744000000001,9.311133518254887e-05,0.000437900351895257,0.0013110768742036643,0.006153645943327333,0.044827702460360185,0.0036923719308946915
14.099077000000001,9.220172665227768e-05,0.000433904679463183,0.001299959243603413,0.0061094084908087645,0.044650449873616334,0.003725937758228607
14.117410000000001,9.13010813106141e-05,0.00042994546600657083,0.001288934798305275,0.006065473670314293,0.04447359737824383,0.0037597197217590834
14.135743000000002,9.040930988956492e-05,0.00042602237885128,0.001278002769406248,0.006021839567204992,0.04429714655453626,0.003793718407681187
14.154076000000002,8.952632402206026e-05,0.0004221350883586937,0.0012671623942088653,0.005978504277324747,0.044121098956114865,0.0038279343974388508
14.172409000000002,8.86520362327073e-05,0.000418283267898021,0.001256412916172747,0.0059354659069609595,0.04394545611009783,0.003862368267678792
14.190742,8.778635992864322e-05,0.00041446659381885173,0.0012457535848665138,0.005892722572805267,0.04377021951727043,0.003897020590205069
14.209075,8.692920939048143e-05,0.00041068474542396005,0.0012351836559200526,0.005850272401914077,0.043595390652253874,0.003931891931933388
14.227408,8.608049976335451e-05,0.0004069374049423604,0.001224702390977148,0.005808113531669139,0.04342097096367489,0.003966982854845881
14.245741,8.52401470480508e-05,0.00040322425750260495,0.0012143090576484444,0.00576624410973794,0.0432469618743344,0.004002293915945776
14.264074,8.440806809224182e-05,0.0003995449911063267,0.0012040029294647754,0.005724662294034113,0.0430733647813762,0.0040378256672126585
14.282407000000001,8.358418058180459e-05,0.000395899296602024,0.0011937832858308303,0.005683366252677754,0.04290018105645578,0.0040735786555575575
14.300740000000001,8.27684030322324e-05,0.0003922868676590837,0.0011836494119791651,0.0056423541639556455,0.042727412045907874,0.004109553422778239
14.319073000000001,8.19606547801356e-05,0.0003887074007420419,0.0011736005989245602,0.005601624216281506,0.042555059070914995,0.004145750505515038
14.337406000000001,8.11608559748331e-05,0.0003851605950850791,0.001163636143418708,0.005561174608156085,0.04238312342767466,0.004182170435206441
14.355739000000002,8.036892757002955e-05,0.0003816461526667484,0.001153755347905248,0.0055210035481273135,0.042211606387567026,0.004218813738045286
14.374072000000002,7.958479131558057e-05,0.00037816377818493396,0.00114395752047513,0.005481109254750328,0.04204050919732177,0.004255680934934675
14.392405000000002,7.880836974934428e-05,0.00037471317903203837,0.0011342419748223117,0.005441489956547508,0.04186983307918507,0.004292772541444748
14.410738,7.803958618911746e-05,0.00037129406527039633,0.0011246080301997895,0.005402143891968424,0.041699579231085804,0.0043300890677689715
14.429071,7.727836472465563e-05,0.0003679061496079115,0.0011150550113759503,0.0053630693093498,0.041529748826802014,0.004367631018681212
14.447404,7.65246302097772e-05,0.0003645491473739183,0.0011055822485912547,0.005324264466875431,0.04136034301612644,0.00440539889349257
14.465737,7.57783082545497e-05,0.0003612227764952613,0.001096189077515245,0.005285727632536049,0.04119136292503227,0.004443393186008863
14.484070000000001,7.503932521755758e-05,0.00035792675747259436,0.0010868748392038685,0.005247457084089197,0.04102280965583814,0.004481614384488027
14.502403000000001,7.43076081982502e-05,0.0003546608133568953,0.001077638880057128,0.005209451109019051,0.0408546842873732,0.004520062971597804
14.520736000000001,7.358308502937039e-05,0.00035142466972619543,0.0010684805517770387,0.005171708004496239,0.040686987875140995,0.004558739424373695
14.539069000000001,7.286568426946122e-05,0.00034821805466252106,0.0010593992113259111,0.005134226077337665,0.04051972145148436,0.004597644214177278
14.557402000000002,7.215533519545175e-05,0.00034504069872904545,0.001050394220884938,0.005097003643966284,0.04035288602574859,0.004636777806654455
14.575735000000002,7.145196779531877e-05,0.00034189233494744944,0.0010414649478130997,0.00506003903037086,0.04018648258444479,0.004676140661694169
14.594068000000002,7.075551276082667e-05,0.0003387726987754884,0.0010326107646063702,0.005023330572065789,0.04002051209141335,0.004715733233387429
14.612401000000002,7.006590148034091e-05,0.00033568152808476407,0.0010238310488572334,0.0049868766140508365,0.039854975487986076,0.004755555969986309
14.630734,6.938306603171839e-05,0.00033261856313869927,0.0010151251832145054,0.0049506755107709055,0.03968987369314841,0.004795609313863378
14.649067,6.870693917526988e-05,0.0003295835465707128,0.0010064925553434528,0.004914725626075816,0.03952520760370145,0.004835893701471441
14.6674,6.80374543467975e-05,0.0003265762233625943,0.000997932557886216,0.0048790253331801,0.03936097809442319,0.004876409563303323
14.685733,6.7374545650703e-05,0.0003235963408230782,0.0009894445884225341,0.004843573014622743,0.03919718601822956,0.004917157323852138
14.704066000000001,6.671814785316886e-05,0.00032064364856660755,0.000981028049430752,0.004808367062227019,0.03903383220633487,0.004958137401571682
14.722399000000001,6.60681963754099e-05,0.0003177178984922995,0.0009726823482491386,0.00477340587706026,0.03887091746841197,0.004999350208837012
14.740732000000001,6.542462728699499e-05,0.0003148188447630942,0.0009644068970374802,0.0047386878693936995,0.03870844259275198,0.005040796151905582
14.759065000000001,6.478737729923816e-05,0.0003119462437851027,0.00095620111273898,0.004704211458662312,0.038546408346423595,0.005082475630878463
14.777398000000002,6.415638375865833e-05,0.0003090998541871345,0.0009480644170424304,0.0046699750734246585,0.0383848154754318,0.005124389039661571
14.795731000000002,6.353158464050749e-05,0.0003062794368004207,0.0009399962363446794,0.004635977151322772,0.038223664704876106,0.00516653676592781
14.814064000000002,6.291291854236508e-05,0.0003034847546385132,0.000931996001713383,0.0046022161390420575,0.0380629567391087,0.005208919191078853
14.832397,6.230032467780027e-05,0.00030071557287737646,0.0009240631488500298,0.0045686904922712475,0.03790269226189181,0.005251536690207639
14.85073,6.16937428700982e-05,0.00029797165883565233,0.0009161971180532524,0.004535398675662328,0.03774287193655453,0.005294389632060872
14.869063,6.109311354605322e-05,0.00029525278195511066,0.0009083973541824182,0.004502339162790568,0.03758349640614949,0.005337478379001932
14.887396,6.0498377729825434e-05,0.00029255871378127817,0.0009006633066214906,0.004469510436114519,0.03742456629360879,0.005380803286974228
14.905729000000001,5.990947703686072e-05,0.0002898892279442388,0.0008929944292431677,0.0044369109869361115,0.0372660822018996,0.005424364705464541
14.924062000000001,5.932635366787471e-05,0.00028724410013961684,0.0008853901803732893,0.004404539315360723,0.03710804471417913,0.005468162977466698
14.942395000000001,5.8748950402898776e-05,0.000284623108109726,0.0008778500227555221,0.004372393930257337,0.036950454393949284,0.0055121984394458905
14.960728000000001,5.817721059538698e-05,0.0002820260316248979,0.0008703734235163028,0.00434047334921874,0.03679331178521065,0.005556471421302959
14.979061000000002,5.761107816638541e-05,0.00027945265246497324,0.0008629598541300539,0.004308776098521733,0.036636617412616146,0.005600982246338964
14.997394000000002,5.7050497598760594e-05,0.00027690275440096985,0.0008556087903846668,0.004277300713087423,0.03648037178162405,0.0056457312312203235
15.015727000000002,5.6495413931488966e-05,0.0002743761231769099,0.0008483197123472351,0.004246045736441536,0.03632457537865043,0.005690718685943956
15.034060000000002,5.5945772754004246e-05,0.00027187254649182097,0.0008410921043300644,0.004215009720674819,0.03616922867122147,0.0057359449138031215
15.052393,5.540152020060411e-05,0.00026939181398189405,0.000833925454856932,0.004184191226403435,0.036014332108124665,0.005781410211352991
15.070726,5.4862602944914554e-05,0.00026693371720280904,0.0008268192566295989,0.004153588822729458,0.035859886119559946,0.005827114868377201
15.089059,5.432896819441122e-05,0.00026449804961222145,0.0008197730064945935,0.004123201087201436,0.03570589111729025,0.005873059167854152
15.107392,5.38005636849982e-05,0.00026208460655240454,0.0008127862054102314,0.004093026605774964,0.03555234749479139,0.005919243385924194
15.125725000000001,5.3277337675641726e-05,0.0002596931852330566,0.0008058583584138949,0.0040630639727733415,0.035399255627401253,0.0059656677918562915
15.144058000000001,5.275923894306042e-05,0.00025732358471425754,0.0007989889745895657,0.004033311790848302,0.035246615872469036,0.006012332648016173
15.162391000000001,5.224621677646984e-05,0.0002549756058895887,0.000792177567035595,0.004003768670940802,0.03509442856950333,0.0060592382098337135
15.180724000000001,5.173822097238135e-05,0.00025264905146939914,0.0007854236528327324,0.003974433232241846,0.03494269404031992,0.006106384725771189
15.199057000000002,5.123520182945498e-05,0.00025034372596423196,0.0007787267530123898,0.003945304102153414,0.03479141258918902,0.006153772437291955
15.217390000000002,5.073711014340526e-05,0.00024805943566839477,0.0007720863925251538,0.003916379916249449,0.034640584502982054,0.006201401578829119
15.235723000000002,5.024389720195983e-05,0.0002457959886436867,0.0007655021002095339,0.003887659318236904,0.03449021005131765,0.006249272377754836
15.254056,4.9755514779869685e-05,0.00024355319470326813,0.0007589734087609596,0.003859140959916856,0.03434028948670729,0.006297385054349728
15.272389,4.927191513397146e-05,0.00024133086539568116,0.0007524998547009989,0.0038308235011457153,0.03419082304470016,0.006345739821772605
15.290722,4.879305099830042e-05,0.00023912881398901635,0.0007460809783468339,0.0038027056097964854,0.03404181094402778,0.006394336886031124
15.309055,4.831887557925368e-05,0.00023694685545521942,0.0007397163237809506,0.003774785961720131,0.03389325338674783,0.006443176445951776
15.327388000000001,4.784934255080354e-05,0.00023478480645454768,0.0007334054388210754,0.0037470632407069666,0.033745150558387255,0.006492258693151109
15.345721000000001,4.738440604976037e-05,0.00023264248532016155,0.0007271478749903348,0.003719536138448187,0.03359750262808517,0.00654158381200687
15.364054000000001,4.692402067108376e-05,0.0002305197120428631,0.000720943187487647,0.003692203354497449,0.033450309748735155,0.006591151979629649
15.382387000000001,4.646814146324252e-05,0.00022841630825596755,0.000714790935158342,0.0036650635962325096,0.033303572057126286,0.0066409633658347155
15.400720000000002,4.6016723923622106e-05,0.0002263320972203192,0.0007086906804650054,0.003638115578817008,0.03315728967408477,0.0066910181331144665
15.419053000000002,4.5569723993980005e-05,0.00022426690380943768,0.0007026419894585482,0.0036113580251622705,0.03301146270461388,0.006741316436610913
15.437386000000002,4.512709805594681e-05,0.00022222055449480592,0.0006966444317494997,0.003584789665889232,0.032866091238033954,0.0067918584240887975
15.455719000000002,4.4688802926574874e-05,0.00022019287733128642,0.000690697580479519,0.0035584092392904436,0.03272117534812155,0.006842644235908981
15.474052,4.4254795853932046e-05,0.0002181837019426765,0.000684801012293128,0.0035322154912921706,0.03257671509324814,0.006893674005002081
15.492385,4.382503451274052e-05,0.00021619285950738972,0.0006789543073096631,0.0035062071754165414,0.03243271051651811,0.0069449478568426835
15.510718,4.339947700006166e-05,0.00021422018274427167,0.0006731570490954421,0.0034803830527438562,0.03228916164590627,0.006996465909423773
15.529051,4.297808183102402e-05,0.0002122655058985454,0.0006674088246361446,0.0034547418918749197,0.032146068494394525,0.00704822827323154
15.547384000000001,4.256080793459587e-05,0.00021032866472788108,0.0006617092243094082,0.0034292824688935057,0.032003431060108285,0.007100235051220677
15.565717000000001,4.214761464940132e-05,0.00020840949648859853,0.0006560578418576345,0.0034040035673288996,0.031861249326452,0.0071524863387897085
15.584050000000001,4.1738461719579134e-05,0.00020650783992198958,0.0006504542743610061,0.00337890397811855,0.03171952326224437,0.007204982223757424
15.602383000000001,4.1333309290684256e-05,0.00020462353524077132,0.0006448981222107132,0.0033539824995707872,0.03157825282185258,0.007257722786338694
15.620716000000002,4.093211790563148e-05,0.00020275642411565696,0.000639388989082383,0.00332923793732767,0.031437437945326045,0.007310708099121393
15.639049000000002,4.053484850068075e-05,0.00020090634966205494,0.0006339264819097218,0.003304669104327918,0.03129707855853006,0.007363938227043565
15.657382000000002,4.014146240146369e-05,0.00019907315642688403,0.0006285102108583542,0.003280274820769937,0.03115717457327796,0.007417413227370836
15.675715000000002,3.975192131905121e-05,0.0001972566903755139,0.00062313978929987,0.0032560539140749378,0.0310177258874632,0.007471133149674075
15.694048,3.936618734606071e-05,0.00019545679887882008,0.0006178148337860682,0.0032320052188501906,0.030878732385190982,0.007525098035807915
15.712381,3.898422295280422e-05,0.00019367333070036014,0.0006125349640234048,0.0032081275768523414,0.03074019393690875,0.007579307919889222
15.730714,3.8605990983475666e-05,0.00019190613598366719,0.0006072998028476334,0.003184419836950835,0.030602110399536357,0.0076337628282759215
15.749047000000001,3.823145465237686e-05,0.0001901550662396555,0.0006021089761986511,0.0031608808550914794,0.030464481616595793,0.007688462779546731
15.767380000000001,3.7860577540182894e-05,0.00018841997433414673,0.0005969621130955287,0.0031375094942600623,0.030327307418339944,0.007743407784480719
15.785713000000001,3.749332359024547e-05,0.00018670071447550386,0.0005918588456117446,0.0031143046244461016,0.030190587621880868,0.00779859784603745
15.804046000000001,3.712965710493402e-05,0.000184997142202384,0.0005867988088506037,0.0030912651226067183,0.030054322031317585,0.007854032959337719
15.822379000000002,3.676954274201465e-05,0.000183309114371597,0.0005817816409208541,0.0030683898726305545,0.02991851043786288,0.007909713111644233
15.840712000000002,3.6412945511066004e-05,0.00018163648914608087,0.0005768069829124887,0.0030456777653018858,0.029783152619970145,0.007965638282343177
15.859045000000002,3.605983076993193e-05,0.00017997912598298078,0.0005718744788727342,0.003023127698264747,0.029648248343458715,0.00802180844292595
15.877378000000002,3.5710164221210444e-05,0.00017833688562184286,0.0005669837757822329,0.0030007385759872516,0.02951379736163932,0.008078223556970977
15.895711,3.536391190877872e-05,0.00017670963007291037,0.0005621345235314042,0.0029785093097259674,0.02937979941543867,0.008134883580126777
15.914044,3.502104021435353e-05,0.00017509722260553007,0.0005573263748969916,0.0029564388174904066,0.02924625423352317,0.00819178846009452
15.932377,3.468151585408727e-05,0.00017349952773666432,0.0005525589855187951,0.002934526024007659,0.029113161532422313,0.008248938136611253
15.95071,3.434530587519819e-05,0.00017191641121950488,0.0005478320138765819,0.0029127698606871122,0.02898052101665159,0.008306332541434147
15.969043000000001,3.4012377652635725e-05,0.00017034774003219535,0.0005431451212671788,0.002891169265585268,0.028848332378834007,0.00836397159832401
15.987376000000001,3.368269888577982e-05,0.00016879338236665137,0.0005384979717817426,0.002869723183370705,0.02871659529982198,0.008421855223030244
16.005709000000003,3.335623759517358e-05,0.0001672532076174876,0.0005338902322832083,0.0028484305652891452,0.02858530944881794,0.008479983323275675
16.024042,3.303296211929015e-05,0.00016572708637104265,0.000529321572383914,0.0028272903691286245,0.028454474483494478,0.008538355798741896
16.042375000000003,3.2712841111331634e-05,0.00016421489039450423,0.000524791664423398,0.0028063015591847738,0.02832409005011381,0.008596972541054954
16.060708,3.239584353606183e-05,0.00016271649262513625,0.0005203001834463763,0.00278546310622623,0.028194155783646882,0.008655833433771574
16.079041000000004,3.208193866667043e-05,0.0001612317671596002,0.0005158468071808792,0.0027647739874601504,0.02806467130789125,0.008714938352365665
16.097374000000002,3.177109608167003e-05,0.0001597605892433783,0.0005114312160165764,0.002744233186497874,0.027935636235589274,0.00877428716421549
16.115707000000004,3.146328566182394e-05,0.00015830283526028854,0.0005070530929832551,0.0027238396933206327,0.02780705016854452,0.008833879728590748
16.134040000000002,3.115847758710651e-05,0.00015685838272210033,0.0005027121237294791,0.002703592504245455,0.027678912697738613,0.008893715896640493
16.152373000000004,3.085664233369337e-05,0.00015542711025823993,0.0004984079965014051,0.002683490621891135,0.02755122340344662,0.008953795511381608
16.170706000000003,3.055775067098346e-05,0.00015400889760559458,0.0004941404021217763,0.0026635330551443397,0.027423981855352438,0.009014118407686861
16.189039000000005,3.0261773658650443e-05,0.0001526036255984051,0.0004899090339690645,0.00264371881912584,0.027297187612663063,0.00907468441227452
16.207372000000003,2.9968682643725203e-05,0.00015121117615825514,0.00048571358795679705,0.0026240469351568475,0.027170840224222628,0.00913549334369748
16.225705,2.9678449257707102e-05,0.00014983143228414775,0.0004815537625130242,0.002604516430725466,0.027044939228625386,0.009196545012332946
16.244038000000003,2.9391045413705762e-05,0.00014846427804267507,0.0004774292585599619,0.0025851263394532846,0.026919484154328478,0.009257839220373288
16.262371,2.9106443303611266e-05,0.00014710959855827787,0.00047333977949379197,0.0025658757010620778,0.026794474519763835,0.00931937576181596
16.280704000000004,2.8824615395293366e-05,0.00014576728000359118,0.0004692850311646138,0.0025467635613406186,0.026669909833449464,0.009381154422455332
16.299037000000002,2.8545534429829572e-05,0.00014443720958988207,0.0004652647218565662,0.002527788972111627,0.026545789594100276,0.00944317497987365
16.317370000000004,2.8269173418761068e-05,0.00014311927555757037,0.00046127856226808867,0.0025089509911988142,0.026422113290737875,0.009505437203433343
16.335703000000002,2.7995505641376882e-05,0.00014181336716684016,0.00045732626549235724,0.002490248682394102,0.026298880402800436,0.009567940854269158
16.354036000000004,2.772450464202572e-05,0.00014051937468833285,0.00045340754699785567,0.0024716811154248774,0.026176090400250894,0.009630685685280943
16.372369000000003,2.745614422745512e-05,0.00013923718939392896,0.0004495221246091151,0.0024532473659214706,0.026053742743685757,0.009693671441126955
16.390702000000005,2.719039846417755e-05,0.00013796670354761042,0.00044566971848759114,0.002434946515384665,0.02593183688444224,0.009756897858217425
16.409035000000003,2.6927241675863744e-05,0.00013670781039640988,0.00044185005111270655,0.002416777651153399,0.0258103722647054,0.009820364664708259
16.427368000000005,2.6666648440762272e-05,0.00013546040416143878,0.0004380628472630275,0.002398739866372516,0.02568934831761416,0.009884071580496007
16.445701000000003,2.6408593589145524e-05,0.0001342243800290013,0.0004343078339976034,0.0023808322599607394,0.025568764467367423,0.009948018317212317
16.464034,2.6153052200781422e-05,0.00013299963414178557,0.00043058474063743986,0.0023630539365786657,0.025448620129328695,0.010012204578219564
16.482367000000004,2.5899999602431377e-05,0.00013178606359013774,0.0004268932987471274,0.0023454040065969354,0.02532891471013062,0.010076630058605969
16.500700000000002,2.564941136537332e-05,0.0001305835664034158,0.00042323324211661475,0.002327881586064541,0.02520964760777896,0.010141294445182327
16.519033000000004,2.540126330294981e-05,0.0001293920415414196,0.0004196043067431165,0.002310485796677222,0.02509081821175558,0.010206197416478244
16.537366000000002,2.5155531468141708e-05,0.00012821138888590306,0.0004160062308131769,0.0022932157657459947,0.024972425903121005,0.01027133864273907
16.555699000000004,2.4912192151165813e-05,0.0001270415092321596,0.0004124387546848638,0.0022760706261658143,0.024854470054616325,0.010336717785923238
16.574032000000003,2.467122187709741e-05,0.0001258823042806884,0.00040890162087011203,0.002259049516384369,0.02473695003076476,0.010402334499700468
16.592365000000004,2.443259740351654e-05,0.00012473367662893295,0.00040539457401719847,0.0022421515803709596,0.024619865187971896,0.010468188429449203
16.610698000000003,2.4196295718179016e-05,0.00012359552976309849,0.0004019173608933643,0.0022253759675855624,0.024503214874626207,0.010534279212256022
16.629031000000005,2.3962294036709953e-05,0.00012246776805004063,0.00039846973036756453,0.0022087218329479583,0.024386998431198088,0.010600606476914111
16.647364000000003,2.3730569800321843e-05,0.00012135029672923161,0.00039505143339336514,0.002192188336807035,0.024271215190339094,0.010667169843923139
16.665697,2.3501100673555068e-05,0.00012024302190479641,0.0003916622229919648,0.0021757746449101727,0.02415586447697979,0.010733968925488977
16.684030000000003,2.3273864542041607e-05,0.00011914585053762376,0.00038830185423535793,0.0021594799283727803,0.02404094560842751,0.010801003325523828
16.702363000000002,2.3048839510291606e-05,0.00011805869043754919,0.00038497008422963243,0.0021433033636479673,0.0239264578944635,0.010868272639647267
16.720696000000004,2.282600389950218e-05,0.0001169814502556072,0.0003816666720983905,0.0021272441324962895,0.023812400637438873,0.010935776455187155
16.739029000000002,2.260533624538869e-05,0.00011591403947635731,0.0003783913789663125,0.002111301421955698,0.023698773132370916,0.011003514351181465
16.757362000000004,2.2386815296037678e-05,0.00011485636841027688,0.00037514396794284023,0.0020954744243115242,0.023585574667037625,0.011071485898379838
16.775695000000002,2.2170420009782077e-05,0.00011380834818622647,0.00037192420410600097,0.002079762337066672,0.02347280452207285,0.011139690659246379
16.794028000000004,2.1956129553097506e-05,0.0001127698907439808,0.0003687318544863465,0.0020641643629118796,0.02336046197105974,0.01120812818796234
16.812361000000003,2.1743923298520323e-05,0.0001117409088268312,0.0003655666880510343,0.002048679709696127,0.023248546280624355,0.0112767980304292
16.830694000000005,2.1533780822586406e-05,0.00011072131597425205,0.00036242847568802004,0.002033307590397167,0.023137056710528202,0.011345699724272552
16.849027000000003,2.132568190379124e-05,0.00010971102651463763,0.0003593169901903901,0.002018047223092206,0.0230259925137606,0.011414832798846166
16.86736,2.1119606520570268e-05,0.0001087099555581021,0.000356232006240806,0.0020028978309286393,0.022915352936629847,0.011484196775236209
16.885693000000003,2.091553484930001e-05,0.00010771801898934723,0.0003531733003960806,0.0019878586420949977,0.02280513721885438,0.011553791166266454
16.904026,2.0713447262319405e-05,0.00010673513346059511,0.00035014065107187586,0.0019729288897919707,0.022695344593653074,0.011623615476503216
16.922359000000004,2.0513324325971097e-05,0.00010576121638458353,0.000347133838527516,0.001958107812203552,0.022585974287834786,0.011693669202261711
16.940692000000002,2.031514679866273e-05,0.00010479618592762806,0.00034415264485093103,0.0019433946524683372,0.0224770255218876,0.011763951831611434
16.959025000000004,2.0118895628947504e-05,0.00010383996100274443,0.00034119685394371136,0.001928788658650919,0.022368497510067316,0.011834462844383282
16.977358000000002,1.9924551953624876e-05,0.0001028924612628367,0.000338266251506289,0.0019142890837134353,0.022260389460485343,0.011905201712176322
16.995691000000004,1.973209709585961e-05,0.00010195360709394458,0.0003353606250232273,0.0018998951854872156,0.02215270057519603,0.011976167898365132
17.014024000000003,1.9541512563320748e-05,0.00010102331960855526,0.0003324797637486406,0.001885606226644569,0.022045430050283414,0.012047360858107625
17.032357000000005,1.9352780046338656e-05,0.00010010152063897351,0.0003296234586917163,0.0018714214746706898,0.02193857707594741,0.012118780038353543
17.050690000000003,1.916588141608129e-05,9.918813273075493e-05,0.0003267915026023635,0.0018573402018356956,0.021832140836589273,0.012190424877852298
17.069023,1.8980798722748647e-05,9.828307913619668e-05,0.00032398368995696755,0.0018433616851667805,0.021726120510896594,0.012262294807162948
17.087356000000003,1.8797514193785444e-05,9.738628380788917e-05,0.00032119981694426504,0.0018294852064204934,0.021620515271927723,0.01233438924866311
17.105689,1.8616010232112157e-05,9.649767139232677e-05,0.0003184396814513284,0.0018157100520551641,0.02151532428719559,0.012406707616558724
17.124022000000004,1.8436269414373546e-05,9.561716722357489e-05,0.0003157030830496594,0.0018020355132033995,0.021410546718750728,0.012479249316894486
17.142355000000002,1.8258274489205298e-05,9.474469731699763e-05,0.0003129898229814013,0.0017884608856447782,0.02130618172326431,0.012552013747564688
17.160688000000004,1.80820083755179e-05,9.388018836303975e-05,0.00031029970414564966,0.0017749854697786003,0.021202228452109666,0.012625000298323892
17.179021000000002,1.7907454160798117e-05,9.302356772106824e-05,0.0003076325310848879,0.0017616085705968142,0.021098686051444247,0.01269820835079847
17.197354000000004,1.773459509942715e-05,9.217476341326724e-05,0.0003049881099715143,0.0017483294976570187,0.020995553662290285,0.012771637278498865
17.215687000000003,1.7563414611016683e-05,9.133370411859148e-05,0.0003023662485944899,0.0017351475650556419,0.020892830420615197,0.012845286446831469
17.234020000000005,1.7393896278760622e-05,9.050031916677216e-05,0.00029976675634608616,0.0017220620914011912,0.02079051545741124,0.01291915521311129
17.252353000000003,1.7226023847804534e-05,8.96745385323802e-05,0.00029718944420874184,0.0017090723997876744,0.02068860789877486,0.012993242926575147
17.270686000000005,1.70597812236307e-05,8.885629282894098e-05,0.0002946341247420218,0.001696177817768094,0.020587106865985236,0.013067548928395307
17.289019000000003,1.6895152470460214e-05,8.804551330310544e-05,0.00029210061206968367,0.00168337767732813,0.020486011475582336,0.013142072551693163
17.307352,1.6732121809670615e-05,8.724213182887193e-05,0.00028958872186684605,0.0016706713148598679,0.020385320839444335,0.013216813121553508
17.325685000000004,1.6570673618229704e-05,8.64460809018624e-05,0.000287098271347258,0.0016580580711357078,0.02028503406486464,0.013291769955038918
17.344018000000002,1.641079242714558e-05,8.565729363365078e-05,0.0002846290792506765,0.0016455372912823852,0.02018515025462831,0.013366942361205777
17.362351000000004,1.6252462919931442e-05,8.487570374614154e-05,0.00028218096583033497,0.0016331083247550927,0.020085668507087713,0.013442329641118626
17.380684000000002,1.6095669931086897e-05,8.410124556600191e-05,0.00027975375284052266,0.001620770525311742,0.019986587916237808,0.013517931087866515
17.399017000000004,1.594039844459357e-05,8.33338540191425e-05,0.00027734726352425743,0.0016085232509873437,0.019887907571790955,0.013593745986579276
17.417350000000003,1.578663359242695e-05,8.25734646252505e-05,0.00027496132260105747,0.0015963658640685112,0.01978962655925091,0.01366977361444407
17.435683000000004,1.563436065308224e-05,8.182001349237062e-05,0.00027259575625481484,0.001584297731068072,0.019691743959986522,0.013746013240722601
17.454016000000003,1.54835650501158e-05,8.10734373115377e-05,0.00027025039212176223,0.0015723182226998356,0.019594258851304714,0.013822464126768014
17.472349000000005,1.5334232350700934e-05,8.033367335145598e-05,0.00026792505927853707,0.0015604267138534284,0.019497170306522982,0.01389912552604343
17.490682000000003,1.5186348264198387e-05,7.960065945322922e-05,0.00026561958823034614,0.001548622583569307,0.019400477395041377,0.013975996684139382
17.509015,1.5039898640741144e-05,7.88743340251368e-05,0.0002633338108992165,0.0015369052150138467,0.01930417918241382,0.014053076838792903
17.527348000000003,1.4894869469833566e-05,7.81546360374589e-05,0.0002610675606123482,0.0015252739954545742,0.019208274730419077,0.014130365219906472
17.545681000000002,1.4751246878964656e-05,7.744150501734886e-05,0.0002588206720905593,0.0015137283162355204,0.019112763097131034,0.01420786104956674
17.564014000000004,1.4609017132235225e-05,7.673488104375091e-05,0.0002565929814368194,0.0015022675727526787,0.019017643336988434,0.014285563542065297
17.582347000000002,1.4468166628998967e-05,7.603470474236649e-05,0.00025438432612488005,0.0014908911644296015,0.01892291450086419,0.014363471903917562
17.600680000000004,1.432868190251708e-05,7.534091728066413e-05,0.00025219454498799404,0.001479598494693096,0.018828575636134003,0.01444158533388413
17.619013000000002,1.4190549618626674e-05,7.465346036293712e-05,0.0002500234782077286,0.0014683889709490602,0.01873462578674476,0.014519903022991375
17.637346000000004,1.405375657442233e-05,7.397227622540418e-05,0.0002478709673028613,0.001457262004558419,0.018641063993281862,0.014598424154552495
17.655679000000003,1.3918289696951172e-05,7.329730763135684e-05,0.00024573685511837713,0.0014462170108131905,0.018547889293036714,0.014677147904189539
17.674012000000005,1.3784136041920747e-05,7.262849786634908e-05,0.0002436209858145397,0.0014352534089126696,0.01845510072007297,0.014756073439854644
17.692345000000003,1.3651282792420373e-05,7.196579073343292e-05,0.00024152320485606432,0.001424370621939722,0.01836269730529286,0.014835199921852851
17.710678,1.3519717257654854e-05,7.130913054843555e-05,0.000239443359001368,0.0014135680768372113,0.01827067807650272,0.014914526502865084
17.729011000000003,1.3389426871691308e-05,7.065846213528085e-05,0.00023738129629191087,0.0014028452043845156,0.018179042058477826,0.014994052327970513
17.747344000000002,1.32603991922185e-05,7.001373082135356e-05,0.000235336866041624,0.0013922014391742044,0.018087788273027202,0.015073776534670479
17.765677000000004,1.3132621899318464e-05,6.937488243290452e-05,0.00023330991882641817,0.0013816362195887889,0.017996915739057397,0.015153698252912228
17.784010000000002,1.300608279425079e-05,6.874186329049971e-05,0.00023130030647378378,0.0013711489877776125,0.01790642347263614,0.015233816605112877
17.802343000000004,1.2880769798248846e-05,6.811462020450884e-05,0.00022930788205246673,0.0013607391896338517,0.017816310487055197,0.015314130706184153
17.820676000000002,1.2756670951328401e-05,6.749310047063702e-05,0.00022733249986223495,0.001350406274771645,0.017726575792892878,0.015394639663557018
17.839009000000004,1.2633774411107818e-05,6.687725186549533e-05,0.00022537401542372203,0.0013401496965033072,0.017637218398076037,0.015475342577207072
17.857342000000003,1.251206845164064e-05,6.62670226422137e-05,0.0002234322854683574,0.0013299689118166957,0.01754823730794155,0.015556238539680186
17.875675000000005,1.239154146225932e-05,6.566236152609184e-05,0.0002215071679283723,0.0013198633813526679,0.01745963152529718,0.01563732663611845
17.894008000000003,1.2272181946431046e-05,6.506321771029193e-05,0.00021959852192689251,0.001309832569382664,0.017371400050482218,0.01571860594428612
17.912341000000005,1.2153978520624761e-05,6.44695408515685e-05,0.00021770620776810596,0.0012998759437863876,0.017283541881427143,0.015800075534596447
17.930674000000003,1.2036919913189787e-05,6.388128106603932e-05,0.00021583008692751428,0.0012899929760296393,0.01719605601371344,0.015881734470138933
17.949007,1.192099496324548e-05,6.329838892499311e-05,0.000213970022042258,0.0012801831411422126,0.01710894144063237,0.015963581806706522
17.967340000000004,1.1806192619582194e-05,6.272081545073655e-05,0.00021212587690152402,0.0012704459176959427,0.017022197153243424,0.016045616592823
17.985673000000002,1.1692501939573316e-05,6.214851211247931e-05,0.00021029751643703132,0.001260780787782858,0.016935822140432474,0.016127837869770976
18.004006000000004,1.157991208809795e-05,6.158143082225539e-05,0.00020848480671358828,0.0012511872369934268,0.016849815388969187,0.016210244671621223
18.022339000000002,1.1468412336474839e-05,6.101952393088348e-05,0.00020668761491973126,0.001241664754394951,0.016764175883564002,0.01629283602525973
18.040672000000004,1.1357992061406472e-05,6.046274422396228e-05,0.00020490580935843806,0.001232212832510037,0.01667890260692479,0.01637561095041809
18.059005000000003,1.124864074393442e-05,5.991104491790421e-05,0.00020313925943791543,0.0012228309672952036,0.016593994539812838,0.016458568459702186
18.077338000000005,1.1140347968404431e-05,5.93643796560035e-05,0.0002013878356624602,0.001213518658119584,0.016509450661098424,0.016541707558622137
18.095671000000003,1.1033103421442547e-05,5.8822702504541925e-05,0.00019965140962339883,0.0012042754077437514,0.016425269947815978,0.016625027245622426
18.114004000000005,1.0926896890941017e-05,5.82859679489284e-05,0.00019792985399009303,0.0011951007222986549,0.01634145137521867,0.016708526512111865
18.132337000000003,1.0821718265054732e-05,5.7754130889875384e-05,0.00019622304250102764,0.001185994111264651,0.01625799391683262,0.016792204342494423
18.15067,1.0717557531207458e-05,5.722714663960869e-05,0.0001945308499549611,0.0011769550874506718,0.01617489654451057,0.016876059714200614
18.169003000000004,1.0614404775108165e-05,5.670497091811292e-05,0.00019285315220215435,0.0011679831669734668,0.016092158228485084,0.016960091597718312
18.187336000000002,1.0512250179777257e-05,5.618755984941108e-05,0.00019118982613566923,0.0011590778692370002,0.016009777937421366,0.017044298956624376
18.205669000000004,1.041108402458237e-05,5.5674869957877223e-05,0.00018954074968273438,0.0011502387169119066,0.01592775463846949,0.017128680747617125
18.224002000000002,1.0310896684284092e-05,5.5166858164584174e-05,0.00018790580179618667,0.0011414652359151027,0.015846087297316375,0.017213235920548093
18.242335000000004,1.0211678628090965e-05,5.4663481783683005e-05,0.00018628486244597604,0.0011327569553894702,0.015764774878237024,0.017297963418455024
18.260668000000003,1.0113420418724258e-05,5.416469851881716e-05,0.00018467781261074487,0.0011241134076836739,0.015683816344145535,0.01738286217759444
18.279001000000004,1.0016112711491767e-05,5.367046645956771e-05,0.00018308453426947084,0.0011155341283320625,0.015603210656645525,0.01746793112747495
18.297334000000003,9.919746253371238e-06,5.3180744077932545e-05,0.00018150491039318218,0.001107018656034708,0.01552295677608025,0.017553169190890835
18.315667000000005,9.824311882102654e-06,5.269549022483625e-05,0.00017993882493673525,0.0010985665326375131,0.01544305366158207,0.017638575283955932
18.334000000000003,9.729800525289877e-06,5.2214664126673304e-05,0.00017838616283066464,0.0010901773031124684,0.015363500271121702,0.017724148316137393
18.352333,9.636203199511085e-06,5.1738225381881356e-05,0.00017684680997309284,0.0010818505155379733,0.015284295561556733,0.01780988719029045
18.370666000000003,9.543511009438218e-06,5.126613395754681e-05,0.00017532065322171212,0.0010735857210792993,0.015205438488680051,0.017895790802693493
18.388999000000002,9.451715146965198e-06,5.079835018604129e-05,0.00017380758038582786,0.0010653824739691356,0.015126928007267598,0.017981858043081902
18.407332000000004,9.36080689034488e-06,5.033483476168792e-05,0.00017230748021846578,0.0010572403314882436,0.015048763071125588,0.018068087794684447
18.425665000000002,9.27077760333469e-06,4.987554873745937e-05,0.00017082024240854766,0.0010491588539462307,0.014970942633137677,0.018154478934258558
18.443998000000004,9.181618734350631e-06,4.942045352170464e-05,0.00016934575757312551,0.0010411376046624051,0.01489346564531135,0.018241030332126207
18.462331000000002,9.093321815630086e-06,4.896951087490704e-05,0.00016788391724968372,0.0010331761499467555,0.014816331058823974,0.01832774085221019
18.480664000000004,9.005878462402546e-06,4.852268290647044e-05,0.00016643461388849828,0.0010252740590810225,0.014739537824068397,0.018414609352069997
18.498997000000003,8.919280372069093e-06,4.807993207153618e-05,0.00016499774084506507,0.0010174309042998788,0.014663084890698373,0.018501634682939496
18.517330000000005,8.833519323389674e-06,4.764122116782767e-05,0.00016357319237258325,0.0010096462607722034,0.014586971207673055,0.01858881568976304
18.535663000000003,8.748587175678878e-06,4.720651333252514e-05,0.00016216086361450557,0.0010019197065824776,0.014511195723301697,0.018676151211233758
18.553996000000005,8.664475868009377e-06,4.677577203916752e-05,0.0001607606505971425,0.0009942508227122596,0.014435757385287282,0.018763640079830002
18.572329000000003,8.58117741842369e-06,4.634896109458402e-05,0.00015937245022233515,0.000986639193021777,0.014360655140770298,0.018851281121854007
18.590662000000002,8.498683923153486e-06,4.592604463585239e-05,0.00015799616026018062,0.0009790844042316157,0.014285887936371795,0.018939073157469778
18.608995000000004,8.416987555846986e-06,4.550698712728573e-05,0.00015663167934181876,0.0009715860459045041,0.014211454718235966,0.01902701500074135
18.627328000000002,8.336080566803904e-06,4.509175335744689e-05,0.00015527890695228228,0.000964143710427214,0.01413735443207269,0.019115105459671752
18.645661000000004,8.25595528221799e-06,4.4680308436189233e-05,0.0001539377434233961,0.0009567569929925398,0.014063586023199187,0.01920334333624136
18.663994000000002,8.176604103427387e-06,4.427261779172561e-05,0.0001526080899267439,0.0009494254915814028,0.013990148436581683,0.01929172742644765
18.682327000000004,8.098019506172105e-06,4.386864716772284e-05,0.00015128984846668586,0.0009421488069450232,0.013917040616876347,0.01938025652034407
18.700660000000003,8.020194039859334e-06,4.346836262042392e-05,0.00014998292187343602,0.0009349265425872289,0.01384426150847013,0.019468929402080497
18.718993000000005,7.943120326835672e-06,4.3071730515795284e-05,0.00014868721379619477,0.0009277583047468231,0.013771810055520878,0.0195577448499424
18.737326000000003,7.866791061666957e-06,4.26787175267013e-05,0.00014740262869633995,0.0009206437023800907,0.013699685201997356,0.019646701636391303
18.755659000000005,7.791199010425034e-06,4.228929063010333e-05,0.00014612907184066945,0.0009135823471433662,0.013627885891718674,0.019735798528105482
18.773992000000003,7.716337009981867e-06,4.1903417104285594e-05,0.00014486644929470342,0.0009065738533757234,0.0135564110683934,0.019825034286020136
18.792325,7.642197967310465e-06,4.152106452610515e-05,0.00014361466791603753,0.0008996178380817506,0.013485259675658267,0.019914407665368634
18.810658000000004,7.5687748587929485e-06,4.11422007682678e-05,0.00014237363534775246,0.0008927139209144276,0.013414430657116507,0.020003917415723795
18.828991000000002,7.496060729535525e-06,4.076679399662875e-05,0.00014114326001187758,0.0008858617241581005,0.013343922956375803,0.02009356228103895
18.847324000000004,7.424048692690087e-06,4.039481266751727e-05,0.00013992345110290627,0.0008790608727115438,0.013273735517085822,0.020183340999689776
18.865657000000002,7.352731928782894e-06,4.002622552508679e-05,0.00013871411858136634,0.0008723109940711283,0.013203867282975389,0.02027325230451637
18.883990000000004,7.282103685049642e-06,3.9661001598688045e-05,0.00013751517316744065,0.0008656117183140726,0.013134317197889267,0.020363294922864508
18.902323000000003,7.212157274777424e-06,3.929911020026732e-05,0.0001363265263346427,0.0008589626780818063,0.013065084205824633,0.020453467576629133
18.920656000000005,7.142886076652996e-06,3.894052092178732e-05,0.00013514809030354096,0.0008523635085634123,0.012996167250967059,0.020543768982296116
18.938989000000003,7.074283534117816e-06,3.8585203632672686e-05,0.00013397977803553834,0.0008458138474791681,0.012927565277726266,0.02063419785098551
18.957322000000005,7.006343154729204e-06,3.823312847727769e-05,0.00013282150322669722,0.00083931333506418,0.012859277230771304,0.02072475288849382
18.975655000000003,6.9390585095281915e-06,3.7884265872378196e-05,0.00013167318030162108,0.0008328616140521199,0.012791302055065651,0.020815432795338037
18.993988,6.872423232413385e-06,3.75385865046854e-05,0.00013053472440738124,0.000826458329659035,0.012723638695901606,0.020906236266798404
19.012321000000004,6.80643101952127e-06,3.719606132838299e-05,0.00012940605140749544,0.0008201031295672682,0.01265628609893462,0.02099716199296279
19.030654000000002,6.741075628612553e-06,3.685666156268679e-05,0.00012828707787595795,0.0008137956639094698,0.012589243210217156,0.021088208658769845
19.048987000000004,6.676350878464697e-06,3.652035868942592e-05,0.00012717772109131274,0.0008075355852526802,0.012522508976232059,0.021179374944053045
19.067320000000002,6.6122506482705185e-06,3.618712445064714e-05,0.0001260778990307815,0.0008013225485825326,0.012456082343925807,0.021270659523585655
19.085653000000004,6.548768877042642e-06,3.58569308462399e-05,0.00012498753036443538,0.000795156211287526,0.0123899622607412,0.02136206106712447
19.103986000000003,6.48589956302406e-06,3.5529750131584166e-05,0.00012390653444941787,0.0007890362331433982,0.012324147674649913,0.02145357823945481
19.122319000000005,6.423636763104441e-06,3.5205554815218635e-05,0.00012283483132421075,0.000782962276297583,0.012258637534184382,0.02154520970043546
19.140652000000003,6.361974592242325e-06,3.488431765653129e-05,0.00012177234170295215,0.0007769340052537653,0.012193430788469711,0.021636954105043325
19.158985000000005,6.300907222892931e-06,3.4566011663469955e-05,0.00012071898696979722,0.0007709510868565139,0.012128526387254951,0.02172881010341901
19.177318000000003,6.24042888444189e-06,3.425061009027484e-05,0.00011967468917332743,0.0007650131902760179,0.012063923280944154,0.021820776340911726
19.195651000000005,6.1805338626443775e-06,3.393808643523066e-05,0.00011863937102100325,0.0007591199869928976,0.01199962042062712,0.02191285145812621
19.213984000000004,6.12121649906997e-06,3.362841443844036e-05,0.00011761295587366664,0.0007532711507831107,0.011935616758109722,0.02200503409096671
19.232317000000002,6.062471190552995e-06,3.332156807961816e-05,0.00011659536774008264,0.0007474663577029464,0.011871911245943879,0.02209732287068453
19.250650000000004,6.004292388648274e-06,3.30175215759034e-05,0.00011558653127153169,0.0007417052860741037,0.011808502837457317,0.02218971642392296
19.268983000000002,5.94667459909241e-06,3.271624937969427e-05,0.00011458637175644356,0.0007359876164688628,0.011745390486782933,0.02228221337276471
19.287316000000004,5.889612381270325e-06,3.241772617650082e-05,0.00011359481511507327,0.0007303130316953314,0.011682573148887715,0.022374812334777453
19.305649000000003,5.8331003476871485e-06,3.212192688281828e-05,0.00011261178789422623,0.0007246812167827932,0.011620049779601566,0.02246751192306082
19.323982000000004,5.777133163445331e-06,3.182882664401901e-05,0.00011163721726202047,0.0007190918589671244,0.011557819335645545,0.022560310746293645
19.342315000000003,5.721705545726976e-06,3.1538400832264524e-05,0.00011067103100269809,0.0007135446476763172,0.011495880774660041,0.022653207408780407
19.360648000000005,5.666812263281313e-06,3.125062504443568e-05,0.00010971315751147298,0.000708039274516061,0.011434233055232397,0.022746200510498547
19.378981000000003,5.612448135917289e-06,3.096547510008261e-05,0.00010876352578942672,0.0007025754332554364,0.011372875136924388,0.022839288647146235
19.397314000000005,5.558608034001111e-06,3.068292703939259e-05,0.00010782206543844209,0.0006971528198126697,0.011311805980299173,0.022932470410188935
19.415647000000003,5.505286877958894e-06,3.0402957121177156e-05,0.00010688870665618205,0.0006917711322409929,0.01125102454694828,0.023025744386907698
19.433980000000002,5.4524796377842e-06,3.0125541820876923e-05,0.0001059633802311054,0.0006864300707145658,0.011190529799517863,0.02311910916044721
19.452313000000004,5.4001813325504215e-06,2.985065782858506e-05,0.00010504601753752805,0.0006811293375144946,0.011130320701734886,0.023212563309862492
19.470646000000002,5.3483870299281454e-06,2.9578282047088844e-05,0.00010413655053072236,0.0006758686370149347,0.011070396218433089,0.02330610541016845
19.488979000000004,5.297091845707099e-06,2.9308391589928535e-05,0.00010323491174205704,0.0006706476756692672,0.011010755315578359,0.023399734032387223
19.507312000000002,5.246290943323096e-06,2.9040963779474745e-05,0.00010234103427417788,0.0006654661619963611,0.010951396960293996,0.02349344774359637
19.525645000000004,5.195979533389408e-06,2.877597614502253e-05,0.00010145485179622739,0.0006603238065669158,0.010892320120885672,0.023587245106977912
19.543978000000003,5.1461528732330785e-06,2.851340642090371e-05,0.000100576298539104,0.000655220321989894,0.010833523766866034,0.023681124681867213
19.562311000000005,5.0968062664355305e-06,2.8253232544615554e-05,9.970530929076067e-05,0.0006501554228990161,0.010775006868978948,0.02377508502380034
19.580644000000003,5.04793506237803e-06,2.7995432654967407e-05,9.884181939154211e-05,0.0006451288259393603,0.010716768399223676,0.02386912468456473
19.598977000000005,4.999534655791426e-06,2.773998509024336e-05,9.798576472955924e-05,0.000640140249754014,0.010658807330878374,0.02396324221224673
19.617310000000003,4.9516004863105185e-06,2.7486868386382548e-05,9.713708173610435e-05,0.000635189414970832,0.010601122638523768,0.024057436151281534
19.635643,4.904128038032727e-06,2.7236061275175267e-05,9.629570738110116e-05,0.0006302760441892553,0.010543713298066115,0.024151705042502206
19.653976000000004,4.857112839081218e-06,2.6987542682476042e-05,9.546157916859431e-05,0.0006253998619672163,0.010486578286760142,0.024246047423189414
19.672309000000002,4.810550461172384e-06,2.674129172643303e-05,9.463463513227552e-05,0.0006205605948081267,0.010429716583231587,0.024340461827119606
19.690642000000004,4.764436519187463e-06,2.6497287715733075e-05,9.381481383104642e-05,0.0006157579711479284,0.01037312716749947,0.024434946784616506
19.708975000000002,4.718766670748642e-06,2.6255510147863476e-05,9.300205434461828e-05,0.0006109917213422402,0.010316809020998085,0.024529500822599196
19.727308000000004,4.673536615799131e-06,2.6015938707388914e-05,9.219629626914708e-05,0.0006062615776535724,0.01026076112659878,0.024624122464633556
19.745641000000003,4.628742096187562e-06,2.5778553264244778e-05,9.139747971290715e-05,0.0006015672742386151,0.010204982468631277,0.02471881023097992
19.763974000000005,4.584378895256416e-06,2.5543333872045383e-05,9.060554529199667e-05,0.0005969085471356145,0.010149472032904906,0.024813562638645273
19.782307000000003,4.540442837434611e-06,2.531026076640834e-05,8.982043412608244e-05,0.0005922851342518131,0.010094228806729541,0.024908378201432577
19.800640000000005,4.496929787833989e-06,2.507931436329346e-05,8.904208783417725e-05,0.0005876967753509736,0.01003925177893604,0.025003255429989883
19.818973000000003,4.45383565185002e-06,2.485047525735758e-05,8.827044853045305e-05,0.0005831432120409791,0.009984539939896783,0.025098192831862688
19.837306000000005,4.411156374766218e-06,2.462372422032366e-05,8.750545882008828e-05,0.0005786241877614965,0.009930092281545596,0.025193188911542982
19.855639000000004,4.3688879413626826e-06,2.439904219936547e-05,8.674706179515066e-05,0.0005741394477717338,0.009875907797397606,0.025288242170519663
19.873972000000002,4.3270263755283596e-06,2.417641031550637e-05,8.599520103051227e-05,0.0005696887391382562,0.009821985482568806,0.025383351107329866
19.892305000000004,4.285567739877262e-06,2.3955809862033128e-05,8.524982057979928e-05,0.0005652718107228811,0.009768324333795247,0.025478514217608987
19.910638000000002,4.244508135368439e-06,2.373722230292421e-05,8.451086497137601e-05,0.0005608884131706493,0.009714923349452155,0.025573729994141762
19.928971000000004,4.203843700929674e-06,2.352062927129198e-05,8.37782792043601e-05,0.0005565382988978656,0.009661781529572576,0.02566899692691278
19.947304000000003,4.163570613085001e-06,2.3306012567839768e-05,8.305200874467296e-05,0.0005522212220802159,0.00960889787586596,0.0257643135031573
19.965637000000005,4.1236850855858165e-06,2.3093354159332324e-05,8.233199952112031e-05,0.0005479369386409537,0.00955627139173631,0.02585967820741298
19.983970000000003,4.084183369045708e-06,2.2882636177080906e-05,8.16181979215083e-05,0.0005436852062391618,0.009503901082300288,0.025955089521569955
20.002303000000005,4.045061750578838e-06,2.2673840915441523e-05,8.091055078878842e-05,0.0005394657842580777,0.009451785954404799,0.026050545924922217
20.020636000000003,4.006316553442003e-06,2.2466950830327543e-05,8.020900541723687e-05,0.0005352784337935089,0.009399925016644566,0.026146045894218966
20.038969000000005,3.967944136680089e-06,2.226194853773523e-05,7.951350954866411e-05,0.0005311229176422939,0.009348317279379346,0.026241587903715627
20.057302000000004,3.929940894775209e-06,2.205881681228335e-05,7.882401136865656e-05,0.0005269990002908598,0.009296961754750938,0.026337170425225546
20.075635000000002,3.892303257299147e-06,2.1857538585765542e-05,7.814045950284874e-05,0.000522906447903824,0.009245857456699827,0.026432791928170052
20.093968000000004,3.8550276885693535e-06,2.165809694571627e-05,7.746280301322662e-05,0.0005188450283126923,0.009195003400981786,0.026528450879631443
20.112301000000002,3.818110687308331e-06,2.146047513398986e-05,7.6790991394462e-05,0.0005148145110046094,0.009144398605184113,0.026624145744403378
20.130634000000004,3.781548786306292e-06,2.1264656545352117e-05,7.612497457027628e-05,0.0005108146671111793,0.009094042088741624,0.026719874985042896
20.148967000000003,3.745338552087319e-06,2.107062472608539e-05,7.546470288983521e-05,0.0005068452693973639,0.009043932872952402,0.026815637061921034
20.167300000000004,3.7094765845786404e-06,2.087836337260573e-05,7.481012712417288e-05,0.0005029060922504434,0.008994069980993422,0.02691143043327566
20.185633000000003,3.6739595167833505e-06,2.068785633009326e-05,7.416119846264615e-05,0.0004989969116690461,0.008944452437935834,0.027007253555262394
20.203966000000005,3.63878401445622e-06,2.0499087591134495e-05,7.351786850941705e-05,0.0004951175052522437,0.008895079270759927,0.02710310488200548
20.222299000000003,3.6039467757828294e-06,2.031204129437758e-05,7.288008927996632e-05,0.0004912676521887243,0.008845949508370225,0.02719898286565152
20.240632000000005,3.569444531061763e-06,2.0126701723199266e-05,7.224781319763381e-05,0.00048744713324601607,0.008797062181609812,0.027294885956418515
20.258965000000003,3.535274042390073e-06,1.994305330438459e-05,7.162099309018906e-05,0.00048365573075979327,0.008748416323274959,0.027390812602649736
20.277298000000002,3.501432103351713e-06,1.9761080606818084e-05,7.099958218642941e-05,0.0004798932286232405,0.00870001096812917,0.027486761250864588
20.295631000000004,3.467915538709142e-06,1.9580768340187276e-05,7.038353411280694e-05,0.0004761594122764804,0.008651845152917167,0.02758273034581046
20.313964000000002,3.434721204097986e-06,1.9402101353698036e-05,6.977280289008316e-05,0.00047245406869608097,0.008603917916378597,0.027678718330514173
20.332297000000004,3.4018459857246236e-06,1.922506463480125e-05,6.916734293001081e-05,0.00046877698638461,0.008556228299261545,0.02777472364633468
20.350630000000002,3.3692868000668708e-06,1.9049643307931705e-05,6.856710903204481e-05,0.00046512795536026775,0.008508775344335822,0.027870744733014242
20.368963000000004,3.337040593577517e-06,1.887582263325785e-05,6.797205638007843e-05,0.0004615067671465774,0.008461558096405994,0.02796678002872999
20.387296000000003,3.305104342390892e-06,1.870358800544358e-05,6.738214053920861e-05,0.00045791321476214763,0.00841457560232434,0.028062827970146767
20.405629000000005,3.2734750520322485e-06,1.8532924952420725e-05,6.679731745252582e-05,0.0004543470927104884,0.008367826911003332,0.028158886992467578
20.423962000000003,3.2421497571300583e-06,1.836381913417332e-05,6.621754343793352e-05,0.00045080819696990097,0.00832131107342823,0.028254955529487074
20.442295000000005,3.2111255211311137e-06,1.819625634153239e-05,6.564277518499102e-05,0.00044729632498342154,0.008275027142669181,0.02835103201364207
20.460628000000003,3.180399436018514e-06,1.8030222494982306e-05,6.507296975178468e-05,0.000443811275648839,0.008228974173893327,0.02844711487606429
20.478961000000005,3.1499686220323264e-06,1.7865703643477478e-05,6.450808456182382e-05,0.00044035284930876354,0.008183151224376514,0.028543202546631716
20.497294000000004,3.1198302273931167e-06,1.7702685963270375e-05,6.394807740096365e-05,0.000436920847740769,0.00813755735351498,0.028639293454020175
20.515627000000002,3.089981428028119e-06,1.7541155756749753e-05,6.339290641435229e-05,0.00043351507414758573,0.008092191622836694,0.028735386025756544
20.533960000000004,3.060419427300153e-06,1.7381099451289802e-05,6.284253010340431e-05,0.0004301353331473661,0.008047053096012599,0.028831478688269154
20.552293000000002,3.0311414557392376e-06,1.722250359810981e-05,6.22969073227993e-05,0.00042678143076400595,0.008002140838867565,0.02892756986693959
20.570626000000004,3.002144770776764e-06,1.706535487114389e-05,6.175599727750463e-05,0.0004234531744175217,0.007957453919391231,0.029023657986155558
20.588959000000003,2.9734266564824262e-06,1.6909640065921512e-05,6.121975951982371e-05,0.00042015037291450363,0.007912991407748617,0.02911974146936253
20.607292000000005,2.9449844233035856e-06,1.675534609845774e-05,6.068815394646861e-05,0.0004168728364386103,0.007868752376290467,0.029215818739114323
20.625625000000003,2.9168154078073717e-06,1.660246000415409e-05,6.016114079565696e-05,0.00041362037654114013,0.007824735899563545,0.029311888217126006
20.643958000000005,2.8889169724251844e-06,1.645096893670895e-05,5.9638680644232633e-05,0.0004103928061316509,0.007780941054320595,0.029407948324325306
20.662291000000003,2.861286505199815e-06,1.6300860167038383e-05,5.912073440481159e-05,0.0004071899394686428,0.00773736691953023,0.029503997480904254
20.680624000000005,2.833921419534999e-06,1.615212108220633e-05,5.860726332294955e-05,0.0004040115921503038,0.007694012576386565,0.029600034106370816
20.698957000000004,2.8068191539474837e-06,1.6004739184365055e-05,5.809822897433545e-05,0.00040085758110530766,0.00765087710831864,0.02969605661960028
20.717290000000002,2.779977171821508e-06,1.585870208970478e-05,5.759359326200595e-05,0.0003977277245836746,0.007607959600999749,0.029792063438887937
20.735623000000004,2.753392961165691e-06,1.5713997527413244e-05,5.709331841358537e-05,0.0003946218421476884,0.007565259142356484,0.02988805298199877
20.753956000000002,2.727064034372391e-06,1.5570613338644713e-05,5.659736697854702e-05,0.0003915397546628726,0.007522774822577708,0.02998402366622071
20.772289000000004,2.700987927979326e-06,1.5428537475498128e-05,5.610570182549772e-05,0.0003884812842890218,0.007480505734123216,0.030079973908415374
20.790622000000003,2.6751622024336535e-06,1.5287758000005023e-05,5.561828613948551e-05,0.0003854462544712943,0.007438450971732353,0.030175902125069577
20.808955000000005,2.6495844418582707e-06,1.5148263083126181e-05,5.513508341932883e-05,0.00038243448993135353,0.007396609632432286,0.03027180673234601
20.827288000000003,2.624252253820519e-06,1.5010041003757945e-05,5.4656057474969066e-05,0.0003794458166585778,0.007354980815546347,0.03036768614613665
20.845621000000005,2.599163269103078e-06,1.487308014774711e-05,5.4181172424843726e-05,0.0003764800619013147,0.007313563622701908,0.030463538782111
20.863954000000003,2.5743151414771805e-06,1.473736900691526e-05,5.371039269328341e-05,0.0003735370541581998,0.007272357157838369,0.030559363055770335
20.882287000000005,2.5497055474780207e-06,1.4602896178091587e-05,5.3243683007928106e-05,0.00037061662316952617,0.007231360527214718,0.03065515738249714
20.900620000000004,2.5253321861824037e-06,1.446965036215493e-05,5.278100839716764e-05,0.0003677185999086703,0.007190572839417118,0.030750920177605837
20.918953000000002,2.5011927789885558e-06,1.4337620363084194e-05,5.232233418760101e-05,0.00036484281657357236,0.007149993205366205,0.03084664985639519
20.937286000000004,2.4772850693981283e-06,1.4206795087017676e-05,5.1867626001518455e-05,0.00036198910657827594,0.007109620738324302,0.030942344834199168
20.955619000000002,2.453606822800343e-06,1.4077163541320969e-05,5.141684975440447e-05,0.00035915730454451426,0.007069454553902398,0.031038003526436212
20.973952000000004,2.4301558262582312e-06,1.3948714833663131e-05,5.096997165246052e-05,0.00035634724629335547,0.007029493770067015,0.03113362434866221
20.992285000000003,2.406929888297047e-06,1.3821438171101658e-05,5.0526958190149726e-05,0.0003535587688369026,0.006989737507146859,0.03122920571662031
21.010618000000004,2.383926838694663e-06,1.3695322859175396e-05,5.008777614776114e-05,0.00035079171037004055,0.006950184887839355,0.031324746046290285
21.028951000000003,2.361144528274138e-06,1.3570358301006138e-05,4.965239258899502e-05,0.00034804591026224617,0.006910835037217062,0.03142024375394223
21.047284000000005,2.338580828698238e-06,1.344653399640802e-05,4.922077485856721e-05,0.00034532120904944084,0.0068716870827337986,0.031515697256185124
21.065617000000003,2.316233632266036e-06,1.3323839541005438e-05,4.879289057983514e-05,0.0003426174484259048,0.0068327401542307075,0.03161110497001625
21.083950000000005,2.294100851711465e-06,1.3202264625358622e-05,4.836870765244192e-05,0.00033993447123623413,0.006793993383942193,0.031706465312874264
21.102283000000003,2.272180420003915e-06,1.308179903409757e-05,4.794819424998142e-05,0.0003372721214673603,0.006755445906501632,0.03180177670268761
21.120616000000002,2.2504702901507197e-06,1.2962432645063535e-05,4.753131881768193e-05,0.00033463024424061145,0.006717096858946939,0.03189703755792528
21.138949000000004,2.2289684350016463e-06,1.2844155428458582e-05,4.7118050070109556e-05,0.0003320086858038311,0.006678945380726003,0.03199224629764681
21.157282000000002,2.2076728470552756e-06,1.2726957446002894e-05,4.6708356988891404e-05,0.0003294072935235488,0.006640990613702045,0.0320874013415532
21.175615000000004,2.1865815382672958e-06,1.261082885009955e-05,4.630220882045605e-05,0.00032682591587719363,0.006603231702158646,0.03218250111003517
21.193948000000002,2.1656925398606804e-06,1.2495759883007252e-05,4.5899575073795227e-05,0.00032426440244537054,0.006565667792804818,0.0322775440242246
21.212281000000004,2.145003902137723e-06,1.238174087602026e-05,4.550042551824195e-05,0.000321722603904173,0.0065282980347797824,0.0323725285060431
21.230614000000003,2.1245136942939535e-06,1.2268762248656137e-05,4.510473018126897e-05,0.0003192003720175571,0.006491121579657765,0.03246745297825287
21.248947000000005,2.1042200042338245e-06,1.2156814507850588e-05,4.47124593463044e-05,0.00031669755962975867,0.006454137581452437,0.03256231586450531
21.267280000000003,2.0841209383882867e-06,1.2045888247159962e-05,4.4323583550566466e-05,0.0003142140206577635,0.0064173451966214115,0.03265711558938988
21.285613000000005,2.064214621534068e-06,1.1935974145970709e-05,4.393807358291571e-05,0.00031174961008382254,0.0063807435840704954,0.0327518505784858
21.303946000000003,2.044499196614827e-06,1.1827062968716377e-05,4.355590048172562e-05,0.0003093041839480194,0.006344331905157808,0.03284651925840934
21.322279000000005,2.0249728245639607e-06,1.1719145564101433e-05,4.317703553277075e-05,0.00030687759934088416,0.0063081093236978,0.03294112005686211
21.340612000000004,2.0056336841292485e-06,1.1612212864332475e-05,4.280145026713292e-05,0.00030446971439606013,0.006272075005965123,0.033035651402683476
21.358945000000002,1.98647997169916e-06,1.1506255884356169e-05,4.242911645912392e-05,0.0003020803882830073,0.006236228120698308,0.03313011172589569
21.377278000000004,1.9675099011308704e-06,1.1401265721104344e-05,4.206000612422712e-05,0.00029970948119976867,0.006200567839103429,0.03322449945775541
21.395611000000002,1.948721703580011e-06,1.1297233552745962e-05,4.169409151705524e-05,0.0002973568543657715,0.006165093334857507,0.033318813030800254
21.413944000000004,1.9301136273320326e-06,1.1194150637945727e-05,4.133134512932504e-05,0.0002950223700146796,0.006129803784111838,0.033413050878898974
21.432277000000003,1.9116839376352793e-06,1.1092008315129743e-05,4.097173968785006e-05,0.0002927058913872985,0.006094698365495266,0.033507211437299456
21.450610000000005,1.893430916535648e-06,1.0990798001757572e-05,4.06152481525488e-05,0.00029040728272451504,0.006059776260117139,0.033601293142676084
21.468943000000003,1.8753528627129334e-06,1.0890511193601235e-05,4.0261843714470847e-05,0.00028812640926029437,0.0060250366515703585,0.033695294433179666
21.487276000000005,1.8574480913187104e-06,1.0791139464030492e-05,3.9911499793838414e-05,0.0002858631372147161,0.005990478725934125,0.033789213748484134
21.505609000000003,1.8397149338158825e-06,1.0692674463304937e-05,3.956419003810519e-05,0.000283617333787062,0.005956101671776657,0.03388304952983361
21.523942000000005,1.8221517378197206e-06,1.0595107917872263e-05,3.921988832003087e-05,0.00028138886714894074,0.0059219046801577725,0.033976800220093195
21.542275000000004,1.804756866940562e-06,1.0498431629673225e-05,3.887856873577201e-05,0.0002791776064374679,0.005887886944631299,0.03407046426379341
21.560608000000002,1.787528700627956e-06,1.0402637475452658e-05,3.854020560298876e-05,0.0002769834217484814,0.005854047661247419,0.03416404010717957
21.578941000000004,1.7704656340164054e-06,1.0307717406076986e-05,3.820477345896757e-05,0.0002748061841298095,0.005820386028554867,0.034257526198258885
21.597274000000002,1.7535660777725933e-06,1.0213663445857932e-05,3.787224705876006e-05,0.00027264576557457847,0.005786901247603058,0.034350920986846924
21.615607000000004,1.7368284579441178e-06,1.0120467691882238e-05,3.75426013733361e-05,0.00027050203901456425,0.005753592521943954,0.034444222924615714
21.633940000000003,1.7202512158097108e-06,1.0028122313347769e-05,3.721581158775428e-05,0.00026837487831359383,0.005720459057634044,0.03453743046514018
21.652273000000005,1.7038328077309045e-06,9.936619550905375e-06,3.6891853099346105e-05,0.0002662641582609794,0.005687500063235931,0.034630542063943566
21.670606000000003,1.6875717050052136e-06,9.845951716007053e-06,3.6570701515916216e-05,0.0002641697545650079,0.005654714749820121,0.034723556178548304
21.688939000000005,1.6714663937206664e-06,9.756111190259785e-06,3.6252332653957526e-05,0.00026209154384646444,0.00562210233096637,0.03481647126851721
21.707272000000003,1.6555153746118563e-06,9.66709042478552e-06,3.593672253688146e-05,0.00026002940363220535,0.00558966202276521,0.034909285795503384
21.725605000000005,1.6397171629173277e-06,9.578881939586759e-06,3.562384739326257e-05,0.0002579832123487675,0.005557393043819127,0.03500199822329482
21.743938000000004,1.624070288238427e-06,9.491478322918169e-06,3.531368365509854e-05,0.00025595284931602543,0.005525294615243835,0.03509460701786162
21.762271000000002,1.608573294399475e-06,9.404872230663694e-06,3.500620795608418e-05,0.0002539381947408865,0.005493365960669261,0.03518711064740078
21.780604000000004,1.5932247393093535e-06,9.319056385719517e-06,3.470139712990029e-05,0.0002519391297110316,0.005461606306240546,0.035279507582382144
21.798937000000002,1.5780231948244477e-06,9.234023577382644e-06,3.439922820851686e-05,0.00024995553618869414,0.005430014880618916,0.03537179629559544
21.817270000000004,1.562967246612893e-06,9.149766660744912e-06,3.409967842051012e-05,0.00024798729700448093,0.005398590914982364,0.03546397526219217
21.835603000000003,1.5480554940202125e-06,9.066278556092764e-06,3.3802725189394245e-05,0.0002460342958512373,0.005367333643026383,0.03555604295973567
21.853936000000004,1.5332865499362054e-06,8.98355224831224e-06,3.350834613196665e-05,0.00024409641727794908,0.005336242300964425,0.035647997868242125
21.872269000000003,1.5186590406632035e-06,8.90158078629967e-06,3.3216519056667556e-05,0.00024217354668368632,0.005305316127528389,0.03573983847022688
21.890602000000005,1.5041716057855654e-06,8.820357282377463e-06,3.292722196195273e-05,0.00024026557031158868,0.005274554363968942,0.03583156325075024
21.908935000000003,1.489822898040492e-06,8.739874911715508e-06,3.2640433034680745e-05,0.00023837237524289143,0.005243956254055774,0.03592317069746035
21.927268000000005,1.4756115831900669e-06,8.66012691175758e-06,3.2356130648512875e-05,0.0002364938493909857,0.005213521044077713,0.03601465930063878
21.945601000000003,1.4615363398945973e-06,8.581106581653245e-06,3.207429336232725e-05,0.00023462988149552735,0.005183247982842786,0.03610602755324357
21.963934000000005,1.4475958595871493e-06,8.50280728169469e-06,3.179489991864542e-05,0.00023278036111657802,0.005153136321678163,0.036197273950955275
21.982267000000004,1.4337888463493485e-06,8.425222432758949e-06,3.151792924207334e-05,0.00023094517862878798,0.005123185314430003,0.0362883969922187
22.000600000000002,1.4201140167883687e-06,8.348345515754974e-06,3.1243360437754186e-05,0.00022912422521561838,0.005093394217463215,0.036379395178287845
22.018933000000004,1.406570099915148e-06,8.272170071075925e-06,3.097117278983493e-05,0.00022731739286359985,0.005063762289661107,0.03647026701326913
22.037266000000002,1.3931558370237905e-06,8.19668969805643e-06,3.070134575994591e-05,0.00022552457435663355,0.005034288792424974,0.03656101100416394
22.055599000000004,1.379869981572135e-06,8.121898054434674e-06,3.0433858985692375e-05,0.00022374566327032627,0.005004972989673572,0.036651625660913886
22.073932000000003,1.3667112990635181e-06,8.047788855819601e-06,3.0168692279159806e-05,0.00022198055396636623,0.004975814147842503,0.036742109496440925
22.092265000000005,1.3536785669296727e-06,7.974355875162748e-06,2.9905825625430584e-05,0.0002202291415869343,0.004946811535883504,0.036832461026692805
22.110598000000003,1.3407705744147875e-06,7.901592942235138e-06,2.9645239181114464e-05,0.00021849132204915687,0.004917964425263679,0.03692267877068392
22.128931000000005,1.3279861224606871e-06,7.829493943108704e-06,2.9386913272890092e-05,0.00021676699203958976,0.004889272089964611,0.037012761250538866
22.147264000000003,1.3153240235931595e-06,7.758052819642675e-06,2.913082839605991e-05,0.00021505604900874545,0.004860733806481392,0.037102706991532904
22.165597000000005,1.3027831018093618e-06,7.687263568974439e-06,2.8876965213116297e-05,0.00021335839116565187,0.00483234885382159,0.03719251452213652
22.183930000000004,1.2903621924663723e-06,7.617120243015245e-06,2.862530455232049e-05,0.0002116739174724532,0.004804116513504099,0.03728218237405502
22.202263000000002,1.2780601421707796e-06,7.547616947950332e-06,2.8375827406293042e-05,0.00021000252763904217,0.004776036069557933,0.03737170908227115
22.220596000000004,1.2658758086694022e-06,7.47874784374373e-06,2.81285149306161e-05,0.00020834412211772932,0.004748106808520915,0.037461093185086995
22.238929000000002,1.2538080607410545e-06,7.4105071436475954e-06,2.7883348442447954e-05,0.00020669860209795372,0.004720328019438338,0.037550333224164394
22.257262000000004,1.2418557780893512e-06,7.3428891137158795e-06,2.7640309419148608e-05,0.0002050658695010193,0.0046926989938614215,0.0376394277445662
22.275595000000003,1.2300178512366196e-06,7.275888072322642e-06,2.739937949691723e-05,0.00020344582697487743,0.0046652190258458575,0.03772837529479686
22.293928000000005,1.2182931814187743e-06,7.2094983896845425e-06,2.716054046944107e-05,0.0002018383778889354,0.004637887411950127,0.0378171744268447
22.312261000000003,1.2066806804812816e-06,7.143714487387904e-06,2.6923774286555952e-05,0.00020024342632890844,0.004610703451233842,0.03790582369621914
22.330594000000005,1.1951792707761081e-06,7.078530837919879e-06,2.6689063052917306e-05,0.0001986608770916992,0.004583666445255946,0.03799432166199479
22.348927000000003,1.1837878850596923e-06,7.013941964204097e-06,2.645638902668351e-05,0.00019709063568031676,0.004556775698072881,0.03808266688684802
22.367260000000005,1.172505466391905e-06,6.949942439140361e-06,2.6225734618209028e-05,0.00019553260829882732,0.0045300305162366255,0.038170857937099595
22.385593000000004,1.1613309680360018e-06,6.886526885148722e-06,2.599708238874997e-05,0.0001939867018473415,0.0045034302087927575,0.03825889338275223
22.403926000000002,1.1502633533595504e-06,6.823689973717549e-06,2.5770415049179232e-05,0.00019245282391703252,0.004476974087278316,0.03834677179753123
22.422259000000004,1.1393015957363298e-06,6.761426424955828e-06,2.554571545871331e-05,0.0001909308827851912,0.004450661465719678,0.038434491758922745
22.440592000000002,1.1284446784491968e-06,6.6997310071495605e-06,2.5322966623649646e-05,0.00018942078741031307,0.004424491660630365,0.03852205184821457
22.458925000000004,1.117691594593877e-06,6.638598536322078e-06,2.510215169611425e-05,0.00018792244742721768,0.004398463991008702,0.038609450650531535
22.477258000000003,1.1070413469837237e-06,6.578023875798556e-06,2.4883253972820644e-05,0.00018643577314220503,0.0043725777783355305,0.03869668675487871
22.495591000000005,1.0964929480553882e-06,6.518001935774307e-06,2.4666256893838258e-05,0.00018496067552823873,0.00434683234657168,0.03878375875417525
22.513924000000003,1.086045419775432e-06,6.458527672887199e-06,2.4451144041372143e-05,0.00018349706622016867,0.0043212270221555955,0.038870665245295595
22.532257000000005,1.0756977935478171e-06,6.3995960897938e-06,2.4237899138552396e-05,0.00018204485750998047,0.004295761134000651,0.03895740482910539
22.550590000000003,1.0654491101223514e-06,6.341202234749556e-06,2.4026506048233974e-05,0.00018060396234208175,0.0042704340134926185,0.03904397611050144
22.568923000000005,1.055298419503966e-06,6.28334120119264e-06,2.3816948771806705e-05,0.0001791742943086168,0.004245244994486891,0.03913037769844589
22.587256000000004,1.0452447808629421e-06,6.226008127331757e-06,2.3609211448015225e-05,0.0001777557676448167,0.004220193413305814,0.039216608206008224
22.605589000000005,1.0352872624459665e-06,6.169198195737548e-06,2.340327835178866e-05,0.0001763482972243774,0.004195278608735745,0.039302666250396565
22.623922000000004,1.0254249414880808e-06,6.112906632937885e-06,2.31991338930809e-05,0.0001749517985548729,0.0041704999220242844,0.03938855045299956
22.642255000000002,1.0156569041254801e-06,6.057128709016709e-06,2.2996762615719697e-05,0.00017356618777319743,0.004145856696877236,0.03947425943941976
22.660588000000004,1.0059822453091707e-06,6.0018597372166296e-06,2.2796149196266086e-05,0.00017219138164103906,0.004121348279455636,0.03955979183951175
22.678921000000003,9.96400068719472e-07,5.947095073545145e-06,2.2597278442883446e-05,0.00017082729754038574,0.004096974018372673,0.03964514628741705
22.697254000000004,9.869094866813293e-07,5.892830116384359e-06,2.2400135294215785e-05,0.0001694738534690602,0.004072733264690558,0.03973032142160076
22.715587000000003,9.77509620080504e-07,5.839060306104412e-06,2.2204704818275618e-05,0.00016813096803628658,0.0040486253719173235,0.03981531588488741
22.733920000000005,9.681995982805158e-07,5.785781124680275e-06,2.2010972211341398e-05,0.00016679856045828607,0.004024649696003583,0.03990012832449578
22.752253000000003,9.589785590404622e-07,5.732988095312201e-06,2.1818922796864035e-05,0.00016547655055390613,0.00400080559533921,0.039984757392074334
22.770586000000005,9.498456484335827e-07,5.680676782049479e-06,2.1628542024382704e-05,0.00016416485874027332,0.003977092430749988,0.04006920174373676
22.788919000000003,9.408000207666673e-07,5.628842789417784e-06,2.1439815468449917e-05,0.00016286340602848402,0.003953509565494183,0.04015346004009584
22.807252000000005,9.318408385002055e-07,5.577481762049766e-06,2.1252728827565485e-05,0.00016157211401931693,0.003930056365259041,0.04023753094629882
22.825585000000004,9.229672721693559e-07,5.526589384319168e-06,2.106726792311977e-05,0.00016029090489898135,0.0039067321981573165,0.04032141313206089
22.843918000000002,9.141785003056574e-07,5.476161379978134e-06,2.0883418698345397e-05,0.00015901970143488992,0.0038835364347236333,0.040405105271700395
22.862251000000004,9.054737093595151e-07,5.426193511797927e-06,2.0701167217278317e-05,0.0001577584269714626,0.003860468447910844,0.04048860604417099
22.880584000000002,8.968520936234566e-07,5.376681581212922e-06,2.0520499663727352e-05,0.00015650700542596207,0.003837527613086404,0.04057191413309705
22.898917000000004,8.883128551560994e-07,5.327621427967753e-06,2.0341402340252532e-05,0.00015526536128434952,0.0038147133080285237,0.04065502822680535
22.917250000000003,8.798552037069072e-07,5.279008929767828e-06,2.0163861667152103e-05,0.00015403341959718074,0.0037920249129224904,0.04073794701836003
22.935583000000005,8.714783566416372e-07,5.230840001932865e-06,1.9987864181457904e-05,0.00015281110597551833,0.003769461810356726,0.040820669205593296
22.953916000000003,8.63181538868553e-07,5.183110597053762e-06,1.9813396535939543e-05,0.0001515983465868823,0.0037470233853189546,0.04090319349114077
22.972249000000005,8.549639827653195e-07,5.135816704652429e-06,1.9640445498116643e-05,0.00015039506815122145,0.003724709025192219,0.04098551858247033
22.990582000000003,8.468249281066427e-07,5.088954350844887e-06,1.9468997949279912e-05,0.00014920119793691706,0.0037025181197509367,0.04106764319191786
23.008915000000005,8.387636219925953e-07,5.042519598007285e-06,1.929904088351975e-05,0.00014801666375681034,0.003680450061156807,0.04114956603671739
23.027248000000004,8.307793187776517e-07,4.996508544445109e-06,1.913056140676401e-05,0.00014684139396426135,0.003658504243954773,0.04123128583903179
23.045581000000002,8.228712800004053e-07,4.950917324065285e-06,1.896354673582303e-05,0.00014567531744923165,0.003636680065068856,0.04131280132598706
23.063914000000004,8.150387743139836e-07,4.905742106051351e-06,1.8797984197443134e-05,0.0001445183636343957,0.003614976923797987,0.04139411122970025
23.082247000000002,8.07281077417133e-07,4.860979094541599e-06,1.8633861227368398e-05,0.00014337046247128008,0.003593394221811815,0.041475214287313905
23.100580000000004,7.995974719859708e-07,4.816624528310066e-06,1.847116536940969e-05,0.00014223154443642594,0.0035719313631463797,0.04155610924102236
23.118913000000003,7.919872476064197e-07,4.772674680450567e-06,1.8309884274522286e-05,0.00014110154052758285,0.0035505877541998658,0.04163679483810689
23.137246000000005,7.844497007072783e-07,4.729125858063467e-06,1.8150005699890667e-05,0.00013998038225992426,0.003529362803728207,0.04171726983096299
23.155579000000003,7.769841344939654e-07,4.685974401945454e-06,1.7991517508021666e-05,0.00013886800166229297,0.0035082559228407097,0.041797532977130104
23.173912000000005,7.695898588828942e-07,4.643216686282011e-06,1.78344076658446e-05,0.0001377643312734696,0.0034872665249956166,0.04187758303932437
23.192245000000003,7.622661904364934e-07,4.600849118342813e-06,1.7678664243819832e-05,0.00013666930413846977,0.0034663940259956256,0.04195741878546366
23.210578000000005,7.550124522988599e-07,4.5588681381797894e-06,1.7524275415053994e-05,0.00013558285380486438,0.00344563784398336,0.04203703898870052
23.228911000000004,7.47827974132042e-07,4.517270218328059e-06,1.7371229454423503e-05,0.00013450491431912743,0.003424997399436857,0.042116442427450905
23.247244000000006,7.407120920529287e-07,4.47605186350947e-06,1.7219514737704916e-05,0.00013343542022300738,0.003404472115164895,0.04219562788541828
23.265577000000004,7.336641485707825e-07,4.435209610338972e-06,1.7069119740712976e-05,0.00013237430654992598,0.003384061416302445,0.04227459415162941
23.283910000000002,7.266834925253453e-07,4.394740027033549e-06,1.6920033038445786e-05,0.0001313215088213995,0.0033637647303059294,0.04235334002045612
23.302243000000004,7.197694790255731e-07,4.354639713123887e-06,1.6772243304237307e-05,0.00013027696304348697,0.0033435814869485405,0.04243186429164738
23.320576000000003,7.12921469388965e-07,4.314905299168669e-06,1.6625739308917045e-05,0.00012924060570326245,0.003323511118315515,0.042510165770354505
23.338909000000005,7.061388310814646e-07,4.275533446471406e-06,1.6480509919976688e-05,0.000128212373765311,0.003303553058799308,0.04258824326716062
23.357242000000003,6.994209376579708e-07,4.236520846799962e-06,1.6336544100744133e-05,0.00012719220466825105,0.0032837067450948053,0.04266609559810569
23.375575000000005,6.92767168703405e-07,4.197864222108517e-06,1.6193830909564114e-05,0.00012618003632127806,0.003263971616194461,0.042743721584715275
23.393908000000003,6.861769097743774e-07,4.159560324262189e-06,1.6052359498986107e-05,0.0001251758071007357,0.0032443471133834184,0.04282112005402744
23.412241000000005,6.796495523413933e-07,4.121605934764051e-06,1.5912119114958815e-05,0.00012417945584670758,0.0032248326802345765,0.042898289838616814
23.430574000000004,6.731844937316464e-07,4.083997864484749e-06,1.5773099096031883e-05,0.00012319092185963593,0.003205427762603654,0.04297522977662347
23.448907000000005,6.667811370723517e-07,4.046732953394485e-06,1.56352888725638e-05,0.00012221014489696122,0.003186131808624181,0.04305193871177769
23.467240000000004,6.604388912346415e-07,4.009808070297544e-06,1.5498677965937232e-05,0.00012123706516978705,0.0031669442687025087,0.04312841549342476
23.485573000000002,6.541571707780019e-07,3.973220112569147e-06,1.536325598778021e-05,0.00012027162333956653,0.003147864595512724,0.04320465897655227
23.503906000000004,6.479353958952455e-07,3.936966005894775e-06,1.522901263919464e-05,0.00011931376051481435,0.0031288922439916067,0.04328066802181413
23.522239000000003,6.417729923580369e-07,3.901042704011868e-06,1.5095937709990938e-05,0.00011836341824783985,0.003110026671333496,0.04335644149555524
23.540572000000004,6.356693914629236e-07,3.865447188453815e-06,1.4964021077929166e-05,0.00011742053853150294,0.0030912673369851607,0.04343197826983783
23.558905000000003,6.296240299779156e-07,3.830176468296377e-06,1.4833252707966866e-05,0.00011648506379599478,0.003072613702640616,0.04350727722246285
23.577238000000005,6.236363500895631e-07,3.7952275799063256e-06,1.4703622651512958e-05,0.00011555693690563726,0.003054065232235939,0.043582337236997656
23.595571000000003,6.177057993505734e-07,3.760597586692472e-06,1.4575121045688194e-05,0.0001146361011557102,0.0030356213919440463,0.04365715720279728
23.613904000000005,6.118318306279096e-07,3.7262835788588666e-06,1.4447738112591722e-05,0.00011372250026929415,0.003017281650169413,0.0437317360150288
23.632237000000003,6.060139020514236e-07,3.6922826731603572e-06,1.432146415857402e-05,0.00011281607839414248,0.0029990454775428183,0.04380607257469492
23.650570000000005,6.002514769629589e-07,3.6585920126602684e-06,1.4196289573515852e-05,0.00011191678009956886,0.002980912346916022,0.04388016578865698
23.668903000000004,5.945440238659774e-07,3.6252087664904006e-06,1.4072204830113498e-05,0.00011102455037336263,0.0029628817333564564,0.0439540145696586
23.687236000000002,5.888910163756501e-07,3.592130129613119e-06,1.3949200483169877e-05,0.00011013933461871979,0.002944953114141822,0.04402761783634638
23.705569000000004,5.832919331694508e-07,3.5593533225856797e-06,1.3827267168891814e-05,0.00010926107865119978,0.0029271259687547375,0.04410097451329368
23.723902000000002,5.777462579382287e-07,3.526875591326704e-06,1.3706395604193248e-05,0.00010838972869570394,0.0029093997788773255,0.044174083531023305
23.742235000000004,5.72253479337741e-07,3.4946942068847235e-06,1.3586576586004287e-05,0.00010752523138347054,0.002891774028385757,0.04424694382602677
23.760568000000003,5.668130909406814e-07,3.4628064652089268e-06,1.3467800990586233e-05,0.00010666753374909736,0.0028742482033448317,0.044319554340788665
23.778901000000005,5.614245911891499e-07,3.4312096869219035e-06,1.335005977285229e-05,0.00010581658322757908,0.0028568217920024626,0.04439191402380638
23.797234000000003,5.560874833476094e-07,3.399901217094556e-06,1.3233343965694157e-05,0.00010497232765137063,0.002839494284784188,0.044464021829611455
23.815567000000005,5.508012754562715e-07,3.3688784250229707e-06,1.3117644679314313e-05,0.00010413471524746773,0.0028222651742876494,0.044535876718790744
23.833900000000003,5.455654802849681e-07,3.33813870400742e-06,1.300295310056389e-05,0.00010330369463451005,0.0028051339552770433,0.04460747765800598
23.852233000000005,5.403796152874363e-07,3.3076794711332864e-06,1.2889260492286294e-05,0.00010247921481990254,0.002788100124677537,0.044678823620015094
23.870566000000004,5.352432025560814e-07,3.2774981670540786e-06,1.2776558192666311e-05,0.0001016612251969607,0.002771163181569705,0.04474991358369255
23.888899000000006,5.301557687771509e-07,3.2475922557763353e-06,1.2664837614584705e-05,0.00010084967554207181,0.002754322627183894,0.044820746534046364
23.907232000000004,5.251168451863654e-07,3.2179592244465844e-06,1.255409024497852e-05,0.00010004451601187947,0.002737577964894623,0.04489132146224151
23.925565000000002,5.20125967524966e-07,3.1885965831401592e-06,1.2444307644206462e-05,9.924569714048622e-05,0.002720928700214901,0.04496163736561601
23.943898000000004,5.151826759961964e-07,3.1595018646519972e-06,1.2335481445419982e-05,9.845316983667614e-05,0.002704374340790579,0.04503169324770139
23.962231000000003,5.102865152222095e-07,3.130672624289353e-06,1.222760335393961e-05,9.766688538115854e-05,0.0026879143963946753,0.04510148811824117
23.980564000000005,5.05437034201382e-07,3.102106439666339e-06,1.2120665146636441e-05,9.688679542382817e-05,0.002671548378921637,0.04517102099320913
23.998897000000003,5.006337862660591e-07,3.0738009105004307e-06,1.2014658671319165e-05,9.611285198104854e-05,0.002655275802381652,0.04524029089482741
24.017230000000005,4.958763290406923e-07,3.045753658410738e-06,1.1909575846125982e-05,9.534500743295095e-05,0.0026390961828948773,0.04530929685158424
24.035563000000003,4.911642244004022e-07,3.0179623267182027e-06,1.1805408658921992e-05,9.458321452075515e-05,0.0026230090386857165,0.045378037898251865
24.053896000000005,4.864970384299249e-07,2.9904245802475373e-06,1.170214916670144e-05,9.382742634410762e-05,0.0026070138900770178,0.045446513075905116
24.072229000000004,4.818743413829777e-07,2.9631381051310518e-06,1.1599789494995224e-05,9.307759635843977e-05,0.0025911102594843053,0.045514721431935565
24.090562000000006,4.772957076419955e-07,2.936100608614189e-06,1.1498321837283373e-05,9.233367837234296e-05,0.0025752976714099683,0.04558266202007254
24.108895000000004,4.727607156782823e-07,2.9093098188629166e-06,1.1397738454412571e-05,9.159562654496494e-05,0.0025595756524374354,0.04565033390039519
24.127228000000002,4.6826894801253063e-07,2.8827634847727992e-06,1.1298031674018491e-05,9.086339538342198e-05,0.0025439437312253423,0.04571773613935202
24.145561000000004,4.638199911757357e-07,2.8564593757798647e-06,1.119919388995318e-05,9.013693974023073e-05,0.002528401438501684,0.04578486780977633
24.163894000000003,4.594134356704844e-07,2.8303952816731957e-06,1.1101217561717403e-05,8.941621481075931e-05,0.002512948307057977,0.04585172799090142
24.182227000000005,4.550488759326196e-07,2.8045690124091784e-06,1.100409521389745e-05,8.870117613069385e-05,0.002497583871743322,0.04591831576837615
24.200560000000003,4.5072591029328177e-07,2.7789783979275268e-06,1.0907819435607187e-05,8.79917795735259e-05,0.002482307669458584,0.04598463023428097
24.218893000000005,4.4644414094130883e-07,2.7536212879689007e-06,1.0812382879934491e-05,8.72879813480551e-05,0.002467119239150444,0.04605067048714365
24.237226000000003,4.422031738860153e-07,2.72849555189427e-06,1.0717778263392636e-05,8.65897379959117e-05,0.0024520181218054956,0.04611643563195121
24.255559000000005,4.3800261892031464e-07,2.703599078505847e-06,1.0623998365376213e-05,8.589700638909538e-05,0.002437003860444331,0.04618192478016749
24.273892000000004,4.3384208958422126e-07,2.678929775869732e-06,1.0531036027621717e-05,8.52097437275328e-05,0.0024220760001155838,0.04624713704974585
24.292225000000006,4.2972120312868425e-07,2.6544855711401e-06,1.0438884153672695e-05,8.45279075366507e-05,0.0024072340878899872,0.04631207156514396
24.310558000000004,4.2563958047979e-07,2.630264410385065e-06,1.03475357083496e-05,8.385145566496802e-05,0.0023924776728544194,0.046376727457336425
24.328891000000002,4.215968462033007e-07,2.6062642584140666e-06,1.0256983717223868e-05,8.318034628170483e-05,0.0023778063061059224,0.046441103863829984
24.347224000000004,4.175926284695424e-07,2.582483098606877e-06,1.0167221266096729e-05,8.251453787440696e-05,0.0023632195407457166,0.0465051999286753
24.365557000000003,4.136265590186345e-07,2.558918932744166e-06,1.0078241500482415e-05,8.185398924658994e-05,0.0023487169318732307,0.04656901480248014
24.383890000000005,4.0969827312605015e-07,2.535569780839569e-06,9.990037625095565e-06,8.119865951539723e-05,0.0023342980365800717,0.046632547642423874
24.402223000000003,4.058074095685193e-07,2.5124336809733536e-06,9.902602903343335e-06,8.05485081092773e-05,0.0023199624139440458,0.046695797612267234
24.420556000000005,4.0195361059025336e-07,2.4895086891275345e-06,9.815930656821468e-06,7.990349476567526e-05,0.0023057096250231036,0.04675876388236602
24.438889000000003,3.981365218695079e-07,2.4667928790225594e-06,9.730014264814981e-06,7.926357952874328e-05,0.0022915392328493526,0.0468214456296833
24.457222000000005,3.943557924854592e-07,2.44428434195542e-06,9.644847163802797e-06,7.862872274706523e-05,0.0022774508024229778,0.04688384203780069
24.475555000000004,3.906110748854096e-07,2.4219811866393074e-06,9.560422846966953e-06,7.799888507139887e-05,0.002263443900706239,0.04694595229692905
24.493888000000005,3.8690202485230534e-07,2.39988153904466e-06,9.476734863705585e-06,7.737402745243335e-05,0.002249518096617392,0.047007775603921616
24.512221000000004,3.8322830147257684e-07,2.3779835422417328e-06,9.393776819150423e-06,7.67541111385642e-05,0.0022356729610246468,0.047069311162283224
24.530554000000006,3.7958956710427875e-07,2.356285356244535e-06,9.311542373688146e-06,7.613909767368178e-05,0.002221908066740081,0.047130558182180614
24.548887000000004,3.7598548734555483e-07,2.3347851578562566e-06,9.230025242485973e-06,7.55289488949785e-05,0.0022082229885136044,0.04719151588045652
24.567220000000002,3.724157310033927e-07,2.3134811405160465e-06,9.149219195021163e-06,7.49236269307694e-05,0.0021946173030268435,0.04725218348063413
24.585553000000004,3.6887997006268976e-07,2.2923715141472263e-06,9.069118054614675e-06,7.432309419832874e-05,0.002181090588887074,0.04731256021293173
24.603886000000003,3.653778796556235e-07,2.2714545050068917e-06,8.989715697968681e-06,7.372731340174402e-05,0.0021676424266211403,0.047372645314270025
24.622219000000005,3.619091380313049e-07,2.250728355536845e-06,8.911006054708033e-06,7.313624752978242e-05,0.0021542723986693437,0.04743243802828258
24.640552000000003,3.584734265257422e-07,2.2301913242159482e-06,8.832983106925721e-06,7.254985985377501e-05,0.0021409800893793596,0.04749193760532472
24.658885000000005,3.550704295320784e-07,2.209841685413757e-06,8.755640888732131e-06,7.196811392551443e-05,0.0021277650850001144,0.047551143302481495
24.677218000000003,3.5169983447113697e-07,2.189677729245558e-06,8.67897348580816e-06,7.13909735751693e-05,0.002114626973675701,0.047610054383578064
24.695551000000005,3.483613317622326e-07,2.1696977614286647e-06,8.60297503496213e-06,7.081840290921149e-05,0.002101565345439239,0.04766867011918754
24.713884000000004,3.4505461479428206e-07,2.1499001031400827e-06,8.52763972369058e-06,7.025036630836035e-05,0.002088579792206784,0.047726989786637565
24.732217000000006,3.4177937989718323e-07,2.1302830908754175e-06,8.452961789742565e-06,6.968682842554058e-05,0.0020756699077711838,0.04778501267002102
24.750550000000004,3.385353263134775e-07,2.110845076309128e-06,8.378935520688032e-06,6.912775418385513e-05,0.002062835287795982,0.047842738060200785
24.768883000000002,3.3532215617028406e-07,2.091584426155999e-06,8.30555525348949e-06,6.857310877457216e-05,0.0020500755298092656,0.0479001652548193
24.787216000000004,3.3213957445150694e-07,2.072499522033916e-06,8.232815374077591e-06,6.80228576551273e-05,0.002037390233197556,0.04795729355830556
24.805549000000003,3.2898728897031377e-07,2.053588760327889e-06,8.160710316930295e-06,6.747696654713992e-05,0.0020247789991996667,0.048014122281880504
24.823882000000005,3.258650103418744e-07,2.034850552055285e-06,8.089234564655478e-06,6.693540143444296e-05,0.002012241430900567,0.048070650743563835
24.842215000000003,3.227724519563713e-07,2.0162833227323416e-06,8.018382647577354e-06,6.639812856112862e-05,0.0019997771332252766,0.0481268782681844
24.860548000000005,3.19709329952265e-07,1.99788551224184e-06,7.948149143326127e-06,6.586511442960599e-05,0.0019873857129326816,0.048182804187380454
24.878881000000003,3.1667536318982433e-07,1.9796555747020474e-06,7.878528676431432e-06,6.533632579867505e-05,0.001975066778609438,0.04823842783960882
24.897214000000005,3.136702732249071e-07,1.961591978336792e-06,7.809515917918978e-06,6.481172968161187e-05,0.0019628199406638075,0.04829374857015122
24.915547000000004,3.106937842829991e-07,1.943693205346786e-06,7.741105584910934e-06,6.429129334427029e-05,0.0019506448113195349,0.04834876573111682
24.933880000000006,3.0774562323350225e-07,1.9259577517820626e-06,7.67329244022936e-06,6.377498430319542e-05,0.001938541004609696,0.04840347868145149
24.952213000000004,3.048255195642733e-07,1.9083841274156348e-06,7.6060712920034054e-06,6.326277032375146e-05,0.0019265081363705648,0.048457886786938555
24.970546000000002,3.019332053564053e-07,1.8909708556182526e-06,7.539436993279563e-06,6.275461941826304e-05,0.0019145458242354715,0.04851198942020654
24.988879000000004,2.990684152592587e-07,1.873716473234342e-06,7.4733844416353705e-06,6.225049984416966e-05,0.0019026536876286528,0.04856578596073187
25.007212000000003,2.9623088646573163e-07,1.8566195304590703e-06,7.407908578796476e-06,6.175038010219417e-05,0.001890831347759136,0.048619275794845124
25.025545000000005,2.934203586877653e-07,1.839678590716504e-06,7.34300439025682e-06,6.12542289345232e-05,0.0018790784276145694,0.048672458315731915
25.043878000000003,2.906365741320965e-07,1.8228922305389263e-06,7.278666904902191e-06,6.076201532300271e-05,0.001867394551955115,0.0487253329234397
25.062211000000005,2.8787927747623255e-07,1.8062590394472026e-06,7.2148911946368995e-06,6.027370848734404e-05,0.0018557793473072846,0.048777899024879605
25.080544000000003,2.8514821584467054e-07,1.7897776198322918e-06,7.151672374013749e-06,5.9789277883345505e-05,0.0018442324419578268,0.048830156033829994
25.098877000000005,2.8244313878533515e-07,1.7734465868377853e-06,7.089005599867054e-06,5.930869320112483e-05,0.0018327534659475751,0.04888210337093925
25.117210000000004,2.7976379824625707e-07,1.7572645682435695e-06,7.026886070948875e-06,5.88319243633659e-05,0.0018213420510653359,0.04893374046372958
25.135543000000006,2.771099485524649e-07,1.7412302043505e-06,6.9653090275682726e-06,5.8358941523576794e-05,0.0018099978308417338,0.04898506674659863
25.153876000000004,2.7448134638311016e-07,1.7253421478661762e-06,6.904269751233797e-06,5.788971506436194e-05,0.0017987204405431148,0.049036081660822184
25.172209000000006,2.7187775074880536e-07,1.7095990637917115e-06,6.843763564298843e-06,5.742421559570514e-05,0.0017875095171653933,0.04908678465455564
25.190542000000004,2.692989229691914e-07,1.6939996293095825e-06,6.783785829610183e-06,5.696241395326678e-05,0.0017763646994279475,0.04913717518283735
25.208875000000003,2.667446266507103e-07,1.6785425336724587e-06,6.724331950159422e-06,5.6504281196691704e-05,0.00176528562776749,0.04918725270758786
25.227208000000005,2.6421462766460154e-07,1.6632264780930757e-06,6.6653973687374594e-06,5.604978860793091e-05,0.0017542719443319678,0.04923701669761424
25.245541000000003,2.6170869412511037e-07,1.6480501756351116e-06,6.606977567591925e-06,5.559890768957413e-05,0.0017433232929744307,0.04928646662860819
25.263874000000005,2.592265963678998e-07,1.6330123511050332e-06,6.5490680680874895e-06,5.515161016319528e-05,0.001732439319246936,0.04933560198314917
25.282207000000003,2.5676810692868364e-07,1.6181117409449695e-06,6.491664430369117e-06,5.470786796770965e-05,0.0017216196703944376,0.049384422250704246
25.300540000000005,2.543330005220513e-07,1.6033470931265177e-06,6.434762253028191e-06,5.426765325774331e-05,0.0017108639953486915,0.04943292692762862
25.318873000000004,2.519210540205125e-07,1.588717167045565e-06,6.378357172771504e-06,5.383093840201359e-05,0.0017001719447221465,0.04948111551716576
25.337206000000005,2.4953204643373137e-07,1.5742207334180222e-06,6.322444864093021e-06,5.339769598172227e-05,0.0016895431708018702,0.049528987529448225
25.355539000000004,2.47165758887972e-07,1.5598565741765574e-06,6.267021038948563e-06,5.296789878896033e-05,0.001678977327543445,0.04957654248149519
25.373872000000006,2.448219746057333e-07,1.545623482368223e-06,6.212081446433133e-06,5.254151982512304e-05,0.0016684740705648926,0.04962377989721434
25.392205000000004,2.4250047888559115e-07,1.5315202620530644e-06,6.157621872461106e-06,5.2118532299338726e-05,0.0016580330571406036,0.049670699307400965
25.410538000000003,2.4020105908222453e-07,1.5175457282036118e-06,6.103638139449106e-06,5.169890962690701e-05,0.0016476539461952456,0.04971730024973525
25.428871000000004,2.3792350458664137e-07,1.5036987066053152e-06,6.050126106001618e-06,5.128262542774915e-05,0.0016373363982977141,0.04976358226878278
25.447204000000003,2.3566760680659765e-07,1.4899780337578893e-06,5.9970816665992715e-06,5.08696535248706e-05,0.0016270800756550666,0.04980954491599302
25.465537000000005,2.3343315914719581e-07,1.4763825567775311e-06,5.944500751289802e-06,5.045996794283276e-05,0.0016168846421064588,0.049855187749696314
25.483870000000003,2.3121995699168352e-07,1.4629111333000702e-06,5.892379325381658e-06,5.005354290623793e-05,0.0016067497631171092,0.049900510335105126
25.502203000000005,2.2902779768242685e-07,1.449562631384959e-06,5.840713389140182e-06,4.9650352838223605e-05,0.0015966751057722352,0.049945512244307384
25.520536000000003,2.268564805020753e-07,1.4363359294201835e-06,5.78949897748651e-06,4.925037235896923e-05,0.0015866603387710409,0.049990193056269464
25.538869000000005,2.2470580665490278e-07,1.423229916027998e-06,5.738732159698881e-06,4.885357628421231e-05,0.0015767051324206585,0.050034552356829444
25.557202000000004,2.225755792483344e-07,1.4102434899715611e-06,5.688409039116688e-06,4.8459939623777045e-05,0.0015668091586301491,0.050078589738696166
25.575535000000006,2.2046560327464694e-07,1.397375560062385e-06,5.638525752846852e-06,4.8069437580111993e-05,0.001556972090904464,0.050122304801446985
25.593868000000004,2.1837568559285074e-07,1.3846250450686679e-06,5.5890784714729255e-06,4.76820455468399e-05,0.0015471936043384529,0.05016569715152363
25.612201000000002,2.1630563491074118e-07,1.3719908736244238e-06,5.540063398766516e-06,4.729773910731713e-05,0.0015374733756108449,0.050208766402229155
25.630534000000004,2.142552617671278e-07,1.359471984139471e-06,5.4914767714012755e-06,4.691649403320353e-05,0.0015278110829782525,0.05025151217372303
25.648867000000003,2.122243785142363e-07,1.347067324710237e-06,5.443314858669303e-06,4.653828628304427e-05,0.001518206406269201,0.05029393409302164
25.667200000000005,2.102127993002732e-07,1.3347758530313553e-06,5.395573962199973e-06,4.616309200085976e-05,0.001508659026878122,0.05033603179398757
25.685533000000003,2.0822034005216877e-07,1.3225965363081057e-06,5.348250415681201e-06,4.579088751474775e-05,0.0014991686277594013,0.05037780491733226
25.703866000000005,2.062468184584774e-07,1.3105283511696127e-06,5.301340584583034e-06,4.542164933549464e-05,0.0014897348934213967,0.05041925311060694
25.722199000000003,2.042920539524514e-07,1.298570283582876e-06,5.254840865883693e-06,4.505535415519759e-05,0.0014803575099204905,0.0504603760281996
25.740532000000005,2.0235586769527043e-07,1.2867213287675482e-06,5.208747687797866e-06,4.4691978845895685e-05,0.0014710361648551332,0.050501173331330154
25.758865000000004,2.0043808255943966e-07,1.2749804911115254e-06,5.163057509507451e-06,4.4331500458212983e-05,0.0014617705473599142,0.050541644688045936
25.777198000000006,1.9853852311234287e-07,1.2633467840872718e-06,5.117766820894447e-06,4.397389622000892e-05,0.001452560348099611,0.05058178977321538
25.795531000000004,1.966570155999605e-07,1.2518192301689463e-06,5.072872142276269e-06,4.361914353504129e-05,0.0014434052592632773,0.05062160826852206
25.813864000000006,1.9479338793073618e-07,1.240396860750246e-06,5.02837002414326e-06,4.326721998163701e-05,0.001434304974558326,0.05066109986246121
25.832197000000004,1.929474696596081e-07,1.229078716063037e-06,4.984257046898516e-06,4.291810331137363e-05,0.001425259189204624,0.05070026425033225
25.850530000000003,1.911190919721886e-07,1.217863845096694e-06,4.940529820599814e-06,4.257177144777009e-05,0.0014162675999285885,0.05073910113423285
25.868863000000005,1.8930808766909815e-07,1.2067513055181992e-06,4.8971849847038954e-06,4.222820248498739e-05,0.0014073299049573,0.050777610223052445
25.887196000000003,1.8751429115045353e-07,1.1957401635929668e-06,4.854219207812854e-06,4.18873746865387e-05,0.0013984458040126307,0.050815791232466635
25.905529000000005,1.8573753840049826e-07,1.1848294941063726e-06,4.811629187422727e-06,4.154926648400863e-05,0.00138961499830537,0.05085364388492995
25.923862000000003,1.8397766697239148e-07,1.1740183802860283e-06,4.769411649674228e-06,4.1213856475782386e-05,0.00138083719052936,0.050891167909668474
25.942195000000005,1.8223451597313284e-07,1.163305913724733e-06,4.72756334910563e-06,4.088112342578375e-05,0.0013721120848556553,0.050928363042673626
25.960528000000004,1.805079260486439e-07,1.1526911943041607e-06,4.686081068407748e-06,4.055104626222317e-05,0.001363439386926673,0.050965229026694044
25.978861000000006,1.7879773936898284e-07,1.142173330119211e-06,4.644961618181032e-06,4.022360407635345e-05,0.0013548188038503637,0.0510017656112294
25.997194000000004,1.7710379961371087e-07,1.1317514374030833e-06,4.604201836694771e-06,3.989877612123676e-05,0.0013462500441944008,0.05103797255252077
26.015527000000006,1.754259519573934e-07,1.1214246404530008e-06,4.563798589648272e-06,3.957654181051887e-05,0.0013377328179803515,0.051073849613544484
26.033860000000004,1.7376404305524533e-07,1.1111920715566465e-06,4.523748769934225e-06,3.925688071721332e-05,0.0013292668366779,0.05110939656400317
26.052193000000003,1.721179210289113e-07,1.1010528709192385e-06,4.484049297403963e-06,3.893977257249416e-05,0.0013208518131990338,0.0511446131803167
26.070526000000005,1.7048743545238722e-07,1.0910061865912921e-06,4.4446971186347766e-06,3.8625197264497784e-05,0.0013124874618922807,0.05117949924561653
26.088859000000003,1.6887243733807362e-07,1.0810511743970402e-06,4.405689206699334e-06,3.831313483713366e-05,0.001304173498536937,0.05121405454973375
26.107192000000005,1.672727791229656e-07,1.0711869978634872e-06,4.367022560936862e-06,3.800356548890346e-05,0.0012959096403373073,0.05124827888919191
26.125525000000003,1.6568831465497767e-07,1.0614128281501398e-06,4.328694206726485e-06,3.76964695717294e-05,0.0012876956059169593,0.051282172067198005
26.143858000000005,1.6411889917939458e-07,1.0517278439793483e-06,4.290701195262414e-06,3.739182758979027e-05,0.0012795311153129812,0.05131573389363281
26.162191000000004,1.6256438932546143e-07,1.0421312315673137e-06,4.253040603331084e-06,3.7089620198367716e-05,0.0012714158899702717,0.05134896418504179
26.180524000000005,1.610246430930943e-07,1.032622184555693e-06,4.21570953309019e-06,3.678982820269886e-05,0.0012633496527358072,0.05138186276462478
26.198857000000004,1.5949951983972651e-07,1.023199903943862e-06,4.178705111849663e-06,3.649243255683944e-05,0.0012553321278529605,0.051414429462227254
26.217190000000006,1.579888802672763e-07,1.0138635980217614e-06,4.142024491854436e-06,3.619741436253378e-05,0.001247363040955783,0.051446664114329264
26.235523000000004,1.5649258640924392e-07,1.0046124823033903e-06,4.1056648500692014e-06,3.5904754868094065e-05,0.0012394421190633554,0.05147856656403639
26.253856000000003,1.5501050161792978e-07,9.954457794608753e-07,4.069623387964891e-06,3.561443546728751e-05,0.0012315690905740958,0.05151013666106832
26.272189000000004,1.5354249055177898e-07,9.863627192591607e-07,4.033897331307051e-06,3.532643769823156e-05,0.001223743685260109,0.05154137426174875
26.290522000000003,1.5208841916284716e-07,9.77362538491296e-07,3.998483929946049e-06,3.504074324229772e-05,0.0012159656342615515,0.05157227922899464
26.308855000000005,1.506481546843838e-07,9.684444809142928e-07,3.9633804576090275e-06,3.475733392302318e-05,0.0012082346700809886,0.051602851432306605
26.327188000000003,1.4922156561854186e-07,9.596077971855969e-07,3.9285842116936865e-06,3.4476191705030505e-05,0.0012005505265777776,0.0516330907477556
26.345521000000005,1.47808521724198e-07,9.5085174480011e-07,3.894092513063811e-06,3.419729869295518e-05,0.0011929129389624525,0.051662997057972546
26.363854000000003,1.464088940048975e-07,9.42175588027814e-07,3.859902705846592e-06,3.392063713038157e-05,0.0011853216437911383,0.051692570252136985
26.382187000000005,1.4502255469690992e-07,9.335785978519381e-07,3.826012157231604e-06,3.3646189398785923e-05,0.0011777763789599563,0.051721810225966655
26.400520000000004,1.436493772574038e-07,9.250600519077158e-07,3.7924182572716303e-06,3.3373938016488316e-05,0.0011702768836994578,0.051750716881703296
26.418853000000006,1.4228923635273162e-07,9.166192344216751e-07,3.7591184186850784e-06,3.310386563761119e-05,0.0011628228985690594,0.05177929012810224
26.437186000000004,1.409420078468326e-07,9.082554361515081e-07,3.7261100766601698e-06,3.283595505104644e-05,0.0011554141654515032,0.051807529880421935
26.455519000000002,1.3960756878974068e-07,8.99967954326466e-07,3.693390688660792e-06,3.257018917942958e-05,0.0011480504275473123,0.0518354360604077
26.473852000000004,1.3828579740620974e-07,8.917560925883125e-07,3.6609577342339822e-06,3.2306551078121956e-05,0.0011407314293692718,0.05186300859628129
26.492185000000003,1.3697657308444499e-07,8.836191609328179e-07,3.628808714819141e-06,3.204502393420031e-05,0.0011334569167369226,0.05189024742272951
26.510518000000005,1.3567977636494236e-07,8.755564756517693e-07,3.5969411535587837e-06,3.1785591065453636e-05,0.0011262266367710603,0.05191715248089011
26.528851000000003,1.3439528892943847e-07,8.675673592755349e-07,3.565352595111026e-06,3.15282359193879e-05,0.0011190403378882534,0.051943723718337886
26.547184000000005,1.3312299358996315e-07,8.596511405161265e-07,3.534040605463575e-06,3.127294207223769e-05,0.0011118977697953726,0.05196996108907432
26.565517000000003,1.318627742780017e-07,8.518071542108073e-07,3.5030027717494134e-06,3.1019693227985434e-05,0.0011047986834841256,0.05199586455351042
26.583850000000005,1.3061451603375678e-07,8.440347412661885e-07,3.4722367020639894e-06,3.076847321738793e-05,0.0010977428312256233,0.0520214340784568
26.602183000000004,1.293781049955194e-07,8.363332486028615e-07,3.4417400252840286e-06,3.051926599701009e-05,0.0010907299665649385,0.05204666963710913
26.620516000000006,1.2815342838913643e-07,8.287020291005102e-07,3.411510390887861e-06,3.0272055648265534e-05,0.0010837598443156874,0.05207157120903204
26.638849000000004,1.269403745175839e-07,8.211404415435485e-07,3.381545468777367e-06,3.002682637646481e-05,0.0010768322205546364,0.05209613878014905
26.657182000000006,1.2573883275063836e-07,8.136478505672305e-07,3.351842949101332e-06,2.9783562509870317e-05,0.001069946852616288,0.05212037234272507
26.675515000000004,1.2454869351464982e-07,8.06223626604275e-07,3.3224005420804438e-06,2.9542248498758354e-05,0.0010631034990875225,0.05214427189535418
26.693848000000003,1.2336984828241e-07,7.988671458319563e-07,3.2932159778337137e-06,2.930286891448819e-05,0.0010563019198022202,0.052167837442944044
26.712181000000005,1.222021895631213e-07,7.915777901196911e-07,3.26428700620641e-06,2.9065408448577905e-05,0.0010495418758359098,0.05219106899670196
26.730514000000003,1.2104561089246157e-07,7.843549469771045e-07,3.2356113965994997e-06,2.882985191178749e-05,0.0010428231295004412,0.0522139665741204
26.748847000000005,1.1990000682274243e-07,7.77198009502555e-07,3.2071869378004973e-06,2.8596184233208013e-05,0.0010361454443386419,0.052236530198960573
26.767180000000003,1.1876527291316589e-07,7.701063763321516e-07,3.179011437815841e-06,2.8364390459358488e-05,0.001029508585119028,0.05225875990124066
26.785513000000005,1.176413057201713e-07,7.630794515892113e-07,3.151082723704624e-06,2.813445575328857e-05,0.0010229123178304815,0.05228065571721612
26.803846000000004,1.1652800278787826e-07,7.56116644834203e-07,3.1233986414138553e-06,2.790636539368876e-05,0.001016356409676994,0.05230221768936836
26.822179000000006,1.1542526263861853e-07,7.492173710151237e-07,3.0959570556150355e-06,2.768010477400652e-05,0.0010098406290723744,0.05232344586638699
26.840512000000004,1.1433298476356275e-07,7.423810504183506e-07,3.0687558495422226e-06,2.7455659401569464e-05,0.0010033647456350024,0.05234434030315416
26.858845000000006,1.1325106961343325e-07,7.356071086199195e-07,3.041792924831417e-06,2.7233014896714557e-05,0.000996928530182586,0.052364901060730586
26.877178000000004,1.1217941858931005e-07,7.288949764372694e-07,3.015066201361405e-06,2.7012156991924785e-05,0.0009905317547269374,0.05238512820633817
26.895511000000003,1.111179340335228e-07,7.222440898814077e-07,2.988573617095898e-06,2.6793071530970812e-05,0.000984174192468749,0.05240502181334424
26.913844000000005,1.1006651922063103e-07,7.156538901095244e-07,2.962313127927065e-06,2.657574446806042e-05,0.000977855617792399,0.05242458196124387
26.932177000000003,1.0902507834849187e-07,7.091238233780393e-07,2.936282707520452e-06,2.6360161866993372e-05,0.0009715758062607737,0.052443808735647614
26.950510000000005,1.0799351652941325e-07,7.026533409960647e-07,2.910480347161116e-06,2.61463099003231e-05,0.0009653345346100796,0.0524627022282606
26.968843000000003,1.0697173978139207e-07,6.962418992793111e-07,2.884904055601223e-06,2.5934174848524236e-05,0.0009591315807446993,0.05248126253686773
26.987176000000005,1.0595965501943752e-07,6.898889595043944e-07,2.8595518589088458e-06,2.5723743099166718e-05,0.0009529667237320406,0.05249948976531733
27.005509000000004,1.0495717004697623e-07,6.835939878635792e-07,2.8344218003181496e-06,2.551500114609599e-05,0.0009468397437974145,0.05251738402350317
27.023842000000005,1.0396419354734177e-07,6.773564554199159e-07,2.8095119400807816e-06,2.5307935588618873e-05,0.0009407504223189143,0.05253494542734897
27.042175000000004,1.0298063507534563e-07,6.71175838062806e-07,2.784820355318634e-06,2.5102533130696282e-05,0.0009346985418223226,0.05255217409878898
27.060508000000006,1.0200640504892847e-07,6.650516164639536e-07,2.7603451398777663e-06,2.489878058014117e-05,0.0009286838859760147,0.05256907016575267
27.078841000000004,1.0104141474089287e-07,6.589832760337396e-07,2.736084404183697e-06,2.4696664847823397e-05,0.0009227062395859011,0.05258563376214544
27.097174000000003,1.0008557627071525e-07,6.529703068779729e-07,2.7120362750978387e-06,2.4496172946879363e-05,0.0009167653885903611,0.05260186502783449
27.115507000000004,9.913880259643441e-08,6.470122037550518e-07,2.688198895775245e-06,2.4297291991928616e-05,0.0009108611200552034,0.05261776410862562
27.133840000000003,9.820100750662406e-08,6.411084660335129e-07,2.664570425523537e-06,2.4100009198295882e-05,0.000904993222168642,0.052633331156250684
27.152173000000005,9.727210561243381e-08,6.352585976499581e-07,2.6411490396630736e-06,2.3904311881238595e-05,0.0008991614842362776,0.052648566328346774
27.170506000000003,9.635201233971488e-08,6.294621070673819e-07,2.617932929388297e-06,2.3710187455180825e-05,0.0008933656966761031,0.05266346978843821
27.188839000000005,9.544064392121672e-08,6.237185072338606e-07,2.5949203016302927e-06,2.3517623432952485e-05,0.0008876056510135193,0.0526780417059192
27.207172000000003,9.453791738886037e-08,6.180273155416363e-07,2.572109378920523e-06,2.3326607425034615e-05,0.0008818811398763665,0.05269228225603526
27.225505000000005,9.364375056608601e-08,6.123880537865571e-07,2.549498399255731e-06,2.3137127138809635e-05,0.000876191956989968,0.0527061916198645
27.243838000000004,9.275806206027364e-08,6.068002481279049e-07,2.527085615964043e-06,2.2949170377818184e-05,0.0008705378971721962,0.05271976998429917
27.262171000000006,9.188077125523656e-08,6.012634290485714e-07,2.504869297572142e-06,2.2762725041020576e-05,0.0008649187563285381,0.05273301754202676
27.280504000000004,9.101179830378848e-08,5.957771313156158e-07,2.4828477276736955e-06,2.2577779122064412e-05,0.0008593343314471984,0.052745934491510896
27.298837000000006,9.015106412038017e-08,5.903408939411652e-07,2.46101920479881e-06,2.2394320708557448e-05,0.0008537844205941936,0.05275852103697337
27.317170000000004,8.92984903738083e-08,5.849542601436875e-07,2.4393820422846918e-06,2.2212337981346035e-05,0.00084826882290848,0.0527707773883741
27.335503000000003,8.845399947999332e-08,5.796167773096039e-07,2.4179345681473602e-06,2.2031819213798634e-05,0.0008427873385970806,0.05278270376139249
27.353836000000005,8.761751459482741e-08,5.743279969552603e-07,2.3966751249545136e-06,2.185275277109513e-05,0.0008373397689302423,0.052794300377407954
27.372169000000003,8.678895960709124e-08,5.690874746892471e-07,2.375602069699477e-06,2.1675127109521274e-05,0.0008319259162365975,0.052805567463479586
27.390502000000005,8.596825913143849e-08,5.638947701750509e-07,2.354713773676192e-06,2.1498930775768434e-05,0.0008265455838983401,0.052816505252327964
27.408835000000003,8.515533850144902e-08,5.587494470940641e-07,2.3340086223553635e-06,2.132415240623854e-05,0.0008211985763464306,0.052827113982316466
27.427168000000005,8.43501237627451e-08,5.536510731089147e-07,2.3134850152616103e-06,2.1150780726354228e-05,0.0008158846990557925,0.052837393897427615
27.445501000000004,8.355254166618e-08,5.485992198271472e-07,2.293141365851685e-06,2.097880454987465e-05,0.0008106037585405483,0.052847345247246456
27.463834000000006,8.2762519661085e-08,5.435934627652183e-07,2.2729761013937764e-06,2.0808212778215313e-05,0.0008053555623492501,0.05285696828694121
27.482167000000004,8.197998588858762e-08,5.386333813128383e-07,2.2529876628478167e-06,2.0638994399774442e-05,0.0008001399190601412,0.05286626327723854
27.500500000000006,8.12048691749899e-08,5.337185586976204e-07,2.233174504746808e-06,2.0471138489263227e-05,0.0007949566382764229,0.052875230484410396
27.518833000000004,8.043709902521126e-08,5.288485819500698e-07,2.213535095079252e-06,2.0304634207041732e-05,0.0007898055306215395,0.052883870180245714
27.537166000000003,7.967660561629624e-08,5.240230418688768e-07,2.1940679151724793e-06,2.0139470798459518e-05,0.0007846864077344801,0.05289218264203819
27.555499000000005,7.892331979098109e-08,5.192415329865363e-07,2.174771459577068e-06,1.9975637593201466e-05,0.0007795990822650889,0.05290016815255817
27.573832000000003,7.817717305132718e-08,5.145036535352812e-07,2.155644235952231e-06,1.981312400463837e-05,0.0007745433678694019,0.05290782700003723
27.592165000000005,7.743809755240935e-08,5.098090054133173e-07,2.1366847649521828e-06,1.965191952918226e-05,0.0007695190792049876,0.05291515947814698
27.610498000000003,7.670602609607081e-08,5.051571941513796e-07,2.1178915801135092e-06,1.949201374564699e-05,0.0007645260319263113,0.05292216588597409
27.628831000000005,7.598089212473287e-08,5.005478288795804e-07,2.099263227743483e-06,1.9333396314613074e-05,0.0007595640426801057,0.0529288465280046
27.647164000000004,7.526262971527024e-08,4.959805222945726e-07,2.080798266809351e-06,1.9176056977797952e-05,0.000754632929100766,0.0529352017140998
27.665497000000006,7.455117357293746e-08,4.914548906270003e-07,2.0624952688285832e-06,1.9019985557430485e-05,0.0007497325098057542,0.05294123175947626
27.683830000000004,7.38464590253614e-08,4.869705536092586e-07,2.0443528177600737e-06,1.8865171955630287e-05,0.0007448626043910216,0.05294693698468347
27.702163000000006,7.314842201658534e-08,4.82527134443535e-07,2.0263695098962426e-06,1.8711606153791946e-05,0.000740023033426444,0.05295231771558473
27.720496000000004,7.245699910117473e-08,4.781242597701557e-07,2.008543953756121e-06,1.855927821197358e-05,0.0007352136184512739,0.052957374283333566
27.738829000000003,7.177212743837571e-08,4.737615596362081e-07,1.990874769979313e-06,1.8408178268290192e-05,0.0007304341819696055,0.052962107024352924
27.757162000000005,7.109374478633322e-08,4.694386674644573e-07,1.9733605912209086e-06,1.825829653831151e-05,0.0007256845474458601,0.05296651628031475
27.775495000000003,7.04217894963625e-08,4.651552200225477e-07,1.9560000620472712e-06,1.810962331446456e-05,0.0007209645393002808,0.052970602398116094
27.793828000000005,6.97562005072757e-08,4.609108573924758e-07,1.9387918388327403e-06,1.796214896544028e-05,0.0007162739829044454,0.05297436572985962
27.812161000000003,6.909691733976482e-08,4.56705222940355e-07,1.921734589657233e-06,1.7815863935605328e-05,0.0007116127045767974,0.05297780663283066
27.830494000000005,6.84438800908351e-08,4.525379632864427e-07,1.9048269942047095e-06,1.7670758744417415e-05,0.000706980531578181,0.05298092546947417
27.848827000000004,6.779702942829617e-08,4.4840872827545355e-07,1.888067743662529e-06,1.7526823985846048e-05,0.000702377292107408,0.052983722607375085
27.867160000000005,6.715630658530167e-08,4.4431717094713176e-07,1.8714555406216604e-06,1.7384050327796765e-05,0.0006978028152968263,0.05298619841923469
27.885493000000004,6.652165335494621e-08,4.4026294750710353e-07,1.8549890989777768e-06,1.7242428511540388e-05,0.000693256931207912,0.05298835328285039
27.903826000000006,6.589301208490822e-08,4.362457172979835e-07,1.838667143833179e-06,1.710194935114601e-05,0.0006887394708268656,0.052990187581087936
27.922159000000004,6.527032567215074e-08,4.322651427707572e-07,1.8224884113995767e-06,1.6962603732918796e-05,0.000684250266060242,0.05299170170186734
27.940492000000006,6.465353755766732e-08,4.2832088945641207e-07,1.806451648901704e-06,1.682438261484167e-05,0.0006797891497305759,0.05299289603813418
27.958825000000004,6.404259172128263e-08,4.2441262593783977e-07,1.7905556144817902e-06,1.668727702602132e-05,0.0006753559555720371,0.05299377098783832
27.977158000000003,6.343743267649993e-08,4.205400238219835e-07,1.774799077104807e-06,1.6551278066138462e-05,0.0006709505182260918,0.0529943269539133
27.995491000000005,6.283800546540026e-08,4.16702757712247e-07,1.759180816464565e-06,1.641637690490215e-05,0.0006665726732371827,0.052994564344252995
28.013824000000003,6.224425565358911e-08,4.129005051811549e-07,1.743699622890652e-06,1.6282564781508363e-05,0.0006622222570484276,0.05299448357168605
28.032157000000005,6.165612932519191e-08,4.0913294674325596e-07,1.7283542972560845e-06,1.6149833004102427e-05,0.0006578991069973245,0.052994085053958015
28.050490000000003,6.107357307789876e-08,4.053997658282836e-07,1.7131436508858676e-06,1.6018172949245872e-05,0.0006536030613114856,0.052993369213704115
28.068823000000005,6.049653401805392e-08,4.017006487545506e-07,1.6980665054662396e-06,1.5887576061386807e-05,0.0006493339591043663,0.05299233647842831
28.087156000000004,5.992495975579662e-08,3.980352847025972e-07,1.683121692954783e-06,1.575803385233503e-05,0.0006450916403710317,0.052990987280480774
28.105489000000006,5.935879840024318e-08,3.944033656890691e-07,1.6683080554912576e-06,1.5629537900740313e-05,0.0006408759459839234,0.052989322057033814
28.123822000000004,5.879799855472124e-08,3.908045865408446e-07,1.6536244453092365e-06,1.550207985157526e-05,0.0006366867176886463,0.052987341250058155
28.142155000000006,5.824250931204378e-08,3.8723864486938654e-07,1.6390697246484804e-06,1.5375651415621634e-05,0.0006325237980997686,0.05298504530630094
28.160488000000004,5.769228024983425e-08,3.8370524104533975e-07,1.6246427656680927e-06,1.5250244368961066e-05,0.0006283870306966461,0.05298243467726265
28.178821000000003,5.714726142589131e-08,3.8020407817334984e-07,1.610342450360397e-06,1.5125850552468993e-05,0.0006242762598192404,0.05297950981917164
28.197154000000005,5.660740337360203e-08,3.767348620671183e-07,1.596167670465578e-06,1.5002461871313053e-05,0.0006201913306639789,0.05297627119296355
28.215487000000003,5.6072657097397104e-08,3.7329730122468564e-07,1.582117327387068e-06,1.4880070294454854e-05,0.0006161320892796134,0.05297271926425723
28.233820000000005,5.554297406824962e-08,3.698911068039331e-07,1.5681903321076278e-06,1.475866785415567e-05,0.0006120983825630915,0.052968854503327625
28.252153000000003,5.5018306219218124e-08,3.665159925983177e-07,1.5543856051062023e-06,1.4638246645486015e-05,0.0006080900582554591,0.05296467738508768
28.270486000000005,5.4498605941031026e-08,3.6317167501281887e-07,1.5407020762754405e-06,1.4518798825838579e-05,0.0006041069649377573,0.052960188389060296
28.288819000000004,5.3983826077715405e-08,3.598578730401139e-07,1.527138684839974e-06,1.440031661444537e-05,0.0006001489520269551,0.05295538799935751
28.307152000000006,5.347391992226473e-08,3.565743082369616e-07,1.5136943792753739e-06,1.4282792291897902e-05,0.0005962158697718792,0.05295027670465465
28.325485000000004,5.2968841212350884e-08,3.533207047008107e-07,1.5003681172278287e-06,1.4166218199671704e-05,0.0005923075692491742,0.05294485499816747
28.343818000000006,5.246854412607616e-08,3.500967890466123e-07,1.487158865434477e-06,1.4050586739653773e-05,0.0005884239023592628,0.05293912337762889
28.362151000000004,5.1972983277766366e-08,3.4690229038385353e-07,1.4740655996444894e-06,1.3935890373674188e-05,0.0005845647218223341,0.05293308234526412
28.380484000000003,5.148211371380309e-08,3.437369402937913e-07,1.4610873045407738e-06,1.3822121623040853e-05,0.0005807298811743399,0.052926732407765444
28.398817000000005,5.099589090849755e-08,3.4060047280690056e-07,1.4482229736623895e-06,1.3709273068078002e-05,0.0005769192347630075,0.05292007407627214
28.417150000000003,5.051427076000347e-08,3.3749262438052783e-07,1.4354716093276333e-06,1.3597337347668243e-05,0.0005731326377438696,0.05291310786634178
28.435483000000005,5.003720958626803e-08,3.3441313387674255e-07,1.4228322225577635e-06,1.3486307158797835e-05,0.0005693699460763021,0.05290583429792856
28.453816000000003,4.956466412102386e-08,3.313617425403998e-07,1.4103038330014163e-06,1.3376175256105698e-05,0.000565631016519591,0.05289825389535979
28.472149000000005,4.9096591509817224e-08,3.283381939773937e-07,1.3978854688596514e-06,1.3266934451435633e-05,0.0005619157066289945,0.05289036718730888
28.490482000000004,4.86329493060756e-08,3.253422341331182e-07,1.3855761668116594e-06,1.3158577613392204e-05,0.0005582238747518398,0.05288217470677357
28.508815000000006,4.817369546721236e-08,3.223736112711158e-07,1.3733749719410964e-06,1.3051097666899649e-05,0.0005545553800236207,0.052873676991050805
28.527148000000004,4.771878835076961e-08,3.194320759519295e-07,1.3612809376630851e-06,1.294448759276454e-05,0.0005509100823641205,0.052864874581712955
28.545481000000006,4.726818671059678e-08,3.1651738101213947e-07,1.3492931256517947e-06,1.2838740427241308e-05,0.0005472878424735343,0.05285576802458072
28.563814000000004,4.682184969306673e-08,3.1362928154359914e-07,1.3374106057687196e-06,1.2733849261601681e-05,0.0005436885218286307,0.052846357869702716
28.582147000000006,4.637973683332795e-08,3.107675348728525e-07,1.3256324559914954e-06,1.262980724170667e-05,0.0005401119826789003,0.052836644671328245
28.600480000000005,4.594180805159248e-08,3.079319005407478e-07,1.313957762343414e-06,1.2526607567582525e-05,0.0005365580880427435,0.05282662898788235
28.618813000000003,4.5508023649459776e-08,3.0512214028222905e-07,1.302385618823467e-06,1.242424349299939e-05,0.0005330267017036548,0.052816311381944134
28.637146000000005,4.5078344306275e-08,3.0233801800631723e-07,1.2909151273370678e-06,1.2322708325053405e-05,0.0005295176882064336,0.05280569242021836
28.655479000000003,4.46527310755236e-08,2.9957929977627445e-07,1.2795453976273158e-06,1.2221995423752068e-05,0.0005260309128534056,0.05279477267351447
28.673812000000005,4.42311453812589e-08,2.9684575378994347e-07,1.2682755472068898e-06,1.2122098201602493e-05,0.0005225662417006563,0.05278355271671887
28.692145000000004,4.381354901456532e-08,2.941371503602749e-07,1.2571047012905156e-06,1.2023010123203043e-05,0.0005191235415542842,0.05277203312877127
28.710478000000005,4.3399904130053605e-08,2.914532618960232e-07,1.2460319927280166e-06,1.1924724704837978e-05,0.0005157026799666662,0.052760214492642135
28.728811000000004,4.299017324239278e-08,2.8879386288262756e-07,1.235056561937961e-06,1.1827235514075161e-05,0.0005123035252327378,0.05274809739530302
28.747144000000006,4.2584319222871096e-08,2.861587298632589e-07,1.224177556841845e-06,1.1730536169366922e-05,0.0005089259463862858,0.05273568242770693
28.765477000000004,4.2182305295994136e-08,2.835476414200477e-07,1.2133941327989018e-06,1.1634620339653944e-05,0.000505569813196262,0.052722970184758966
28.783810000000006,4.178409503611256e-08,2.8096037815547564e-07,1.2027054525414118e-06,1.1539481743972014e-05,0.0005022349961631025,0.05270996126529478
28.802143000000004,4.138965236408371e-08,2.783967226739443e-07,1.1921106861106272e-06,1.1445114151062143e-05,0.0004989213665150724,0.05269665627205418
28.820476000000003,4.099894154396367e-08,2.75856459563505e-07,1.1816090107932111e-06,1.1351511378983176e-05,0.0004956287962046129,0.05268305581165618
28.838809000000005,4.0611927179733734e-08,2.733393753777605e-07,1.1711996110582503e-06,1.1258667294727715e-05,0.0004923571579047137,0.052669160494574374
28.857142000000003,4.0228574212054763e-08,2.7084525861793115e-07,1.1608816784948057e-06,1.1166575813841001e-05,0.0004891063250052946,0.052654970935112
28.875475000000005,3.984884791505575e-08,2.6837389971508064e-07,1.150654411749997e-06,1.1075230900042259e-05,0.00048587617160959773,0.052640487751375004
28.893808000000003,3.947271389315084e-08,2.6592509101251055e-07,1.1405170164676353e-06,1.0984626564849575e-05,0.0004826665725306078,0.05262571156525155
28.912141000000005,3.910013807788822e-08,2.6349862674830807e-07,1.1304687052273757e-06,1.0894756867207121e-05,0.0004794774032874688,0.05261064300238135
28.930474000000004,3.8731086724828684e-08,2.6109430303806064e-07,1.1205086974844048e-06,1.0805615913115481e-05,0.0004763085401019305,0.05259528269213433
28.948807000000006,3.836552641045401e-08,2.5871191785772085e-07,1.1106362195096377e-06,1.0717197855264715e-05,0.00047315985989479915,0.05257963126758482
28.967140000000004,3.800342402910531e-08,2.563512710266349e-07,1.1008505043304586e-06,1.062949689267035e-05,0.00047003124028240935,0.05256368936548459
28.985473000000006,3.764474678995007e-08,2.540121641907186e-07,1.0911507916719385e-06,1.0542507270311856e-05,0.00046692255957310447,0.05254745762623961
29.003806000000004,3.7289462213979375e-08,2.5169440080579454e-07,1.0815363278985898e-06,1.0456223278774365e-05,0.000463833696763737,0.05253093669388568
29.022139000000003,3.6937538131032114e-08,2.493977861210739e-07,1.0720063659566165e-06,1.0370639253892609e-05,0.0004607645315361785,0.05251412721605994
29.040472000000005,3.658894267684967e-08,2.4712212716279406e-07,1.0625601653166586e-06,1.0285749576397926e-05,0.000457714944253846,0.05249702984397834
29.058805000000003,3.624364429015711e-08,2.448672327180051e-07,1.0531969919170408e-06,1.020154867156796e-05,0.00045468481595824277,0.052479645232409354
29.077138000000005,3.590161170977364e-08,2.4263291331850003e-07,1.0439161181075045e-06,1.0118031008878745e-05,0.0004516740283655129,0.052461974039649605
29.095471000000003,3.556281397174974e-08,2.404189812248983e-07,1.0347168225934421e-06,1.0035191101659892e-05,0.0004486824638630114,0.052444016927497145
29.113804000000005,3.522722040653223e-08,2.382252504108671e-07,1.0255983903805828e-06,9.953023506751939e-06,0.00044571000550588106,0.05242577456122744
29.132137000000004,3.4894800636156576e-08,2.3605153654749437e-07,1.0165601127202028e-06,9.871522824166807e-06,0.0004427565370136588,0.05240724760956742
29.150470000000006,3.456552457146528e-08,2.3389765698779674e-07,1.0076012870547651e-06,9.790683696750428e-06,0.00043982194276687814,0.05238843674466994
29.168803000000004,3.423936240935415e-08,2.31763430751376e-07,9.987212169640585e-07,9.710500809848304e-06,0.0004369061078037009,0.05236934264209151
29.187136000000006,3.391628463004364e-08,2.2964867850920893e-07,9.899192121117942e-07,9.630968890973258e-06,0.00043400891781654916,0.05234996598075973
29.205469000000004,3.359626199437734e-08,2.275532225685824e-07,9.811945881926668e-07,9.552082709476232e-06,0.0004311302591487666,0.05233030744295656
29.223802000000006,3.327926554114554e-08,2.2547688685815932e-07,9.725466668798623e-07,9.473837076219032e-06,0.0004282700187912782,0.052310367714287605
29.242135000000005,3.296526658443539e-08,2.2341949691318751e-07,9.639747757730498e-07,9.396226843250101e-06,0.0004254280843792775,0.052290147483657616
29.260468000000003,3.265423671100483e-08,2.2138087986083747e-07,9.55478248346783e-07,9.319246903482382e-06,0.0004226043441889159,0.05226964744324642
29.278801000000005,3.2346147777683244e-08,2.1936086440567773e-07,9.470564238993819e-07,9.242892190373893e-06,0.000419798687134014,0.052248868288482575
29.297134000000003,3.20409719087966e-08,2.173592808152831e-07,9.387086475022499e-07,9.167157677610749e-06,0.00041701100276278746,0.052227810718018186
29.315467000000005,3.173868149361607e-08,2.1537596090596987e-07,9.304342699496136e-07,9.092038378792329e-06,0.00041424118125457616,0.052206475433704436
29.333800000000004,3.143924918383291e-08,2.1341073802866747e-07,9.222326477087187e-07,9.017529347119352e-06,0.0004114891134166012,0.05218486314056416
29.352133000000006,3.114264789105604e-08,2.1146344705491246e-07,9.141031428704469e-07,8.94362567508378e-06,0.00040875469068072366,0.0521629745467674
29.370466000000004,3.0848850784334165e-08,2.095339243629767e-07,9.060451231003634e-07,8.870322494161687e-06,0.0004060378051002284,0.05214081036360879
29.388799000000006,3.055783128770186e-08,2.0762200782411592e-07,8.980579615901841e-07,8.797614974507882e-06,0.0004033383493466067,0.05211837130547684
29.407132000000004,3.0269563077748316e-08,2.057275367889499e-07,8.901410370096736e-07,8.725498324653452e-06,0.0004006562167063716,0.05209565808983355
29.425465000000006,2.998402008121008e-08,2.0385035207396072e-07,8.822937334589449e-07,8.653967791205182e-06,0.0003979913010778666,0.052072671437185906
29.443798000000005,2.9701176472586603e-08,2.0199029594812038e-07,8.745154404211957e-07,8.583018658547564e-06,0.00039534349696810625,0.05204941207106148
29.462131000000003,2.942100667177862e-08,2.0014721211963483e-07,8.668055527158183e-07,8.51264624854695e-06,0.0003927126994896155,0.05202588071798324
29.480464000000005,2.9143485341748777e-08,1.9832094572281255e-07,8.591634704519555e-07,8.44284592025797e-06,0.0003900988043572924,0.0520020781074448
29.498797000000003,2.8868587386205403e-08,1.9651134330505304e-07,8.515885989824365e-07,8.373613069632437e-06,0.0003875017078852818,0.05197800497188457
29.517130000000005,2.8596287947307453e-08,1.947182528139504e-07,8.440803488581095e-07,8.304943129230069e-06,0.00038492130698385705,0.05195366204665907
29.535463000000004,2.8326562403392373e-08,1.9294152358451983e-07,8.366381357825879e-07,8.236831567931873e-06,0.0003823574991563241,0.051929050070018655
29.553796000000006,2.805938636672485e-08,1.9118100632653535e-07,8.292613805673677e-07,8.169273890655455e-06,0.00037981018249593347,0.05190416978308385
29.572129000000004,2.7794735681267733e-08,1.8943655311198818e-07,8.219495090873522e-07,8.102265638072636e-06,0.00037727925568280523,0.05187902192981692
29.590462000000006,2.753258642047392e-08,1.8770801736265452e-07,8.147019522367508e-07,8.035802386329131e-06,0.00037476461798086996,0.05185360725699871
29.608795000000004,2.7272914885099516e-08,1.8599525383778174e-07,8.075181458853627e-07,7.969879746766602e-06,0.000372266169234822,0.051827926514203156
29.627128000000006,2.701569760103776e-08,1.8429811862188212e-07,8.003975308352413e-07,7.904493365646564e-06,0.0003697838098670835,0.05180198045377118
29.645461000000005,2.6760911317173977e-08,1.8261646911264258e-07,7.933395527777401e-07,7.839638923876655e-06,0.00036731744087478756,0.051775769830785294
29.663794000000003,2.650853300326028e-08,1.8095016400894051e-07,7.863436622509151e-07,7.77531213673892e-06,0.000364866963826768,0.0517492954030457
29.682127000000005,2.6258539847811714e-08,1.7929906329897173e-07,7.794093145973084e-07,7.711508753620095e-06,0.00036243228086056494,0.05172255793104347
29.700460000000003,2.601090925602169e-08,1.7766302824848682e-07,7.725359699221042e-07,7.648224557744233e-06,0.0003600132946794479,0.051695558177937403
29.718793000000005,2.576561884769759e-08,1.7604192138913193e-07,7.657230930516254e-07,7.585455365907012e-06,0.00035760990854944065,0.051668296909525784
29.737126000000004,2.5522646455216168e-08,1.7443560650690032e-07,7.589701534922184e-07,7.5231970282124884e-06,0.00035522202629637435,0.05164077489422368
29.755459000000005,2.5281970121498166e-08,1.7284394863068446e-07,7.522766253894652e-07,7.461445427811537e-06,0.0003528495523029388,0.05161299290303728
29.773792000000004,2.5043568098003046e-08,1.7126681402093755e-07,7.456419874877788e-07,7.400196480642586e-06,0.0003504923915057581,0.05158495170953755
29.792125000000006,2.4807418842741904e-08,1.6970407015843355e-07,7.390657230903222e-07,7.339446135174106e-06,0.00034815044939247086,0.05155665208983611
29.810458000000004,2.4573501018310267e-08,1.6815558573313461e-07,7.325473200192975e-07,7.279190372149287e-06,0.00034582363199883227,0.05152809482256042
29.828791000000006,2.4341793489939144e-08,1.6662123063315536e-07,7.260862705765577e-07,7.219425204332546e-06,0.0003435118459058171,0.05149928068882748
29.847124000000004,2.411227532356499e-08,1.6510087593383256e-07,7.196820715045846e-07,7.160146676258072e-06,0.00034121499823674804,0.051470210472220175
29.865457000000006,2.3884925783917512e-08,1.6359439388688976e-07,7.1333422394778e-07,7.101350863980269e-06,0.00033893299665442757,0.05144088495876101
29.883790000000005,2.365972433262703e-08,1.6210165790970566e-07,7.070422334141171e-07,7.0430338748261544e-06,0.0003366657493582887,0.051411304936887045
29.902123000000003,2.3436650626348546e-08,1.6062254257467586e-07,7.008056097371017e-07,6.9851918471496e-06,0.0003344131650815539,0.05138147119742666
29.920456000000005,2.321568451490439e-08,1.591569235986746e-07,6.946238670380801e-07,6.927820950087588e-06,0.00033217515308840814,0.051351384533571964
29.938789000000003,2.2996806039445032e-08,1.577046778326128e-07,6.884965236888728e-07,6.8709173833182224e-06,0.00032995162317118787,0.051321045740854825
29.957122000000005,2.2779995430626225e-08,1.5626568325108833e-07,6.824231022747135e-07,6.8144773768206934e-06,0.0003277424856475772,0.05129045561712378
29.975455000000004,2.2565233106804997e-08,1.548398189421351e-07,6.764031295575434e-07,6.7584971906371085e-06,0.0003255476513578204,0.0512596149625165
29.993788000000006,2.2352499672251667e-08,1.534269650970611e-07,6.70436136439587e-07,6.702973114636019e-06,0.00032336703166194615,0.0512285245794356
30.012121000000004,2.2141775915380173e-08,1.5202700300038376e-07,6.645216579272755e-07,6.647901468278016e-06,0.0003212005384370027,0.05119718527252449
30.030454000000006,2.193304280699385e-08,1.506398150198525e-07,6.58659233095461e-07,6.593278600382845e-06,0.0003190480840743084,0.05116559784864325
30.048787000000004,2.1726281498549483e-08,1.4926528459656692e-07,6.528484050519547e-07,6.539100888898635e-06,0.000316909581476712,0.05113376311684053
30.067120000000006,2.152147332043653e-08,1.479032962351808e-07,6.470887209023639e-07,6.485364740672633e-06,0.0003147849440558654,0.05110168188833239
30.085453000000005,2.1318599780274027e-08,1.4655373549419954e-07,6.413797317152454e-07,6.432066591223876e-06,0.00031267408572951277,0.05106935497647539
30.103786000000003,2.1117642561222924e-08,1.4521648897636246e-07,6.357209924875481e-07,6.379202904517591e-06,0.0003105769209187871,0.051036783196743686
30.122119000000005,2.0918583520314826e-08,1.4389144431911527e-07,6.301120621103626e-07,6.326770172741241e-06,0.0003084933645455183,0.051003967366701784
30.140452000000003,2.072140468679674e-08,1.425784901851696e-07,6.245525033349733e-07,6.2747649160825356e-06,0.00030642333202956227,0.05097090830598247
30.158785000000005,2.052608826049159e-08,1.412775162531461e-07,6.190418827391916e-07,6.22318368250884e-06,0.0003043667392861297,0.050937606836260016
30.177118000000004,2.033261661017455e-08,1.3998841320830646e-07,6.135797706939982e-07,6.172023047548575e-06,0.00030232350272313917,0.05090406378122812
30.195451000000006,2.0140972271964183e-08,1.387110727333665e-07,6.081657413304539e-07,6.1212796140741434e-06,0.0003002935392385704,0.05087027996657291
30.213784000000004,1.9951137947730214e-08,1.374453874993966e-07,6.027993725069253e-07,6.070950012086599e-06,0.00029827676621784133,0.05083625621994875
30.232117000000006,1.97630965035153e-08,1.361912511568013e-07,5.974802457765664e-07,6.021030898501972e-06,0.00029627310153118916,0.050801993370955624
30.250450000000004,1.95768309679724e-08,1.349485583263854e-07,5.922079463551026e-07,5.97151895693925e-06,0.0002942824635310663,0.050767492251113294
30.268783000000006,1.9392324530817294e-08,1.3371720459049735e-07,5.869820630888869e-07,5.92241089750995e-06,0.00029230477104954714,0.0507327536938362
30.287116000000005,1.9209560541295293e-08,1.3249708648425754e-07,5.818021884232347e-07,5.873703456609464e-06,0.0002903399433957498,0.050697778534410216
30.305449000000003,1.9028522506663075e-08,1.3128810148686286e-07,5.766679183710311e-07,5.825393396709821e-06,0.0002883879003532653,0.05066256760996908
30.323782000000005,1.8849194090684794e-08,1.300901480129732e-07,5.715788524816144e-07,5.77747750615422e-06,0.0002864485621776013,0.050627121759467666
30.342115000000003,1.867155911214269e-08,1.2890312540417628e-07,5.665345938099329e-07,5.729952598953089e-06,0.00028452184959364086,0.0505914418236599
30.360448000000005,1.8495601543361727e-08,1.2772693392052823e-07,5.615347488859551e-07,5.6828155145816975e-06,0.00028260768379310307,0.050555528645073934
30.378781000000004,1.8321305508748572e-08,1.2656147473217477e-07,5.565789276843668e-07,5.636063117779412e-06,0.00028070598643202717,0.05051938306798729
30.397114000000006,1.8148655283344073e-08,1.254066499110452e-07,5.516667435945134e-07,5.589692298350405e-06,0.00027881667962825963,0.050483005938403186
30.415447000000004,1.7977635291390398e-08,1.2426236242262565e-07,5.467978133906144e-07,5.543699970966048e-06,0.00027693968595895915,0.05044639810402686
30.433780000000006,1.7808230104910623e-08,1.2312851611780405e-07,5.419717572022286e-07,5.498083074968681e-06,0.0002750749284581072,0.050409560414240884
30.452113000000004,1.7640424442303304e-08,1.2200501572479293e-07,5.371881984849824e-07,5.452838574177051e-06,0.0002732223306140373,0.0503724937200827
30.470446000000006,1.7474203166949052e-08,1.2089176684112234e-07,5.324467639915515e-07,5.4079634566931035e-06,0.0002713818163669668,0.050335198874216426
30.488779000000005,1.730955128583173e-08,1.1978867592570952e-07,5.277470837428903e-07,5.363454734710493e-06,0.00026955331010655183,0.05029767673091587
30.507112000000003,1.7146453948171592e-08,1.1869565029099747e-07,5.230887909997144e-07,5.319309444324292e-06,0.0002677367366694409,0.050259928146033896
30.525445000000005,1.6984896444072474e-08,1.1761259809516751e-07,5.184715222342314e-07,5.2755246453424445e-06,0.00026593202133685055,0.050221953976982696
30.543778000000003,1.6824864203181383e-08,1.1653942833442291e-07,5.138949171021207e-07,5.232097421098527e-06,0.0002641390898321465,0.05018375508270724
30.562111000000005,1.6666342793360756e-08,1.154760508353408e-07,5.093586184147423e-07,5.189024878266002e-06,0.0002623578683184384,0.050145332323665553
30.580444000000004,1.6509317919373896e-08,1.1442237624729695e-07,5.048622721116104e-07,5.146304146673963e-06,0.00026058828339618474,0.05010668656179984
30.598777000000005,1.6353775421582423e-08,1.1337831603495641e-07,5.004055272330827e-07,5.103932379124179e-06,0.00025883026210081044,0.0500678186605172
30.617110000000004,1.619970127465672e-08,1.1234378247083616e-07,4.959880358933052e-07,5.061906751209771e-06,0.00025708373190033555,0.05002872948466511
30.635443000000006,1.60470815862979e-08,1.1131868862793117e-07,4.916094532533794e-07,5.0202244611350225e-06,0.0002553486206930109,0.04998941990050374
30.653776000000004,1.5895902595972875e-08,1.1030294837241387e-07,4.872694374947711e-07,4.978882729536916e-06,0.0002536248568049746,0.04994989077569009
30.672109000000006,1.574615067366075e-08,1.0929647635639342e-07,4.829676497929478e-07,4.937878799307701e-06,0.00025191236898790845,0.04991014297924822
30.690442000000004,1.5597812318611765e-08,1.0829918801074606e-07,4.787037542912413e-07,4.897209935419205e-06,0.00025021108641671387,0.04987017738154819
30.708775000000006,1.5450874158117477e-08,1.073109995380084e-07,4.744774180749452e-07,4.856873424748149e-06,0.0002485209386871934,0.04982999485428213
30.727108000000005,1.530532294629323e-08,1.0633182790533787e-07,4.70288311145631e-07,4.816866575903136e-06,0.00024684185581374743,0.04978959627044181
30.745441000000003,1.516114556287188e-08,1.0536159083753353e-07,4.661361063956903e-07,4.777186719052812e-06,0.00024517376822708037,0.04974898250429558
30.763774000000005,1.5018329012009235e-08,1.0440020681012439e-07,4.6202047958309583e-07,4.737831205755332e-06,0.00024351660677191385,0.04970815443136318
30.782107000000003,1.4876860421100818e-08,1.0344759504251892e-07,4.5794110930639054e-07,4.698797408789348e-06,0.0002418703027047206,0.04966711292839631
30.800440000000005,1.473672703960979e-08,1.0250367549121716e-07,4.5389767697987915e-07,4.660082721986054e-06,0.00024023478769145612,0.04962585887334976
30.818773000000004,1.4597916237906361e-08,1.0156836884308631e-07,4.498898668090517e-07,4.621684560062793e-06,0.00023860999380531452,0.04958439314536558
30.837106000000006,1.4460415506117942e-08,1.0064159650869442e-07,4.4591736576620444e-07,4.583600358457735e-06,0.000236995853524484,0.04954271662474427
30.855439000000004,1.4324212452990535e-08,9.972328061570823e-08,4.4197986356629057e-07,4.545827573166003e-06,0.0002353922997299196,0.049500830192924554
30.873772000000006,1.4189294804760655e-08,9.881334400234926e-08,4.380770526429651e-07,4.50836368057698e-06,0.0002337992657031263,0.049458734732460326
30.892105000000004,1.4055650404038453e-08,9.791171021091164e-08,4.342086281248495e-07,4.471206177312942e-06,0.00023221668512394918,0.04941643112699734
30.910438000000006,1.3923267208701206e-08,9.701830348133567e-08,4.3037428781199167e-07,4.434352580068911e-06,0.00023064449206837732,0.049373920261249954
30.928771000000005,1.379213329079723e-08,9.613304874484338e-08,4.265737321525441e-07,4.397800425453795e-06,0.0002290826210063593,0.04933120302098178
30.947104000000003,1.366223683546064e-08,9.525587161763059e-08,4.2280666421963197e-07,4.361547269832677e-06,0.0002275310067996232,0.04928828029297661
30.965437000000005,1.3533566139836163e-08,9.43866983946164e-08,4.1907278968843107e-07,4.325590689170461e-06,0.00022598958469951562,0.04924515296502339
30.983770000000003,1.3406109612014391e-08,9.352545604325145e-08,4.1537181681344403e-07,4.289928278876631e-06,0.00022445829034484563,0.04920182192588796
31.002103000000005,1.3279855769976827e-08,9.267207219737933e-08,4.1170345640596606e-07,4.254557653651268e-06,0.0002229370597597386,0.049158288065293626
31.020436000000004,1.3154793240551537e-08,9.182647515115735e-08,4.0806742181176254e-07,4.219476447332266e-06,0.00022142582935150555,0.049114552273896855
31.038769000000006,1.3030910758378352e-08,9.098859385303071e-08,4.044634288889207e-07,4.184682312743709e-06,0.00021992453590851698,0.04907061544326763
31.057102000000004,1.2908197164884021e-08,9.015835789976377e-08,4.0089119598591446e-07,4.150172921545513e-06,0.0002184331165980921,0.04902647846586457
31.075435000000006,1.2786641407267287e-08,8.933569753052233e-08,3.973504439198437e-07,4.115945964084084e-06,0.00021695150896439296,0.04898214223501332
31.093768000000004,1.2666232537493439e-08,8.852054362101337e-08,3.938408959548725e-07,4.08199914924432e-06,0.0002154796509263354,0.048937607644886034
31.112101000000006,1.2546959711298563e-08,8.771282767767614e-08,3.90362277780852e-07,4.048330204302639e-06,0.0002140174807755038,0.04889287559047633
31.130434000000005,1.2428812187203264e-08,8.691248183192825e-08,3.869143174921278e-07,4.014936874781248e-06,0.00021256493717408112,0.04884794696758139
31.148767000000003,1.23117793255359e-08,8.611943883446112e-08,3.8349674556653546e-07,3.981816924303433e-06,0.00021112195915278518,0.04880282267277532
31.167100000000005,1.2195850587464714e-08,8.533363204959055e-08,3.801092948445719e-07,3.948968134450093e-06,0.00020968848610881767,0.04875750360339168
31.185433000000003,1.208101553403991e-08,8.455499544965739e-08,3.767517005087614e-07,3.916388304617349e-06,0.00020826445780382306,0.04871199065749773
31.203766000000005,1.1967263825244108e-08,8.37834636094792e-08,3.734237000631827e-07,3.884075251875249e-06,0.0002068498143618547,0.048666284733875666
31.222099000000004,1.1854585219052416e-08,8.301897170085404e-08,3.701250333131919e-07,3.852026810827595e-06,0.00020544449626735614,0.04862038673199982
31.240432000000006,1.1742969570501075e-08,8.226145548711156e-08,3.668554423453083e-07,3.82024083347284e-06,0.0002040484443631457,0.04857429755201453
31.258765000000004,1.163240683076525e-08,8.15108513177166e-08,3.6361467150728625e-07,3.7887151890661535e-06,0.00020266159984841798,0.048528018094712834
31.277098000000006,1.1522887046245415e-08,8.076709612292043e-08,3.6040246738834965e-07,3.7574477639824138e-06,0.00020128390427674947,0.048481549261516994
31.295431000000004,1.1414400357662766e-08,8.003012740846235e-08,3.5721857879961096e-07,3.72643646158043e-06,0.0001999152995541178,0.04843489195445276
31.313764000000006,1.1306936999162618e-08,7.929988325031695e-08,3.540627567546466e-07,3.6956792020681406e-06,0.0001985557279369287,0.04838804707613247
31.332097000000005,1.1200487297427133e-08,7.857630228949202e-08,3.5093475445025595e-07,3.6651739223688686e-06,0.00019720513203005458,0.048341015529730844
31.350430000000006,1.1095041670795968e-08,7.785932372687233e-08,3.478343272473721e-07,3.6349185759886135e-06,0.00019586345478487906,0.04829379821896545
31.368763000000005,1.0990590628395399e-08,7.7148887318112e-08,3.4476123265215713e-07,3.6049111328844635e-06,0.0001945306394973575,0.048246396048074035
31.387096000000003,1.0887124769275971e-08,7.644493336857084e-08,3.417152302972438e-07,3.5751495793339066e-06,0.00019320662980608063,0.048198809921795135
31.405429000000005,1.0784634781558087e-08,7.574740272829961e-08,3.3869608192315353e-07,3.5456319178052616e-06,0.0001918913696903519,0.04815104074534555
31.423762000000004,1.0683111441585827e-08,7.50562367870696e-08,3.3570355135987003e-07,3.5163561668291202e-06,0.00019058480346827362,0.04810308942440038
31.442095000000005,1.0582545613088942e-08,7.437137746944766e-08,3.3273740450857606e-07,3.487320360870691e-06,0.00018928687579484072,0.048054956865071365
31.460428000000004,1.0482928246352717e-08,7.369276722991743e-08,3.297974093235464e-07,3.4585225502033204e-06,0.00018799753166004763,0.04800664397388706
31.478761000000006,1.0384250377395739e-08,7.302034904804253e-08,3.268833357942012e-07,3.4299608007828015e-06,0.00018671671638700117,0.04795815165777134
31.497094000000004,1.0286503127155618e-08,7.235406642367633e-08,3.2399495592731505e-07,3.4016331941228347e-06,0.00018544437563004453,0.04790948082402265
31.515427000000006,1.0189677700682214e-08,7.169386337221415e-08,3.211320437293789e-07,3.3735378271713536e-06,0.00018418045537289067,0.047860632380294386
31.533760000000004,1.0093765386338964e-08,7.103968441989002e-08,3.1829437518912066e-07,3.345672812187897e-06,0.00018292490192676485,0.0478116072345726
31.552093000000006,9.998757555011267e-09,7.039147459911405e-08,3.1548172826016917e-07,3.318036276621869e-06,0.000181677661928555,0.047762406295156885
31.570426000000005,9.90464565932308e-09,6.974917944385471e-08,3.12693882843881e-07,3.2906263629918066e-06,0.00018043868233897617,0.04771303047064125
31.588759000000003,9.811421232860223e-09,6.911274498506208e-08,3.099306207723044e-07,3.2634412287655746e-06,0.00017920791044073677,0.047663480669890075
31.607092000000005,9.719075889401689e-09,6.848211774613284e-08,3.0719172579130215e-07,3.2364790462414885e-06,0.00017798529383672128,0.04761375780202118
31.625425000000003,9.627601322158215e-09,6.785724473841787e-08,3.0447698354381564e-07,3.209738002430395e-06,0.00017677078044817774,0.04756386277638499
31.643758000000005,9.536989303017498e-09,6.723807345676834e-08,3.01786181553275e-07,3.1832162989386357e-06,0.00017556431851291525,0.047513796502543
31.662091000000004,9.447231681797508e-09,6.662455187512502e-08,2.991191092071566e-07,3.156912151851976e-06,0.00017436585658351194,0.04746355989024913
31.680424000000006,9.35832038550616e-09,6.601662844214621e-08,2.964755577406796e-07,3.1308237916204e-06,0.00017317534352553004,0.04741315384943001
31.698757000000004,9.270247417608499e-09,6.54142520768771e-08,2.938553202206501e-07,3.1049494629438626e-06,0.00017199272851574257,0.047362579290163506
31.717090000000006,9.18300485730059e-09,6.481737216445628e-08,2.91258191529441e-07,3.0792874246588405e-06,0.00017081796104036516,0.0473118371226608
31.735423000000004,9.096584858790522e-09,6.422593855186372e-08,2.886839683491131e-07,3.053835949625908e-06,0.0001696509908933008,0.047260928257245385
31.753756000000006,9.010979650586054e-09,6.363990154370618e-08,2.861324491456759e-07,3.0285933246180635e-06,0.00016849176817439068,0.04720985360433337
31.772089000000005,8.926181534789327e-09,6.30592118980425e-08,2.836034341534839e-07,3.0035578502100478e-06,0.00016734024328767707,0.047158614074415565
31.790422000000003,8.842182886397974e-09,6.248382082224458e-08,2.810967253597706e-07,2.978727840668404e-06,0.0001661963669396704,0.04710721057803596
31.808755000000005,8.758976152613066e-09,6.191367996889862e-08,2.786121264893126e-07,2.9541016238425194e-06,0.00016506009013762864,0.04705564402577334
31.827088000000003,8.676553852153733e-09,6.134874143174228e-08,2.761494429892363e-07,2.9296775410564702e-06,0.00016393136418784614,0.04700391532822154
31.845421000000005,8.59490857457798e-09,6.07889577416393e-08,2.7370848201394654e-07,2.9054539470016855e-06,0.0001628101406939472,0.046952025395970536
31.863754000000004,8.514032979610461e-09,6.023428186259172e-08,2.712890524101955e-07,2.881429209630524e-06,0.00016169637155519334,0.04689997513958727
31.882087000000006,8.433919796476127e-09,5.968466718778626e-08,2.6889096470227456e-07,2.857601710050616e-06,0.00016059000896479422,0.046847765469595834
31.900420000000004,8.354561823240614e-09,5.914006753567919e-08,2.665140310773417e-07,2.833969842420085e-06,0.0001594910054082316,0.04679539729646014
31.918753000000006,8.27595192615669e-09,5.8600437146115366e-08,2.6415806537087044e-07,2.8105320138435555e-06,0.00015839931366158874,0.046742871530561926
31.937086000000004,8.198083039017125e-09,5.8065730676484126e-08,2.618228830522319e-07,2.787286644269027e-06,0.00015731488678989025,0.046690189082185286
31.955419000000006,8.120948162513429e-09,5.753590319790806e-08,2.5950830121039753e-07,2.764232166385487e-06,0.00015623767814544978,0.04663735086149546
31.973752000000005,8.044540363601007e-09,5.701091019146873e-08,2.572141385397686e-07,2.7413670255213994e-06,0.00015516764136622643,0.046584357778521865
31.992085000000007,7.96885277487006e-09,5.6490707544465495e-08,2.5494021532612925e-07,2.718689679543945e-06,0.0001541047303741881,0.04653121074313741
32.010418,7.893878593922852e-09,5.597525154670998e-08,2.5268635343272306e-07,2.6961985987590668e-06,0.00015304889937368653,0.04647791066504133
32.028751,7.819611082756408e-09,5.546449888685126e-08,2.5045237628644617e-07,2.6738922658123018e-06,0.0001520001028498375,0.04642445845374168
32.047084,7.746043567151645e-09,5.495840664873866e-08,2.4823810886416887e-07,2.65176917559039e-06,0.00015095829556691055,0.04637085501853364
32.065417000000004,7.673169436067738e-09,5.445693230781449e-08,2.460433776791676e-07,2.6298278351236715e-06,0.0001499234325667277,0.04631710126848455
32.08375,7.600982141042875e-09,5.396003372754188e-08,2.438680107676851e-07,2.6080667634892385e-06,0.00014889546916707045,0.046263198112414014
32.102083,7.529475195600066e-09,5.34676691558631e-08,2.41711837675595e-07,2.586484491714828e-06,0.00014787436096009324,0.046209146458876416
32.120416,7.458642174659123e-09,5.2979797221692074e-08,2.3957468944519563e-07,2.565079562683503e-06,0.00014686006381074593,0.0461549472161409
32.138749000000004,7.38847671395394e-09,5.2496376931437825e-08,2.374563986021106e-07,2.5438505310390644e-06,0.0001458525338552066,0.04610060129217735
32.157082,7.31897250945558e-09,5.201736766556068e-08,2.3535679914230897e-07,2.5227959630922513e-06,0.00014485172749931983,0.04604610959463357
32.175415,7.2501233168004584e-09,5.1542729175158125e-08,2.3327572651923124e-07,2.501914436727592e-06,0.00014385760141704356,0.04599147303082173
32.193748,7.181922950724342e-09,5.1072421578583564e-08,2.3121301763103666e-07,2.4812045413110516e-06,0.0001428701125489046,0.04593669250769739
32.212081000000005,7.114365284501617e-09,5.060640535809495e-08,2.2916851080795495e-07,2.460664877598404e-06,0.0001418892181004625,0.0458817689318438
32.230414,7.047444249389798e-09,5.0144641356534966e-08,2.271420457997532e-07,2.4402940576443406e-06,0.0001409148755407814,0.04582670320945468
32.248747,6.9811538340793995e-09,4.968709077403978e-08,2.2513346376330702e-07,2.4200907047121875e-06,0.0001399470426009074,0.0457714962463125
32.26708,6.915488084149037e-09,4.923371516477959e-08,2.2314260725028427e-07,2.400053453184504e-06,0.00013898567727235796,0.04571614894777764
32.285413,6.850441101525743e-09,4.878447643372799e-08,2.211693201949342e-07,2.3801809484742347e-06,0.00013803073780561598,0.04566066221876582
32.303746000000004,6.786007043950339e-09,4.8339336833460927e-08,2.1921344790198307e-07,2.3604718469366336e-06,0.0001370821827086325,0.045605036963732894
32.322079,6.722180124448043e-09,4.789825896098555e-08,2.1727483703463958e-07,2.3409248157819137e-06,0.00013613997074533984,0.045549274086657016
32.340412,6.658954610803798e-09,4.7461205754596466e-08,2.153533356026951e-07,2.32153853298848e-06,0.00013520406093416704,0.04549337449102258
32.358745,6.596324825043074e-09,4.702814049076226e-08,2.13448792950739e-07,2.302311687216924e-06,0.0001342744125465682,0.045437339079801325
32.377078000000004,6.534285142917104e-09,4.6599026781039466e-08,2.1156105974646901e-07,2.2832429777246934e-06,0.00013335098510555636,0.04538116875543705
32.395411,6.472829993393447e-09,4.617382856901566e-08,2.0968998796910816e-07,2.264331114281441e-06,0.00013243373838424627,0.04532486441982946
32.413744,6.411953858151023e-09,4.5752510127278865e-08,2.078354308979199e-07,2.245574817084956e-06,0.00013152263240440146,0.04526842697431328
32.432077,6.351651271080246e-09,4.533503605441614e-08,2.0599724310082286e-07,2.2269728166778704e-06,0.00013061762743499358,0.045211857319646775
32.45041,6.291916817787785e-09,4.492137127203885e-08,2.0417528042310958e-07,2.208523853864964e-06,0.00012971868399076672,0.04515515635599198
32.468743,6.232745135106023e-09,4.451148102183501e-08,2.0236939997625774e-07,2.1902266796311112e-06,0.00012882576283080823,0.04509832498289825
32.487076,6.174130910607214e-09,4.4105330862649366e-08,2.0057946012684582e-07,2.172080055059942e-06,0.00012793882495713182,0.04504136409928718
32.505409,6.116068882122233e-09,4.370288666758846e-08,1.9880532048555664e-07,2.1540827512530295e-06,0.00012705783161326057,0.04498427460343442
32.523742,6.058553837263972e-09,4.330411462115383e-08,1.9704684189628398e-07,2.1362335492498472e-06,0.00012618274428282536,0.04492705739295661
32.542075000000004,6.0015806129551605e-09,4.290898121640025e-08,1.9530388642533322e-07,2.118531239948227e-06,0.00012531352468816496,0.04486971336479085
32.560408,5.945144094960801e-09,4.251745325212097e-08,1.93576317350715e-07,2.1009746240255865e-06,0.0001244501347889368,0.04481224341518185
32.578741,5.889239217424929e-09,4.212949783005702e-08,1.9186399915152954e-07,2.0835625118606358e-06,0.00012359253678073296,0.04475464843966406
32.597074,5.8338609624118375e-09,4.174508235213357e-08,1.9016679749745013e-07,2.066293723455799e-06,0.00012274069309370537,0.04469692933304649
32.615407000000005,5.779004359451687e-09,4.136417451772055e-08,1.8848457923829154e-07,2.049167088360212e-06,0.00012189456639119653,0.04463908698939816
32.63374,5.724664485090458e-09,4.0986742320919144e-08,1.8681721239367643e-07,2.0321814455933416e-06,0.00012105411956837938,0.04458112230202897
32.652073,5.670836462444033e-09,4.061275404787165e-08,1.85164566142785e-07,2.0153356435691793e-06,0.00012021931575090281,0.044523036163477255
32.670406,5.61751546075667e-09,4.0242178274097256e-08,1.8352651081419803e-07,1.9986285400210797e-06,0.00011939011829354421,0.04446482946549237
32.688739,5.564696694963631e-09,3.9874983861851474e-08,1.8190291787582932e-07,1.9820590019271435e-06,0.00011856649077887125,0.04440650309901959
32.707072000000004,5.5123754252579605e-09,3.9511139957509625e-08,1.8029365992494314e-07,1.9656259054362115e-06,0.00011774839701590841,0.04434805795418447
32.725405,5.4605469566614166e-09,3.915061598897493e-08,1.786986106782628e-07,1.9493281357944947e-06,0.00011693580103881353,0.04428949492027883
32.743738,5.409206638599389e-09,3.879338166310879e-08,1.771176449621591e-07,1.933164587272657e-06,0.00011612866710555642,0.044230814885743104
32.762071,5.358349864479932e-09,3.843940696318604e-08,1.7555063870293201e-07,1.917134163093601e-06,0.0001153269596966104,0.04417201873815312
32.780404000000004,5.307972071276804e-09,3.808866214637243e-08,1.739974689171708e-07,1.901235775360769e-06,0.00011453064351364624,0.04411310736420324
32.798737,5.258068739116535e-09,3.774111774122606e-08,1.7245801370220536e-07,1.88546834498701e-06,0.00011373968347823759,0.0440540816496943
32.81707,5.208635390869195e-09,3.7396744545220204e-08,1.709321522266317e-07,1.8698308016240103e-06,0.00011295404473056686,0.043994942479514666
32.835403,5.159667591743232e-09,3.705551362229011e-08,1.6941976472092886e-07,1.8543220835922953e-06,0.00011217369262814529,0.04393569073762871
32.853736000000005,5.111160948884211e-09,3.671739630040135e-08,1.6792073246815177e-07,1.8389411378117641e-06,0.00011139859274453428,0.043876327307060224
32.872069,5.063111110977242e-09,3.6382364169141215e-08,1.6643493779471072e-07,1.8236869197328162e-06,0.00011062871086807752,0.043816853069878856
32.890402,5.015513767853156e-09,3.605038907733067e-08,1.64962264061225e-07,1.8085583932679518e-06,0.00010986401300063608,0.043757268907184024
32.908735,4.968364650098564e-09,3.572144313065952e-08,1.635025956534619e-07,1.7935545307239801e-06,0.00010910446535633446,0.043697575699091246
32.927068,4.921659528669578e-09,3.5395498689342425e-08,1.6205581797335166e-07,1.7786743127347278e-06,0.00010835003436030965,0.043637774324719304
32.945401000000004,4.875394214509086e-09,3.507252836579634e-08,1.6062181743008237e-07,1.763916728194288e-06,0.00010760068664746934,0.04357786566217207
32.963734,4.8295645581678786e-09,3.475250502233977e-08,1.5920048143127386e-07,1.749280774190819e-06,0.00010685638906125703,0.043517850588528716
32.982067,4.7841664494291355e-09,3.443540176891175e-08,1.5779169837422408e-07,1.7347654559408171e-06,0.00010611710865242058,0.043457729979825624
33.0004,4.739195816936659e-09,3.412119196081292e-08,1.5639535763723675e-07,1.7203697867239558e-06,0.00010538281267779137,0.04339750471104496
33.018733000000005,4.694648627826581e-09,3.380984919646645e-08,1.5501134957102226e-07,1.7060927878184173e-06,0.0001046534685990676,0.04333717565609925
33.037066,4.650520887362573e-09,3.3501347315200095e-08,1.536395654901763e-07,1.6919334884367613e-06,0.00010392904408160588,0.04327674368781885
33.055399,4.6068086385745245e-09,3.319566039504735e-08,1.5227989766472817e-07,1.677890925662256e-06,0.00010320950699321685,0.04321620967793548
33.073732,4.563507961900619e-09,3.28927627505698e-08,1.5093223931176748e-07,1.6639641443857545e-06,0.0001024948254029699,0.04315557449707111
33.092065,4.520614974832828e-09,3.259262893069877e-08,1.4959648458714163e-07,1.6501521972430646e-06,0.00010178496758000285,0.04309483901472414
33.110398,4.478125831565857e-09,3.229523371659674e-08,1.4827252857722688e-07,1.6364541445527845e-06,0.00010107990199233866,0.043034004099253835
33.128731,4.4360367226493435e-09,3.200055211953869e-08,1.4696026729077201e-07,1.6228690542546964e-06,0.00010037959730570934,0.0429730706178685
33.147064,4.394343874643294e-09,3.170855937881178e-08,1.4565959765080963e-07,1.6093960018485477e-06,9.968402238238353e-05,0.042912039436611656
33.165397,4.353043549776976e-09,3.141923095963529e-08,1.443704174866427e-07,1.5960340703334171e-06,9.899314628000347e-05,0.042850911420348255
33.183730000000004,4.31213204561084e-09,3.113254255109881e-08,1.430926255258981e-07,1.5827823501475047e-06,9.830693825042685e-05,0.042789687432752535
33.202063,4.271605694701919e-09,3.084847006412e-08,1.418261213866521e-07,1.5696399391084235e-06,9.762536773857545e-05,0.04272836833629289
33.220396,4.2314608642720705e-09,3.056698962941979e-08,1.4057080556962069e-07,1.5566059423539357e-06,9.69484043812893e-05,0.04266695499222264
33.238729,4.191693955879688e-09,3.028807759551724e-08,1.3932657945042305e-07,1.5436794722831936e-06,9.62760180061878e-05,0.04260544826056111
33.257062000000005,4.1523014050942884e-09,3.001171052674195e-08,1.3809334527190787e-07,1.5308596484984194e-06,9.560817863053674e-05,0.04254384900008766
33.275395,4.113279681174421e-09,2.9737865201265353e-08,1.368710061365529e-07,1.5181455977470748e-06,9.494485646012219e-05,0.04248215806832199
33.293728,4.0746252867483596e-09,2.9466518609148803e-08,1.3565946599892216e-07,1.5055364538644554e-06,9.428602188812911e-05,0.04242037632151742
33.312061,4.036334757498102e-09,2.9197647950410626e-08,1.344586296581973e-07,1.4930313577167615e-06,9.363164549402693e-05,0.04235850461464384
33.330394,3.998404661846187e-09,2.8931230633110204e-08,1.3326840275077051e-07,1.480629457144621e-06,9.298169804246222e-05,0.04229654380137778
33.348727000000004,3.960831600645526e-09,2.8667244271449608e-08,1.3208869174290097e-07,1.4683299069070544e-06,9.233615048215517e-05,0.04223449473408954
33.36706,3.923612206872295e-09,2.8405666683893004e-08,1.3091940392344063e-07,1.4561318686258952e-06,9.169497394480475e-05,0.04217235826382883
33.385393,3.886743145321544e-09,2.814647589130225e-08,1.2976044739661587e-07,1.4440345107306198e-06,9.105813974399705e-05,0.042110135240315406
33.403726,3.850221112305829e-09,2.7889650115090497e-08,1.2861173107487937e-07,1.4320370084036525e-06,9.042561937412153e-05,0.04204782651192375
33.422059000000004,3.814042835356716e-09,2.763516777539203e-08,1.2747316467181982e-07,1.4201385435260925e-06,8.979738450929357e-05,0.0419854329256756
33.440392,3.778205072929088e-09,2.7383007489249413e-08,1.2634465869513772e-07,1.4083383046238717e-06,8.917340700228117e-05,0.041922955327221824
33.458725,3.7427046141081875e-09,2.7133148068816182e-08,1.2522612443967732e-07,1.3966354868143164e-06,8.855365888343868e-05,0.041860394560835436
33.477058,3.7075382783195685e-09,2.688556851957693e-08,1.241174739805246e-07,1.3850292917531723e-06,8.793811235964623e-05,0.04179775146939666
33.495391,3.6727029150417257e-09,2.664024803858313e-08,1.2301862016616248e-07,1.3735189275820317e-06,8.732673981325526e-05,0.04173502689438308
33.513724,3.6381954035214298e-09,2.6397166012705082e-08,1.2192947661168597e-07,1.3621036088761664e-06,8.671951380103897e-05,0.0416722216758573
33.532057,3.6040126524919245e-09,2.615630201690025e-08,1.2084995769208055e-07,1.3507825565928113e-06,8.611640705315034e-05,0.04160933665245488
33.55039,3.5701515998935284e-09,2.5917635812496476e-08,1.1977997853555196e-07,1.339554998019801e-06,8.551739247208314e-05,0.041546372661373926
33.568723,3.5366092125971464e-09,2.568114734549181e-08,1.1871945501692195e-07,1.328420166724672e-06,8.492244313164123e-05,0.04148333053836058
33.587056000000004,3.5033824861302536e-09,2.5446816744869263e-08,1.1766830375107612e-07,1.3173773025041363e-06,8.433153227591216e-05,0.04142021111770289
33.605389,3.4704684444055677e-09,2.521462432092752e-08,1.1662644208647438e-07,1.3064256513339792e-06,8.374463331824788e-05,0.04135701523221413
33.623722,3.4378641394522242e-09,2.498455056362595e-08,1.1559378809871104e-07,1.2955644653193239e-06,8.316171984024882e-05,0.04129374371322651
33.642055,3.40556665114954e-09,2.4756576140945636e-08,1.145702605841387e-07,1.2847930026453103e-06,8.258276559075503e-05,0.04123039739057532
33.660388000000005,3.3735730869633053e-09,2.4530681897264817e-08,1.1355577905354273e-07,1.274110527528176e-06,8.200774448484322e-05,0.04116697709259099
33.678721,3.341880581684626e-09,2.430684885174968e-08,1.1255026372587444e-07,1.263516310166716e-06,8.143663060282913e-05,0.04110348364608814
33.697054,3.310486297171114e-09,2.408505819675896e-08,1.1155363552203519e-07,1.2530096266941146e-06,8.086939818927432e-05,0.041039917876352514
33.715387,3.279387422090667e-09,2.386529129626399e-08,1.1056581605871956e-07,1.242589759130184e-06,8.03060216519998e-05,0.04097628060713373
33.73372,3.248581171667629e-09,2.36475296842827e-08,1.0958672764230784e-07,1.2322559953339597e-06,7.974647556110458e-05,0.04091257266062947
33.752053000000004,3.2180647874313167e-09,2.3431755063327914e-08,1.0861629326281568e-07,1.2220076289567013e-06,7.919073464798969e-05,0.04084879485748098
33.770386,3.187835536967063e-09,2.3217949302870262e-08,1.0765443658789511e-07,1.2118439593952492e-06,7.863877380438835e-05,0.040784948016757236
33.788719,3.157890713669443e-09,2.300609443781423e-08,1.0670108195688646e-07,1.2017642917457365e-06,7.809056808140026e-05,0.040721032955948464
33.807052,3.1282276364979976e-09,2.2796172666988974e-08,1.0575615437492488e-07,1.1917679367577069e-06,7.754609268853142e-05,0.04065705049095258
33.825385000000004,3.0988436497351735e-09,2.2588166351652422e-08,1.0481957950709732e-07,1.1818542107885633e-06,7.70053229927411e-05,0.04059300143606742
33.843718,3.069736122746667e-09,2.2382058014009485e-08,1.0389128367265145e-07,1.17202243575841e-06,7.646823451749192e-05,0.04052888660397881
33.862051,3.0409024497438934e-09,2.2177830335742993e-08,1.029711938392528e-07,1.1622719391052238e-06,7.593480294180649e-05,0.040464706805752086
33.880384,3.01234004954886e-09,2.1975466156558846e-08,1.0205923761729465e-07,1.1526020537403973e-06,7.540500409932848e-05,0.04040046285082
33.898717000000005,2.9840463653611645e-09,2.177494847274396e-08,1.0115534325425676e-07,1.1430121180046394e-06,7.487881397739002e-05,0.04033615554697537
33.91705,2.9560188645272887e-09,2.1576260435737823e-08,1.0025943962911531e-07,1.1335014756242275e-06,7.435620871608381e-05,0.04027178570035881
33.935383,2.9282550383119665e-09,2.1379385350716337e-08,9.937145624679644e-08,1.1240694756675938e-06,7.383716460733958e-05,0.04020735411545036
33.953716,2.900752401671887e-09,2.1184306675189336e-08,9.849132323268532e-08,1.1147154725022667e-06,7.332165809400698e-05,0.0401428615950595
33.972049,2.8735084930313506e-09,2.0991008017610518e-08,9.761897132717744e-08,1.1054388257521572e-06,7.280966576894299e-05,0.04007830894031515
33.990382000000004,2.846520874060237e-09,2.0799473136000065e-08,9.675433188028163e-08,1.0962389002551855e-06,7.230116437410482e-05,0.04001369695065702
34.008715,2.8197871294539773e-09,2.060968593658021e-08,9.589733684626857e-08,1.0871150660212493e-06,7.179613079964759e-05,0.039949026423824634
34.027048,2.7933048667155754e-09,2.0421630472422502e-08,9.504791877836455e-08,1.0780666981905034e-06,7.129454208302663e-05,0.03988429815584998
34.045381,2.7670717159398285e-09,2.023529094210815e-08,9.42060108234953e-08,1.0690931769920067e-06,7.079637540810586e-05,0.039819512941047026
34.063714000000004,2.7410853295994814e-09,2.0050651688400173e-08,9.33715467170725e-08,1.0601938877026648e-06,7.030160810427045e-05,0.03975467157200278
34.082047,2.715343382333483e-09,1.9867697196928075e-08,9.254446077782887e-08,1.051368220606542e-06,6.981021764554518e-05,0.039689774839567565
34.10038,2.689843570737192e-09,1.9686412094883814e-08,9.172468790269519e-08,1.0426155709544394e-06,6.932218164971636e-05,0.0396248235328474
34.118713,2.6645836131545985e-09,1.9506781149730378e-08,9.091216356172482e-08,1.0339353389238485e-06,6.883747787746003e-05,0.039559818439193276
34.137046,2.6395612494725226e-09,1.9328789267921815e-08,9.0106823793061e-08,1.0253269295792048e-06,6.835608423147479e-05,0.039494760344193705
34.155379,2.6147742409167617e-09,1.9152421493634897e-08,8.930860519794941e-08,1.0167897528324456e-06,6.787797875561945e-05,0.0394296500316659
34.173712,2.590220369850219e-09,1.8977663007512753e-08,8.851744493579482e-08,1.0083232234039056e-06,6.740313963405529e-05,0.03936448828364619
34.192045,2.5658974395727965e-09,1.8804499125419233e-08,8.773328071925811e-08,9.99926760783504e-07,6.693154519039328e-05,0.03929927588038195
34.210378,2.5418032741233844e-09,1.8632915297205367e-08,8.695605080939873e-08,9.915997891922476e-07,6.646317388684618e-05,0.03923401360032272
34.228711000000004,2.5179357180835694e-09,1.846289710548662e-08,8.618569401085998e-08,9.833417375440531e-07,6.599800432338545e-05,0.03916870222011261
34.247044,2.4942926363833052e-09,1.8294430264431764e-08,8.542214966709526e-08,9.751520394078667e-07,6.553601523690373e-05,0.03910334251458074
34.265377,2.4708719141083917e-09,1.812750061856209e-08,8.466535765563568e-08,9.67030132970067e-07,6.507718550037988e-05,0.03903793525673351
34.28371,2.447671456309733e-09,1.796209414156225e-08,8.391525838340085e-08,9.589754609971951e-07,6.462149412205111e-05,0.038972481217747185
34.302043000000005,2.4246891878145067e-09,1.7798196935101578e-08,8.317179278204835e-08,9.509874707989703e-07,6.41689202445884e-05,0.03890698116695836
34.320376,2.4019230530390207e-09,1.7635795227666522e-08,8.243490230336738e-08,9.430656141916132e-07,6.371944314427744e-05,0.03884143587185586
34.338709,2.379371015803437e-09,1.7474875373403112e-08,8.170452891470856e-08,9.352093474614239e-07,6.327304223020352e-05,0.03877584609807557
34.357042,2.35703105914815e-09,1.731542385097061e-08,8.098061509445752e-08,9.274181313287031e-07,6.282969704344128e-05,0.038710212609387784
34.375375,2.334901185152002e-09,1.7157427262405314e-08,8.026310382754442e-08,9.196914309119281e-07,6.238938725624908e-05,0.038644536167694366
34.393708000000004,2.3129794147521713e-09,1.7000872331994746e-08,7.955193860099735e-08,9.120287156922124e-07,6.19520926712683e-05,0.03857881753301659
34.412041,2.2912637875658138e-09,1.6845745905162366e-08,7.884706339953031e-08,9.044294594780805e-07,6.151779322072699e-05,0.038513057463491054
34.430374,2.269752361713296e-09,1.6692034947361918e-08,7.814842270117205e-08,8.968931403704831e-07,6.108646896564756e-05,0.03844725671536043
34.448707,2.2484432136432076e-09,1.653972654298243e-08,7.745596147293344e-08,8.89419240728125e-07,6.065810009505924e-05,0.03838141604296545
34.467040000000004,2.2273344379590116e-09,1.6388807894262863e-08,7.676962516651082e-08,8.820072471330445e-07,6.023266692521578e-05,0.03831553619873882
34.485373,2.2064241472472997e-09,1.6239266320216997e-08,7.608935971403015e-08,8.746566503565008e-07,5.981014989881695e-05,0.038249617933197075
34.503706,2.1857104719077028e-09,1.609108925556757e-08,7.54151115238246e-08,8.67366945325087e-07,5.939052958423386e-05,0.038183661994933296
34.522039,2.1651915599844167e-09,1.5944264249690693e-08,7.474682747625306e-08,8.60137631087161e-07,5.897378667474005e-05,0.03811766913061104
34.540372000000005,2.1448655769993155e-09,1.57987789655696e-08,7.408445491955103e-08,8.529682107795099e-07,5.855990198774603e-05,0.038051640084954784
34.558705,2.124730705786657e-09,1.5654621178758206e-08,7.34279416657231e-08,8.458581915943126e-07,5.814885646403891e-05,0.03798557560074615
34.577038,2.1047851463293445e-09,1.5511778776353652e-08,7.277723598646522e-08,8.388070847463276e-07,5.774063116702523e-05,0.03791947641881426
34.595371,2.085027115596724e-09,1.5370239755978703e-08,7.21322866091288e-08,8.318144054403813e-07,5.733520728197925e-05,0.037853343278029694
34.613704,2.065454847383992e-09,1.5229992224773215e-08,7.149304271271488e-08,8.248796728390913e-07,5.693256611529541e-05,0.037787176915299016
34.632037000000004,2.0460665921530197e-09,1.509102439839476e-08,7.085945392390734e-08,8.18002410030854e-07,5.653268909374408e-05,0.037720978065555424
34.65037,2.0268606168747897e-09,1.4953324600028673e-08,7.023147031313978e-08,8.111821439981031e-07,5.613555776373338e-05,0.03765474746175531
34.668703,2.007835204873222e-09,1.4816881259406574e-08,6.960904239069408e-08,8.044184055857955e-07,5.574115379057309e-05,0.03758848583486825
34.687036,1.9889886556706033e-09,1.4681682911834387e-08,6.899212110283769e-08,7.977107294701669e-07,5.534945895774458e-05,0.03752219391387398
34.705369000000005,1.9703192848343326e-09,1.4547718197228914e-08,6.838065782799177e-08,7.910586541277319e-07,5.496045516617365e-05,0.0374558724257531
34.723702,1.9518254238252977e-09,1.4414975859163504e-08,6.77746043729336e-08,7.844617218045483e-07,5.457412443350906e-05,0.037389522095482346
34.742035,1.9335054198475144e-09,1.428344474392192e-08,6.717391296903206e-08,7.779194784856891e-07,5.419044889340309e-05,0.03732314364602806
34.760368,1.915357635699276e-09,1.415311379956135e-08,6.657853626851682e-08,7.714314738649982e-07,5.3809410794798195e-05,0.037256737798339545
34.778701,1.8973804496257625e-09,1.4023972074983715e-08,6.598842734077997e-08,7.649972613150698e-07,5.343099250121695e-05,0.03719030527134401
34.797034000000004,1.8795722551729107e-09,1.3896008719015445e-08,6.540353966870864e-08,7.58616397857469e-07,5.305517649005575e-05,0.03712384678193925
34.815367,1.86193146104285e-09,1.376921297949591e-08,6.482382714505304e-08,7.522884441331952e-07,5.268194535188352e-05,0.0370573630449885
34.8337,1.8444564909504873e-09,1.3643574202373665e-08,6.424924406882188e-08,7.460129643733766e-07,5.2311281789743335e-05,0.03699085477331408
34.852033,1.8271457834816663e-09,1.3519081830811439e-08,6.367974514171383e-08,7.397895263702023e-07,5.194316861845911e-05,0.03692432267769186
34.870366000000004,1.8099977919525226e-09,1.3395725404298995e-08,6.311528546457652e-08,7.336177014480893e-07,5.1577588763945466e-05,0.036857767466846623
34.888699,1.7930109842702786e-09,1.3273494557774378e-08,6.255582053389936e-08,7.274970644350811e-07,5.121452526252256e-05,0.03679118984744405
34.907032,1.7761838427952198e-09,1.3152379020752699e-08,6.20013062383359e-08,7.214271936344652e-07,5.0853961260233646e-05,0.03672459052408705
34.925365,1.7595148642041546e-09,1.3032368616463335e-08,6.145169885525542e-08,7.154076707966288e-07,5.0495880012167294e-05,0.03665797019930949
34.943698000000005,1.7430025593549934e-09,1.291345326099475e-08,6.090695504732794e-08,7.094380810911359e-07,5.0140264881783795e-05,0.03659132957357102
34.962031,1.7266454531527772e-09,1.2795622962447357e-08,6.036703185913647e-08,7.035180130790386e-07,4.978709934024521e-05,0.036524669345251566
34.980364,1.7104420844168112e-09,1.2678867820093674e-08,5.98318867138188e-08,6.976470586853839e-07,4.943636696574857e-05,0.036457990210646246
34.998697,1.6943910057492015e-09,1.2563178023546605e-08,5.930147740974145e-08,6.918248131719646e-07,4.908805144286415e-05,0.03639129286396003
35.01703,1.6784907834045323e-09,1.2448543851935059e-08,5.877576211720003e-08,6.860508751102851e-07,4.874213656187698e-05,0.03632457799730206
35.035363000000004,1.6627399971608322e-09,1.2334955673087118e-08,5.825469937514879e-08,6.803248463547381e-07,4.83986062181318e-05,0.03625784630068247
35.053696,1.6471372401917817e-09,1.2222403942720863e-08,5.773824808796191e-08,6.746463320159998e-07,4.805744441138308e-05,0.03619109846200483
35.072029,1.6316811189400525e-09,1.2110879203642145e-08,5.722636752221798e-08,6.690149404346307e-07,4.7718635245147046e-05,0.03612433516706284
35.090362,1.6163702529919093e-09,1.2000372084950128e-08,5.6719017303517735e-08,6.634302831549014e-07,4.738216292605901e-05,0.036057557099535266
35.108695000000004,1.6012032749529953e-09,1.1890873301249794e-08,5.6216157413326024e-08,6.578919748988187e-07,4.7048011763233475e-05,0.03599076494098093
35.127028,1.5861788303252972e-09,1.178237365187192e-08,5.5717748185844126e-08,6.523996335403663e-07,4.6716166167629086e-05,0.03592395937083458
35.145361,1.5712955773852228e-09,1.1674864020099725e-08,5.52237503049072e-08,6.469528800799417e-07,4.638661065141535e-05,0.03585714106640078
35.163694,1.556552187062903e-09,1.1568335372403004e-08,5.4734124800910665e-08,6.415513386190125e-07,4.6059329827345144e-05,0.03579031070285171
35.182027000000005,1.5419473428225907e-09,1.1462778757679008e-08,5.42488330477626e-08,6.361946363349608e-07,4.5734308408129445e-05,0.03572346895322013
35.20036,1.5274797405442384e-09,1.1358185306500481e-08,5.3767836759863744e-08,6.308824034561479e-07,4.541153120581694e-05,0.03565661648839684
35.218693,1.5131480884061304e-09,1.1254546230370161e-08,5.3291097989112366e-08,6.256142732371566e-07,4.5090983131175614e-05,0.03558975397712559
35.237026,1.498951106768687e-09,1.1151852820982484e-08,5.281857912193717e-08,6.203898819342537e-07,4.477264919307946e-05,0.03552288208599915
35.255359,1.4848875280593487e-09,1.1050096449491831e-08,5.235024287635508e-08,6.152088687810315e-07,4.4456514497897976e-05,0.035456001479454366
35.273692000000004,1.4709560966585326e-09,1.0949268565787445e-08,5.1886052299055334e-08,6.100708759642583e-07,4.4142564248889466e-05,0.03538911281976885
35.292025,1.4571555687867083e-09,1.0849360697775155e-08,5.142597076250978e-08,6.049755485999224e-07,4.383078374559837e-05,0.035322216767056706
35.310358,1.4434847123924995e-09,1.0750364450665285e-08,5.0969961962106234e-08,5.99922534709452e-07,4.352115838325464e-05,0.03525531397926387
35.328691,1.4299423070418777e-09,1.0652271506267419e-08,5.0517989913309585e-08,5.949114851961458e-07,4.321367365217853e-05,0.03518840511216645
35.347024000000005,1.4165271438083846e-09,1.0555073622291404e-08,5.007001894884635e-08,5.899420538217782e-07,4.290831513718721e-05,0.035121490819362465
35.365357,1.4032380251644239e-09,1.0458762631654922e-08,4.9626013715914945e-08,5.850138971834102e-07,4.2605068517006504e-05,0.03505457175227285
35.38369,1.3900737648735428e-09,1.0363330441797034e-08,4.918593917341836e-08,5.801266746903646e-07,4.2303919563684345e-05,0.03498764856013504
35.402023,1.3770331878837534e-09,1.0268769033998344e-08,4.874976058922387e-08,5.752800485414014e-07,4.2004854142009e-05,0.03492072189000065
35.420356,1.3641151302218704e-09,1.0175070462707193e-08,4.8317443537444914e-08,5.704736837020684e-07,4.170785820892987e-05,0.0348537923867297
35.438689000000004,1.3513184388888377e-09,1.008222685487199e-08,4.788895389574709e-08,5.65707247882241e-07,4.14129178129824e-05,0.0347868606929899
35.457022,1.3386419717560756e-09,9.990230409279821e-09,4.746425784267855e-08,5.609804115138433e-07,4.112001909371596e-05,0.03471992744925152
35.475355,1.3260845974627393e-09,9.899073395900736e-09,4.7043321855022896e-08,5.562928477287326e-07,4.082914828112492e-05,0.03465299329378438
35.493688,1.313645195314038e-09,9.808748155238371e-09,4.6626112705175495e-08,5.516442323367802e-07,4.0540291695083535e-05,0.034586058862654756
35.512021000000004,1.3013226551804389e-09,9.719247097686292e-09,4.621259745854366e-08,5.470342438041174e-07,4.02534357447835e-05,0.034519124789721314
35.530354,1.289115877397913e-09,9.630562702890407e-09,4.580274347096844e-08,5.424625632315671e-07,3.996856692817615e-05,0.03445219170663365
35.548687,1.277023772669009e-09,9.542687519116865e-09,4.5396518386169896e-08,5.37928874333234e-07,3.968567183141605e-05,0.03438526024282758
35.56702,1.265045261964986e-09,9.455614162626052e-09,4.4993890133213914e-08,5.334328634152735e-07,3.940473712830932e-05,0.03431833102552237
35.585353000000005,1.2531792764287649e-09,9.369335317052115e-09,4.4594826924002124e-08,5.289742193548415e-07,3.9125749579764655e-05,0.03425140467971859
35.603686,1.2414247572789037e-09,9.283843732788322e-09,4.419929725078444e-08,5.245526335791985e-07,3.884869603324794e-05,0.03418448182819405
35.622019,1.2297806557143887e-09,9.199132226377719e-09,4.3807269883690395e-08,5.201678000449834e-07,3.857356342223942e-05,0.034117563091502226
35.640352,1.218245932820365e-09,9.115193679909665e-09,4.341871386828626e-08,5.158194152176685e-07,3.830033876569466e-05,0.03405064908796836
35.658685,1.206819559474788e-09,9.032021040421725e-09,4.303359852315016e-08,5.115071780511611e-07,3.8029009167508574e-05,0.0339837404336875
35.677018000000004,1.195500516255896e-09,8.949607319307002e-09,4.2651893437470785e-08,5.072307899675774e-07,3.775956181598232e-05,0.0339168377425203
35.695351,1.1842877933506288e-09,8.867945591727044e-09,4.227356846866623e-08,5.029899548371922e-07,3.749198398329432e-05,0.03384994162609409
35.713684,1.1731803904638562e-09,8.787028996029793e-09,4.189859374002269e-08,4.987843789585182e-07,3.7226263024972515e-05,0.033783052693796056
35.732017,1.1621773167284799e-09,8.706850733173167e-09,4.1526939638356463e-08,4.946137710385764e-07,3.6962386379372015e-05,0.03371617155277311
35.750350000000005,1.1512775906164152e-09,8.627404066153693e-09,4.1158576811693563e-08,4.904778421733109e-07,3.670034156715387e-05,0.03364929880792949
35.768683,1.1404802398503864e-09,8.548682319440562e-09,4.0793476166972574e-08,4.863763058281667e-07,3.644011619076878e-05,0.03358243506192336
35.787016,1.1297843013165596e-09,8.470678878414524e-09,4.0431608867764544e-08,4.823088778188116e-07,3.618169793394185e-05,0.03351558091516604
35.805349,1.1191888209780013e-09,8.393387188812219e-09,4.007294633201597e-08,4.782752762920347e-07,3.592507456116222e-05,0.033448736965818224
35.823682000000005,1.1086928537889811e-09,8.31680075617539e-09,3.971746022980898e-08,4.742752217067743e-07,3.5670233917174404e-05,0.033381903809788366
35.842015,1.0982954636100528e-09,8.24091314530531e-09,3.9365122481143475e-08,4.703084368153275e-07,3.541716392647397e-05,0.033315082040732136
35.860348,1.0879957231239517e-09,8.165717979721875e-09,3.901590525373672e-08,4.663746466446755e-07,3.516585259280455e-05,0.03324827225004786
35.878681,1.0777927137523021e-09,8.091208941127938e-09,3.86697809608433e-08,4.624735784779896e-07,3.4916287998659225e-05,0.0331814750268761
35.897014,1.0676855255730847e-09,8.017379768878392e-09,3.832672225909441e-08,4.5860496183627435e-07,3.466845830478445e-05,0.03311469095809757
35.915347000000004,1.0576732572389005e-09,7.944224259454078e-09,3.7986702046355465e-08,4.547685284601553e-07,3.442235174968661e-05,0.033047920628331395
35.93368,1.0477550158960317e-09,7.871736265940651e-09,3.7649693459603076e-08,4.5096401229182297e-07,3.417795664914214e-05,0.03298116461993275
35.952013,1.0379299171042152e-09,7.799909697511915e-09,3.7315669872819805e-08,4.471911494571082e-07,3.3935261395709825e-05,0.03291442351299169
35.970346,1.0281970847572191e-09,7.728738518918147e-09,3.698460489490853e-08,4.4344967824771766e-07,3.369425445824652e-05,0.032847697885331095
35.988679000000005,1.0185556510041477e-09,7.658216749978932e-09,3.6656472367624395e-08,4.397393391036012e-07,3.3454924381425756e-05,0.03278098831250615
36.007012,1.0090047561715249e-09,7.588338465080787e-09,3.633124636352523e-08,4.360598745954699e-07,3.321725978525909e-05,0.03271429536780101
36.025345,9.995435486860537e-10,7.519097792679092e-09,3.600890118393954e-08,4.324110294074432e-07,3.298124936462005e-05,0.032647619622229285
36.043678,9.901711849981733e-10,7.4504889148048414e-09,3.5689411356952606e-08,4.2879255031984727e-07,3.2746881888771415e-05,0.032580961644530886
36.062011,9.808868295062832e-10,7.3825060665757635e-09,3.537275163541093e-08,4.252041861921515e-07,3.2514146200895094e-05,0.03251432200117212
36.080344000000004,9.71689654481736e-10,7.315143535711893e-09,3.505889699494237e-08,4.2164568794602796e-07,3.228303121762454e-05,0.032447701256343144
36.098677,9.625788399944997e-10,7.248395662055705e-09,3.4747822631996366e-08,4.1811680854857496e-07,3.205352592858093e-05,0.03238109997195771
36.11701,9.535535738395347e-10,7.1822568370963565e-09,3.4439503961898417e-08,4.1461730299564053e-07,3.1825619395910444e-05,0.03231451870765214
36.135343,9.446130514638738e-10,7.116721503498539e-09,3.413391661692397e-08,4.1114692829531454e-07,3.159930075382603e-05,0.0322479580207824
36.153676000000004,9.357564758943925e-10,7.0517841546354655e-09,3.3831036444387715e-08,4.0770544345152846e-07,3.1374559208150856e-05,0.03218141846642547
36.172009,9.269830576662518e-10,6.9874393341262785e-09,3.35308395047514e-08,4.0429260944780707e-07,3.1151384035865094e-05,0.03211490059737709
36.190342,9.182920147520352e-10,6.923681635377425e-09,3.323330206974538e-08,4.0090818923113e-07,3.092976458465486e-05,0.03204840496415062
36.208675,9.096825724915293e-10,6.860505701128464e-09,3.293840062050993e-08,3.9755194769594655e-07,3.070969027246416e-05,0.03198193211497679
36.227008000000005,9.011539635221952e-10,6.797906223001875e-09,3.26461118457505e-08,3.942236516682988e-07,3.0491150587049734e-05,0.031915482595802215
36.245341,8.927054277102972e-10,6.735877941057113e-09,3.2356412639910655e-08,3.9092306989009046e-07,3.0274135085538308e-05,0.03184905695028969
36.263674,8.843362120826443e-10,6.674415643348496e-09,3.2069280101360036e-08,3.8764997300346856e-07,3.0058633393986433e-05,0.03178265571981592
36.282007,8.760455707590358e-10,6.613514165487371e-09,3.1784691530598545e-08,3.8440413353533847e-07,2.9844635206942985e-05,0.03171627944347242
36.30034,8.67832764885303e-10,6.5531683902081435e-09,3.150262442847659e-08,3.8118532588200193e-07,2.963213028701476e-05,0.03164992865806378
36.318673000000004,8.596970625669863e-10,6.49337324693828e-09,3.122305649443101e-08,3.7799332629392203e-07,2.942110846443393e-05,0.031583603898107965
36.337006,8.51637738803681e-10,6.434123711372342e-09,3.0945965624735976e-08,3.7482791286060747e-07,2.9211559636628894e-05,0.031517305695835
36.355339,8.43654075423947e-10,6.375414805049675e-09,3.067132991076924e-08,3.716888654956182e-07,2.9003473767797054e-05,0.03145103458118777
36.373672,8.357453610208645e-10,6.3172415949361935e-09,3.0399127637294617e-08,3.6857596592169595e-07,2.8796840888480232e-05,0.03138479108181948
36.392005000000005,8.279108908882047e-10,6.259599193009825e-09,3.0129337280758106e-08,3.654889976560113e-07,2.859165109514332e-05,0.03131857572309637
36.410338,8.201499669571956e-10,6.202482755849889e-09,2.9861937507600544e-08,3.624277459955368e-07,2.8387894549754734e-05,0.031252389028093956
36.428671,8.124618977338792e-10,6.145887484229992e-09,2.9596907172583185e-08,3.593919980025245e-07,2.818556147936951e-05,0.031186231517600273
36.447004,8.048459982370596e-10,6.089808622714855e-09,2.9334225317130196e-08,3.563815424901146e-07,2.79846421757154e-05,0.03112010371011313
36.465337000000005,7.973015899368622e-10,6.034241459260702e-09,2.907387116768353e-08,3.5339617000805455e-07,2.778512699478065e-05,0.031054006121841015
36.483670000000004,7.898280006938533e-10,5.979181324819407e-09,2.8815824134074326e-08,3.504356728285342e-07,2.7587006356405442e-05,0.03098793926670334
36.502003,7.824245646987265e-10,5.924623592946051e-09,2.8560063807906724e-08,3.4749984493213395e-07,2.7390270743874396e-05,0.030921903656329686
36.520336,7.750906224125911e-10,5.870563679410267e-09,2.8306569960956978e-08,3.4458848199388505e-07,2.719491070351263e-05,0.03085589980006039
36.538669,7.678255205077862e-10,5.816997041811029e-09,2.805532254358686e-08,3.417013813694517e-07,2.7000916844283737e-05,0.03078992820494609
36.557002000000004,7.606286118092945e-10,5.763919179194956e-09,2.780630168316965e-08,3.388383420814122e-07,2.680827983739049e-05,0.03072398937574909
36.575335,7.53499255236677e-10,5.711325631678195e-09,2.7559487682532123e-08,3.359991648056611e-07,2.661699041587775e-05,0.030658083814942366
36.593668,7.464368157465776e-10,5.659211980071562e-09,2.7314861018407454e-08,3.331836518579146e-07,2.6427039374237784e-05,0.03059221202270947
36.612001,7.394406642757513e-10,5.607573845509293e-09,2.707240233990449e-08,3.3039160718032833e-07,2.6238417568018054e-05,0.03052637449694695
36.630334000000005,7.32510177684654e-10,5.556406889081073e-09,2.68320924669884e-08,3.276228363282224e-07,2.6051115913431213e-05,0.030460571733261964
36.648667,7.256447387015656e-10,5.505706811467536e-09,2.6593912388975845e-08,3.248771464569159e-07,2.586512538696811e-05,0.030394804224974974
36.667,7.188437358672052e-10,5.455469352578893e-09,2.635784326304281e-08,3.2215434630866373e-07,2.5680437025012114e-05,0.030329072463119028
36.685333,7.121065634799059e-10,5.405690291197057e-09,2.6123866412746092e-08,3.194542461997017e-07,2.5497041923456534e-05,0.0302633769364406
36.703666,7.054326215413114e-10,5.356365444620935e-09,2.589196332655677e-08,3.167766580073961e-07,2.5314931237324133e-05,0.03019771813140004
36.721999000000004,6.988213157025487e-10,5.3074906683149526e-09,2.5662115656407854e-08,3.141213951574974e-07,2.5134096180388896e-05,0.030132096532171866
36.740332,6.922720572109612e-10,5.25906185556089e-09,2.5434305216253787e-08,3.114882726114981e-07,2.4954528024800413e-05,0.03006651262064641
36.758665,6.857842628572853e-10,5.211074937112693e-09,2.520851398064295e-08,3.0887710685409e-07,2.4776218100709975e-05,0.030000966876429985
36.776998,6.793573549233808e-10,5.163525880854636e-09,2.4984724083302553e-08,3.0628771588072294e-07,2.45991577958994e-05,0.029935459776844482
36.795331000000004,6.729907611304257e-10,5.11641069146248e-09,2.4762917815735975e-08,3.037199191852674e-07,2.442333855541194e-05,0.029869991796930208
36.813664,6.666839145876106e-10,5.069725410067837e-09,2.4543077625833094e-08,3.011735377477788e-07,2.4248751881185715e-05,0.029804563409445803
36.831997,6.604362537413109e-10,5.023466113925421e-09,2.4325186116491377e-08,2.9864839402234985e-07,2.4075389331688863e-05,0.029739175084869028
36.85033,6.542472223247486e-10,4.977628916083506e-09,2.4109226044250497e-08,2.961443119250744e-07,2.3903242521557197e-05,0.029673827291397423
36.868663000000005,6.481162693081168e-10,4.932209965057287e-09,2.389518031793838e-08,2.936611168221002e-07,2.3732303121234245e-05,0.029608520494949848
36.886996,6.42042848849202e-10,4.887205444505333e-09,2.3683031997329204e-08,2.911986355177844e-07,2.356256285661333e-05,0.029543255159167836
36.905329,6.360264202444306e-10,4.8426115729088094e-09,2.347276429181308e-08,2.8875669624293734e-07,2.3394013508681647e-05,0.029478031745416196
36.923662,6.300664478804233e-10,4.798424603253804e-09,2.3264360559077438e-08,2.8633512864316833e-07,2.3226646913166686e-05,0.029412850712783423
36.941995,6.241624011859756e-10,4.754640822716467e-09,2.305780430380035e-08,2.839337637673234e-07,2.3060454960184956e-05,0.029347712518084046
36.960328000000004,6.183137545845036e-10,4.7112565523510225e-09,2.2853079176354898e-08,2.8155243405601505e-07,2.289542959389259e-05,0.02928261761586019
36.978661,6.125199874469545e-10,4.668268146780713e-09,2.265016897152521e-08,2.791909733302497e-07,2.2731562812138395e-05,0.02921756645838109
36.996994,6.06780584045118e-10,4.6256719938913895e-09,2.2449057627233744e-08,2.768492167801403e-07,2.2568846666118472e-05,0.029152559495646015
37.015327,6.010950335054297e-10,4.583464514528077e-09,2.224972922327958e-08,2.74527000953716e-07,2.240727326003366e-05,0.029087597175385102
37.033660000000005,5.95462829763185e-10,4.541642162194195e-09,2.2052167980087736e-08,2.722241637458186e-07,2.2246834750748454e-05,0.029022679943060285
37.051993,5.898834715171846e-10,4.500201422753632e-09,2.1856358257470486e-08,2.6994054438709624e-07,2.20875233474527e-05,0.028957808241867507
37.070326,5.843564621848142e-10,4.4591388141353685e-09,2.166228455339781e-08,2.676759834330733e-07,2.192933131132437e-05,0.028892982512738113
37.088659,5.788813098575507e-10,4.418450886040962e-09,2.146993150278013e-08,2.654303227533227e-07,2.177225095519543e-05,0.028828203194339923
37.106992000000005,5.734575272568832e-10,4.378134219654599e-09,2.1279283876261023e-08,2.6320340552071524e-07,2.161627464321908e-05,0.028763470723079547
37.125325000000004,5.680846316906607e-10,4.3381854273558986e-09,2.10903265790211e-08,2.6099507620076544e-07,2.1461394790539517e-05,0.028698785533102927
37.143658,5.627621450098306e-10,4.298601152435162e-09,2.0903044649591684e-08,2.5880518054105395e-07,2.1307603862963063e-05,0.028634148056298152
37.161991,5.574895935656184e-10,4.259378068811395e-09,2.0717423258679212e-08,2.566335655607427e-07,2.1154894376632065e-05,0.02856955872229648
37.180324,5.52266508167075e-10,4.220512880752813e-09,2.053344770800064e-08,2.54480079540173e-07,2.1003258897700254e-05,0.02850501795847405
37.198657000000004,5.470924240390614e-10,4.182002322599903e-09,2.0351103429127697e-08,2.5234457201054795e-07,2.0852690042010415e-05,0.0284405261899546
37.21699,5.419668807806052e-10,4.143843158491086e-09,2.0170375982342975e-08,2.502268937436997e-07,2.070318047477397e-05,0.02837608383961084
37.235323,5.368894223236515e-10,4.10603218209073e-09,1.9991251055504617e-08,2.481268967419349e-07,2.055472291025224e-05,0.028311691328064853
37.253656,5.318595968922237e-10,4.068566216319798e-09,1.9813714462921677e-08,2.460444342279689e-07,2.0407310111440087e-05,0.028247349073692578
37.271989000000005,5.268769569619494e-10,4.031442113088865e-09,1.9637752144239266e-08,2.439793606349373e-07,2.0260934889751222e-05,0.028183057492624498
37.290322,5.219410592199763e-10,3.994656753033657e-09,1.9463350163334067e-08,2.419315315964928e-07,2.0115590104705768e-05,0.028118816998746774
37.308655,5.170514645252683e-10,3.958207045252854e-09,1.9290494707218117e-08,2.399008039369749e-07,1.997126866361928e-05,0.028054628003705444
37.326988,5.122077378692759e-10,3.922089927048439e-09,1.911917208495366e-08,2.3788703566166665e-07,1.9827963521293935e-05,0.027990490916906235
37.345321,5.074094483369694e-10,3.886302363668336e-09,1.894936872657716e-08,2.3589008594712802e-07,1.9685667679711827e-05,0.027926406145518435
37.363654000000004,5.026561690682612e-10,3.850841348051404e-09,1.878107118203202e-08,2.3390981513160494e-07,1.9544374187729743e-05,0.0278623740944764
37.381987,4.979474772197684e-10,3.8157039005748185e-09,1.861426612011221e-08,2.3194608470552518e-07,1.9404076140776246e-05,0.027798395166481506
37.40032,4.932829539269516e-10,3.780887068803628e-09,1.8448940327413365e-08,2.2999875730205445e-07,1.9264766680550118e-05,0.027734469762004912
37.418653,4.886621842666111e-10,3.746387927242729e-09,1.828508070729441e-08,2.2806769668774812e-07,1.912643899472111e-05,0.02767059827928943
37.436986000000005,4.840847572197205e-10,3.712203577091023e-09,1.8122674278848108e-08,2.2615276775326571e-07,1.898908631663242e-05,0.027606781114352347
37.455319,4.795502656346433e-10,3.6783311459978975e-09,1.7961708175880375e-08,2.2425383650416908e-07,1.8852701925005043e-05,0.02754301866098717
37.473652,4.750583061906629e-10,3.6447677878217964e-09,1.7802169645898407e-08,2.223707700517864e-07,1.8717279143643558e-05,0.02747931131076674
37.491985,4.70608479361877e-10,3.6115106823911238e-09,1.7644046049108373e-08,2.2050343660415993e-07,1.858281134114435e-05,0.02741565945304485
37.510318000000005,4.662003893814276e-10,3.5785570352672536e-09,1.7487324857421284e-08,2.186517054570586e-07,1.8449291930605245e-05,0.027352063474959925
37.528651,4.6183364420607634e-10,3.5459040775097764e-09,1.7331993653468115e-08,2.1681544698507274e-07,1.831671436933712e-05,0.02728852376143613
37.546984,4.5750785548109467e-10,3.513549065443762e-09,1.717804012962308e-08,2.1499453263277143e-07,1.8185072158577016e-05,0.02722504069518685
37.565317,4.5322263850550816e-10,3.4814892804292722e-09,1.702545208703589e-08,2.1318883490593818e-07,1.8054358843203453e-05,0.027161614656717414
37.58365,4.4897761219765473e-10,3.4497220286329133e-09,1.687421743467246e-08,2.1139822736287537e-07,1.792456801145305e-05,0.027098246024326797
37.601983000000004,4.4477239906107457e-10,3.4182446408014743e-09,1.6724324188363788e-08,2.0962258460578128e-07,1.779569329463939e-05,0.027034935174111693
37.620316,4.406066251507233e-10,3.38705447203769e-09,1.657576046986379e-08,2.078617822721949e-07,1.7667728366873263e-05,0.02697168247996763
37.638649,4.364799200394941e-10,3.3561489015779305e-09,1.642851450591461e-08,2.0611569702650957e-07,1.7540666944784635e-05,0.026908488313592795
37.656982,4.3239191678506723e-10,3.3255253325720386e-09,1.628257462732088e-08,2.0438420655155934e-07,1.7414502787246664e-05,0.02684535304449078
37.675315000000005,4.2834225189707084e-10,3.295181191865105e-09,1.613792926803155e-08,2.0266718954026916e-07,1.728922969510102e-05,0.026782277039972952
37.693648,4.2433056530454625e-10,3.2651139297813055e-09,1.5994566964230652e-08,2.0096452568737917e-07,1.716484151088538e-05,0.02671926066516143
37.711981,4.203565003237239e-10,3.2353210199095932e-09,1.5852476353434792e-08,1.992760956812274e-07,1.7041332118562095e-05,0.026656304282992323
37.730314,4.164197036261022e-10,3.2057999588914627e-09,1.5711646173599818e-08,1.976017811956065e-07,1.6918695443248944e-05,0.026593408254218385
37.748647000000005,4.125198252068318e-10,3.1765482662105807e-09,1.5572065262234462e-08,1.959414648816833e-07,1.679692545095128e-05,0.026530572937411196
37.766980000000004,4.08656518353399e-10,3.1475634839844074e-09,1.5433722555522484e-08,1.9429503035998899e-07,1.6676016148296358e-05,0.026467798688966516
37.785313,4.048294396145897e-10,3.1188431767576026e-09,1.5296607087451955e-08,1.92662362212463e-07,1.6555961582268363e-05,0.0264050858631039
37.803646,4.0103824876977114e-10,3.0903849312974304e-09,1.5160707988952413e-08,1.91043345974576e-07,1.643675583994618e-05,0.026342434811873077
37.821979,3.97282608798441e-10,3.062186356390977e-09,1.5026014487039888e-08,1.8943786812750602e-07,1.6318393048241945e-05,0.026279845885154845
37.840312000000004,3.935621858500779e-10,3.034245082644217e-09,1.4892515903968959e-08,1.878458160903826e-07,1.6200867373641672e-05,0.026217319430664788
37.858645,3.8987664921427517e-10,3.006558762282967e-09,1.4760201656392834e-08,1.86267078212596e-07,1.6084173021947617e-05,0.026154855793957155
37.876978,3.862256712911482e-10,2.9791250689555484e-09,1.4629061254530083e-08,1.8470154376616265e-07,1.5968304238021525e-05,0.026092455318427053
37.895311,3.8260892756202693e-10,2.9519416975373586e-09,1.449908430133956e-08,1.8314910293815958e-07,1.585325530553041e-05,0.026030118345314008
37.913644000000005,3.79026096560429e-10,2.9250063639371604e-09,1.4370260491701795e-08,1.816096468232152e-07,1.57390205466932e-05,0.025967845213705733
37.931977,3.7547685984330123e-10,2.8983168049052027e-09,1.424257961160842e-08,1.8008306741606617e-07,1.562559432202953e-05,0.02590563626054081
37.95031,3.7196090196253166e-10,2.8718707778429885e-09,1.411603153735776e-08,1.7856925760416731e-07,1.5512971030109435e-05,0.025843491820611415
37.968643,3.684779104367342e-10,2.845666060614879e-09,1.3990606234758365e-08,1.7706811116037136e-07,1.540114510730535e-05,0.025781412226569024
37.986976,3.6502757572329726e-10,2.8197004513613704e-09,1.3866293758339152e-08,1.7557952273565923e-07,1.5290111027545062e-05,0.02571939780892471
38.005309000000004,3.6160959119070115e-10,2.79397176831407e-09,1.3743084250566303e-08,1.7410338785193542e-07,1.5179863302066535e-05,0.025657448896055
38.023642,3.582236530910894e-10,2.768477849612414e-09,1.3620967941067846e-08,1.7263960289488004e-07,1.5070396479174215e-05,0.025595565814203632
38.041975,3.548694605331035e-10,2.7432165531219547e-09,1.3499935145863877e-08,1.7118806510685803e-07,1.4961705143996704e-05,0.02553374888748662
38.060308,3.5154671545497233e-10,2.7181857562544086e-09,1.3379976266604651e-08,1.6974867257988746e-07,1.485378391824618e-05,0.025471998437894647
38.078641000000005,3.482551225978549e-10,2.6933833557892844e-09,1.3261081789814781e-08,1.6832132424866444e-07,1.4746627459979047e-05,0.025410314785296345
38.096974,3.4499438947944503e-10,2.668807267697199e-09,1.3143242286144295e-08,1.6690591988364674e-07,1.4640230463358577e-05,0.025348698247443128
38.115307,3.4176422636780034e-10,2.6444554269647078e-09,1.3026448409626274e-08,1.6550236008418854e-07,1.4534587658418245e-05,0.025287149139971456
38.13364,3.385643462554501e-10,2.620325787420829e-09,1.2910690896940758e-08,1.6411054627173825e-07,1.4429693810827418e-05,0.02522566777640805
38.151973000000005,3.353944648337207e-10,2.596416321565097e-09,1.27959605666856e-08,1.6273038068308456e-07,1.4325543721657788e-05,0.025164254468171176
38.170306000000004,3.322543004673206e-10,2.5727250203972347e-09,1.2682248318653633e-08,1.6136176636366463e-07,1.4222132227151905e-05,0.025102909524576614
38.188639,3.2914357416915473e-10,2.5492498932482938e-09,1.256954513311566e-08,1.6000460716092002e-07,1.4119454198492554e-05,0.025041633252840614
38.206972,3.2606200957538376e-10,2.5259889676134247e-09,1.2457842070110446e-08,1.5865880771771048e-07,1.4017504541574007e-05,0.024980425958082895
38.225305,3.230093329207106e-10,2.502940288986126e-09,1.2347130268740773e-08,1.5732427346578228e-07,1.3916278196774572e-05,0.02491928794333135
38.243638000000004,3.1998527301391235e-10,2.480101920694008e-09,1.2237400946475253e-08,1.5600091061928573e-07,1.3815770138730477e-05,0.024858219509525346
38.261971,3.1698956121359133e-10,2.457471943736099e-09,1.2128645398457161e-08,1.5468862616835032e-07,1.3715975376111511e-05,0.024797220955519898
38.280304,3.1402193140415867e-10,2.4350484566215487e-09,1.2020854996818368e-08,1.5338732787270862e-07,1.3616888951397504e-05,0.024736292578089458
38.298637,3.110821199720487e-10,2.412829575209886e-09,1.1914021189999995e-08,1.5209692425537229e-07,1.3518505940656725e-05,0.024675434671930882
38.316970000000005,3.081698657821514e-10,2.390813432552692e-09,1.1808135502078797e-08,1.5081732459636244e-07,1.3420821453325489e-05,0.02461464752966924
38.335303,3.0528491015447573e-10,2.3689981787367576e-09,1.1703189532099647e-08,1.4954843892648923e-07,1.3323830631989176e-05,0.0245539314418596
38.353636,3.024269968410194e-10,2.3473819807285976e-09,1.1599174953413608e-08,1.482901780211809e-07,1.3227528652164491e-05,0.024493286696992713
38.371969,2.9959587200287045e-10,2.32596302222046e-09,1.1496083513022123e-08,1.4704245339436528e-07,1.3131910722083281e-05,0.02443271358149791
38.390302000000005,2.96791284187519e-10,2.304739503477695e-09,1.1393907030926736e-08,1.4580517729240002e-07,1.3036972082477596e-05,0.024372212379747595
38.408635000000004,2.940129843063879e-10,2.283709641187565e-09,1.1292637399484826e-08,1.4457826268805382e-07,1.2942708006366299e-05,0.024311783374061258
38.426968,2.9126072561256184e-10,2.262871668309351e-09,1.1192266582770727e-08,1.4336162327453335e-07,1.2849113798842669e-05,0.024251426844709496
38.445301,2.885342636787425e-10,2.2422238339259097e-09,1.109278661594269e-08,1.421551734595624e-07,1.2756184796863577e-05,0.02419114306991738
38.463634,2.858333563754062e-10,2.2217644030965437e-09,1.0994189604615205e-08,1.40958828359508e-07,1.2663916369040142e-05,0.024130932325870172
38.481967000000004,2.8315776384915944e-10,2.2014916567112155e-09,1.0896467724237177e-08,1.3977250379355334e-07,1.2572303915429257e-05,0.024070794886716148
38.5003,2.805072485013163e-10,2.1814038913461286e-09,1.0799613219475306e-08,1.385961162779213e-07,1.2481342867326995e-05,0.024010731024570877
38.518633,2.778815749666601e-10,2.1614994191205514e-09,1.0703618403602777e-08,1.3742958302014038e-07,1.2391028687062736e-05,0.02395074100952191
38.536966,2.752805100924112e-10,2.1417765675550227e-09,1.0608475657893924e-08,1.3627282191336196e-07,1.230135686779507e-05,0.02389082510963278
38.555299000000005,2.7270382291740073e-10,2.122233679430806e-09,1.0514177431023441e-08,1.351257515307201e-07,1.2212322933308666e-05,0.023830983590946864
38.573632,2.701512846514328e-10,2.1028691126506727e-09,1.0420716238471669e-08,1.3398829111974327e-07,1.212392243781283e-05,0.02377121671749246
38.591965,2.6762266865484267e-10,2.083681240100876e-09,1.0328084661934315e-08,1.3286036059680194e-07,1.2036150965740681e-05,0.02371152475128618
38.610298,2.651177504182467e-10,2.0646684495144656e-09,1.023627534873816e-08,1.3174188054161121e-07,1.1949004131550244e-05,0.023651907952337417
38.628631,2.6263630754248894e-10,2.0458291433358073e-09,1.014528101126133e-08,1.3063277219177355e-07,1.1862477579526503e-05,0.023592366578653375
38.646964000000004,2.601781197187686e-10,2.0271617385863406e-09,1.005509442635899e-08,1.2953295743736533e-07,1.1776566983584649e-05,0.023532900886242644
38.665297,2.5774296870896786e-10,2.008664666731598e-09,9.965708434793966e-09,1.2844235881557135e-07,1.1691268047074854e-05,0.023473511129120047
38.68363,2.553306383261447e-10,1.9903363735493643e-09,9.877115940672441e-09,1.2736089950535815e-07,1.16065765025879e-05,0.023414197559310325
38.701963,2.529409144152323e-10,1.972175318999112e-09,9.789309910884503e-09,1.2628850332219518e-07,1.1522488111762298e-05,0.02335496042685354
38.720296000000005,2.505735848339028e-10,1.954179977092585e-09,9.702283374549849e-09,1.2522509471281622e-07,1.1438998665092621e-05,0.023295799979808643
38.738629,2.4822843943362593e-10,1.936348835765604e-09,9.616029422468233e-09,1.2417059875002706e-07,1.1356103981739058e-05,0.02323671646425873
38.756962,2.4590527004089225e-10,1.9186803967509743e-09,9.530541206574642e-09,1.2312494112754896e-07,1.1273799909337861e-05,0.023177710124314355
38.775295,2.4360387043862476e-10,1.9011731754526193e-09,9.445811939399481e-09,1.220880481549123e-07,1.1192082323813538e-05,0.023118781202119625
38.793628000000005,2.4132403634775813e-10,1.8838257008208254e-09,9.361834893533435e-09,1.210598467523852e-07,1.1110947129191743e-05,0.023059929937854915
38.811961000000004,2.3906556540900036e-10,1.8666365152286612e-09,9.278603401097104e-09,1.2004026444594925e-07,1.103039025741379e-05,0.023001156569743
38.830294,2.3682825716475475e-10,1.849604174349463e-09,9.196110853215084e-09,1.1902922936231048e-07,1.0950407668151859e-05,0.02294246133405263
38.848627,2.3461191304122357e-10,1.832727247035497e-09,9.11435069949494e-09,1.18026670223956e-07,1.0870995348625789e-05,0.022883844465103553
38.86696,2.324163363306709e-10,1.8160043151977047e-09,9.033316447510782e-09,1.1703251634424755e-07,1.0792149313420871e-05,0.02282530619527087
38.885293000000004,2.3024133217386307e-10,1.799433973686537e-09,8.95300166229102e-09,1.1604669762255759e-07,1.0713865604306691e-05,0.02276684675498953
38.903626,2.2808670754266543e-10,1.7830148301739152e-09,8.873399965811288e-09,1.150691445394448e-07,1.0636140290057511e-05,0.022708466372759452
38.921959,2.25952271222808e-10,1.7667455050361991e-09,8.79450503649104e-09,1.1409978815186572e-07,1.0558969466273223e-05,0.02265016527514983
38.940292,2.2383783379681092e-10,1.750624631238291e-09,8.716310608695298e-09,1.131385600884309e-07,1.0482349255201905e-05,0.022591943686803773
38.958625000000005,2.217432076270734e-10,1.7346508542187566e-09,8.63881047224034e-09,1.1218539254469445e-07,1.0406275805563277e-05,0.022533801830443165
38.976958,2.19668206839126e-10,1.7188228317760331e-09,8.561998471903942e-09,1.1124021827848812e-07,1.03307452923735e-05,0.0224757399268735
38.995291,2.176126473050268e-10,1.703139233955612e-09,8.485868506939895e-09,1.1030297060528556e-07,1.025575391677075e-05,0.022417758194987803
39.013624,2.1557634662693047e-10,1.6875987429383153e-09,8.410414530596751e-09,1.0937358339361242e-07,1.0181297905842162e-05,0.022359856851772626
39.031957000000006,2.1355912412080215e-10,1.6722000529295527e-09,8.335630549640856e-09,1.0845199106048912e-07,1.0107373512451869e-05,0.022302036112311695
39.050290000000004,2.1156080080029185e-10,1.656941870049625e-09,8.261510623883676e-09,1.0753812856691255e-07,1.0033977015070068e-05,0.022244296189791776
39.068623,2.0958119936075098e-10,1.6418229122249706e-09,8.188048865713068e-09,1.0663193141337356e-07,9.961104717603094e-06,0.022186637295506035
39.086956,2.0762014416341018e-10,1.6268419090804626e-09,8.115239439628879e-09,1.0573333563541285e-07,9.888752949224761e-06,0.022129059638860107
39.105289,2.0567746121969882e-10,1.6119976018326586e-09,8.04307656178262e-09,1.0484227779921187e-07,9.816918064208653e-06,0.02207156342737652
39.123622000000005,2.0375297817571676e-10,1.5972887431840257e-09,7.971554499521043e-09,1.0395869499721998e-07,9.745596441761547e-06,0.022014148866699595
39.141955,2.0184652429685474e-10,1.582714097218159e-09,7.900667570933924e-09,1.0308252484381822e-07,9.674784485857897e-06,0.02195681616059969
39.160288,1.9995793045254737e-10,1.5682724392958986e-09,7.830410144405761e-09,1.0221370547101668e-07,9.60447862507528e-06,0.02189956551097916
39.178621,1.9808702910118577e-10,1.5539625559524521e-09,7.760776638171362e-09,1.0135217552418955e-07,9.534675312431013e-06,0.02184239711787644
39.196954000000005,1.9623365427516177e-10,1.5397832447954212e-09,7.691761519875433e-09,1.0049787415784256e-07,9.465371025219796e-06,0.0217853111794716
39.215287000000004,1.943976415660585e-10,1.525733314403793e-09,7.62335930613617e-09,9.965074103141649e-08,9.396562264852364e-06,0.021728307892090144
39.23362,1.925788281099782e-10,1.5118115842277972e-09,7.555564562112241e-09,9.881071630512569e-08,9.328245556695087e-06,0.02167138745020921
39.251953,1.9077705257300656e-10,1.4980168844897313e-09,7.488371901074202e-09,9.797774063582818e-08,9.260417449910806e-06,0.021614550046462188
39.270286,1.8899215513681849e-10,1.4843480560856655e-09,7.421775983979252e-09,9.715175517293203e-08,9.193074517300516e-06,0.021557795871643158
39.288619000000004,1.8722397748441673e-10,1.4708039504880423e-09,7.355771519049847e-09,9.633270155433336e-08,9.12621335514603e-06,0.021501125114712083
39.306952,1.854723627860069e-10,1.4573834296491927e-09,7.29035326135621e-09,9.552052190239053e-08,9.059830583053975e-06,0.021444537962800585
39.325285,1.8373715568500238e-10,1.4440853659056793e-09,7.225516012402133e-09,9.471515881992562e-08,8.993922843800233e-06,0.021388034601215723
39.343618,1.8201820228416305e-10,1.4309086418835659e-09,7.161254619714878e-09,9.391655538626555e-08,8.928486803175925e-06,0.02133161521344593
39.361951000000005,1.8031535013186554e-10,1.4178521504045187e-09,7.097563976438345e-09,9.312465515331046e-08,8.863519149834058e-06,0.02127527998116574
39.380284,1.7862844820850257e-10,1.404914794392796e-09,7.034439020930149e-09,9.233940214163699e-08,8.7990165951373e-06,0.021219029084241
39.398617,1.7695734691300883e-10,1.3920954867830358e-09,6.971874736361809e-09,9.156074083663143e-08,8.7349758730066e-06,0.021162862700733483
39.41695,1.7530189804951555e-10,1.3793931504289344e-09,6.9098661503228964e-09,9.078861618465653e-08,8.67139373977091e-06,0.021106781006906244
39.435283000000005,1.7366195481412977e-10,1.3668067180127292e-09,6.848408334428423e-09,9.002297358924777e-08,8.60826697401785e-06,0.021050784177229356
39.453616000000004,1.7203737178183938e-10,1.3543351319555372e-09,6.787496403929935e-09,8.926375890734419e-08,8.54559237644529e-06,0.02099487238438391
39.471949,1.7042800489354033e-10,1.3419773443284613e-09,6.7271255173296e-09,8.851091844554412e-08,8.483366769713845e-06,0.020939045799267936
39.490282,1.688337114431873e-10,1.3297323167645576e-09,6.667290875998134e-09,8.776439895639759e-08,8.421586998300417e-06,0.020883304591001038
39.508615,1.6725435006506497e-10,1.3175990203715822e-09,6.60798772379588e-09,8.702414763472585e-08,8.36024992835265e-06,0.020827648926929797
39.526948000000004,1.656897807211762e-10,1.305576435645532e-09,6.549211346697351e-09,8.629011211397187e-08,8.299352447544243e-06,0.02077207897263313
39.545281,1.6413986468875844e-10,1.293663552385001e-09,6.490957072418934e-09,8.556224046258132e-08,8.238891464931369e-06,0.02071659489192672
39.563614,1.6260446454790387e-10,1.281859369606268e-09,6.433220270049984e-09,8.484048118041081e-08,8.178863910809777e-06,0.020661196846869238
39.581947,1.6108344416930942e-10,1.270162895459209e-09,6.375996349687089e-09,8.412478319516919e-08,8.119266736573043e-06,0.020605884997767075
39.600280000000005,1.5957666870213266e-10,1.2585731471439462e-09,6.31928076207169e-09,8.341509585888401e-08,8.060096914571502e-06,0.020550659503178685
39.618613,1.5808400456196862e-10,1.2470891508282868e-09,6.263068998230883e-09,8.271136894440215e-08,8.00135143797245e-06,0.020495520519921543
39.636946,1.566053194189357e-10,1.2357099415658688e-09,6.207356589121128e-09,8.201355264191268e-08,7.943027320620746e-06,0.020440468203075622
39.655279,1.5514048218587607e-10,1.2244345632150998e-09,6.152139105275455e-09,8.132159755550288e-08,7.885121596900763e-06,0.020385502705990096
39.673612000000006,1.536893630066647e-10,1.2132620683588072e-09,6.0974121564536075e-09,8.063545469974108e-08,7.827631321598966e-06,0.0203306241802874
39.691945000000004,1.5225183324463562e-10,1.2021915182246495e-09,6.0431713912952665e-09,7.995507549628826e-08,7.770553569767552e-06,0.02027583277586939
39.710278,1.5082776547110485e-10,1.1912219826062084e-09,5.989412496976385e-09,7.928041177053552e-08,7.713885436588714e-06,0.02022112864092187
39.728611,1.494170334540136e-10,1.1803525397848467e-09,5.936131198868504e-09,7.861141574827019e-08,7.65762403724012e-06,0.020166511921920583
39.746944,1.480195121466719e-10,1.1695822764522555e-09,5.883323260201116e-09,7.794804005237013e-08,7.6017665067609524e-06,0.020111982763635742
39.765277000000005,1.4663507767661052e-10,1.1589102876337088e-09,5.830984481726936e-09,7.729023769952429e-08,7.546309999918986e-06,0.02005754130913823
39.78361,1.4526360733453685e-10,1.1483356766120394e-09,5.779110701390359e-09,7.663796209698013e-08,7.491251691078568e-06,0.02000318769980406
39.801943,1.4390497956339473e-10,1.137857554852268e-09,5.727697793998432e-09,7.599116703931688e-08,7.436588774069205e-06,0.019948922075320126
39.820276,1.4255907394752952e-10,1.1274750419269592e-09,5.676741670895071e-09,7.534980670524747e-08,7.382318462055273e-06,0.019894744573689675
39.838609000000005,1.4122577120195166e-10,1.1171872654422354e-09,5.626238279638034e-09,7.471383565444405e-08,7.328437987406371e-06,0.01984065533123663
39.856942000000004,1.3990495316170532e-10,1.1069933609644905e-09,5.5761836036788316e-09,7.408320882439246e-08,7.274944601568764e-06,0.019786654482612808
39.875275,1.3859650277133395e-10,1.0968924719477303e-09,5.526573662045203e-09,7.345788152726975e-08,7.221835574937246e-06,0.019732742160801273
39.893608,1.3730030407444577e-10,1.0868837496616178e-09,5.4774045090267465e-09,7.283780944684846e-08,7.169108196728296e-06,0.019678918497123114
39.911941,1.360162422033802e-10,1.0769663531201544e-09,5.428672233863033e-09,7.222294863542635e-08,7.1167597748537145e-06,0.019625183621242322
39.930274000000004,1.347442033689676e-10,1.0671394490110114e-09,5.380372960434624e-09,7.161325551078164e-08,7.064787635795192e-06,0.01957153766117041
39.948607,1.334840748503901e-10,1.0574022116255268e-09,5.332502846956842e-09,7.100868685315306e-08,7.013189124479831e-06,0.01951798074327347
39.96694,1.322357449851318e-10,1.0477538227893005e-09,5.285058085676075e-09,7.040919980224334e-08,6.96196160415619e-06,0.019464512992276306
39.985273,1.3099910315902908e-10,1.0381934717934641e-09,5.238034902568951e-09,6.98147518542491e-08,6.911102456271334e-06,0.019411134531267717
40.003606000000005,1.297740397964124e-10,1.0287203553265523e-09,5.191429557044018e-09,6.922530085891437e-08,6.860609080348648e-06,0.019357845481706857
40.021939,1.2856044635034305e-10,1.0193336774070188e-09,5.1452383416462035e-09,6.864080501660844e-08,6.81047889386644e-06,0.01930464596342784
40.040272,1.273582152929359e-10,1.010032649316332e-09,5.099457581763734e-09,6.806122287542733e-08,6.760709332137264e-06,0.019251536094645708
40.058605,1.2616724010578174e-10,1.0008164895327182e-09,5.0540836353376946e-09,6.748651332831869e-08,6.711297848188091e-06,0.019198515991961176
40.076938000000006,1.249874152704528e-10,9.91684423665485e-10,5.009112892574196e-09,6.691663561023224e-08,6.662241912641265e-06,0.019145585770366902
40.095271000000004,1.2381863625910177e-10,9.82635684389969e-10,4.964541775659141e-09,6.635154929529133e-08,6.613539013596239e-06,0.019092745543252233
40.113604,1.226607995251482e-10,9.736695113830382e-10,4.9203667384752e-09,6.57912142939885e-08,6.565186656511973e-06,0.019039995422408806
40.131937,1.2151380249405064e-10,9.64785151259221e-10,4.876584266321713e-09,6.523559085040459e-08,6.517182364090239e-06,0.018987335518036552
40.15027,1.2037754355417028e-10,9.559818575073986e-10,4.833190875636712e-09,6.468463953945002e-08,6.4695236761596e-06,0.018934765938748398
40.168603000000004,1.1925192204771474e-10,9.472588904280758e-10,4.790183113721621e-09,6.413832126412917e-08,6.422208149560124e-06,0.018882286791575956
40.186936,1.1813683826177427e-10,9.38615517071241e-10,4.747557558468285e-09,6.359659725282692e-08,6.375233358028995e-06,0.018829898181975398
40.205269,1.1703219341943416e-10,9.3005101117476e-10,4.70531081808839e-09,6.305942905661776e-08,6.328596892086631e-06,0.018777600213832263
40.223602,1.1593788967097754e-10,9.215646531033648e-10,4.663439530845337e-09,6.252677854659635e-08,6.282296358923757e-06,0.018725392989467488
40.241935000000005,1.1485383008516831e-10,9.131557297881793e-10,4.621940364788404e-09,6.199860791123033e-08,6.23632938228905e-06,0.01867327660964275
40.260268,1.1377991864061636e-10,9.048235346668167e-10,4.58081001748943e-09,6.147487965373635e-08,6.190693602377723e-06,0.01862125117356558
40.278601,1.1271606021722334e-10,8.965673676239907e-10,4.540045215781535e-09,6.095555658947425e-08,6.1453866757205494e-06,0.018569316778895395
40.296934,1.1166216058771073e-10,8.883865349327011e-10,4.4996427155004e-09,6.044060184336657e-08,6.100406275073873e-06,0.01851747352174886
40.315267000000006,1.1061812640922587e-10,8.802803491959371e-10,4.4595993012277085e-09,5.992997884733609e-08,6.055750089310153e-06,0.01846572149670501
40.333600000000004,1.0958386521502968e-10,8.722481292889305e-10,4.41991178603694e-09,5.942365133776648e-08,6.011415823309403e-06,0.0184140607968113
40.351933,1.0855928540625883e-10,8.642892003019057e-10,4.3805770112412436e-09,5.892158335298214e-08,5.967401197851074e-06,0.018362491513588593
40.370266,1.0754429624376838e-10,8.564028934833827e-10,4.341591846143732e-09,5.842373923075112e-08,5.923703949506939e-06,0.01831101373703707
40.388599,1.0653880784005046e-10,8.485885461839814e-10,4.302953187789861e-09,5.7930083605805494e-08,5.880321830534456e-06,0.018259627555641835
40.406932000000005,1.0554273115122898e-10,8.4084550180074e-10,4.264657960721997e-09,5.744058140738414e-08,5.837252608770917e-06,0.018208333056377597
40.425265,1.0455597796913048e-10,8.331731097219552e-10,4.226703116736264e-09,5.695519785679645e-08,5.794494067528334e-06,0.018157130324715505
40.443598,1.0357846091342663e-10,8.255707252724965e-10,4.1890856346413665e-09,5.6473898465003334e-08,5.752044005488876e-06,0.018106019444627638
40.461931,1.0261009342385602e-10,8.180377096596492e-10,4.151802520019625e-09,5.599664903021991e-08,5.709900236601104e-06,0.018055000498592832
40.480264000000005,1.0165078975251239e-10,8.10573429919434e-10,4.114850804990212e-09,5.552341563553873e-08,5.66806058997683e-06,0.018004073567602193
40.498597000000004,1.007004649562136e-10,8.031772588634329e-10,4.0782275479743355e-09,5.505416464657005e-08,5.626522909788734e-06,0.017953238731165062
40.51693,9.97590348889341e-11,7.958485750260729e-10,4.041929833462528e-09,5.458886270910422e-08,5.58528505516847e-06,0.01790249606731391
40.535263,9.882641619431514e-11,7.885867626124184e-10,4.005954771784035e-09,5.4127476746790176e-08,5.544344900105637e-06,0.01785184565261013
40.553596,9.790252629824112e-11,7.813912114464255e-10,3.970299498878254e-09,5.3669973958836914e-08,5.503700333347279e-06,0.01780128756214957
40.571929000000004,9.69872834014888e-11,7.742613169196702e-10,3.9349611760680885e-09,5.321632181773035e-08,5.463349258298129e-06,0.017750821869568383
40.590262,9.608060647244525e-11,7.671964799405557e-10,3.899936989835451e-09,5.276648806697074e-08,5.4232895929214445e-06,0.0177004486470482
40.608595,9.518241523989119e-11,7.601961068839577e-10,3.865224151598597e-09,5.232044071882843e-08,5.383519269640482e-06,0.01765016796532159
40.626928,9.429263018585797e-11,7.532596095413558e-10,3.830819897491484e-09,5.1878148052117974e-08,5.344036235240695e-06,0.01759997989367799
40.645261000000005,9.341117253854442e-11,7.463864050714038e-10,3.796721488145197e-09,5.143957860998992e-08,5.304838450772477e-06,0.01754988449996915
40.663594,9.253796426530999e-11,7.395759159509666e-10,3.762926208471091e-09,5.100470119774243e-08,5.265923891454652e-06,0.01749988185061419
40.681927,9.167292806572297e-11,7.328275699265778e-10,3.729431367446008e-09,5.057348488064951e-08,5.227290546578481e-06,0.01744997201060631
40.70026,9.081598736468263e-11,7.261407999663667e-10,3.696234297899319e-09,5.014589898180644e-08,5.188936419412347e-06,0.017400155043516975
40.718593000000006,8.996706630560241e-11,7.19515044212408e-10,3.6633323563018477e-09,4.97219130799952e-08,5.150859527107088e-06,0.01735043101150225
40.736926000000004,8.912608974365815e-11,7.129497459335215e-10,3.6307229225567626e-09,4.930149700756615e-08,5.113057900601969e-06,0.01730079997530836
40.755259,8.829298323909843e-11,7.064443534784778e-10,3.5984033997921226e-09,4.8884620848336215e-08,5.075529584531155e-06,0.017251261994277265
40.773592,8.746767305062065e-11,6.999983202296551e-10,3.5663712141554057e-09,4.847125493550571e-08,5.038272637130911e-06,0.01720181712635138
40.791925,8.665008612880662e-11,6.936111045571078e-10,3.534623814609828e-09,4.806136984959256e-08,5.001285130147393e-06,0.017152465428080677
40.810258000000005,8.584015010962155e-11,6.872821697730523e-10,3.503158672732408e-09,4.765493641638232e-08,4.964565148744998e-06,0.017103206954626745
40.828591,8.503779330797539e-11,6.810109840867829e-10,3.4719732825138826e-09,4.725192570489544e-08,4.928110791415386e-06,0.0170540417597692
40.846924,8.424294471134023e-11,6.74797020559972e-10,3.441065160160331e-09,4.68523090253721e-08,4.891920169887013e-06,0.017004969895911402
40.865257,8.34555339734329e-11,6.68639757062404e-10,3.41043184389659e-09,4.64560579272726e-08,4.8559914090353164e-06,0.016955991414085166
40.883590000000005,8.26754914079547e-11,6.625386762280988e-10,3.3800708937713517e-09,4.606314419729373e-08,4.820322646793457e-06,0.016907106363956717
40.901923000000004,8.190274798238991e-11,6.564932654118491e-10,3.3499798914641334e-09,4.567353985740462e-08,4.784912034063772e-06,0.01685831479383286
40.920256,8.113723531186306e-11,6.505030166461311e-10,3.3201564400936953e-09,4.528721716289411e-08,4.749757734629539e-06,0.016809616750665595
40.938589,8.037888565305398e-11,6.445674265984316e-10,3.2905981640283934e-09,4.490414860043755e-08,4.714857925067635e-06,0.016761012280058295
40.956922000000006,7.962763189816988e-11,6.386859965289509e-10,3.2613027086980746e-09,4.452430688617847e-08,4.680210794661522e-06,0.0167125014262708
40.975255000000004,7.888340756897546e-11,6.328582322487053e-10,3.2322677404077164e-09,4.414766496382652e-08,4.645814545315002e-06,0.016664084232225707
40.993588,7.814614681087649e-11,6.270836440779888e-10,3.2034909461525964e-09,4.377419600276986e-08,4.61166739146635e-06,0.016615760739513104
41.011921,7.741578438706152e-11,6.213617468052367e-10,3.1749700334352217e-09,4.340387339620415e-08,4.5777675600031625e-06,0.016567530988396514
41.030254,7.669225567269853e-11,6.156920596462536e-10,3.1467027300837734e-09,4.303667075927684e-08,4.544113290177699e-06,0.016519395017818513
41.048587000000005,7.597549664918386e-11,6.100741062038126e-10,3.1186867840722435e-09,4.2672561927246514e-08,4.510702833522763e-06,0.016471352865406
41.06692,7.526544389844916e-11,6.045074144276354e-10,3.0909199633421175e-09,4.2311520953657787e-08,4.4775344537682515e-06,0.01642340456747625
41.085253,7.456203459731786e-11,5.989915165747139e-10,3.0634000556255776e-09,4.195352210853024e-08,4.444606426758065e-06,0.01637555015904177
41.103586,7.386520651191733e-11,5.935259491700182e-10,3.0361248682703745e-09,4.1598539876563265e-08,4.41191704036773e-06,0.01632778967381644
41.121919000000005,7.317489799214275e-11,5.881102529675473e-10,3.009092228066164e-09,4.124654895535534e-08,4.379464594422484e-06,0.016280123144220743
41.140252000000004,7.249104796617365e-11,5.827439729117498e-10,2.9822999810724718e-09,4.089752425363886e-08,4.347247400615978e-06,0.01623255060138743
41.158585,7.181359593504053e-11,5.774266580992752e-10,2.9557459924480274e-09,4.055144088952707e-08,4.315263782429364e-06,0.016185072075167086
41.176918,7.114248196724485e-11,5.721578617410948e-10,2.929428146281738e-09,4.020827418877829e-08,4.283512075051076e-06,0.016137687594133334
41.195251,7.047764669342808e-11,5.669371411249583e-10,2.9033443454250987e-09,3.986799968307249e-08,4.251990625297079e-06,0.01609039718558903
41.213584000000004,6.981903130109033e-11,5.617640575781921e-10,2.8774925113261177e-09,3.953059310830328e-08,4.220697791531597e-06,0.016043200875571057
41.231917,6.916657752936121e-11,5.566381764308486e-10,2.8518705838647046e-09,3.919603040288361e-08,4.1896319435884906e-06,0.015996098688856576
41.25025,6.852022766381767e-11,5.515590669791704e-10,2.8264765211893974e-09,3.88642877060643e-08,4.158791462692971e-06,0.01594909064896766
41.268583,6.787992453134991e-11,5.465263024494081e-10,2.8013082995557684e-09,3.853534135626863e-08,4.128174741384016e-06,0.015902176778177957
41.286916000000005,6.724561149507927e-11,5.415394599619571e-10,2.7763639131659816e-09,3.820916788943834e-08,4.09778018343717e-06,0.015855357097517113
41.305249,6.661723244931995e-11,5.365981204958322e-10,2.7516413740100557e-09,3.788574403739573e-08,4.067606203787945e-06,0.01580863162677688
41.323582,6.599473181459017e-11,5.317018688534483e-10,2.7271387117082396e-09,3.756504672621648e-08,4.037651228455626e-06,0.01576200038451663
41.341915,6.537805453266968e-11,5.268502936257401e-10,2.7028539733550124e-09,3.724705307461833e-08,4.007913694467702e-06,0.015715463388068906
41.360248000000006,6.476714606170415e-11,5.220429871575906e-10,2.6787852233643208e-09,3.6931740392361125e-08,3.978392049784664e-06,0.015669020653544165
41.378581000000004,6.416195237135589e-11,5.172795455135843e-10,2.6549305433162944e-09,3.661908617866242e-08,3.9490847532254735e-06,0.015622672195837739
41.396914,6.356241993799804e-11,5.125595684440556e-10,2.6312880318052043e-09,3.630906812062299e-08,3.919990274393296e-06,0.015576418028633701
41.415247,6.296849573995777e-11,5.078826593514652e-10,2.6078558042888107e-09,3.600166409166812e-08,3.891107093601956e-06,0.015530258164411821
41.43358,6.238012725280039e-11,5.032484252570742e-10,2.5846319929390943e-09,3.569685215000042e-08,3.8624337018027075e-06,0.015484192614451808
41.451913000000005,6.17972624446601e-11,4.986564767679214e-10,2.561614746494223e-09,3.53946105370651e-08,3.833968600511598e-06,0.015438221388839754
41.470246,6.121984977161459e-11,4.941064280441124e-10,2.5388022301119094e-09,3.509491767602978e-08,3.805710301737293e-06,0.015392344496473202
41.488579,6.064783817310171e-11,4.895978967663882e-10,2.5161926252239585e-09,3.479775217027375e-08,3.777657327909274e-06,0.015346561945066428
41.506912,6.008117706738066e-11,4.851305041040079e-10,2.4937841293922043e-09,3.450309280189277e-08,3.7498082118066815e-06,0.015300873741156486
41.525245000000005,5.95198163470353e-11,4.807038746829136e-10,2.4715749561656536e-09,3.4210918530214284e-08,3.722161496487511e-06,0.015255279890108152
41.543578000000004,5.896370637452002e-11,4.76317636554197e-10,2.4495633349389756e-09,3.3921208490325744e-08,3.6947157352183435e-06,0.015209780396119633
41.561911,5.841279797774686e-11,4.719714211628349e-10,2.4277475108120973e-09,3.3633941991614635e-08,3.6674694914044676e-06,0.015164375262227938
41.580244,5.78670424457149e-11,4.676648633167293e-10,2.406125744451185e-09,3.3349098516320634e-08,3.640421338520538e-06,0.015119064490314471
41.598577000000006,5.732639152418019e-11,4.633976011560179e-10,2.38469631195077e-09,3.306665771809995e-08,3.6135698600416575e-06,0.015073848081110177
41.616910000000004,5.679079741136792e-11,4.5916927612267564e-10,2.3634575046971365e-09,3.2786599420601796e-08,3.586913649374975e-06,0.015028726034201655
41.635243,5.626021275372124e-11,4.5497953293037654e-10,2.3424076292328967e-09,3.2508903616055105e-08,3.560451309791605e-06,0.014983698348035446
41.653576,5.573459064169494e-11,4.508280195346475e-10,2.3215450071227337e-09,3.223355046386902e-08,3.5341814543591537e-06,0.014938765019924779
41.671909,5.521388460558441e-11,4.4671438710328615e-10,2.3008679748204207e-09,3.196052028924356e-08,3.5081027058745983e-06,0.014893926046054209
41.690242000000005,5.469804861139666e-11,4.42638289987048e-10,2.280374883536898e-09,3.168979358179165e-08,3.4822136967976175e-06,0.014849181421485036
41.708575,5.41870370567594e-11,4.385993856906101e-10,2.2600640991096367e-09,3.1421350994173866e-08,3.4565130691844513e-06,0.014804531140161144
41.726908,5.3680804766867334e-11,4.3459733484378285e-10,2.239934001873036e-09,3.115517334074265e-08,3.4309994746220663e-06,0.014759975194914149
41.745241,5.3179306990468066e-11,4.3063180117300083e-10,2.219982986530079e-09,3.089124159619922e-08,3.4056715741628517e-06,0.0147155135774687
41.763574000000006,5.2682499395885437e-11,4.2670245147306416e-10,2.2002094620250278e-09,3.062953689426071e-08,3.38052803825974e-06,0.014671146278448035
41.781907000000004,5.219033806708068e-11,4.228089555791469e-10,2.180611851417329e-09,3.037004052633891e-08,3.355567546701754e-06,0.014626873287379688
41.80024,5.170277949974841e-11,4.1895098633904564e-10,2.161188591756568e-09,3.0112733940228876e-08,3.330788788549938e-06,0.01458269459270009
41.818573,5.1219780597452395e-11,4.1512821958569684e-10,2.141938133958553e-09,2.9857598738809784e-08,3.306190462073775e-06,0.014538610181760593
41.836906,5.0741298667795733e-11,4.113403341099366e-10,2.122858942682502e-09,2.9604616678755704e-08,3.2817712746880146e-06,0.014494620040832816
41.855239000000005,5.026729141862733e-11,4.0758701163350987e-10,2.103949496209304e-09,2.9353769669256642e-08,3.257529942889886e-06,0.014450724155113687
41.873572,4.9797716954284997e-11,4.038679367823328e-10,2.0852082863208852e-09,2.9105039770751328e-08,3.2334651921968043e-06,0.014406922508731134
41.891905,4.9332533771872235e-11,4.0018279705998433e-10,2.066633818180571e-09,2.885840919366923e-08,3.2095757570843905e-06,0.014363215084749165
41.910238,4.8871700757571297e-11,3.965312828214547e-10,2.048224610214594e-09,2.86138602971836e-08,3.1858603809249834e-06,0.014319601865173545
41.928571000000005,4.841517718299021e-11,3.929130872471245e-10,2.0299791939945933e-09,2.837137558797501e-08,3.1623178159265267e-06,0.014276082830956766
41.946904,4.796292270154584e-11,3.893279063169896e-10,2.0118961141211692e-09,2.813093771900451e-08,3.1389468230719007e-06,0.014232657962003603
41.965237,4.751489734487758e-11,3.8577543878510736e-10,1.993973928108464e-09,2.78925294882975e-08,3.115746172058607e-06,0.014189327237176584
41.98357,4.707106151929814e-11,3.8225538615429006e-10,1.9762112062697678e-09,2.7656133837737064e-08,3.0927146412388676e-06,0.01414609063430082
42.001903000000006,4.663137600227583e-11,3.787674526510207e-10,1.9586065316041247e-09,2.74217338518676e-08,3.069851017560163e-06,0.014102948130169967
42.020236000000004,4.6195801938950975e-11,3.75311345200606e-10,1.941158499683985e-09,2.7189312756708973e-08,3.0471540965061553e-06,0.014059899700551045
42.038569,4.576430083868368e-11,3.718867734025427e-10,1.9238657185437707e-09,2.695885391857886e-08,3.024622682037952e-06,0.014016945320190072
42.056902,4.5336834571635605e-11,3.6849344950612173e-10,1.9067268085694955e-09,2.6730340842926612e-08,3.0022555865358174e-06,0.013974084962817088
42.075235,4.4913365365382686e-11,3.651310883862488e-10,1.889740402389348e-09,2.6503757173175382e-08,2.980051630741266e-06,0.013931318601151313
42.093568000000005,4.4493855801560685e-11,3.6179940751948515e-10,1.8729051447651966e-09,2.6279086689574523e-08,2.9580096436995254e-06,0.013888646206907204
42.111901,4.407826881254165e-11,3.584981269603137e-10,1.85621969248515e-09,2.6056313308061604e-08,2.9361284627024197e-06,0.013846067750798663
42.130234,4.36665676781414e-11,3.552269693176088e-10,1.8396827142569414e-09,2.5835421079133343e-08,2.9144069332315793e-06,0.013803583202545409
42.148567,4.325871602235871e-11,3.5198565973133354e-10,1.8232928906023598e-09,2.561639418672572e-08,2.8928439089020576e-06,0.01376119253087708
42.166900000000005,4.2854677810144244e-11,3.4877392584944194e-10,1.8070489137525716e-09,2.539921694710441e-08,2.8714382514063413e-06,0.013718895703539308
42.185233000000004,4.2454417344201327e-11,3.4559149780499953e-10,1.7909494875443848e-09,2.518387380776343e-08,2.8501888304587515e-06,0.01367669268729887
42.203566,4.2057899261815075e-11,3.424381081935001e-10,1.7749933273173747e-09,2.4970349346332757e-08,2.8290945237401237e-06,0.013634583447948465
42.221899,4.166508853171211e-11,3.393134920504022e-10,1.7591791598120155e-09,2.475862826949584e-08,2.808154216842972e-06,0.013592567950312466
42.240232,4.1275950450949925e-11,3.362173868288638e-10,1.7435057230686404e-09,2.4548695411915658e-08,2.7873668032169477e-06,0.013550646158251998
42.258565000000004,4.0890450641835515e-11,3.3314953237768094e-10,1.727971766327299e-09,2.434053573516898e-08,2.766731184114686e-06,0.013508818034669655
42.276898,4.05085550488725e-11,3.301096709194328e-10,1.712576049928579e-09,2.4134134326691104e-08,2.746246268538047e-06,0.013467083541515589
42.295231,4.013022993573771e-11,3.27097547028815e-10,1.6973173452151517e-09,2.3929476398727136e-08,2.7259109731846357e-06,0.01342544263979187
42.313564,3.97554418822851e-11,3.241129076111821e-10,1.6821944344343536e-09,2.3726547287293948e-08,2.7057242223947696e-06,0.013383895289558165
42.331897000000005,3.938415778157852e-11,3.2115550188127875e-10,1.667206110641533e-09,2.3525332451149333e-08,2.685684948098734e-06,0.013342441449936862
42.35023,3.901634483695312e-11,3.182250813421724e-10,1.652351177604286e-09,2.3325817470770722e-08,2.6657920897644646e-06,0.013301081079118053
42.368563,3.8651970559102714e-11,3.153213997643658e-10,1.6376284497074944e-09,2.312798804734141e-08,2.6460445943454797e-06,0.013259814134364825
42.386896,3.829100276319541e-11,3.1244421316511257e-10,1.6230367518592847e-09,2.2931830001745694e-08,2.6264414162292544e-06,0.013218640572018157
42.405229000000006,3.793340956601668e-11,3.095932797879139e-10,1.6085749193977314e-09,2.2737329273572464e-08,2.6069815171858987e-06,0.013177560347502828
42.423562000000004,3.757915938313883e-11,3.067683600822095e-10,1.5942417979984787e-09,2.2544471920126558e-08,2.587663866317191e-06,0.013136573415331183
42.441895,3.7228220926116923e-11,3.039692166832426e-10,1.5800362435830648e-09,2.2353244115448877e-08,2.5684874400059384e-06,0.013095679729109857
42.460228,3.688056319971138e-11,3.0119561439211966e-10,1.5659571222281642e-09,2.2163632149343857e-08,2.549451221865692e-06,0.013054879241543717
42.478561,3.653615549913668e-11,2.9844732015604674e-10,1.552003310075573e-09,2.1975622426415672e-08,2.5305542026908096e-06,0.013014171904441407
42.496894000000005,3.619496740733556e-11,2.9572410304874595e-10,1.5381736932430046e-09,2.1789201465112126e-08,2.511795380406806e-06,0.012973557668720234
42.515227,3.585696879227973e-11,2.9302573425105614e-10,1.5244671677356936e-09,2.1604355896776664e-08,2.493173760021137e-06,0.012933036484411752
42.53356,3.552212980429433e-11,2.903519870316999e-10,1.510882639358742e-09,2.142107246470779e-08,2.474688353574177e-06,0.01289260830066622
42.551893,3.5190420873409146e-11,2.8770263672823673e-10,1.4974190236302796e-09,2.123933802322663e-08,2.45633818009064e-06,0.012852273065758056
42.570226000000005,3.48618127067342e-11,2.850774607281834e-10,1.484075245695349e-09,2.1059139536752187e-08,2.438122265531278e-06,0.01281203072709093
42.588559000000004,3.453627628585954e-11,2.8247623845031325e-10,1.470850240240639e-09,2.088046407888417e-08,2.420039642744914e-06,0.01277188123120238
42.606892,3.421378286428004e-11,2.798987513261154e-10,1.4577429514098387e-09,2.0703298831493363e-08,2.4020893514207876e-06,0.012731824523769248
42.625225,3.389430396484398e-11,2.7734478278143357e-10,1.4447523327198677e-09,2.0527631083819735e-08,2.3842704380412385e-06,0.012691860549612641
42.643558000000006,3.3577811377225506e-11,2.748141182182667e-10,1.431877346977785e-09,2.0353448231577727e-08,2.3665819558346906e-06,0.012651989252703067
42.661891000000004,3.32642771554225e-11,2.723065449967408e-10,1.4191169661984263e-09,2.0180737776069317e-08,2.349022964728981e-06,0.012612210576164849
42.680224,3.295367361527452e-11,2.69821852417236e-10,1.4064701715228136e-09,2.0009487323303976e-08,2.3315925313049657e-06,0.012572524462282133
42.698557,3.264597333200796e-11,2.673598317026867e-10,1.3939359531372241e-09,1.9839684583126306e-08,2.3142897287504585e-06,0.012532930852503014
42.71689,3.2341149137801245e-11,2.6492027598103754e-10,1.3815133101930515e-09,1.9671317368350736e-08,2.297113636814486e-06,0.012493429687444586
42.735223000000005,3.203917411937461e-11,2.6250298026786043e-10,1.3692012507273053e-09,1.950437359390338e-08,2.2800633417618323e-06,0.012454020906898615
42.753556,3.174002161560233e-11,2.601077414491341e-10,1.3569987915838705e-09,1.9338841275971035e-08,2.2631379363279313e-06,0.012414704449835633
42.771889,3.144366521514642e-11,2.5773435826417196e-10,1.3449049583354071e-09,1.9174708531157177e-08,2.2463365196739845e-06,0.012375480254410534
42.790222,3.1150078754113465e-11,2.5538263128871465e-10,1.3329187852060024e-09,1.9011963575645017e-08,2.229658197342479e-06,0.01233634825796728
42.808555000000005,3.085923631373333e-11,2.530523629181718e-10,1.3210393149944517e-09,1.885059472436736e-08,2.2131020812129033e-06,0.01229730839704342
42.826888000000004,3.057111221805968e-11,2.5074335735102154e-10,1.3092655989982764e-09,1.869059039018399e-08,2.1966672894578902e-06,0.012258360607376086
42.845221,3.028568103169169e-11,2.48455420572353e-10,1.297596696938341e-09,1.8531939083064363e-08,2.180352946499499e-06,0.012219504823905535
42.863554,3.000291755751757e-11,2.461883603375678e-10,1.2860316768842075e-09,1.8374629409278844e-08,2.1641581829659226e-06,0.012180740980780942
42.881887,2.972279683447943e-11,2.439419861562255e-10,1.2745696151801046e-09,1.8218650070595554e-08,2.1480821356484417e-06,0.012142069011365452
42.900220000000004,2.944529413535823e-11,2.41716109276037e-10,1.2632095963715848e-09,1.806398986348395e-08,2.1321239474586345e-06,0.012103488848240172
42.918553,2.9170384964581493e-11,2.3951054266700774e-10,1.2519507131327965e-09,1.791063767832586e-08,2.1162827673859487e-06,0.012065000423209932
42.936886,2.8898045056048787e-11,2.3732510100571756e-10,1.2407920661944304e-09,1.775858249863155e-08,2.1005577504554823e-06,0.012026603667307305
42.955219,2.862825037098009e-11,2.35159600659752e-10,1.2297327642722863e-09,1.7607813400263736e-08,2.0849480576861144e-06,0.011988298510798433
42.973552000000005,2.836097709578338e-11,2.3301385967227113e-10,1.2187719239964623e-09,1.7458319550667285e-08,2.069452856048866e-06,0.01195008488318694
42.991885,2.8096201639942413e-11,2.308876977467236e-10,1.2079086698412166e-09,1.731009020810545e-08,2.054071318425606e-06,0.011911962713219383
43.010218,2.783390063392358e-11,2.287809362316925e-10,1.1971421340553953e-09,1.7163114720902505e-08,2.0388026235679637e-06,0.011873931928889843
43.028551,2.7574050927104014e-11,2.2669339810588708e-10,1.1864714565934955e-09,1.7017382526692467e-08,2.0236459560565566e-06,0.011835992457444412
43.046884000000006,2.731662958571756e-11,2.2462490796326722e-10,1.1758957850473546e-09,1.6872883151674094e-08,2.0086005062605093e-06,0.011798144225386609
43.065217000000004,2.7061613890821325e-11,2.2257529199830776e-10,1.16541427457844e-09,1.6729606209872637e-08,1.9936654702972314e-06,0.011760387158481676
43.08355,2.6808981336280264e-11,2.2054437799138985e-10,1.1550260878507007e-09,1.658754140240665e-08,1.9788400499924384e-06,0.01172272118176172
43.101883,2.655870962677126e-11,2.1853199529433326e-10,1.1447303949640719e-09,1.6446678516761707e-08,1.96412345284049e-06,0.011685146219529994
43.120216,2.631077667580608e-11,2.1653797481605686e-10,1.1345263733885216e-09,1.6307007426069845e-08,1.9495148919649705e-06,0.011647662195365957
43.138549000000005,2.6065160603772288e-11,2.145621490083698e-10,1.1244132078987076e-09,1.6168518088395104e-08,1.9350135860795432e-06,0.011610269032130261
43.156882,2.582183973599381e-11,2.126043518518965e-10,1.114390090509198e-09,1.6031200546024878e-08,1.920618759449084e-06,0.011572966651968832
43.175215,2.5580792600807567e-11,2.1066441884212198e-10,1.1044562204102802e-09,1.589504492476701e-08,1.9063296418510345e-06,0.011535754976318023
43.193548,2.534199792766058e-11,2.0874218697557258e-10,1.094610803904312e-09,1.5760041433253094e-08,1.8921454685370693e-06,0.011498633925909435
43.211881000000005,2.5105434645223188e-11,2.0683749473611792e-10,1.0848530543426653e-09,1.5626180362247187e-08,1.8780654801949838e-06,0.011461603420774135
43.230214000000004,2.4871081879521184e-11,2.049501820814025e-10,1.0751821920632232e-09,1.549345208396073e-08,1.8640889229108875e-06,0.01142466338024778
43.248547,2.463891895208424e-11,2.030800904293935e-10,1.0655974443284067e-09,1.5361847051372267e-08,1.8502150481315784e-06,0.0113878137229749
43.26688,2.440892537811304e-11,2.012270626450591e-10,1.056098045263772e-09,1.5231355797553997e-08,1.8364431126272571e-06,0.011351054366914077
43.285213000000006,2.4181080864662577e-11,1.993909430271634e-10,1.0466832357971473e-09,1.510196893500284e-08,1.8227723784544225e-06,0.011314385229341962
43.303546000000004,2.3955365308843573e-11,1.9757157729518666e-10,1.0373522635983125e-09,1.4973677154977822e-08,1.809202112919088e-06,0.011277806226858353
43.321879,2.373175879603919e-11,1.9576881257635745e-10,1.0281043830192023e-09,1.4846471226842432e-08,1.7957315885401693e-06,0.011241317275390671
43.340212,2.351024159814053e-11,1.9398249739281034e-10,1.0189388550346295e-09,1.4720341997412687e-08,1.7823600830131978e-06,0.011204918290198684
43.358545,2.3290794171796596e-11,1.922124816488572e-10,1.0098549471835843e-09,1.4595280390310624e-08,1.7690868791742142e-06,0.01116860918587878
43.376878000000005,2.3073397156682584e-11,1.904586166183747e-10,1.0008519335109727e-09,1.4471277405323096e-08,1.7559112649639576e-06,0.011132389876368932
43.395211,2.2858031373783344e-11,1.8872075493231026e-10,9.919290945099535e-10,1.4348324117766034e-08,1.7428325333922879e-06,0.011096260274953225
43.413544,2.264467782369286e-11,1.8699875056629523e-10,9.830857170647197e-10,1.4226411677853496e-08,1.7298499825028045e-06,0.011060220294266053
43.431877,2.2433317684930375e-11,1.8529245882837798e-10,9.743210943938264e-10,1.41055313100726e-08,1.7169629153377697e-06,0.011024269846297093
43.450210000000006,2.222393231227184e-11,1.8360173634686453e-10,9.656345259940022e-10,1.398567431256319e-08,1.7041706399032338e-06,0.01098840884239548
43.468543000000004,2.2016503235097496e-11,1.8192644105827458e-10,9.570253175844765e-10,1.386683205650312e-08,1.6914724691344216e-06,0.010952637193275066
43.486876,2.1811012155754044e-11,1.8026643219540053e-10,9.484927810517747e-10,1.3748995985497815e-08,1.6788677208613007e-06,0.010916954809017639
43.505209,2.1607440947933507e-11,1.7862157027548202e-10,9.4003623439501e-10,1.3632157614975875e-08,1.666355717774461e-06,0.010881361599078779
43.523542,2.1405771655066078e-11,1.769917170884854e-10,9.31655001671682e-10,1.3516308531589079e-08,1.6539357873911618e-06,0.010845857472291559
43.541875000000005,2.1205986488728844e-11,1.7537673568548975e-10,9.233484129439211e-10,1.3401440392617481e-08,1.6416072620216453e-06,0.010810442336871172
43.560208,2.1008067827069275e-11,1.7377649036718232e-10,9.151158042252473e-10,1.3287544925379645e-08,1.6293694787356848e-06,0.010775116100419656
43.578541,2.0811998213243227e-11,1.721908466724526e-10,9.069565174277506e-10,1.3174613926647428e-08,1.6172217793293108e-06,0.010739878669929771
43.596874,2.0617760353868058e-11,1.7061967136709663e-10,8.988699003097828e-10,1.3062639262066017e-08,1.60516351029183e-06,0.010704729951790374
43.615207000000005,2.0425337117489678e-11,1.6906283243262075e-10,8.908553064241005e-10,1.2951612865578444e-08,1.5931940227730103e-06,0.010669669851789597
43.63354,2.023471153306508e-11,1.6752019905515118e-10,8.829120950664572e-10,1.28415267388553e-08,1.581312672550553e-06,0.010634698275120652
43.651873,2.00458667884574e-11,1.6599164161443862e-10,8.750396312246634e-10,1.2732372950728553e-08,1.5695188199977107e-06,0.010599815126385059
43.670206,1.9858786228946937e-11,1.6447703167296937e-10,8.672372855280798e-10,1.262414363663064e-08,1.5578118300511918e-06,0.010565020309597748
43.688539000000006,1.967345335575485e-11,1.6297624196517206e-10,8.595044341975791e-10,1.251683099803793e-08,1.5461910721792387e-06,0.010530313728191163
43.706872000000004,1.9489851824581453e-11,1.6148914638672652e-10,8.518404589959532e-10,1.2410427301919055e-08,1.5346559203499712e-06,0.010495695285019667
43.725205,1.9307965444157813e-11,1.600156199839643e-10,8.442447471787188e-10,1.2304924880187525e-08,1.5232057529998845e-06,0.010461164882363995
43.743538,1.9127778174810983e-11,1.5855553894337172e-10,8.367166914454171e-10,1.2200316129158889e-08,1.5118399530026093e-06,0.010426722421935408
43.761871,1.894927412704307e-11,1.5710878058118584e-10,8.292556898912986e-10,1.2096593509012977e-08,1.5005579076378742e-06,0.010392367804880244
43.780204000000005,1.8772437560123137e-11,1.556752233330854e-10,8.218611459594588e-10,1.1993749543259565e-08,1.4893590085606664e-06,0.010358100931784069
43.798537,1.859725288069304e-11,1.542547467439785e-10,8.145324683933948e-10,1.1891776818209733e-08,1.4782426517706294e-06,0.01032392170267602
43.81687,1.8423704641385215e-11,1.528472314578779e-10,8.072690711899741e-10,1.179066798245058e-08,1.467208237581635e-06,0.010289830017033425
43.835203,1.8251777539454538e-11,1.5145255920787456e-10,8.000703735528305e-10,1.1690415746324668e-08,1.4562551705915822e-06,0.010255825773785152
43.853536000000005,1.8081456415422457e-11,1.50070612806199e-10,7.929357998461623e-10,1.1591012881414097e-08,1.445382859652413e-06,0.01022190887131716
43.871869000000004,1.791272625173434e-11,1.4870127613437658e-10,7.858647795489535e-10,1.1492452220028478e-08,1.4345907178403248e-06,0.010188079207475755
43.890202,1.7745572171428555e-11,1.4734443413346765e-10,7.788567472095812e-10,1.1394726654697104e-08,1.4238781624261616e-06,0.010154336679572374
43.908535,1.757997943681891e-11,1.4599997279440164e-10,7.719111424008438e-10,1.1297829137665765e-08,1.4132446148460427e-06,0.010120681184387414
43.926868000000006,1.741593344818888e-11,1.4466777914839645e-10,7.650274096753807e-10,1.1201752680397405e-08,1.4026895006721767e-06,0.010087112618174838
43.945201000000004,1.725341974249889e-11,1.433477412574682e-10,7.582049985214821e-10,1.1106490353077069e-08,1.3922122495838897e-06,0.010053630876666194
43.963534,1.709242399210438e-11,1.420397482050226e-10,7.514433633192984e-10,1.101203528412071e-08,1.3818122953388105e-06,0.010020235855074762
43.981867,1.6932932003487312e-11,1.4074369008653717e-10,7.447419632974264e-10,1.0918380659688727e-08,1.3714890757443056e-06,0.009986927448099769
44.0002,1.6774929715998752e-11,1.3945945800032595e-10,7.381002624898937e-10,1.0825519723202518e-08,1.361242032629073e-06,0.009953705549930763
44.018533000000005,1.661840320061345e-11,1.381869440383885e-10,7.315177296935119e-10,1.0733445774866267e-08,1.3510706118149438e-06,0.00992057005425133
44.036866,1.646333865869628e-11,1.3692604127734494e-10,7.249938384256286e-10,1.064215217119165e-08,1.3409742630888934e-06,0.009887520854243765
44.055199,1.6309722420779802e-11,1.3567664376944863e-10,7.185280668822208e-10,1.0551632324527129e-08,1.330952440175194e-06,0.009854557842592735
44.073532,1.6157540945354094e-11,1.344386465336859e-10,7.121198978963765e-10,1.0461879702590843e-08,1.3210046007078168e-06,0.009821680911489635
44.091865000000006,1.600678081766687e-11,1.3321194554695405e-10,7.057688188971607e-10,1.0372887828007611e-08,1.3111302062029842e-06,0.00978888995263672
44.110198000000004,1.585742874853609e-11,1.319964377353226e-10,6.99474321868822e-10,1.0284650277849784e-08,1.3013287220319324e-06,0.009756184857251018
44.128531,1.570947157317248e-11,1.3079202096536966e-10,6.932359033103641e-10,1.01971606831814e-08,1.2915996173938426e-06,0.009723565516068637
44.146864,1.556289625001407e-11,1.2959859403560206e-10,6.870530641954841e-10,1.0110412728607059e-08,1.281942365288969e-06,0.009691031819348732
44.165197,1.5417689859571103e-11,1.2841605666795132e-10,6.809253099328646e-10,1.0024400151823623e-08,1.2723564424919422e-06,0.009658583656877263
44.183530000000005,1.5273839603282094e-11,1.2724430949934742e-10,6.748521503268055e-10,9.939116743176268e-09,1.2628413295252717e-06,0.00962622091797152
44.201863,1.5131332802380504e-11,1.2608325407337146e-10,6.688330995382319e-10,9.854556345218057e-09,1.253396510633024e-06,0.009593943491484035
44.220196,1.4990156896771903e-11,1.2493279283198018e-10,6.62867676046009e-10,9.770712852272946e-09,1.2440214737546544e-06,0.009561751265806214
44.238529,1.4850299443922025e-11,1.2379282910731044e-10,6.569554026086289e-10,9.687580210002796e-09,1.2347157104990621e-06,0.009529644128872843
44.256862000000005,1.4711748117754738e-11,1.2266326711355582e-10,6.510958062262335e-10,9.605152414977675e-09,1.2254787161187928e-06,0.009497621968165764
44.275195000000004,1.4574490707561202e-11,1.2154401193891979e-10,6.452884181029636e-10,9.523423514250019e-09,1.2163099894844393e-06,0.00946568467071788
44.293528,1.4438515116918205e-11,1.2043496953763822e-10,6.39532773609642e-10,9.442387604932067e-09,1.2072090330591884e-06,0.009433832123117346
44.311861,1.4303809362617395e-11,1.193360467220789e-10,6.338284122468014e-10,9.362038833776958e-09,1.1981753528735747e-06,0.009402064211511135
44.330194000000006,1.417036157360428e-11,1.1824715115491048e-10,6.281748776080238e-10,9.282371396763283e-09,1.1892084585003817e-06,0.00937038082160928
44.348527000000004,1.4038159989927462e-11,1.1716819134134558e-10,6.225717173436194e-10,9.20337953868324e-09,1.1803078630297476e-06,0.009338781838688689
44.36686,1.3907192961697203e-11,1.1609907662145031e-10,6.170184831246076e-10,9.125057552733903e-09,1.1714730830444002e-06,0.009307267147597005
44.385193,1.3777448948054238e-11,1.150397171625283e-10,6.115147306070389e-10,9.047399780112068e-09,1.1627036385950959e-06,0.009275836632756745
44.403526,1.364891651614814e-11,1.1399002395157194e-10,6.060600193966168e-10,8.970400609612671e-09,1.1539990531762052e-06,0.009244490178168703
44.421859000000005,1.3521584340125046e-11,1.1294990878778276e-10,6.006539130136447e-10,8.894054477230084e-09,1.1453588537014875e-06,0.00921322766741628
44.440192,1.339544120012531e-11,1.1191928427516186e-10,5.952959788582835e-10,8.818355865763282e-09,1.1367825704800226e-06,0.009182048983669236
44.458525,1.3270475981290221e-11,1.1089806381516408e-10,5.899857881760915e-10,8.74329930442379e-09,1.1282697371922878e-06,0.009150954009687306
44.476858,1.3146677672777909e-11,1.0988616159942306e-10,5.847229160239171e-10,8.66887936844718e-09,1.1198198908664338e-06,0.009119942627824307
44.495191000000005,1.3024035366789129e-11,1.0888349260254045e-10,5.7950694123604e-10,8.59509067870773e-09,1.1114325718547038e-06,0.009089014720031739
44.513524000000004,1.2902538257601548e-11,1.0788997257494311e-10,5.743374463906661e-10,8.521927901336493e-09,1.103107323810024e-06,0.00905817016786286
44.531857,1.2782175640613218e-11,1.0690551803580179e-10,5.692140177766716e-10,8.449385747342032e-09,1.0948436936627384e-06,0.009027408852476061
44.55019,1.2662936911395268e-11,1.0593004626601804e-10,5.64136245360674e-10,8.377458972234836e-09,1.0866412315975236e-06,0.008996730654639122
44.568523000000006,1.2544811564753327e-11,1.0496347530127306e-10,5.591037227543746e-10,8.306142375654646e-09,1.0784994910304492e-06,0.00896613545473249
44.586856000000004,1.2427789193797727e-11,1.0400572392514207e-10,5.541160471822185e-10,8.235430801000876e-09,1.0704180285862219e-06,0.008935623132753633
44.605189,1.2311859489022507e-11,1.0305671166226784e-10,5.491728194492961e-10,8.1653191350662e-09,1.0623964040755279e-06,0.008905193568320103
44.623522,1.2197012237392929e-11,1.021163587716002e-10,5.442736439095752e-10,8.095802307672975e-09,1.0544341804726043e-06,0.008874846640673674
44.641855,1.2083237321441686e-11,1.0118458623969548e-10,5.394181284343896e-10,8.026875291313088e-09,1.0465309238929124e-06,0.008844582228684108
44.660188000000005,1.1970524718373506e-11,1.002613157740769e-10,5.346058843812095e-10,7.958533100790317e-09,1.038686203570983e-06,0.008814400210852412
44.678521,1.1858864499178403e-11,9.934646979665754e-11,5.298365265626978e-10,7.89077079286616e-09,1.0308995918384312e-06,0.008784300465315175
44.696854,1.1748246827752705e-11,9.843997143721963e-11,5.251096732160269e-10,7.823583465908132e-09,1.0231706641020792e-06,0.008754282869847583
44.715187,1.1638661960028867e-11,9.754174452695698e-11,5.204249459724804e-10,7.756966259541407e-09,1.0154989988222736e-06,0.008724347301867476
44.733520000000006,1.1530100243113249e-11,9.665171359207411e-11,5.15781969827312e-10,7.690914354303125e-09,1.0078841774913293e-06,0.008694493638438897
44.751853000000004,1.1422552114431884e-11,9.576980384744597e-11,5.111803731098962e-10,7.625422971299728e-09,1.0003257846121366e-06,0.008664721756275817
44.770186,1.1316008100884404e-11,9.4895941190332e-11,5.066197874541029e-10,7.56048737186687e-09,9.928234076768957e-07,0.008635031531745527
44.788519,1.1210458818005795e-11,9.403005219415103e-11,5.020998477689733e-10,7.49610285723255e-09,9.853766371460107e-07,0.00860542284087234
44.806852,1.1105894969136201e-11,9.317206410231118e-11,4.976201922096318e-10,7.4322647681828e-09,9.779850664271378e-07,0.00857589555934142
44.825185000000005,1.1002307344598105e-11,9.232190482209625e-11,4.931804621484722e-10,7.368968484730193e-09,9.706482918543511e-07,0.008546449562501814
44.843518,1.089968682088197e-11,9.147950291860931e-11,4.887803021465852e-10,7.306209425785244e-09,9.633659126674981e-07,0.008517084725370763
44.861851,1.0798024359838526e-11,9.064478760876843e-11,4.844193599254478e-10,7.243983048830231e-09,9.561375309916342e-07,0.008487800922636509
44.880184,1.0697311007879494e-11,8.981768875536045e-11,4.800972863388597e-10,7.182284849596188e-09,9.489627518166608e-07,0.008458598028662334
44.898517000000005,1.0597537895185419e-11,8.8998136861147e-11,4.758137353451269e-10,7.12111036174222e-09,9.418411829770633e-07,0.008429475917489996
44.916850000000004,1.0498696234920935e-11,8.818606306302625e-11,4.715683639795099e-10,7.060455156537647e-09,9.347724351318131e-07,0.008400434462842908
44.935183,1.0400777322457495e-11,8.738139912624478e-11,4.673608323268793e-10,7.000314842546848e-09,9.277561217443924e-07,0.008371473538130142
44.953516,1.0303772534603307e-11,8.658407743866535e-11,4.6319080349465117e-10,6.9406850653165324e-09,9.207918590629629e-07,0.008342593016449587
44.971849000000006,1.0207673328840481e-11,8.579403100508522e-11,4.590579435859417e-10,6.8815615070658e-09,9.138792661006737e-07,0.008313792770591388
44.990182000000004,1.0112471242569536e-11,8.501119344160805e-11,4.5496192167297183e-10,6.822939886378868e-09,9.070179646161146e-07,0.00828507267304179
45.008515,1.001815789236072e-11,8.423549897006409e-11,4.5090240977068656e-10,6.76481595790001e-09,9.002075790938725e-07,0.00825643259598613
45.026848,9.924724973212396e-12,8.346688241248445e-11,4.4687908281063874e-10,6.707185512031341e-09,8.934477367252629e-07,0.008227872411312422
45.045181,9.832164257816568e-12,8.270527918562416e-11,4.4289161861508013e-10,6.6500443746330615e-09,8.867380673891617e-07,0.00819939199061484
45.063514000000005,9.740467595831205e-12,8.195062529553522e-11,4.3893969787128595e-10,6.5933884067261485e-09,8.800782036329937e-07,0.008170991205197221
45.081847,9.649626913159275e-12,8.120285733219071e-11,4.3502300410612884e-10,6.537213504197618e-09,8.73467780653843e-07,0.008142669926076148
45.10018,9.559634211234621e-12,8.046191246415497e-11,4.3114122366084194e-10,6.481515597508037e-09,8.669064362796822e-07,0.008114428023984587
45.118513,9.47048156631469e-12,7.972772843330533e-11,4.2729404566603146e-10,6.426290651401783e-09,8.603938109507558e-07,0.00808626536937516
45.136846000000006,9.382161128779511e-12,7.900024354960027e-11,4.234811620169086e-10,6.37153466461939e-09,8.539295477010703e-07,0.00805818183242359
45.155179000000004,9.294665122437784e-12,7.827939668589704e-11,4.197022673487352e-10,6.317243669612659e-09,8.475132921400329e-07,0.008030177283031827
45.173512,9.207985843838852e-12,7.756512727281376e-11,4.159570590124855e-10,6.263413732261702e-09,8.411446924341939e-07,0.008002251590831587
45.191845,9.122115661591715e-12,7.685737529364114e-11,4.122452370507269e-10,6.210040951594877e-09,8.348233992891395e-07,0.007974404625187564
45.210178000000006,9.037047015690002e-12,7.615608127929901e-11,4.0856650417371647e-10,6.157121459510455e-09,8.285490659314891e-07,0.007946636255200826
45.228511000000005,8.952772416843635e-12,7.546118630334058e-11,4.0492056573570986e-10,6.104651420501244e-09,8.223213480910399e-07,0.007918946349711891
45.246844,8.869284445816235e-12,7.477263197699935e-11,4.013071297114754e-10,6.0526270313809195e-09,8.1613990398301e-07,0.007891334777304203
45.265177,8.786575752769401e-12,7.409036044428421e-11,3.977259066730163e-10,6.001044521013176e-09,8.100043942904252e-07,0.007863801406307476
45.28351,8.704639056612605e-12,7.341431437711771e-11,3.9417660976650756e-10,5.949900150042555e-09,8.039144821466136e-07,0.007836346104800426
45.301843000000005,8.623467144359395e-12,7.27444369705188e-11,3.906589546894294e-10,5.899190210628192e-09,7.978698331178361e-07,0.007808968740614744
45.320176000000004,8.543052870489834e-12,7.208067193783086e-11,3.8717265966790707e-10,5.848911026179186e-09,7.918701151860286e-07,0.007781669181337774
45.338509,8.463389156318434e-12,7.14229635059906e-11,3.837174454342467e-10,5.7990589510925006e-09,7.859149987316567e-07,0.007754447294315864
45.356842,8.38446898936835e-12,7.077125641084275e-11,3.8029303520468255e-10,5.7496303704930455e-09,7.800041565167062e-07,0.007727302946657638
45.375175000000006,8.306285422751538e-12,7.012549589249597e-11,3.768991546573009e-10,5.700621699975664e-09,7.741372636677742e-07,0.0077002360052370435
45.393508000000004,8.228831574554413e-12,6.948562769072262e-11,3.7353553191019e-10,5.652029385349799e-09,7.683139976593033e-07,0.007673246336696651
45.411841,8.152100627229488e-12,6.885159804039807e-11,3.7020189749974704e-10,5.603849902385576e-09,7.625340382968962e-07,0.007646333807450838
45.430174,8.076085826992621e-12,6.822335366698402e-11,3.668979843592087e-10,5.556079756562704e-09,7.567970677007774e-07,0.007619498283688731
45.448507,8.000780483225914e-12,6.760084178205187e-11,3.636235277973584e-10,5.5087154828209445e-09,7.511027702893505e-07,0.0075927396313773985
45.466840000000005,7.926177967886366e-12,6.698401007884688e-11,3.6037826547741636e-10,5.461753645313034e-09,7.454508327628855e-07,0.007566057716265121
45.485173,7.852271714919873e-12,6.63728067278941e-11,3.571619373961373e-10,5.415190837159469e-09,7.39840944087308e-07,0.007539452403884412
45.503506,7.779055219680667e-12,6.576718037264188e-11,3.5397428586307186e-10,5.369023680205311e-09,7.342727954780996e-07,0.0075129235595549695
45.521839,7.706522038356545e-12,6.516708012514759e-11,3.5081505548002075e-10,5.323248824779162e-09,7.287460803843193e-07,0.00748647104838689
45.540172000000005,7.634665787399124e-12,6.457245556180137e-11,3.4768399312067263e-10,5.277862949454056e-09,7.23260494472731e-07,0.007460094735283753
45.558505000000004,7.56348014295965e-12,6.398325671909e-11,3.4458084791042894e-10,5.2328627608104785e-09,7.178157356120466e-07,0.007433794484945592
45.576838,7.492958840329953e-12,6.339943408939752e-11,3.415053712063872e-10,5.188244993201098e-09,7.124115038572644e-07,0.0074075701618719555
45.595171,7.423095673388792e-12,6.282093861684613e-11,3.3845731657752247e-10,5.1440064085177385e-09,7.070475014341335e-07,0.0073814216303649035
45.613504000000006,7.353884494053223e-12,6.224772169317383e-11,3.354364397850355e-10,5.100143795960129e-09,7.017234327237141e-07,0.007355348754532097
45.631837000000004,7.285319211735364e-12,6.167973515365104e-11,3.3244249876287877e-10,5.056653971806767e-09,6.964390042470612e-07,0.007329351398289662
45.65017,7.217393792803941e-12,6.111693127303212e-11,3.294752535984462e-10,5.013533779187358e-09,6.911939246499898e-07,0.007303429425365308
45.668503,7.150102260051046e-12,6.05592627615462e-11,3.2653446651344935e-10,4.9707800878576e-09,6.859879046879703e-07,0.007277582699301371
45.686836,7.0834386921639484e-12,6.00066827609234e-11,3.2361990184494993e-10,4.9283897939754175e-09,6.808206572111116e-07,0.007251811083457357
45.705169000000005,7.017397223201726e-12,5.94591448404573e-11,3.2073132602656603e-10,4.886359819879416e-09,6.756918971492633e-07,0.007226114441013357
45.723502,6.951972042076948e-12,5.891660299310453e-11,3.1786850756985016e-10,4.844687113869009e-09,6.706013414972169e-07,0.007200492634972897
45.741835,6.887157392042032e-12,5.837901163161762e-11,3.1503121704581807e-10,4.80336864998631e-09,6.65548709299995e-07,0.0071749455281654205
45.760168,6.822947570180595e-12,5.7846325584715445e-11,3.1221922706665595e-10,4.762401427800087e-09,6.605337216382693e-07,0.007149472983249838
45.778501000000006,6.759336926903398e-12,5.731850009328727e-11,3.0943231226758437e-10,4.72178247219129e-09,6.555561016138594e-07,0.0071240748627169805
45.796834000000004,6.6963198654492816e-12,5.679549080663263e-11,3.0667024928888447e-10,4.681508833140519e-09,6.506155743353492e-07,0.007098751028892661
45.815167,6.633890841390467e-12,5.627725377873358e-11,3.0393281675807523e-10,4.6415775855171904e-09,6.457118669037819e-07,0.0070735013439404155
45.8335,6.572044362142641e-12,5.576374546456287e-11,3.0121979527226514e-10,4.601985828870439e-09,6.408447083984759e-07,0.0070483256698644315
45.851833000000006,6.510774986479677e-12,5.525492271642472e-11,2.985309673806445e-10,4.562730687221898e-09,6.360138298629302e-07,0.0070232238685124645
45.870166000000005,6.450077324052929e-12,5.4750742780330085e-11,2.958661175671452e-10,4.523809308860126e-09,6.312189642908332e-07,0.006998195801578492
45.888499,6.389946034914814e-12,5.4251163292403014e-11,2.932250322332426e-10,4.485218866136689e-09,6.264598466121556e-07,0.006973241330605755
45.906832,6.330375829047043e-12,5.375614227532189e-11,2.906074996809238e-10,4.446956555264059e-09,6.217362136793564e-07,0.006948360316989233
45.925165,6.271361465893317e-12,5.326563813479198e-11,2.8801331009579323e-10,4.409019596115147e-09,6.170478042536782e-07,0.006923552621978789
45.943498000000005,6.212897753896239e-12,5.277960965605035e-11,2.854422555303368e-10,4.371405232024492e-09,6.123943589915388e-07,0.0068988181066816905
45.961831000000004,6.154979550038712e-12,5.229801600040349e-11,2.8289412988733716e-10,4.334110729591257e-09,6.077756204310186e-07,0.006874156632065553
45.980164,6.097601759389555e-12,5.1820816701794715e-11,2.803687289034204e-10,4.297133378483599e-09,6.031913329784404e-07,0.006849568058960966
45.998497,6.040759334653289e-12,5.134797166340474e-11,2.778658501327722e-10,4.260470491244903e-09,5.986412428950402e-07,0.006825052248064207
46.016830000000006,5.984447275724416e-12,5.0879441154282164e-11,2.7538529293097453e-10,4.224119403101598e-09,5.941250982837414e-07,0.0068006090599400945
46.035163000000004,5.928660629245654e-12,5.041518580600581e-11,2.7292685843900754e-10,4.188077471772516e-09,5.896426490760165e-07,0.006776238355024621
46.053496,5.873394488170293e-12,4.995516660937564e-11,2.7049034956737427e-10,4.152342077279866e-09,5.851936470188308e-07,0.006751939993627732
46.071829,5.818643991328819e-12,4.949934491113579e-11,2.6807557098037905e-10,4.11691062176178e-09,5.807778456616912e-07,0.006727713835935748
46.090162,5.7644043229994e-12,4.904768241072649e-11,2.6568232908054413e-10,4.081780529286504e-09,5.763950003437825e-07,0.006703559742014518
46.108495000000005,5.71067071248265e-12,4.860014115706568e-11,2.633104319931532e-10,4.046949245668037e-09,5.720448681811824e-07,0.006679477571811604
46.126828,5.657438433680129e-12,4.815668354536086e-11,2.6095968955095307e-10,4.01241423828339e-09,5.677272080541892e-07,0.006655467185159102
46.145161,5.6047028046768955e-12,4.7717272313948304e-11,2.586299132789674e-10,3.9781729958913185e-09,5.634417805947096e-07,0.006631528441776536
46.163494,5.552459187328017e-12,4.72818705411628e-11,2.5632091637946227e-10,3.9442230284525915e-09,5.591883481737551e-07,0.00660766120127294
46.181827000000006,5.500702986848846e-12,4.6850441642235003e-11,2.540325137170384e-10,3.910561866951779e-09,5.549666748890197e-07,0.00658386532314997
46.200160000000004,5.449429651409358e-12,4.6422949366218005e-11,2.51764521803857e-10,3.877187063220548e-09,5.50776526552548e-07,0.0065601406668042836
46.218493,5.3986346717318626e-12,4.599935779294036e-11,2.4951675878499785e-10,3.844096189762347e-09,5.466176706784774e-07,0.006536487091530158
46.236826,5.348313580693022e-12,4.5579631329988577e-11,2.47289044423941e-10,3.811286839578657e-09,5.424898764708838e-07,0.006512904456521991
46.255159000000006,5.2984619529291244e-12,4.5163734709716066e-11,2.450812000881885e-10,3.778756625996632e-09,5.383929148116957e-07,0.006489392620876936
46.273492000000005,5.249075404445466e-12,4.475163298628045e-11,2.4289304873500444e-10,3.746503182498268e-09,5.343265582487116e-07,0.006465951443597609
46.291825,5.200149592228972e-12,4.434329153270628e-11,2.4072441489728536e-10,3.7145241625508307e-09,5.302905809836785e-07,0.006442580783594193
46.310158,5.151680213864811e-12,4.393867603797606e-11,2.3857512466955465e-10,3.682817239438904e-09,5.262847588604734e-07,0.006419280499687393
46.328491,5.1036630071564534e-12,4.3537752504147197e-11,2.3644500569408087e-10,3.65138010609771e-09,5.223088693533566e-07,0.006396050450610682
46.346824000000005,5.056093749749157e-12,4.3140487243495066e-11,2.343338871471251e-10,3.6202104749478736e-09,5.183626915553144e-07,0.006372890495013068
46.365157,5.0089682587573406e-12,4.274684687568306e-11,2.3224159972530163e-10,3.589306077731573e-09,5.144460061664787e-07,0.0063498004914611505
46.38349,4.962282390395017e-12,4.2356798324956866e-11,2.3016797563206364e-10,3.55866466535001e-09,5.105585954826281e-07,0.006326780298442074
46.401823,4.916032039609983e-12,4.197030881736586e-11,2.2811284856431152e-10,3.5282840077023144e-09,5.067002433837709e-07,0.006303829774365695
46.420156000000006,4.870213139721334e-12,4.158734587800896e-11,2.2607605369911498e-10,3.4981618935257496e-09,5.028707353228054e-07,0.006280948777566966
46.438489000000004,4.824821662060479e-12,4.120787732830655e-11,2.2405742768055798e-10,3.4682961302372776e-09,4.990698583142737e-07,0.006258137166308757
46.456822,4.779853615615275e-12,4.083187128329573e-11,2.2205680860669546e-10,3.4386845437764272e-09,4.95297400923167e-07,0.006235394798783805
46.475155,4.735305046677736e-12,4.045929614895178e-11,2.2007403601663096e-10,3.4093249784494882e-09,4.91553153253834e-07,0.006212721533117425
46.493488000000006,4.691172038494983e-12,4.0090120619533165e-11,2.1810895087770228e-10,3.3802152967750013e-09,4.878369069389603e-07,0.006190117227369932
46.511821000000005,4.647450710923397e-12,3.972431367495166e-11,2.1616139557279286e-10,3.3513533793306332e-09,4.841484551286201e-07,0.006167581739538738
46.530154,4.60413722008608e-12,3.936184457816497e-11,2.1423121388773782e-10,3.3227371246011087e-09,4.804875924794086e-07,0.006145114927561106
46.548487,4.561227758033443e-12,3.900268287259466e-11,2.1231825099886035e-10,3.294364448827702e-09,4.768541151436503e-07,0.006122716649316189
46.56682,4.518718552407137e-12,3.864679837956688e-11,2.1042235346060427e-10,3.2662332858587606e-09,4.732478207586834e-07,0.0061003867626275975
46.585153000000005,4.476605866106876e-12,3.8294161195776405e-11,2.0854336919328767e-10,3.2383415870015795e-09,4.6966850843621745e-07,0.006078125125265564
46.603486000000004,4.434885996960744e-12,3.794474169077463e-11,2.0668114747095619e-10,3.2106873208755345e-09,4.661159787517743e-07,0.006055931594949473
46.621819,4.393555277398118e-12,3.759851050447898e-11,2.048355389093511e-10,3.1832684732663897e-09,4.625900337341847e-07,0.006033806029349976
46.640152,4.352610074126161e-12,3.725543854470647e-11,2.0300639545397574e-10,3.1560830469818354e-09,4.590904768551821e-07,0.006011748286091449
46.658485000000006,4.312046787808891e-12,3.6915496984729017e-11,2.0119357036827992e-10,3.129129061708272e-09,4.556171130190471e-07,0.005989758222754178
46.676818000000004,4.271861852749652e-12,3.65786572608517e-11,1.9939691822193959e-10,3.1024045538687686e-09,4.521697485523469e-07,0.005967835696876619
46.695151,4.2320517365762534e-12,3.624489107001199e-11,1.976162948792406e-10,3.075907576482211e-09,4.487481911937267e-07,0.00594598056595781
46.713484,4.192612939929162e-12,3.591417036740201e-11,1.95851557487575e-10,3.0496361990236207e-09,4.45352250083784e-07,0.005924192687459526
46.731817,4.15354199615275e-12,3.558646736411202e-11,1.941025644660259e-10,3.023588507285664e-09,4.419817357550134e-07,0.005902471918808393
46.750150000000005,4.114835470989188e-12,3.526175452479525e-11,1.923691754940656e-10,2.9977626032412785e-09,4.386364601218175e-07,0.00588081811739842
46.768483,4.076489962275434e-12,3.494000456535477e-11,1.9065125150034999e-10,2.9721566049076005e-09,4.353162364705996e-07,0.005859231140592982
46.786816,4.038502099642887e-12,3.462119045065019e-11,1.8894865465160679e-10,2.946768646210733e-09,4.3202087944990376e-07,0.005837710845727051
46.805149,4.000868544219989e-12,3.430528539222649e-11,1.8726124834163022e-10,2.9215968768519864e-09,4.2875020506064886e-07,0.00581625709010946
46.823482000000006,3.963585988337464e-12,3.3992262846062895e-11,1.855888971803718e-10,2.8966394621749884e-09,4.2550403064641706e-07,0.005794869731025102
46.841815000000004,3.9266511552365205e-12,3.368209651034298e-11,1.8393146698312663e-10,2.871894583034061e-09,4.22282174883817e-07,0.00577354862573696
46.860148,3.890060798779599e-12,3.337476032324394e-11,1.822888247598113e-10,2.8473604356635895e-09,4.1908445777290574e-07,0.005752293631488418
46.878481,3.853811703163895e-12,3.307022846074718e-11,1.8066083870434732e-10,2.8230352315485866e-09,4.1591070062769257e-07,0.005731104605505379
46.896814000000006,3.81790068263759e-12,3.276847533446826e-11,1.7904737818412923e-10,2.79891719729624e-09,4.1276072606669345e-07,0.005709981404998268
46.915147000000005,3.782324581218774e-12,3.246947558950726e-11,1.7744831372959304e-10,2.7750045745086483e-09,4.0963435800357017e-07,0.005688923887164338
46.93348,3.74708027241685e-12,3.217320410231761e-11,1.7586351702387125e-10,2.751295619656501e-09,4.0653142163781564e-07,0.005667931909189724
46.951813,3.712164658956713e-12,3.187963597859558e-11,1.7429286089254452e-10,2.72778860395391e-09,4.034517434455208e-07,0.005647005328251402
46.970146,3.677574672505425e-12,3.15887465511884e-11,1.7273621929348263e-10,2.7044818132342863e-09,4.0039515117019925e-07,0.005626144001519565
46.988479000000005,3.643307273401479e-12,3.1300511378021464e-11,1.711934673067738e-10,2.681373547827162e-09,3.9736147381367383e-07,0.0056053477861593
47.006812000000004,3.6093594503866366e-12,3.1014906240045054e-11,1.6966448112474828e-10,2.658462122436189e-09,3.9435054162704206e-07,0.005584616539333112
47.025145,3.575728220340097e-12,3.073190713919862e-11,1.6814913804208616e-10,2.635745866018026e-09,3.9136218610168214e-07,0.005563950118202566
47.043478,3.5424106280154494e-12,3.0451490296394823e-11,1.6664731644601218e-10,2.6132231216623163e-09,3.883962399603426e-07,0.005543348379930629
47.061811000000006,3.5094037457798115e-12,3.017363214952124e-11,1.651588958065827e-10,2.5908922464726742e-09,3.854525371482831e-07,0.005522811181683481
47.080144000000004,3.4767046733556205e-12,2.989830935146099e-11,1.6368375666705656e-10,2.568751611448646e-09,3.8253091282449006e-07,0.0055023383806327986
47.098477,3.444310537564663e-12,2.9625498768130345e-11,1.622217806343481e-10,2.546799601368609e-09,3.796312033529332e-07,0.005481929833957348
47.11681,3.412218492074665e-12,2.935517747653531e-11,1.6077285036956893e-10,2.525034614673789e-09,3.7675324629390657e-07,0.005461585398845436
47.13514300000001,3.3804257171481083e-12,2.9087322762845288e-11,1.5933684957865378e-10,2.5034550633531022e-09,3.738968803954164e-07,0.005441304932496567
47.153476000000005,3.3489294193935536e-12,2.8821912120484978e-11,1.5791366300306884e-10,2.4820593728290846e-09,3.7106194558463866e-07,0.0054210882921236665
47.171809,3.317726831519165e-12,2.8558923248242616e-11,1.5650317641059785e-10,2.4608459818446654e-09,3.68248282959425e-07,0.005400935334954721
47.190142,3.2868152120885633e-12,2.829833404839652e-11,1.551052765862198e-10,2.439813342350991e-09,3.6545573477988227e-07,0.005380845918235096
47.208475,3.2561918452790245e-12,2.8040122624858248e-11,1.5371985132305954e-10,2.418959919396109e-09,3.626841444600034e-07,0.00536081989922917
47.226808000000005,3.225854040641911e-12,2.778426728133263e-11,1.523467894134203e-10,2.398284191014666e-09,3.599333565593565e-07,0.005340857135222457
47.245141000000004,3.1957991328653414e-12,2.7530746519495153e-11,1.509859806399013e-10,2.377784648118457e-09,3.5720321677484426e-07,0.00532095748352347
47.263474,3.1660244815390514e-12,2.7279539037184968e-11,1.4963731576658523e-10,2.357459794387915e-09,3.5449357193250104e-07,0.005301120801465492
47.281807,3.136527470921535e-12,2.7030623726615348e-11,1.4830068653031078e-10,2.3373081461645334e-09,3.518042699793685e-07,0.005281346946408761
47.300140000000006,3.107305509709278e-12,2.6783979672599914e-11,1.4697598563202058e-10,2.3173282323441824e-09,3.491351599754156e-07,0.005261635775742071
47.318473000000004,3.0783560308082477e-12,2.653958615079561e-11,1.4566310672818773e-10,2.2975185942712785e-09,3.4648609208552485e-07,0.005241987146884776
47.336806,3.0496764911074203e-12,2.6297422625960764e-11,1.4436194442231312e-10,2.277877785633928e-09,3.438569175715223e-07,0.005222400917288564
47.355139,3.021264371254496e-12,2.6057468750229988e-11,1.4307239425650504e-10,2.2584043723598518e-09,3.412474887842807e-07,0.005202876944439475
47.373472,2.993117175433721e-12,2.581970436140434e-11,1.4179435270312848e-10,2.2390969325132576e-09,3.3865765915586345e-07,0.005183415085859592
47.391805000000005,2.965232431145691e-12,2.5584109481257113e-11,1.4052771715653312e-10,2.2199540561925152e-09,3.360872831917343e-07,0.005164015199108876
47.410138,2.9376076889894283e-12,2.5350664313855505e-11,1.3927238592484989e-10,2.2009743454287946e-09,3.335362164630183e-07,0.005144677141787034
47.428471,2.9102405224461944e-12,2.5119349243896732e-11,1.3802825822186476e-10,2.182156414085399e-09,3.3100431559881515e-07,0.005125400771535315
47.446804,2.8831285276656315e-12,2.4890144835060193e-11,1.367952341589603e-10,2.1634988877580875e-09,3.2849143827857095e-07,0.005106185946038286
47.465137000000006,2.856269323253675e-12,2.4663031828374154e-11,1.355732147371338e-10,2.1450004036761454e-09,3.2599744322450214e-07,0.005087032523025635
47.483470000000004,2.8296605500626393e-12,2.4437991140597865e-11,1.343621018390833e-10,2.1266596106043426e-09,3.2352219019407555e-07,0.00506794036027386
47.501803,2.803299870983074e-12,2.4215003862617552e-11,1.3316179822136356e-10,2.1084751687456467e-09,3.210655399725357e-07,0.005048909315608193
47.520136,2.7771849707377323e-12,2.3994051257857925e-11,1.3197220750661333e-10,2.090445749644816e-09,3.186273543654916e-07,0.005029939246904264
47.538469000000006,2.751313555677396e-12,2.3775114760707653e-11,1.3079323417584972e-10,2.072570036092782e-09,3.162074961915513e-07,0.005011030012089686
47.556802000000005,2.7256833535786346e-12,2.3558175974959732e-11,1.2962478356083542e-10,2.0548467220318232e-09,3.1380582927501533e-07,0.004992181469146155
47.575135,2.7002921134434136e-12,2.3343216672265225e-11,1.2846676183650636e-10,2.0372745124615393e-09,3.114222184386101e-07,0.004973393476110701
47.593468,2.6751376053006437e-12,2.3130218790601954e-11,1.2731907601347318e-10,2.01985212334559e-09,3.0905652949628555e-07,0.004954665891077868
47.611801,2.6502176200095263e-12,2.2919164432756762e-11,1.2618163393058737e-10,2.002578281519318e-09,3.067086292460564e-07,0.004935998572200997
47.630134000000005,2.6255299690647784e-12,2.271003586482159e-11,1.2505434424757177e-10,1.9854517245979825e-09,3.043783854628945e-07,0.004917391377694227
47.648467000000004,2.6010724844037193e-12,2.2502815514703733e-11,1.239371164377191e-10,1.9684712008859294e-09,3.020656668916782e-07,0.004898844165833984
47.6668,2.5768430182150323e-12,2.229748597064882e-11,1.2282986078065276e-10,1.9516354692863975e-09,2.997703432401799e-07,0.0048803567949606995
47.685133,2.5528394427494565e-12,2.2094029979778143e-11,1.2173248835515425e-10,1.9349432992121532e-09,2.9749228517211384e-07,0.004861929123480455
47.703466000000006,2.529059650132175e-12,2.1892430446638794e-11,1.206449110320524e-10,1.9183934704968344e-09,2.9523136430022866e-07,0.004843561009866709
47.721799000000004,2.505501552176999e-12,2.1692670431767547e-11,1.195670414671793e-10,1.9019847733071178e-09,2.9298745317945135e-07,0.004825252312661713
47.740132,2.482163080202244e-12,2.149473315026702e-11,1.1849879309438244e-10,1.885716008055491e-09,2.907604253000757e-07,0.004807002890478499
47.758465,2.4590421848483744e-12,2.1298601970395662e-11,1.1744008011860525e-10,1.869585985313856e-09,2.885501550810016e-07,0.0047888126020019985
47.77679800000001,2.43613683589732e-12,2.1104260412170092e-11,1.1639081750902583e-10,1.8535935257278543e-09,2.863565178630239e-07,0.004770681305991174
47.795131000000005,2.4134450220935397e-12,2.0911692145980666e-11,1.1535092099225905e-10,1.837737459931882e-09,2.8417938990216966e-07,0.004752608861280222
47.813464,2.390964750966674e-12,2.0720880991218934e-11,1.1432030704561454e-10,1.8220166284647989e-09,2.8201864836307326e-07,0.004734595126780247
47.831797,2.3686940486559365e-12,2.0531810914918345e-11,1.1329889289041956e-10,1.8064298816864197e-09,2.798741713124131e-07,0.004716639961481017
47.85013,2.346630959736115e-12,2.034446603040702e-11,1.1228659648539825e-10,1.7909760796946075e-09,2.7774583771238266e-07,0.004698743224452192
47.868463000000006,2.324773547045182e-12,2.0158830595972773e-11,1.112833365201111e-10,1.7756540922431608e-09,2.7563352741421475e-07,0.004680904774845181
47.886796000000004,2.3031198915135824e-12,1.9974889013540715e-11,1.1028903240845327e-10,1.7604627986603254e-09,2.73537121151752e-07,0.004663124471894562
47.905129,2.281668091995044e-12,1.9792625827362176e-11,1.0930360428220652e-10,1.7454010877680116e-09,2.7145650053505603e-07,0.004645402174919507
47.923462,2.2604162650990096e-12,1.9612025722716325e-11,1.0832697298465468e-10,1.7304678578016998e-09,2.6939154804407e-07,0.004627737743325514
47.941795000000006,2.2393625450246465e-12,1.943307352462321e-11,1.0735906006425033e-10,1.7156620163309851e-09,2.673421470223229e-07,0.004610131036605772
47.960128000000005,2.218505083396408e-12,1.925575419656894e-11,1.063997877683429e-10,1.700982480180847e-09,2.6530818167067884e-07,0.00459258191434265
47.978461,2.1978420491010807e-12,1.908005283924183e-11,1.0544907903695701e-10,1.6864281753535115e-09,2.63289537041129e-07,0.004575090236209267
47.996794,2.177371628126442e-12,1.8905954689280764e-11,1.0450685749663005e-10,1.671998036951026e-09,2.612860990306312e-07,0.004557655861970896
48.015127,2.157092023401359e-12,1.873344511803461e-11,1.0357304745430362e-10,1.6576910090984642e-09,2.592977543749916e-07,0.004540278651486498
48.033460000000005,2.1370014546374127e-12,1.8562509630333e-11,1.0264757389126824e-10,1.6435060448677558e-09,2.573243906427872e-07,0.004522958464710123
48.051793,2.117098158172029e-12,1.8393133863268622e-11,1.0173036245716404e-10,1.6294421062021996e-09,2.553658962293406e-07,0.004505695161692442
48.070126,2.097380386813018e-12,1.822530358498997e-11,1.0082133946403077e-10,1.6154981638415737e-09,2.5342216035072215e-07,0.004488488602582042
48.088459,2.0778464096846028e-12,1.8059004693505783e-11,9.992043188041572e-11,1.6016731972478771e-09,2.514930730378121e-07,0.004471338647627004
48.106792000000006,2.058494512074908e-12,1.7894223215499995e-11,9.902756732552946e-11,1.58796619453174e-09,2.4957852513039065e-07,0.004454245157176248
48.125125000000004,2.0393229952848515e-12,1.7730945305157858e-11,9.81426740634583e-11,1.5743761523793897e-09,2.476784082712824e-07,0.0044372079916809234
48.143458,2.020330176478434e-12,1.756915724300218e-11,9.726568099742237e-11,1.5609020759802592e-09,2.4579261490053037e-07,0.004420227011695869
48.161791,2.001514388534464e-12,1.7408845434740788e-11,9.63965176640899e-11,1.5475429789552325e-09,2.439210382496215e-07,0.00440330207788098
48.180124000000006,1.9828739798996475e-12,1.7249996410124138e-11,9.553511422793893e-11,1.5342978832854144e-09,2.420635723357457e-07,0.004386433051002487
48.198457000000005,1.964407314443094e-12,1.7092596821813718e-11,9.46814014756715e-11,1.5211658192416208e-09,2.4022011195610485e-07,0.004369619791934565
48.21679,1.946112771312103e-12,1.6936633444260176e-11,9.383531081067414e-11,1.5081458253143296e-09,2.3839055268225055e-07,0.004352862161660365
48.235123,1.9279887447893747e-12,1.678209317259227e-11,9.299677424753129e-11,1.4952369481442972e-09,2.3657479085447338e-07,0.004336160021273791
48.253456,1.9100336441515222e-12,1.662896302151567e-11,9.216572440658547e-11,1.482438242453759e-09,2.3477272357622337e-07,0.004319513231980286
48.271789000000005,1.892245893528922e-12,1.6477230124221814e-11,9.134209450854513e-11,1.4697487709781745e-09,2.3298424870857683e-07,0.004302921655098724
48.290122000000004,1.874623931766891e-12,1.6326881731307e-11,9.052581836914307e-11,1.4571676043985835e-09,2.3120926486474017e-07,0.004286385152062318
48.308455,1.857166212288083e-12,1.6177905209700746e-11,8.971683039383975e-11,1.4446938212744698e-09,2.2944767140459085e-07,0.004269903584420194
48.326788,1.839871202956291e-12,1.6030288041604564e-11,8.891506557257425e-11,1.4323265079772912e-09,2.276993684292597e-07,0.004253476813838596
48.345121000000006,1.82273738594143e-12,1.5884017823439992e-11,8.812045947456271e-11,1.4200647586244361e-09,2.2596425677574983e-07,0.004237104702102012
48.363454000000004,1.8057632575858458e-12,1.573908226480663e-11,8.733294824314367e-11,1.4079076750138774e-09,2.2424223801160085e-07,0.004220787111114809
48.381787,1.7889473282718154e-12,1.5595469187449096e-11,8.655246859066608e-11,1.3958543665592594e-09,2.2253321442957822e-07,0.004204523902902256
48.40012,1.772288122290323e-12,1.5453166524233954e-11,8.577895779342687e-11,1.3839039502255913e-09,2.2083708904241246e-07,0.004188314939611806
48.41845300000001,1.7557841777110938e-12,1.5312162318135677e-11,8.501235368664876e-11,1.3720555504654518e-09,2.191537655775698e-07,0.004172160083514429
48.436786000000005,1.7394340462537825e-12,1.517244472123216e-11,8.425259465950899e-11,1.3603082991557885e-09,2.1748314847206326e-07,0.004156059197005762
48.455119,1.7232362931603837e-12,1.503400199370887e-11,8.349961965020567e-11,1.3486613355351418e-09,2.1582514286729723e-07,0.004140012142607537
48.473452,1.7071894970688704e-12,1.4896822502872633e-11,8.275336814107223e-11,1.3371138061415236e-09,2.1417965460395214e-07,0.0041240187829686215
48.491785,1.6912922498879734e-12,1.4760894722174116e-11,8.201378015373421e-11,1.32566486475071e-09,2.1254659021690277e-07,0.004108078980866153
48.510118000000006,1.6755431566731632e-12,1.4626207230239284e-11,8.128079624430791e-11,1.3143136723151048e-09,2.1092585693017643e-07,0.004092192599207105
48.528451000000004,1.6599408355037835e-12,1.449274870990989e-11,8.055435749864468e-11,1.3030593969031471e-09,2.0931736265194502e-07,0.004076359501029119
48.546784,1.644483917361308e-12,1.4360507947292262e-11,7.983440552761333e-11,1.291901213639145e-09,2.0772101596955103e-07,0.004060579549501897
48.565117,1.629171046008769e-12,1.4229473830815247e-11,7.912088246242839e-11,1.2808383046436906e-09,2.0613672614457293e-07,0.004044852607928392
48.583450000000006,1.6140008778713047e-12,1.409963535029646e-11,7.841373095001713e-11,1.2698698589745294e-09,2.0456440310792183e-07,0.004029178539745747
48.601783000000005,1.5989720819178508e-12,1.3970981596017349e-11,7.771289414842966e-11,1.2589950725679775e-09,2.0300395745497958e-07,0.004013557208526814
48.620116,1.5840833395438427e-12,1.3843501757806198e-11,7.701831572228911e-11,1.248213148180769e-09,2.0145530044076156e-07,0.003997988477981017
48.638449,1.569333344455146e-12,1.3717185124130008e-11,7.632993983828129e-11,1.2375232953324313e-09,1.9991834397512355e-07,0.003982472211955626
48.656782,1.5547208025529885e-12,1.3592021081194401e-11,7.564771116068598e-11,1.2269247302481477e-09,1.983930006179989e-07,0.0039670082744369
48.675115000000005,1.5402444318199784e-12,1.3467999112051745e-11,7.497157484694727e-11,1.2164166758020854e-09,1.968791835746676e-07,0.003951596529551099
48.693448000000004,1.5259029622072298e-12,1.3345108795717657e-11,7.430147654328416e-11,1.205998361461202e-09,1.9537680669106628e-07,0.003936236841565828
48.711781,1.5116951355224936e-12,1.3223339806295093e-11,7.363736238033725e-11,1.1956690232295359e-09,1.9388578444912064e-07,0.0039209290748908445
48.730114,1.4976197053193506e-12,1.3102681912106891e-11,7.29791789688586e-11,1.1854279035929548e-09,1.9240603196212354e-07,0.00390567309407949
48.748447000000006,1.4836754367874653e-12,1.2983124974835973e-11,7.23268733954358e-11,1.175274251464368e-09,1.909374649701351e-07,0.003890468763829439
48.766780000000004,1.4698611066438527e-12,1.2864658948673641e-11,7.168039321825752e-11,1.1652073221294127e-09,1.8947999983542716e-07,0.0038753159489841016
48.785113,1.456175503025132e-12,1.2747273879475207e-11,7.103968646291332e-11,1.1552263771925922e-09,1.880335535379479e-07,0.0038602145145334955
48.803446,1.4426174253808416e-12,1.2630959903923771e-11,7.040470161823326e-11,1.1453306845238489e-09,1.865980436708279e-07,0.0038451643256153024
48.82177900000001,1.4291856843676987e-12,1.2515707248701366e-11,6.977538763216391e-11,1.1355195182056057e-09,1.8517338843591565e-07,0.003830165247516106
48.840112000000005,1.4158791017449101e-12,1.2401506229667929e-11,6.915169390768121e-11,1.1257921584802829e-09,1.8375950663934556e-07,0.0038152171456722686
48.858445,1.402696510270391e-12,1.228834725104732e-11,6.853357029873805e-11,1.11614789169817e-09,1.823563176871351e-07,0.0038003198856709857
48.876778,1.3896367535980015e-12,1.2176220804621214e-11,6.792096710625062e-11,1.1065860102658315e-09,1.8096374158081705e-07,0.0037854733332514444
48.895111,1.3766986861757469e-12,1.2065117468930124e-11,6.731383507411778e-11,1.0971058125948847e-09,1.795816989131005e-07,0.00377067735430566
48.913444000000005,1.3638811731448977e-12,1.1955027908481717e-11,6.671212538527756e-11,1.0877066030512463e-09,1.7821011086356455e-07,0.0037559318148796842
48.931777000000004,1.3511830902400912e-12,1.1845942872966568e-11,6.611578965779909e-11,1.078387691904773e-09,1.7684889919438326e-07,0.0037412365811744907
48.95011,1.3386033236903195e-12,1.1737853196480645e-11,6.552477994100705e-11,1.0691483952793552e-09,1.7549798624607692e-07,0.003726591519546938
48.968443,1.3261407701209067e-12,1.1630749796755306e-11,6.493904871164211e-11,1.059988035103417e-09,1.7415729493330005e-07,0.0037119964965108814
48.986776000000006,1.3137943364563403e-12,1.1524623674394084e-11,6.435854887005583e-11,1.0509059390608174e-09,1.728267487406549e-07,0.003697451378738012
49.005109000000004,1.3015629398240722e-12,1.1419465912116667e-11,6.378323373643914e-11,1.0419014405422215e-09,1.7150627171853922e-07,0.003682956033059029
49.023442,1.2894455074591375e-12,1.1315267674009377e-11,6.321305704708385e-11,1.0329738785967978e-09,1.701957884790168e-07,0.003668510326464358
49.041775,1.2774409766097704e-12,1.1212020204782893e-11,6.264797295067683e-11,1.024122597884388e-09,1.68895224191726e-07,0.0036541141261053067
49.06010800000001,1.2655482944438066e-12,1.1109714829036506e-11,6.208793600462908e-11,1.0153469486280613e-09,1.676045045798107e-07,0.0036397672992948458
49.078441000000005,1.2537664179560344e-12,1.100834295052932e-11,6.153290117143663e-11,1.006646286567057e-09,1.6632355591588746e-07,0.003625469713508722
49.096774,1.242094313876349e-12,1.090789605145772e-11,6.098282381507233e-11,9.980199729101357e-10,1.6505230501803273e-07,0.0036112212363862977
49.115107,1.2305309585788197e-12,1.0808365691739813e-11,6.043765969741173e-11,9.894673742893134e-10,1.6379067924580651e-07,0.003597021735731392
49.13344,1.219075337991585e-12,1.0709743508306207e-11,5.989736497468943e-11,9.809878627139996e-10,1.6253860649630095e-07,0.0035828710795133504
49.151773000000006,1.207726447507565e-12,1.0612021214397272e-11,5.936189619398835e-11,9.7258081552549e-10,1.6129601520021796e-07,0.003568769135867826
49.170106000000004,1.1964832918960732e-12,1.0515190598866986e-11,5.883121028975914e-11,9.642456153519088e-10,1.600628343179765e-07,0.003554715773097798
49.188439,1.1853448852151903e-12,1.0419243525492764e-11,5.830526458036944e-11,9.559816500634505e-10,1.5883899333584384e-07,0.0035407108596743255
49.206772,1.1743102507249804e-12,1.0324171932291967e-11,5.778401676468709e-11,9.47788312728043e-10,1.5762442226209937e-07,0.0035267542642375698
49.225105000000006,1.1633784208015375e-12,1.0229967830844407e-11,5.726742491869006e-11,9.396650015673734e-10,1.5641905162322206e-07,0.0035128458555975127
49.243438000000005,1.1525484368518223e-12,1.0136623305621278e-11,5.675544749210993e-11,9.316111199133175e-10,1.5522281246010892e-07,0.0034989855027349353
49.261771,1.1418193492292746e-12,1.0044130513319816e-11,5.6248043305101886e-11,9.236260761646653e-10,1.540356363243167e-07,0.003485173074802321
49.280104,1.1311902171502487e-12,9.95248168220442e-12,5.574517154494703e-11,9.157092837442724e-10,1.5285745527433342e-07,0.0034714084411244695
49.298437,1.1206601086112059e-12,9.861669111453591e-12,5.524679176278297e-11,9.078601610565522e-10,1.516882018718766e-07,0.0034576914711996684
49.316770000000005,1.1102281003066997e-12,9.77168517051283e-12,5.4752863870362714e-11,9.000781314453261e-10,1.50527809178215e-07,0.0034440220347002333
49.335103000000004,1.0998932775481236e-12,9.68252229845362e-12,5.426334813684454e-11,8.923626231520219e-10,1.4937621075052346e-07,0.0034304000014735727
49.353436,1.0896547341831976e-12,9.594173003337907e-12,5.377820518560756e-11,8.847130692742478e-10,1.4823334063825425e-07,0.0034168252415428006
49.371769,1.0795115725162297e-12,9.506629861588729e-12,5.329739599109838e-11,8.771289077246737e-10,1.4709913337954373e-07,0.003403297625107641
49.390102000000006,1.069462903229133e-12,9.419885517366376e-12,5.2820881875703095e-11,8.696095811903063e-10,1.4597352399763898e-07,0.003389817022545269
49.408435000000004,1.0595078453031473e-12,9.333932681950448e-12,5.2348624506650955e-11,8.621545370920857e-10,1.448564479973542e-07,0.003376383304411098
49.426768,1.0496455259413264e-12,9.248764133127221e-12,5.188058589294019e-11,8.547632275448065e-10,1.4374784136154858e-07,0.0033629963414394874
49.445101,1.0398750804917215e-12,9.164372714582926e-12,5.141672838229642e-11,8.474351093173993e-10,1.4264764054763132e-07,0.003349656004544588
49.46343400000001,1.0301956523713005e-12,9.080751335302374e-12,5.095701465815492e-11,8.40169643793555e-10,1.415557824840932e-07,0.00333636216482106
49.481767000000005,1.0206063929905928e-12,8.997892968973266e-12,5.0501407736671206e-11,8.329662969326483e-10,1.4047220456706263e-07,0.0033231146935449696
49.5001,1.0111064616789975e-12,8.9157906533956e-12,5.004987096375681e-11,8.25824539231014e-10,1.3939684465688237e-07,0.003309913462174376
49.518433,1.0016950256108265e-12,8.834437489896812e-12,4.960236801214301e-11,8.187438456835453e-10,1.3832964107471735e-07,0.0032967583423502145
49.536766,9.923712597320164e-13,8.75382664275207e-12,4.9158862878470125e-11,8.117236957456195e-10,1.3727053259918246e-07,0.003283649205896949
49.555099000000006,9.831343466875437e-13,8.673951338609872e-12,4.871931988040186e-11,8.047635732953232e-10,1.3621945846299525e-07,0.0032705859248233346
49.573432000000004,9.739834767495268e-13,8.594804865923043e-12,4.828370365376653e-11,7.978629665960441e-10,1.3517635834965583e-07,0.0032575683713231864
49.591765,9.649178477459468e-13,8.5163805743846e-12,4.785197914972301e-11,7.910213682593156e-10,1.341411723901454e-07,0.0032445964177760436
49.610098,9.559366649901002e-13,8.438671874369091e-12,4.74241116319521e-11,7.842382752080252e-10,1.3311384115965305e-07,0.003231669936747968
49.628431000000006,9.470391412106647e-13,8.361672236378826e-12,4.700006667387301e-11,7.775131886398975e-10,1.320943056743234e-07,0.0032187888009921287
49.646764000000005,9.382244964824702e-13,8.285375190495372e-12,4.657981015588431e-11,7.70845613991326e-10,1.3108250738803076e-07,0.0032059528834495602
49.665097,9.294919581578453e-13,8.209774325835717e-12,4.616330826262939e-11,7.642350609014607e-10,1.3007838818917183e-07,0.0031931620572498483
49.68343,9.20840760798659e-13,8.134863290013728e-12,4.5750527480287085e-11,7.576810431766364e-10,1.2908189039748632e-07,0.00318041619571192
49.70176300000001,9.122701461089945e-13,8.060635788606325e-12,4.5341434593884657e-11,7.511830787550825e-10,1.2809295676089677e-07,0.0031677151723444852
49.720096000000005,9.037793628684329e-13,7.987085584624705e-12,4.493599668463733e-11,7.447406896719493e-10,1.2711153045237528e-07,0.0031550588608469723
49.738429000000004,8.953676668659614e-13,7.914206497990103e-12,4.4534181127308554e-11,7.38353402024588e-10,1.2613755506682647e-07,0.003142447135109934
49.756762,8.870343208345259e-13,7.841992405014631e-12,4.4135955587595425e-11,7.32020745938181e-10,1.2517097461800023e-07,0.0031298798692159235
49.775095,8.78778594386158e-13,7.770437237886694e-12,4.3741288019537744e-11,7.257422555316134e-10,1.2421173353542145e-07,0.00311735693744003
49.793428000000006,8.705997639477373e-13,7.699534984161126e-12,4.3350146662948695e-11,7.19517468883656e-10,1.2325977666134343e-07,0.003104878214250486
49.811761000000004,8.624971126973438e-13,7.629279686254087e-12,4.2962500040870375e-11,7.133459279994369e-10,1.2231504924772584e-07,0.0030924435743094666
49.830094,8.54469930501207e-13,7.559665440942322e-12,4.2578316957048906e-11,7.072271787771768e-10,1.2137749695322898e-07,0.0030800528924735363
49.848427,8.465175138512396e-13,7.490686398867249e-12,4.219756649343526e-11,7.011607709752138e-10,1.2044706584023465e-07,0.003067706043794307
49.866760000000006,8.386391658031565e-13,7.422336764043406e-12,4.182021800770644e-11,6.951462581793206e-10,1.195237023718868e-07,0.003055402903519153
49.885093000000005,8.3083419591519e-13,7.354610793371548e-12,4.1446241130809636e-11,6.891831977702849e-10,1.1860735340915348e-07,0.003043143347091746
49.903426,8.231019201873417e-13,7.28750279615593e-12,4.1075605764527056e-11,6.832711508917465e-10,1.1769796620790923e-07,0.0030309272501526253
49.921759,8.154416610012391e-13,7.221007133626241e-12,4.070828207906363e-11,6.774096824183424e-10,1.1679548841603998e-07,0.003018754488539852
49.940092,8.078527470605288e-13,7.155118218463783e-12,4.0344240510655794e-11,6.715983609240888e-10,1.1589986807056799e-07,0.0030066249382895327
49.958425000000005,8.003345133318469e-13,7.089830514331972e-12,3.998345175920082e-11,6.658367586510468e-10,1.1501105359479737e-07,0.002994538475636468
49.976758000000004,7.928863009863277e-13,7.025138535411237e-12,3.962588678590911e-11,6.601244514782553e-10,1.1412899379548205e-07,0.002982494977014676
49.995091,7.855074573416546e-13,6.9610368459379335e-12,3.9271516810974916e-11,6.544610188909014e-10,1.1325363786001112e-07,0.002970494319058015
50.013424,7.781973358046721e-13,6.8975200597476925e-12,3.892031331126961e-11,6.488460439497876e-10,1.123849353536166e-07,0.0029585363786006746
50.031757000000006,7.709552958145118e-13,6.8345828398228025e-12,3.857224801805485e-11,6.432791132610156e-10,1.1152283621660067e-07,0.002946621032677742
50.050090000000004,7.637807027862759e-13,6.772219897843858e-12,3.822729291471662e-11,6.377598169459732e-10,1.1066729076158405e-07,0.002934748158525763
50.068423,7.566729280552234e-13,6.710425993745268e-12,3.788542023451768e-11,6.322877486115257e-10,1.0981824967077296e-07,0.0029229176335833175
50.086756,7.496313488214826e-13,6.649195935275046e-12,3.7546602458372694e-11,6.268625053205005e-10,1.0897566399324556e-07,0.002911129335491525
50.10508900000001,7.426553480952926e-13,6.588524577558486e-12,3.72108123126408e-11,6.214836875623857e-10,1.081394851422594e-07,0.0028993831420945026
50.123422000000005,7.357443146427547e-13,6.5284068226659615e-12,3.68780227669396e-11,6.161508992243046e-10,1.0730966489257797e-07,0.0028876789314400252
50.141755,7.288976429320647e-13,6.46883761918442e-12,3.654820703197725e-11,6.108637475622227e-10,1.0648615537781502e-07,0.002876016581779886
50.160088,7.221147330802933e-13,6.409811961793037e-12,3.622133855740413e-11,6.056218431723915e-10,1.0566890908780034e-07,0.0028643959715705433
50.178421,7.153949908006195e-13,6.351324890842618e-12,3.589739102968466e-11,6.004247999630447e-10,1.0485787886596354e-07,0.0028528169794735233
50.196754000000006,7.087378273500841e-13,6.293371491938836e-12,3.557633836998666e-11,5.952722351263245e-10,1.0405301790673552e-07,0.0028412794843559576
50.215087000000004,7.021426594778317e-13,6.235946895529395e-12,3.5258154732090725e-11,5.901637691104636e-10,1.0325427975297253e-07,0.0028297833652910676
50.23342,6.956089093738141e-13,6.179046276494721e-12,3.4942814500316866e-11,5.850990255921662e-10,1.0246161829339295e-07,0.002818328501558638
50.251753,6.891360046180006e-13,6.122664853742629e-12,3.463029228747069e-11,5.800776314492588e-10,1.0167498776003886e-07,0.002806914772645509
50.270086000000006,6.82723378130038e-13,6.0667978898065365e-12,3.4320562932807647e-11,5.750992167335481e-10,1.0089434272575113e-07,0.0027955420582459977
50.288419000000005,6.763704681194133e-13,6.0114406904474906e-12,3.401360150001526e-11,5.701634146439302e-10,1.00119638101667e-07,0.002784210238262436
50.306752,6.700767180360382e-13,5.9565886042596e-12,3.370938327521303e-11,5.65269861499694e-10,9.935082913473048e-08,0.0027729191928055614
50.325085,6.638415765213393e-13,5.902237022279287e-12,3.3407883764970456e-11,5.604181967140844e-10,9.858787140522699e-08,0.002761668802195062
50.34341800000001,6.576644973597712e-13,5.8483813775979705e-12,3.3109078694342896e-11,5.556080627680642e-10,9.783072082432949e-08,0.002750458946959837
50.361751000000005,6.515449394308122e-13,5.795017144978422e-12,3.2812944004924866e-11,5.508391051843202e-10,9.70793336316686e-08,0.002739289507838665
50.380084000000004,6.454823666613867e-13,5.7421398404744e-12,3.2519455852919484e-11,5.461109725014563e-10,9.633366639291589e-08,0.0027281603657804557
50.398417,6.394762479787297e-13,5.6897450210539705e-12,3.222859060722743e-11,5.414233162484432e-10,9.55936759973853e-08,0.0027170714019448066
50.41675,6.335260572637168e-13,5.637828284226157e-12,3.194032484755067e-11,5.367757909192468e-10,9.485931965565363e-08,0.0027060224977022906
50.435083000000006,6.276312733046116e-13,5.586385267671002e-12,3.165463536251386e-11,5.32168053947706e-10,9.413055489719807e-08,0.002695013534634992
50.453416000000004,6.217913797512454e-13,5.535411648873103e-12,3.137149914780366e-11,5.275997656825919e-10,9.340733956804863e-08,0.00268404439453687
50.471749,6.16005865069628e-13,5.484903144758287e-12,3.109089340432225e-11,5.230705893629002e-10,9.268963182846006e-08,0.0026731149594141188
50.490082,6.102742224969867e-13,5.434855511333808e-12,3.0812795536359244e-11,5.185801910933337e-10,9.197739015059893e-08,0.0026622251114856513
50.50841500000001,6.045959499972188e-13,5.385264543331704e-12,3.0537183149778945e-11,5.141282398200108e-10,9.12705733162485e-08,0.002651374733183392
50.526748000000005,5.989705502167735e-13,5.336126073855524e-12,3.026403405022434e-11,5.097144073063672e-10,9.056914041453115e-08,0.002640563707152789
50.545081,5.933975304409184e-13,5.287435974030089e-12,2.999332624133634e-11,5.053383681092553e-10,8.987305083964381e-08,0.0026297919162530155
50.563414,5.878764025504507e-13,5.239190152654637e-12,2.9725037922989216e-11,5.009997995552658e-10,8.918226428861401e-08,0.002619059243557529
50.581747,5.824066829787837e-13,5.191384555859043e-12,2.9459147489542127e-11,4.966983817172323e-10,8.849674075906922e-08,0.00260836557235431
50.600080000000005,5.76987892669448e-13,5.1440151667631695e-12,2.919563352810553e-11,4.924337973909394e-10,8.78164405470241e-08,0.002597710786146302
50.618413000000004,5.716195570339936e-13,5.097078005139422e-12,2.8934474816823896e-11,4.882057320720272e-10,8.714132424468276e-08,0.002587094768651672
50.636746,5.663012059102711e-13,5.050569127078197e-12,2.8675650323172303e-11,4.840138739330939e-10,8.647135273825762e-08,0.002576517403804338
50.655079,5.610323735211149e-13,5.00448462465657e-12,2.8419139202269736e-11,4.79857913800987e-10,8.58064872058035e-08,0.002565978575754071
50.673412000000006,5.558125984334046e-13,4.958820625609895e-12,2.8164920795206498e-11,4.757375451342872e-10,8.514668911506798e-08,0.0025554781688670674
50.691745000000004,5.506414235175186e-13,4.9135732930065025e-12,2.7912974627387244e-11,4.716524640009923e-10,8.449192022135745e-08,0.0025450160677261123
50.710078,5.455183959071612e-13,4.8687388249252006e-12,2.7663280406887078e-11,4.676023690563705e-10,8.384214256541823e-08,0.0025345921571310118
50.728411,5.404430669595527e-13,4.8243134541358825e-12,2.7415818022824847e-11,4.6358696152101883e-10,8.319731847133199e-08,0.0025242063220988404
50.74674400000001,5.354149922160193e-13,4.780293447782952e-12,2.7170567543748374e-11,4.596059451591012e-10,8.255741054442969e-08,0.002513858447864376
50.765077000000005,5.304337313629273e-13,4.736675107071737e-12,2.6927509216036403e-11,4.5565902625676353e-10,8.19223816692171e-08,0.0025035484198802295
50.78341,5.254988481929896e-13,4.6934547669575954e-12,2.6686623462312533e-11,4.517459136007434e-10,8.129219500731797e-08,0.002493276123817359
50.801743,5.206099105669408e-13,4.650628795838024e-12,2.644789087987473e-11,4.478663184571448e-10,8.066681399542968e-08,0.0024830414455651708
50.820076,5.157664903755527e-13,4.608193595247497e-12,2.621129223913891e-11,4.440199545504138e-10,8.004620234329648e-08,0.0024728442712319784
50.838409000000006,5.109681635020282e-13,4.56614559955509e-12,2.5976808482095058e-11,4.402065380424702e-10,7.943032403169579e-08,0.0024626844871452084
50.856742000000004,5.062145097847334e-13,4.5244812756649365e-12,2.574442072077877e-11,4.3642578751203156e-10,7.88191433104389e-08,0.0024525619798516783
50.875075,5.015051129802715e-13,4.4831971227192644e-12,2.5514110235754835e-11,4.3267742393409714e-10,7.821262469638775e-08,0.0024424766361179455
50.893408,4.968395607269135e-13,4.4422896718043e-12,2.5285858474615605e-11,4.289611706596215e-10,7.761073297148378e-08,0.0024324283429304674
50.911741000000006,4.922174445083662e-13,4.401755485658759e-12,2.505964705049182e-11,4.252767533953507e-10,7.701343318079373e-08,0.0024224169874960426
50.930074000000005,4.876383596178845e-13,4.361591158385092e-12,2.48354577405775e-11,4.2162390018382677e-10,7.642069063056815e-08,0.0024124424572418775
50.948407,4.831019051227028e-13,4.321793315163208e-12,2.4613272484666994e-11,4.180023413835693e-10,7.583247088631329e-08,0.002402504639815997
50.96674,4.786076838288201e-13,4.282358611966971e-12,2.439307338370578e-11,4.144118096494159e-10,7.524873977087936e-08,0.002392603423087388
50.98507300000001,4.74155302246093e-13,4.24328373528318e-12,2.417484269835413e-11,4.108520399130323e-10,7.466946336255988e-08,0.00238273869514635
51.003406000000005,4.697443705536758e-13,4.204565401833217e-12,2.3958562847563588e-11,4.073227693635989e-10,7.409460799320814e-08,0.0023729103443046926
51.021739000000004,4.653745025657643e-13,4.166200358297071e-12,2.374421640716535e-11,4.038237374286344e-10,7.352414024636333e-08,0.0023631182590959253
51.040072,4.61045315697675e-13,4.128185381040043e-12,2.353178610847215e-11,4.0035468575500435e-10,7.295802695539425e-08,0.0023533623282755815
51.058405,4.5675643093223e-13,4.0905172758418625e-12,2.3321254836892337e-11,3.969153581900842e-10,7.23962352016532e-08,0.002343642440821354
51.076738000000006,4.525074727864584e-13,4.053192877628276e-12,2.3112605630556116e-11,3.9350550076307885e-10,7.183873231264659e-08,0.0023339584859334195
51.095071000000004,4.4829806927862255e-13,4.01620905020516e-12,2.2905821678954215e-11,3.9012486166649967e-10,7.128548586021636e-08,0.0023243103530345695
51.113404,4.441278518955262e-13,3.979562685994913e-12,2.2700886321588313e-11,3.867731912378032e-10,7.073646365873451e-08,0.002314697931770436
51.131737,4.3999645556015193e-13,3.9432507057754e-12,2.2497783046633922e-11,3.834502419411791e-10,7.01916337633128e-08,0.00230512111200981
51.15007000000001,4.359035185995841e-13,3.90727005842119e-12,2.229649548961508e-11,3.8015576834949626e-10,6.965096446802417e-08,0.002295579783844644
51.168403000000005,4.3184868271324945e-13,3.8716177206472435e-12,2.2097007432090832e-11,3.768895271264044e-10,6.911442430413734e-08,0.0022860738375904254
51.186736,4.2783159294143637e-13,3.8362906967547895e-12,2.1899302800352807e-11,3.736512770085722e-10,6.858198203836368e-08,0.0022766031637863012
51.205069,4.2385189763411264e-13,3.8012860183796745e-12,2.1703365664135702e-11,3.7044077878809854e-10,6.80536066711176e-08,0.002267167653195246
51.223402,4.199092484200452e-13,3.766600744242925e-12,2.1509180235337935e-11,3.672577952950551e-10,6.752926743479032e-08,0.00225776719680433
51.241735000000006,4.160033001761979e-13,3.732231959903594e-12,2.131673086675423e-11,3.641020913801779e-10,6.700893379203336e-08,0.0022484016858247903
51.260068000000004,4.1213371099741774e-13,3.698176777513931e-12,2.1126002050820107e-11,3.609734338977239e-10,6.64925754340593e-08,0.0022390710116922804
51.278401,4.0830014216640494e-13,3.6644323355766444e-12,2.0936978418366022e-11,3.5787159168843696e-10,6.598016227894896e-08,0.0022297750660669716
51.296734,4.045022581239613e-13,3.630995798704519e-12,2.074964473738419e-11,3.5479633556269733e-10,6.547166446997642e-08,0.00222051374083386
51.315067000000006,4.0073972643951733e-13,3.597864357382146e-12,2.0563985911805507e-11,3.5174743828378487e-10,6.496705237394264e-08,0.002211286928102744
51.333400000000005,3.97012217781944e-13,3.565035227729904e-12,2.0379986980287705e-11,3.487246745512984e-10,6.446629657952318e-08,0.002202094520208506
51.351733,3.9331940589061895e-13,3.532505651269964e-12,2.019763311501381e-11,3.4572782098471366e-10,6.396936789562645e-08,0.002192936409711194
51.370066,3.8966096754677864e-13,3.5002728946945605e-12,2.001690962050195e-11,3.4275665610707186e-10,6.347623734976617e-08,0.002183812489396245
51.38839900000001,3.860365825451266e-13,3.4683342496362983e-12,1.9837801932425487e-11,3.3981096032881476e-10,6.298687618644188e-08,0.002174722652274528
51.406732000000005,3.824459336657224e-13,3.4366870324406312e-12,1.966029561644368e-11,3.3689051593176295e-10,6.250125586553664e-08,0.0021656667915826164
51.425065000000004,3.788887066461138e-13,3.4053285839402924e-12,1.9484376367042404e-11,3.3399510705320486e-10,6.201934806072126e-08,0.002156644800782748
51.443398,3.7536459015374157e-13,3.374256269231907e-12,1.9310030006385912e-11,3.3112451967014887e-10,6.154112465787264e-08,0.0021476565735631054
51.461731,3.718732757586032e-13,3.34346747745458e-12,1.9137242483178102e-11,3.282785415836937e-10,6.106655775350388e-08,0.002138702003837878
51.480064000000006,3.684144579061603e-13,3.3129596215705082e-12,1.896599987153451e-11,3.2545696240352794e-10,6.059561965320537e-08,0.0021297809857473305
51.498397000000004,3.649878338905186e-13,3.2827301381476483e-12,1.879628836986402e-11,3.2265957353257913e-10,6.012828287009683e-08,0.0021208934136580596
51.51673,3.615931038278335e-13,3.2527764871442556e-12,1.862809429976048e-11,3.1988616815176534e-10,5.966452012329092e-08,0.002112039182162926
51.535063,3.5822997062998515e-13,3.2230961516954998e-12,1.8461404104904447e-11,3.171365412049018e-10,5.9204304336368605e-08,0.002103218186081362
51.553396000000006,3.5489813997848754e-13,3.1936866379019657e-12,1.8296204349974508e-11,3.1441048938371763e-10,5.8747608635864674e-08,0.0020944303204592655
51.571729000000005,3.5159732029865407e-13,3.164545474620145e-12,1.813248171956845e-11,3.1170781111301124e-10,5.829440634976578e-08,0.0020856754805692397
51.590062,3.483272227339803e-13,3.13567021325473e-12,1.7970223017133944e-11,3.0902830653592035e-10,5.784467100601707e-08,0.00207695356191067
51.608395,3.4508756112079407e-13,3.107058427552916e-12,1.7809415163908662e-11,3.0637177749932704e-10,5.739837633104255e-08,0.00206826446020975
51.62672800000001,3.4187805196312167e-13,3.078707713400511e-12,1.765004519787005e-11,3.037380275393792e-10,5.695549624827365e-08,0.0020596080714196364
51.645061000000005,3.386984144078055e-13,3.050615688619976e-12,1.7492100272694432e-11,3.011268618671394e-10,5.651600487669152e-08,0.002050984291720483
51.663394000000004,3.3554837021983274e-13,3.022779992770192e-12,1.7335567656725163e-11,2.985380873543474e-10,5.6079876529376186e-08,0.0020423930175195288
51.681727,3.324276437579182e-13,2.995198286948169e-12,1.7180434731950056e-11,2.959715125193191e-10,5.564708571206931e-08,0.0020338341454512097
51.70006,3.293359619502974e-13,2.967868253592509e-12,1.7026688992988158e-11,2.934269475129411e-10,5.521760712174665e-08,0.002025307572377174
51.718393000000006,3.262730542707541e-13,2.9407875962886598e-12,1.6874318046085195e-11,2.909042041048075e-10,5.4791415645200515e-08,0.002016813195386364
51.736726000000004,3.232386527148716e-13,2.9139540395760012e-12,1.6723309608118486e-11,2.884030956694634e-10,5.4368486357633275e-08,0.002008350911795102
51.755059,3.2023249177650106e-13,2.887365328756586e-12,1.657365150560984e-11,2.859234371727576e-10,5.3948794521259466e-08,0.0019999206191471004
51.773392,3.1725430842445346e-13,2.861019229705729e-12,1.6425331673748207e-11,2.834650451583263e-10,5.353231558392091e-08,0.0019915222152135682
51.79172500000001,3.1430384207940983e-13,2.834913528684264e-12,1.6278338155420298e-11,2.810277377341774e-10,5.3119025177709265e-08,0.0019831555979931974
51.810058000000005,3.1138083459104657e-13,2.8090460321525748e-12,1.6132659100250565e-11,2.7861133455940244e-10,5.2708899117600886e-08,0.00197482066571229
51.828391,3.0848503021536794e-13,2.783414566586221e-12,1.598828276364892e-11,2.762156568309845e-10,5.2301913400099814e-08,0.0019665173168246968
51.846724,3.0561617559226054e-13,2.7580169782933464e-12,1.5845197505867553e-11,2.7384052727073276e-10,5.1898044201891256e-08,0.001958245450011962
51.865057,3.027740197232543e-13,2.7328511332337072e-12,1.570339179106573e-11,2.7148577011231783e-10,5.1497267878505644e-08,0.0019500049641832616
51.883390000000006,2.9995831394948145e-13,2.7079149168393462e-12,1.5562854186383443e-11,2.6915121108842034e-10,5.1099560962992135e-08,0.0019417957584754921
51.901723000000004,2.9716881192986173e-13,2.6832062338369543e-12,1.5423573361022782e-11,2.6683667741799416e-10,5.070490016460117e-08,0.0019336177322532772
51.920056,2.944052696194654e-13,2.6587230080717588e-12,1.5285538085337767e-11,2.6454199779362234e-10,5.0313262367477005e-08,0.0019254707851089727
51.938389,2.9166744524810143e-13,2.63446318233311e-12,1.5148737229932166e-11,2.6226700236899884e-10,4.992462462936056e-08,0.0019173548168627211
51.956722000000006,2.8895509929909263e-13,2.6104247181816055e-12,1.501315976476537e-11,2.6001152274649897e-10,4.953896418030046e-08,0.001909269727562435
51.975055000000005,2.862679944882527e-13,2.5866055957778483e-12,1.487879475826669e-11,2.577753919648732e-10,4.915625842137499e-08,0.0019012154174838298
51.993388,2.836058957430591e-13,2.56300381371267e-12,1.47456313764565e-11,2.55558444487024e-10,4.877648492342176e-08,0.001893191787130387
52.011721,2.8096857018202084e-13,2.5396173888390024e-12,1.461365888207627e-11,2.533605161879061e-10,4.8399621425777626e-08,0.00188519873723342
52.03005400000001,2.7835578709423744e-13,2.5164443561052224e-12,1.4482866633725755e-11,2.5118144434251475e-10,4.802564583502861e-08,0.0018772361687519892
52.048387000000005,2.757673179191543e-13,2.4934827683900756e-12,1.4353244085008244e-11,2.4902106761398826e-10,4.765453622376717e-08,0.0018693039828730277
52.066720000000004,2.732029362264964e-13,2.470730696339013e-12,1.4224780783682918e-11,2.468792260417989e-10,4.728627082936001e-08,0.0018614020810111952
52.085053,2.706624176964014e-13,2.4481862282021132e-12,1.4097466370825202e-11,2.447557610300491e-10,4.692082805272389e-08,0.001853530364808917
52.103386,2.6814554009972706e-13,2.42584746967344e-12,1.3971290579994616e-11,2.4265051533587343e-10,4.6558186457111334e-08,0.0018456887361364106
52.121719000000006,2.6565208327855455e-13,2.40371254373186e-12,1.3846243236409475e-11,2.4056333305792733e-10,4.619832476690489e-08,0.0018378770970916038
52.140052000000004,2.631818291268641e-13,2.3817795904833635e-12,1.3722314256129893e-11,2.384940596249833e-10,4.58412218664199e-08,0.0018300953500001481
52.158385,2.607345615713933e-13,2.360046767004733e-12,1.3599493645246983e-11,2.3644254178461405e-10,4.548685679871644e-08,0.0018223433974153891
52.176718,2.583100665526756e-13,2.3385122471887257e-12,1.3477771499080209e-11,2.34408627591981e-10,4.513520876441967e-08,0.0018146211421183331
52.19505100000001,2.5590813200625523e-13,2.3171742215906167e-12,1.3357138001381298e-11,2.323921663987102e-10,4.478625712054913e-08,0.0018069284871175854
52.213384000000005,2.535285478440832e-13,2.2960308972761944e-12,1.3237583423545559e-11,2.303930088418715e-10,4.4439981379356586e-08,0.0017992653356493735
52.231717,2.511711059360724e-13,2.2750804976710576e-12,1.3119098123830007e-11,2.2841100683303903e-10,4.409636120717198e-08,0.0017916315911774667
52.25005,2.488356000918395e-13,2.254321262411373e-12,1.300167254657867e-11,2.2644601354745328e-10,4.375537642325842e-08,0.0017840271573931023
52.268383,2.46521826042611e-13,2.2337514471959493e-12,1.2885297221454635e-11,2.2449788341327406e-10,4.341700699867527e-08,0.0017764519382150196
52.286716000000006,2.4422958142329916e-13,2.213369323639667e-12,1.276996276267892e-11,2.2256647210092246e-10,4.308123305514917e-08,0.0017689058377893608
52.305049000000004,2.419586657547448e-13,2.193173179128279e-12,1.2655659868276556e-11,2.2065163651251198e-10,4.2748034863954625e-08,0.0017613887604895893
52.323382,2.397088804261259e-13,2.1731613166744622e-12,1.2542379319328535e-11,2.1875323477137432e-10,4.241739284480133e-08,0.0017539006109165054
52.341715,2.3748002867753123e-13,2.1533320547752576e-12,1.243011197923125e-11,2.1687112621166822e-10,4.2089287564730295e-08,0.0017464412938981073
52.360048000000006,2.3527191558269667e-13,2.1336837272707687e-12,1.2318848792962018e-11,2.1500517136807653e-10,4.1763699737018167e-08,0.0017390107144895995
52.378381000000005,2.3308434803190275e-13,2.114214683204188e-12,1.2208580786351658e-11,2.1315523196560066e-10,4.144061022008991e-08,0.0017316087779732604
52.396714,2.3091713471502833e-13,2.0949232866830347e-12,1.2099299065362863e-11,2.1132117090942756e-10,4.1120000016438144e-08,0.0017242353898584565
52.415047,2.2877008610476885e-13,2.0758079167417234e-12,1.1990994815375567e-11,2.0950285227488746e-10,4.080185027155216e-08,0.0017168904558814537
52.43338000000001,2.2664301444000602e-13,2.05686696720535e-12,1.1883659300478376e-11,2.077001412975041e-10,4.048614227285338e-08,0.001709573882005438
52.451713000000005,2.2453573370933764e-13,2.038098846554762e-12,1.1777283862766653e-11,2.0591290436312178e-10,4.017285744863974e-08,0.0017022855744204186
52.470046,2.2244805963475376e-13,2.019501977792785e-12,1.1671859921646314e-11,2.0414100899811184e-10,3.986197736703682e-08,0.0016950254395430833
52.488379,2.2037980965547237e-13,2.0010747983117446e-12,1.1567378973144363e-11,2.0238432385967617e-10,3.9553483734957176e-08,0.0016877933840168044
52.506712,2.1833080291192412e-13,1.9828157597621616e-12,1.1463832589225216e-11,2.0064271872621947e-10,3.924735839706764e-08,0.001680589314711446
52.525045000000006,2.163008602298825e-13,1.9647233279226444e-12,1.1361212417113341e-11,1.989160644878116e-10,3.89435833347636e-08,0.001673413138723406
52.543378000000004,2.142898041047502e-13,1.9467959825710014e-12,1.1259510178621918e-11,1.9720423313672534e-10,3.864214066515099e-08,0.0016662647633753868
52.561711,2.1229745868598353e-13,1.929032217356464e-12,1.1158717669487133e-11,1.9550709775805828e-10,3.8343012640036166e-08,0.0016591440962163652
52.580044,2.1032364976166605e-13,1.911430539673144e-12,1.1058826758708992e-11,1.9382453252043184e-10,3.80461816449225e-08,0.0016520510450214777
52.598377000000006,2.0836820474322715e-13,1.893989470534599e-12,1.0959829387897506e-11,1.9215641266677016e-10,3.7751630198014625e-08,0.0016449855177919361
52.616710000000005,2.0643095265030678e-13,1.8767075444495912e-12,1.0861717570624976e-11,1.9050261450515898e-10,3.7459340949231013e-08,0.0016379474227548932
52.635043,2.0451172409574888e-13,1.859583309298907e-12,1.076448339178392e-11,1.888630153997767e-10,3.71692966792218e-08,0.0016309366683633546
52.653376,2.026103512707483e-13,1.8426153262133696e-12,1.0668119006950825e-11,1.872374937619086e-10,3.6881480298395406e-08,0.0016239531632960271
52.67170900000001,2.0072666793012973e-13,1.8258021694529226e-12,1.0572616641755428e-11,1.856259290410329e-10,3.65958748459516e-08,0.0016169968164572463
52.690042000000005,1.9886050937776686e-13,1.8091424262868607e-12,1.0477968591255941e-11,1.8402820171598476e-10,3.631246348892253e-08,0.0016100675369768325
52.708375000000004,1.9701171245213418e-13,1.7926346968750832e-12,1.038416721931927e-11,1.8244419328619514e-10,3.603122952121936e-08,0.0016031652342099886
52.726708,1.951801155119963e-13,1.776277594150499e-12,1.029120495800736e-11,1.8087378626300106e-10,3.57521563626875e-08,0.0015962898177371834
52.745041,1.9336555842223248e-13,1.7600697437024713e-12,1.0199074306968567e-11,1.79316864161034e-10,3.5475227558167264e-08,0.0015894411973639375
52.763374000000006,1.9156788253978576e-13,1.7440097836613256e-12,1.0107767832834847e-11,1.7777331148967712e-10,3.5200426776562547e-08,0.00158261928312082
52.781707000000004,1.897869306997576e-13,1.728096364583944e-12,1.0017278168623935e-11,1.7624301374460132e-10,3.4927737809916604e-08,0.001575823985263245
52.80004,1.8802254720161318e-13,1.7123281493403396e-12,9.927598013147124e-12,1.747258573993619e-10,3.4657144572492916e-08,0.0015690552142713216
52.818373,1.8627457779553406e-13,1.6967038130013288e-12,9.838720130422085e-12,1.7322172989708022e-10,3.438863109986464e-08,0.0015623128808497809
52.83670600000001,1.8454286966888442e-13,1.6812220427271917e-12,9.7506373490912e-12,1.717305196421829e-10,3.412218154800992e-08,0.0015555968959277632
52.855039000000005,1.8282727143281368e-13,1.6658815376573849e-12,9.663342561844966e-12,1.7025211599222462e-10,3.3857780192413997e-08,0.001548907170658707
52.873372,1.811276331089745e-13,1.6506810088011989e-12,9.576828724850382e-12,1.6878640924976564e-10,3.359541142717799e-08,0.0015422436164202308
52.891705,1.7944380611637496e-13,1.6356191789294752e-12,9.491088857184556e-12,1.6733329065432985e-10,3.3335059764133815e-08,0.0015356061448138945
52.910038,1.7777564325834448e-13,1.6206947824672809e-12,9.406116040273495e-12,1.6589265237442608e-10,3.307670983196656e-08,0.0015289946676651592
52.928371000000006,1.7612299870962657e-13,1.6059065653875617e-12,9.321903417335643e-12,1.6446438749963557e-10,3.2820346375341895e-08,0.001522409097023159
52.946704000000004,1.744857280035919e-13,1.591253285105796e-12,9.238444192830695e-12,1.6304839003277453e-10,3.2565954254042016e-08,0.0015158493451605634
52.965037,1.7286368801956716e-13,1.5767337103755512e-12,9.15573163191287e-12,1.6164455488211122e-10,3.231351844210552e-08,0.0015093153245734252
52.98337,1.7125673697028695e-13,1.5623466211850507e-12,9.073759059889452e-12,1.6025277785365754e-10,3.206302402697511e-08,0.0015028069479810155
53.001703000000006,1.6966473438945863e-13,1.5480908086546512e-12,8.992519861683997e-12,1.5887295564352454e-10,3.1814456208651594e-08,0.0014963241283256247
53.020036000000005,1.680875411194462e-13,1.533965074935288e-12,8.912007481304539e-12,1.5750498583034442e-10,3.1567800298853524e-08,0.0014898667787724665
53.038369,1.6652501929906658e-13,1.5199682331077925e-12,8.832215421316038e-12,1.5614876686774984e-10,3.1323041720183264e-08,0.0014834348127094209
53.056702,1.6497703235150198e-13,1.5060991070831826e-12,8.753137242318063e-12,1.548041980769225e-10,3.1080166005299214e-08,0.0014770281437469545
53.07503500000001,1.634434449723246e-13,1.4923565315038313e-12,8.674766562426761e-12,1.5347117963920922e-10,3.083915879609401e-08,0.0014706466857178579
53.093368000000005,1.6192412311763282e-13,1.4787393516455674e-12,8.597097056761837e-12,1.5214961258879013e-10,3.060000584287966e-08,0.0014642903526771403
53.111701000000004,1.604189339922962e-13,1.4652464233206188e-12,8.520122456937593e-12,1.5083939880541792e-10,3.0362693003576865e-08,0.001457959058901784
53.130034,1.589277460383132e-13,1.451876612781492e-12,8.44383655055896e-12,1.4954044100721293e-10,3.0127206242911965e-08,0.001451652718890633
53.148367,1.5745042892327695e-13,1.4386287966257037e-12,8.368233180721747e-12,1.48252642743525e-10,2.989353163161928e-08,0.001445371247364137
53.166700000000006,1.5598685352894629e-13,1.4255018617013818e-12,8.293306245517473e-12,1.4697590838785032e-10,2.9661655345648944e-08,0.0014391145592642107
53.185033000000004,1.545368919399291e-13,1.4124947050137524e-12,8.219049697542604e-12,1.4571014313081398e-10,2.943156366538149e-08,0.0014328825697540511
53.203366,1.5310041743246197e-13,1.3996062336324294e-12,8.145457543412084e-12,1.4445525297320395e-10,2.9203242974847173e-08,0.0014266751942179016
53.221699,1.5167730446330313e-13,1.3868353645996018e-12,8.072523843277312e-12,1.4321114471907504e-10,2.897667976095152e-08,0.0014204923482608876
53.24003200000001,1.5026742865872545e-13,1.374181024839028e-12,8.000242710348287e-12,1.419777259689025e-10,2.8751860612706785e-08,0.0014143339477088168
53.258365000000005,1.4887066680361353e-13,1.3616421510658887e-12,7.928608310420254e-12,1.407549051127976e-10,2.8528772220469217e-08,0.0014081999086079891
53.276698,1.4748689683065909e-13,1.3492176896974159e-12,7.857614861404202e-12,1.3954259132378038e-10,2.8307401375181e-08,0.0014020901472249726
53.295031,1.4611599780966166e-13,1.336906596764384e-12,7.787256632861879e-12,1.3834069455110915e-10,2.808773496761883e-08,0.0013960045800464177
53.31336400000001,1.4475784993692617e-13,1.3247078378233806e-12,7.717527945544755e-12,1.3714912551366602e-10,2.7869759987647424e-08,0.0013899431237788511
53.331697000000005,1.4341233452476243e-13,1.3126203878699066e-12,7.648423170937289e-12,1.359677956934019e-10,2.7653463523479234e-08,0.0013839056953484636
53.350030000000004,1.4207933399107713e-13,1.30064323125222e-12,7.579936730803995e-12,1.347966173288312e-10,2.7438832760938432e-08,0.0013778922119008802
53.368363,1.4075873184906885e-13,1.2887753615860168e-12,7.512063096740788e-12,1.3363550340858856e-10,2.7225854982731627e-08,0.0013719025908010235
53.386696,1.3945041269701645e-13,1.2770157816698613e-12,7.444796789730209e-12,1.3248436766503309e-10,2.701451756772288e-08,0.0013659367496327748
53.405029000000006,1.3815426220816305e-13,1.2653635034013945e-12,7.378132379700593e-12,1.3134312456791553e-10,2.6804807990215035e-08,0.0013599946061988782
53.423362000000004,1.368701671206949e-13,1.2538175476943245e-12,7.312064485089395e-12,1.302116893180911e-10,2.65967138192358e-08,0.0013540760785206705
53.441695,1.3559801522781095e-13,1.2423769443961327e-12,7.246587772410069e-12,1.2908997784128864e-10,2.639022271782879e-08,0.0013481810848378108
53.460028,1.3433769536789136e-13,1.2310407322065732e-12,7.181696955822955e-12,1.2797790678193626e-10,2.618532244235097e-08,0.0013423095436081807
53.47836100000001,1.3308909741474946e-13,1.2198079585968916e-12,7.1173867967101565e-12,1.2687539349703239e-10,2.5982000841773482e-08,0.0013364613735075324
53.496694000000005,1.3185211226798386e-13,1.2086776797298051e-12,7.053652103253999e-12,1.2578235605007784e-10,2.578024585698998e-08,0.0013306364934293465
53.515027,1.3062663184341143e-13,1.1976489603801706e-12,6.990487730019245e-12,1.2469871320504892e-10,2.558004552012749e-08,0.001324834822484562
53.53336,1.2941254906359634e-13,1.186720873856419e-12,6.927888577539172e-12,1.2362438442043035e-10,2.5381387953864715e-08,0.0013190562800013631
53.551693,1.2820975784846353e-13,1.1758925019226864e-12,6.865849591905296e-12,1.2255928984329508e-10,2.518426137075353e-08,0.0013133007855249393
53.570026000000006,1.2701815310600319e-13,1.1651629347216531e-12,6.80436576436058e-12,1.2150335030343495e-10,2.498865407254679e-08,0.0013075682588172624
53.588359000000004,1.258376307230581e-13,1.154531270698111e-12,6.74343213089671e-12,1.2045648730754196e-10,2.4794554449530488e-08,0.0013018586198568194
53.606692,1.246680875562002e-13,1.1439966165231842e-12,6.683043771854306e-12,1.194186230334364e-10,2.46019509798608e-08,0.0012961717888384002
53.625025,1.235094214226902e-13,1.1335580870192836e-12,6.623195811527307e-12,1.1838968032434865e-10,2.4410832228906262e-08,0.0012905076861728553
53.643358000000006,1.2236153109152072e-13,1.1232148050857214e-12,6.563883417770606e-12,1.173695826832436e-10,2.422118684859489e-08,0.0012848662324868587
53.661691000000005,1.2122431627454956e-13,1.1129659016250287e-12,6.50510180161115e-12,1.1635825426720013e-10,2.4033003576765915e-08,0.0012792473486226258
53.680024,1.2009767761770409e-13,1.1028105154699049e-12,6.446846216862646e-12,1.1535561988183154e-10,2.384627123652616e-08,0.0012736509556377203
53.698357,1.1898151669227986e-13,1.0927477933108738e-12,6.389111959743511e-12,1.1436160497575851e-10,2.3660978735611685e-08,0.0012680769748047757
53.71669000000001,1.1787573598631023e-13,1.0827768896245768e-12,6.331894368498516e-12,1.1337613563512591e-10,2.3477115065753738e-08,0.001262525327611234
53.735023000000005,1.1678023889602656e-13,1.0728969666027426e-12,6.2751888230235155e-12,1.123991385781698e-10,2.3294669302049615e-08,0.0012569959357591205
53.753356000000004,1.1569492971738675e-13,1.0631071940817666e-12,6.218990744493697e-12,1.114305411498241e-10,2.3113630602337916e-08,0.0012514887211647861
53.771689,1.1461971363769248e-13,1.053406749472972e-12,6.163295594995069e-12,1.1047027131638124e-10,2.2933988206578738e-08,0.0012460036059586334
53.790022,1.1355449672727918e-13,1.0437948176934879e-12,6.108098877159301e-12,1.0951825766019092e-10,2.2755731436238302e-08,0.0012405405124848695
53.808355000000006,1.1249918593128652e-13,1.034270591097757e-12,6.0533961338016785e-12,1.0857442937440902e-10,2.2578849693677988e-08,0.0012350993633012419
53.826688000000004,1.1145368906150346e-13,1.024833269409689e-12,5.999182947562595e-12,1.0763871625779006e-10,2.240333246154851e-08,0.0012296800811788277
53.845021,1.1041791478829079e-13,1.0154820596553941e-12,5.945454940551759e-12,1.0671104870952037e-10,2.222916930218747e-08,0.0012242825891016556
53.863354,1.0939177263257764e-13,1.0062161760965682e-12,5.8922077739960636e-12,1.0579135772410017e-10,2.2056349857022326e-08,0.0012189068102665785
53.88168700000001,1.0837517295793405e-13,9.970348401644639e-13,5.8394371478902726e-12,1.0487957488626505e-10,2.188486384597771e-08,0.001213552668082903
53.900020000000005,1.0736802696271772e-13,9.879372803944848e-13,5.787138800651058e-12,1.0397563236595536e-10,2.1714701066886483e-08,0.0012082200861721782
53.918353,1.0637024667229286e-13,9.78922732361342e-13,5.735308508773766e-12,1.0307946291332211e-10,2.154585139490596e-08,0.001202908988367892
53.936686,1.0538174493132018e-13,9.69990438614837e-13,5.683942086492747e-12,1.0219099985378088e-10,2.137830478193759e-08,0.001197619298715249
53.95501900000001,1.0440243539612413e-13,9.611396486162101e-13,5.633035385444171e-12,1.0131017708310374e-10,2.1212051256051867e-08,0.0011923509414708184
53.973352000000006,1.0343223252712558e-13,9.523696186750896e-13,5.582584294332408e-12,1.0043692906255791e-10,2.104708092091688e-08,0.0011871038411023528
53.991685000000004,1.0247105158134708e-13,9.43679611886982e-13,5.532584738598875e-12,9.957119081407865e-11,2.0883383955231184e-08,0.0011818779222884418
54.010018,1.0151880860499057e-13,9.350688980713682e-13,5.4830326800941016e-12,9.871289791548985e-11,2.072095061216117e-08,0.0011766731099182664
54.028351,1.0057542042607918e-13,9.26536753710345e-13,5.4339241167527915e-12,9.786198649576109e-11,2.0559771218781933e-08,0.0011714893290913147
54.046684000000006,9.964080464717279e-14,9.180824618878295e-13,5.385255082271518e-12,9.701839323030681e-11,2.0399836175523393e-08,0.0011663265051170943
54.065017000000005,9.871487963815007e-14,9.097053122293317e-13,5.337021645789557e-12,9.618205533632635e-11,2.0241135955619354e-08,0.0011611845635148578
54.08335,9.779756452905357e-14,9.014046008422465e-13,5.289219911572414e-12,9.535291056817928e-11,2.0083661104561368e-08,0.0011560634300133165
54.101683,9.688877920300872e-14,8.931796302567213e-13,5.241846018698182e-12,9.453089721280681e-11,1.9927402239556362e-08,0.001150963030550362
54.12001600000001,9.598844428920275e-14,8.850297093670449e-13,5.194896140746783e-12,9.371595408518433e-11,1.9772350048988504e-08,0.0011458832912727528
54.138349000000005,9.509648115593442e-14,8.769541533735896e-13,5.148366485491925e-12,9.290802052382142e-11,1.9618495291884906e-08,0.001140824138535874
54.156682,9.421281190372273e-14,8.689522837252514e-13,5.102253294595757e-12,9.210703638629102e-11,1.946582879738496e-08,0.001135785498903405
54.175015,9.3337359358485e-14,8.61023428062448e-13,5.0565528433063345e-12,9.131294204480403e-11,1.931434146421457e-08,0.001130767299147034
54.193348,9.247004706477556e-14,8.531669201606194e-13,5.01126144015777e-12,9.052567838181682e-11,1.916402426016303e-08,0.0011257694662461927
54.211681000000006,9.161079927908849e-14,8.453820998742461e-13,4.966375426672997e-12,8.974518678567812e-11,1.901486822156485e-08,0.001120791927387717
54.230014000000004,9.075954096322482e-14,8.376683130813917e-13,4.921891177069263e-12,8.897140914631391e-11,1.8866864452785044e-08,0.0011158346099656288
54.248347,8.991619777771599e-14,8.300249116287218e-13,4.877805097966191e-12,8.820428785094573e-11,1.8720004125707845e-08,0.0011108974415807338
54.26668,8.908069607531558e-14,8.224512532770554e-13,4.834113628096438e-12,8.744376577984901e-11,1.857427847922971e-08,0.001105980350040418
54.285013000000006,8.825296289454649e-14,8.149467016473943e-13,4.79081323801899e-12,8.668978630214389e-11,1.8429678818756106e-08,0.0011010832633582821
54.303346000000005,8.743292595331152e-14,8.075106261674627e-13,4.747900429835058e-12,8.594229327162695e-11,1.8286196515701748e-08,0.0010962061097538796
54.321679,8.662051364256066e-14,8.001424020187057e-13,4.7053717369063185e-12,8.520123102263212e-11,1.814382300699452e-08,0.0010913488176523959
54.340012,8.581565502002105e-14,7.92841410083801e-13,4.663223723575819e-12,8.446654436593115e-11,1.800254979458353e-08,0.0010865113156843748
54.35834500000001,8.501827980398151e-14,7.856070368946304e-13,4.621452984891376e-12,8.3738178584668e-11,1.786236844495014e-08,0.0010816935326853421
54.376678000000005,8.422831836713912e-14,7.784386745807457e-13,4.580056146331416e-12,8.301607943032785e-11,1.7723270588623417e-08,0.0010768953976955987
54.395011000000004,8.344570173049859e-14,7.713357208182738e-13,4.539029863533194e-12,8.230019311873855e-11,1.7585247919698456e-08,0.0010721168399598258
54.413344,8.267036155733253e-14,7.642975787793189e-13,4.498370822023531e-12,8.159046632610913e-11,1.7448292195358636e-08,0.0010673577889268296
54.431677,8.190223014719676e-14,7.573236570818101e-13,4.4580757369518784e-12,8.088684618510016e-11,1.7312395235401434e-08,0.0010626181742492014
54.450010000000006,8.114124042999913e-14,7.50413369739808e-13,4.4181413528258735e-12,8.018928028092709e-11,1.717754892176782e-08,0.0010578979257830328
54.468343000000004,8.038732596012917e-14,7.435661361142776e-13,4.378564443249125e-12,7.949771664749883e-11,1.7043745198074785e-08,0.0010531969735875705
54.486676,7.964042091063498e-14,7.367813808642843e-13,4.339341810661419e-12,7.881210376358688e-11,1.6910976069151704e-08,0.0010485152479249396
54.505009,7.890046006746192e-14,7.300585338986609e-13,4.300470286081161e-12,7.813239054902827e-11,1.6779233600580144e-08,0.0010438526792597882
54.52334200000001,7.816737882373873e-14,7.233970303281002e-13,4.2619467288502674e-12,7.745852636096116e-11,1.664850991823679e-08,0.0010392091982590161
54.541675000000005,7.744111317412233e-14,7.16796310417701e-13,4.223768026381217e-12,7.679046099009136e-11,1.651879720784014e-08,0.0010345847357914177
54.560008,7.672159970919109e-14,7.102558195399199e-13,4.1859310939062945e-12,7.612814465699145e-11,1.6390087714500178e-08,0.0010299792229274002
54.578341,7.600877560989297e-14,7.037750081279796e-13,4.14843287422923e-12,7.547152800843081e-11,1.6262373742271744e-08,0.0010253925909386166
54.59667400000001,7.530257864204325e-14,6.973533316296858e-13,4.111270337479e-12,7.482056211373667e-11,1.6135647653711004e-08,0.001020824771297675
54.615007000000006,7.4602947150877e-14,6.909902504616809e-13,4.074440480865803e-12,7.41751984611893e-11,1.6009901869435636e-08,0.0010162756956778503
54.633340000000004,7.390982005564897e-14,6.846852299640913e-13,4.037940328439113e-12,7.353538895444148e-11,1.5885128867687317e-08,0.0010117452959526874
54.651673,7.322313684428479e-14,6.78437740355611e-13,4.00176693084813e-12,7.290108590897484e-11,1.576132118389865e-08,0.0010072335041957405
54.670006,7.25428375680832e-14,6.722472566889854e-13,3.965917365104156e-12,7.227224204858234e-11,1.5638471410262366e-08,0.0010027402526801789
54.688339000000006,7.186886283646614e-14,6.661132588068993e-13,3.930388734345181e-12,7.164881050188288e-11,1.5516572195304448e-08,0.0009982654738785635
54.706672000000005,7.120115381177973e-14,6.600352312982802e-13,3.8951781676026e-12,7.103074479886519e-11,1.5395616243459988e-08,0.0009938091004624168
54.725005,7.0539652204141e-14,6.540126634549763e-13,3.8602828195698834e-12,7.041799886745844e-11,1.527559631465224e-08,0.0009893710653019723
54.743338,6.988430026633476e-14,6.480450492288541e-13,3.825699870373478e-12,6.981052703013678e-11,1.5156505223874897e-08,0.0009849513014657727
54.76167100000001,6.923504078875821e-14,6.421318871892725e-13,3.791426525345571e-12,6.920828400054877e-11,1.503833584077744e-08,0.0009805497422203954
54.780004000000005,6.859181709441123e-14,6.362726804809589e-13,3.757460014799132e-12,6.861122488017858e-11,1.4921081089253868e-08,0.0009761663210301185
54.798337000000004,6.795457303393414e-14,6.304669367822477e-13,3.723797593804647e-12,6.801930515503194e-11,1.4804733947033818e-08,0.0009718009715565666
54.81667,6.732325298069171e-14,6.247141682637214e-13,3.690436541969113e-12,6.743248069235355e-11,1.4689287445277237e-08,0.0009674536276583416
54.835003,6.669780182590357e-14,6.190138915472182e-13,3.657374163216848e-12,6.685070773737238e-11,1.4574734668172273e-08,0.0009631242233908148
54.853336000000006,6.607816497381868e-14,6.133656276652143e-13,3.6246077855723224e-12,6.627394291007101e-11,1.4461068752535253e-08,0.0009588126930056216
54.871669000000004,6.54642883369366e-14,6.077689020205873e-13,3.592134760944959e-12,6.570214320198834e-11,1.4348282887415014e-08,0.0009545189709504886
54.890002,6.485611833127112e-14,6.022232443467243e-13,3.5599524649157246e-12,6.513526597304253e-11,1.4236370313698566e-08,0.0009502429918687513
54.908335,6.425360187166022e-14,5.967281886680167e-13,3.5280582965257562e-12,6.457326894838817e-11,1.4125324323721134e-08,0.000945984690599138
54.92666800000001,6.365668636711782e-14,5.912832732607022e-13,3.496449678066828e-12,6.401611021529416e-11,1.4015138260878135e-08,0.0009417440021753338
54.945001000000005,6.306531971623171e-14,5.858880406140769e-13,3.4651240548736848e-12,6.346374822005261e-11,1.3905805519240802e-08,0.0009375208618257278
54.963334,6.247945030260004e-14,5.805420373920397e-13,3.4340788951182175e-12,6.291614176491086e-11,1.3797319543173764e-08,0.0009333152049729968
54.981667,6.189902699031436e-14,5.752448143950095e-13,3.403311689605501e-12,6.237325000503183e-11,1.3689673826956343e-08,0.000929126967233796
55.0,6.13239991194836e-14,5.699959265221786e-13,3.3728199515716017e-12,6.183503244547914e-11,1.3582861914406292e-08,0.0009249560844184452
