x,F_3_10,F_5_10,F_10_10,F_5_5,F_5_30
0.001,0.07019374416401548,0.00032664964066231073,6.237345118491976e-10,0.00042733499071266547,0.0002642177002571914
0.0039995,0.139560643452946,0.0025835200417071605,1.5489178642734596e-07,0.003367285275721829,0.002094944869998129
0.006999,0.1835448036697888,0.005914059221274219,1.4099188948859632e-06,0.007679759787765913,0.004807530774461145
0.0099985,0.2181010633913871,0.00998549563253103,5.699971252219265e-06,0.012919255127312262,0.008137224345974955
0.012998,0.24722771601075724,0.014636090054617985,1.5803773648063606e-05,0.018867341122879862,0.011956295390614418
0.0159975,0.27268154790640947,0.019762351006938676,3.520648210335206e-05,0.02538363556606773,0.016183398577981397
0.018997,0.2954236553482964,0.025289796306759142,6.797537094194333e-05,0.032366955390240724,0.020760159723796554
0.021996500000000002,0.31604932888049975,0.031161096248441683,0.00011864810238996998,0.039739479484365826,0.025641712278498527
0.024996,0.33495843572627615,0.03733015996166863,0.00019213253267583494,0.04743880749688214,0.03079199300876504
0.0279955,0.35243546849275076,0.04375878850613543,0.0002936170882111467,0.055413440709579515,0.03618108855765808
0.030995,0.36869172920927323,0.05041460905733824,0.0004284908192174466,0.06361997700189381,0.041783603364625124
0.033994500000000004,0.3838894952706478,0.05726971600701217,0.0006022723065453475,0.0720212551259451,0.04757758991594884
0.036994,0.39815677474968136,0.0642997322559849,0.0008205466608014147,0.08058506538558853,0.053543812482226984
0.0399935,0.4115967816021817,0.07148313507399538,0.001088909911615054,0.08928321833178687,0.05966522033918818
0.042993,0.42429427447625706,0.07880075638751942,0.001412920139278981,0.09809085044568275,0.0659265587690683
0.0459925,0.4363199437067752,0.08623540248797924,0.0017980547513927474,0.10698589274477742,0.07231407416026972
0.048992,0.44773353563744134,0.09377155811741492,0.0022496733538198387,0.11594865499369945,0.07881528542533381
0.0519915,0.4585861328204237,0.10139515178784994,0.0027729857085010278,0.12496149417656331,0.08541880342253252
0.054991,0.4689218537710769,0.10909336657273319,0.003373024310701391,0.13400854582082714,0.09211418593046815
0.0579905,0.47877914370470803,0.11685448534821247,0.004054621155333821,0.1430755031539205,0.09889181948479604
0.06099,0.4881917708053899,0.12466776259625502,0.004822388296315467,0.15214943331030092,0.10574282186897961
0.0639895,0.4971896064381378,0.13252331700872372,0.005680701834670813,0.16121862268842527,0.11265896073374014
0.066989,0.5057992441369092,0.14041204060847354,0.006633689000484461,0.17027244556288532,0.11963258498650207
0.0699885,0.5140444964502502,0.14832552115010159,0.0076852180209965,0.17930125148169382,0.12665656641768994
0.072988,0.5219467979812176,0.156255975318138,0.008838890492284769,0.18829626800935287,0.133724249625527
0.0759875,0.5295255354874462,0.16419619079443296,0.010098035995237318,0.1972495161342338,0.14082940873666475
0.078987,0.536798320623388,0.17213947567882798,0.01146570871802564,0.2061537362244936,0.14796620974376276
0.0819865,0.5437812171108731,0.18007961405838566,0.01294468586716561,0.21500232284473653,0.15512917752516694
0.084986,0.5504889313581124,0.18801082675813716,0.014537467667626149,0.22378926707346886,0.16231316679785712
0.0879855,0.5569349735052895,0.19592773648996073,0.016246278769414094,0.23250910521539916,0.16951333639848215
0.090985,0.5631317943490122,0.2038253367595813,0.01807307089373955,0.24115687300149635,0.17672512639906254
0.0939845,0.5690909024452006,0.2116989640047004,0.020019526566338063,0.2497280645269246,0.18394423765213852
0.096984,0.5748229648100277,0.21954427252714317,0.022087063798882377,0.25821859530238805,0.19116661342991573
0.0999835,0.5803378939603392,0.22735721185400742,0.02427684159174053,0.2666247688952948,0.1983884228780646
0.102983,0.5856449235077388,0.23513400622103892,0.026589766142706927,0.2749432467189228,0.20560604604990523
0.10598250000000001,0.5907526741071135,0.24287113591890436,0.029026497656806195,0.2831710205945535,0.21281606032342945
0.108982,0.5956692112336596,0.25056532028187684,0.03158745766193436,0.29130538776645576,0.2200152280336997
0.1119815,0.6004020960025069,0.25821350213053906,0.03427283674399426,0.299343928095033,0.22720048517775115
0.114981,0.6049584300366291,0.26581283350667345,0.03708260262337423,0.3072844831912781,0.23436893106977807
0.1179805,0.6093448952206677,0.27336066256074965,0.04001650850215536,0.3151251372873514,0.24151781884127532
0.12098,0.6135677890418493,0.2808545214709997,0.04307410161837111,0.3228641996647589,0.24864454669518193
0.1239795,0.6176330561078639,0.28829211528880794,0.04625473195000743,0.3305001884841679,0.25574664983508594
0.126979,0.6215463163402091,0.2956713116184245,0.049557561017299905,0.338031815880064,0.2628217930006436
0.1299785,0.6253128902660122,0.30299013105032907,0.05298157073724692,0.3454579741998382,0.26986776354911074
0.132978,0.6289378217690149,0.31024673827726285,0.05652557228920321,0.3527777232809379,0.27688246503011577
0.1359775,0.6324258986081833,0.3174394338302397,0.06018821495493002,0.3599902786718142,0.2838639112072035
0.138977,0.6357816709689721,0.32456664637899635,0.06396799490063175,0.36709500071285095,0.2908102204850746
0.1419765,0.6390094682756462,0.3316269255475347,0.06786326387229309,0.3740913844025557,0.2977196107060986
0.144976,0.6421134144621911,0.33861893520076425,0.07187223777910663,0.3809790499821692,0.30459039428376833
0.1479755,0.6450974418732,0.3455414471629729,0.07599300514294649,0.38775773417880066,0.3114209736442042
0.150975,0.6479653039440024,0.3523933353328338,0.08022353539473842,0.39442728205322003,0.31820983695004407
0.15397450000000001,0.6507205867901986,0.3591735701633812,0.0845616870012189,0.4009876394037742,0.3249555540835427
0.156974,0.6533667198206993,0.3658812134783907,0.08900521540797128,0.40743884568261024,0.3316567728681629
0.1599735,0.655906985474364,0.3725154135994639,0.09355178078681807,0.41378102738452527,0.3383122155100571
0.162973,0.6583445281683832,0.3790754007605381,0.0981989555776346,0.4200143918724567,0.34492067524250936
0.1659725,0.6606823625361298,0.3855604827886832,0.10294423181644846,0.42613922160691414,0.35148101315818586
0.168972,0.6629233810233647,0.39197004103204947,0.1077850282433173,0.4321558687495629,0.357992155215353
0.1719715,0.6650703609036958,0.39830352651745793,0.11271869718495965,0.43806475011379215,0.36445308940555926
0.174971,0.667125970767619,0.40456045632173604,0.1177425312084305,0.4438663424374446,0.3708628630713405
0.1779705,0.6690927765333249,0.4107404101422254,0.12285376954334853,0.44956117795495987,0.3772205803636485
0.18097,0.6709732470224541,0.41684302705312604,0.12804960427123974,0.4551498402481162,0.38352539982940104
0.1839695,0.6727697591392932,0.4228680024354805,0.13332718628153836,0.4606329603562145,0.3897765321205974
0.186969,0.6744846026879822,0.4288150850695367,0.13868363099464076,0.4660112131281152,0.39597323781693483
0.1899685,0.6761199848587243,0.4346840743791786,0.14411602385317104,0.4712853137999293,0.40211482535475446
0.192968,0.6776780344109032,0.440474817818912,0.14962142558331223,0.4764560147833986,0.40820064905548226
0.1959675,0.6791608055782257,0.44618720839459053,0.15519687722863013,0.4815241026511988,0.41423010724750364
0.198967,0.6805702817185791,0.45182118230980034,0.16083940495938556,0.4864903953063835,0.4202026404757199
0.2019665,0.6819083787291159,0.4573767167303689,0.16654602466073834,0.49135573932417864,0.42611772979353196
0.204966,0.6831769482451263,0.4628538276600344,0.17231374630369872,0.49612100745518967,0.43197489513244336
0.2079655,0.6843777806395275,0.468252567920842,0.1781395781030059,0.5007870962798674,0.43777369374474434
0.210965,0.6855126078382949,0.4735730252322217,0.18402053046639338,0.5053549240048253,0.44351371871506856
0.2139645,0.6865831059657276,0.47881532038322266,0.18995361973997477,0.5098254283922377,0.44919459753709656
0.216964,0.687590897832232,0.4839796054926584,0.19593587175469257,0.5141995648141857,0.4548159907516485
0.2199635,0.6885375552761831,0.4890660623523397,0.20196432517891333,0.5184783044243574,0.46037759064289296
0.222963,0.6894246013704083,0.4940749008488963,0.20803603468241244,0.5226626324400421,0.4658791199896159
0.2259625,0.6902535125030042,0.49900635745991656,0.21414807391709803,0.5267535465278079,0.47132033086851366
0.228962,0.6910257203412586,0.5038606938204847,0.22029753831987856,0.5307520552867225,0.4767010035069149
0.2319615,0.6917426136868481,0.5086381953564378,0.2264815477431554,0.5346591768233612,0.4820209451823382
0.234961,0.6924055402297329,0.5133391699808281,0.23269724891842142,0.5384759374132155,0.4872799891665327
0.2379605,0.6930158082075865,0.5179639468503932,0.2389418177584864,0.5422033702434889,0.49247799371177875
0.24096,0.6935746879770751,0.5225128751789598,0.24521246150380538,0.5458425142325394,0.4976148410773698
0.2439595,0.6940834135027707,0.5269863231049152,0.25150642071838764,0.5493944129215941,0.5026904365943233
0.246959,0.6945431837690391,0.5313846766100649,0.2578209711407058,0.5528601134345532,0.5077047077664921
0.2499585,0.6949551641198903,0.5357083384873463,0.2641534253949837,0.5562406655020488,0.5126576034063273
0.252958,0.6953204875312705,0.5399577273549948,0.2705011345681462,0.5595371205460669,0.5175490928037477
0.2559575,0.6956402558201055,0.5441332767149292,0.2768614896576825,0.5627505308217492,0.5223791649264818
0.258957,0.6959155407939194,0.5482354340532288,0.2832319228955646,0.565881948613133,0.5271478276505237
0.2619565,0.6961473853447352,0.5522646599807199,0.2896099089532549,0.5689324254798257,0.5318551070193183
0.264956,0.6963368044905316,0.5562214274117266,0.2959929660327726,0.5719030115517465,0.5365010465304308
0.2679555,0.6964847863674473,0.560106220779286,0.30237865684869286,0.5747947548692836,0.5410857064484331
0.270955,0.6965922931755811,0.5639195352850629,0.30876458950575797,0.5776087007663285,0.54560916314289
0.2739545,0.6966602620811234,0.5676618761823937,0.31514841827681267,0.5803458912938219,0.5500715084504118
0.276954,0.696689606077296,0.5713337580909699,0.32152784428550507,0.5830073646815686,0.5544728490596482
0.2799535,0.6966812148064613,0.5749357043416758,0.32790061609821813,0.585594154836219,0.5588133059184274
0.282953,0.6966359553455733,0.5784682463502786,0.3342645302294577,0.5881072908734276,0.5630930136618391
0.2859525,0.6965546729570041,0.5819319230186281,0.3406174315648977,0.5905477966822953,0.5673121200607499
0.288952,0.6964381918066594,0.585327280162195,0.34695721370610805,0.5929166905203527,0.5714707854896021
0.2919515,0.6962873156511413,0.5886548699627395,0.35328181924086116,0.5952149846373901,0.5755691824129316
0.294951,0.6961028284956289,0.5919152504450377,0.3595892399428635,0.5974436849265568,0.5796074948897032
0.2979505,0.6958854952240426,0.5951089849766157,0.36587751690453757,0.5996037906012467,0.5835859180949038
0.30095,0.695636062202927,0.5982366417894701,0.3721447406064475,0.6016962938963515,0.5875046578575794
0.3039495,0.6953552578604442,0.6012987935228584,0.37838905092679687,0.6037221797925555,0.5913639302147616
0.306949,0.6950437932417178,0.6042960167862332,0.38460863709429655,0.6056824257623958,0.5951639609806562
0.3099485,0.6947023625418074,0.6072288917414743,0.39080173758765446,0.607578001536921,0.5989049853304624
0.312948,0.6943316436173386,0.6100980017035954,0.39696663998472115,0.6094098688917888,0.6025872473983618
0.3159475,0.6939322984779327,0.6129039327591462,0.4031016807643196,0.6111789814517631,0.606210999889038
0.318947,0.6935049737584141,0.6156472734015555,0.409205245063596,0.6128862845125755,0.6097765037023001
0.3219465,0.6930503011727027,0.6183286141827384,0.41527576639364483,0.6145327148792211,0.6132840275703209
0.324946,0.6925688979503241,0.6209485473802401,0.4213117263161065,0.6161192007197471,0.6167338477069398
0.3279455,0.692061367256337,0.6235076666793328,0.4273116540832231,0.6176466614337134,0.620126247468738
0.330945,0.691528298595469,0.6260065668693829,0.4332741262438575,0.6191160075344846,0.6234615170273309
0.3339445,0.6909702682012258,0.6284458435539587,0.439197766217765,0.6205281405445939,0.6267399530525521
0.336944,0.690387839410639,0.6308260928740683,0.4450812438404561,0.6218839529034427,0.629961858406081
0.3399435,0.6897815630253392,0.6331479112440419,0.4509232748806851,0.62318432788666,0.6331275418452521
0.342943,0.6891519776595592,0.6354118950994722,0.4567226205327702,0.6244301395364401,0.6362373177365361
0.3459425,0.6884996100756821,0.6376186406568128,0.4624780868856152,0.6256222526022528,0.6392915057784891
0.348942,0.6878249755078679,0.6397687436840724,0.4681885243703609,0.6267615224913389,0.6422904307337861
0.3519415,0.6871285779743016,0.6418627992822206,0.47385282718849,0.6278487952284191,0.6452344221700138
0.354941,0.6864109105785595,0.643901401676855,0.47946993272209343,0.628884907424098,0.6481238142089791
0.3579405,0.6856724558005551,0.6458851440197001,0.48503882092794726,0.6298706862514444,0.650958945284127
0.36094,0.6849136857775509,0.6478146181995726,0.49055851371697423,0.6308069494302865,0.653740157906015
0.3639395,0.6841350625756089,0.6496904146624086,0.4960280743205736,0.6316945052187725,0.6564677984352983
0.366939,0.683337038451933,0.6515131222399978,0.501446606645275,0.6325341524117305,0.6591422168631544
0.3699385,0.6825200561084511,0.6532833279871179,0.5068132546170414,0.6333266803454732,0.6617637665989282
0.372938,0.6816845489370238,0.6550016170266477,0.5121272015165448,0.6340728689086215,0.664332804264586
0.3759375,0.6808309412566236,0.6566685724024233,0.5173876693065735,0.6347734885585881,0.6668496894959218
0.378937,0.6799596485427813,0.6582847749395049,0.5225939179528459,0.6354293003433882,0.6693147847502238
0.3819365,0.6790710776496806,0.659850803111543,0.5277452447392266,0.636041055928422,0.6717284551202066
0.384936,0.6781656270251147,0.6613672329149678,0.5328409835784255,0.6366094976279396,0.6740910681539756
0.3879355,0.67724368691865,0.6628346377497679,0.5378805043192336,0.6371353584408709,0.6764029936808942
0.390935,0.6763056395832521,0.6642535883065424,0.5428632120511157,0.6376193620907507,0.6786646036430892
0.3939345,0.67535185947061,0.6656246524596311,0.5477885464071439,0.6380622230694678,0.6808762719325118
0.396934,0.674382713420428,0.6669483951660183,0.5526559808660834,0.6384646466845727,0.6830383742332418
0.3999335,0.6733985608438929,0.6682253783698741,0.5574650220543605,0.6388273291099283,0.685151287869048
0.402933,0.6723997539015838,0.6694561609124173,0.5622152090487703,0.6391509574394407,0.6872153916558241
0.4059325,0.6713866376759728,0.6706412984469412,0.5669061126805025,0.6394362097436858,0.6892310657589799
0.408932,0.6703595503387826,0.6717813433587998,0.5715373348412217,0.6396837551291931,0.6911986915554538
0.4119315,0.6693188233133386,0.6728768446901318,0.5761085077918177,0.6398942538002311,0.6931186515002817
0.414931,0.6682647814321514,0.6739283480691463,0.5806192934743237,0.6400683571228596,0.6949913289975473
0.4179305,0.667197743089866,0.6749363956438295,0.5850693828276696,0.6402067076911192,0.6968171082756612
0.42093,0.6661180203917585,0.6759015260197909,0.5894584951076683,0.6403099393951622,0.6985963742667288
0.4239295,0.6650259192979605,0.6768242742022273,0.5937863772117671,0.640378677491174,0.7003295124899194
0.426929,0.663921739763528,0.6777051715417215,0.598052803008979,0.6404135386729403,0.7020169089387885
0.4299285,0.6628057758745436,0.6785447456837942,0.6022575726754043,0.6404151311449161,0.7036589499722765
0.432928,0.6616783159803638,0.6793435205220166,0.6064005120357496,0.640384054696648,0.7052560222094468
0.4359275,0.6605396428221386,0.6801020161545738,0.6104814719111491,0.6403209007784509,0.7068085124277357
0.438927,0.6593900336577925,0.6808207488441251,0.6145003274736361,0.6402262525781864,0.7083168074646413
0.4419265,0.6582297603834975,0.6815002309808246,0.618456977607605,0.6401006850990507,0.7097812941227726
0.444926,0.6570590896518449,0.6821409710483858,0.6223513442784177,0.6399447652382494,0.7112023590780953
0.4479255,0.6558782829867739,0.682743473593079,0.6261833719085461,0.6397590518664745,0.712580388791366
0.450925,0.6546875968953904,0.6833082391954933,0.6299530267614242,0.639544095908059,0.7139157694225778
0.4539245,0.6534872829767743,0.6838357644450062,0.6336602963331139,0.6393004404217476,0.7152088867483822
0.456924,0.6522775880278717,0.6843265419168533,0.6373051887521846,0.6390286206819681,0.7164601260823972
0.4599235,0.6510587541465844,0.6847810601516118,0.6408877321877698,0.6387291642605466,0.7176698721982431
0.462923,0.6498310188321225,0.6851998036371096,0.6444079742660472,0.6384025911087742,0.7188385092553593
0.4659225,0.6485946150827355,0.6855832527925738,0.6478659814952865,0.6380494136397445,0.7199664207273948
0.468922,0.6473497714908955,0.6859318839549837,0.6512618386995471,0.6376701368109217,0.721053989333141
0.4719215,0.6460967123360135,0.6862461693674768,0.6545956484610935,0.6372652582068372,0.7221015969699766
0.474921,0.6448356576747593,0.6865265771698003,0.6578675305716956,0.6368352681218803,0.7231096246496824
0.4779205,0.6435668234290958,0.68677357139064,0.6610776214928132,0.6363806496431118,0.7240784524366092
0.48092,0.6422904214720498,0.6869876119418221,0.6642260738247713,0.6359018787330539,0.7250084593880692
0.4839195,0.6410066597113288,0.6871691546142428,0.6673130557849313,0.6353994243123915,0.7259000234969807
0.486919,0.6397157421708398,0.6873186510755003,0.6703387506949062,0.6348737483425497,0.7267535216365771
0.4899185,0.6384178690701705,0.6874365488691407,0.6733033564768708,0.634325305908098,0.7275693295072695
0.492918,0.6371132369020867,0.6875232914154412,0.6762070851589113,0.6337545452989318,0.7283478215854482
0.4959175,0.6358020385081419,0.6875793180136582,0.6790501623895214,0.6331619080922066,0.729089371074279
0.498917,0.6344844631524159,0.6876050638457097,0.6818328269610797,0.6325478292339566,0.7297943498563623
0.5019165,0.633160696593447,0.6876009599811929,0.6845553303424919,0.6319127371204017,0.7304631284482811
0.504916,0.6318309211544558,0.6875674333836946,0.6872179362207826,0.6312570536788829,0.7310960759568925
0.5079155,0.6304953157918295,0.6875049069183239,0.6898209200517246,0.6305811944483962,0.7316935600373818
0.510915,0.6291540561620002,0.6874137993604478,0.6923645686194437,0.6298855686597044,0.7322559468529842
0.5139145,0.6278073146867161,0.6872945254055104,0.6948491796048964,0.6291705793150014,0.7327836010363742
0.516914,0.6264552606167655,0.6871474956799603,0.697275061163259,0.6284366232671005,0.7332768856526154
0.5199135,0.6250980600941936,0.6869731167531801,0.6996425315100806,0.6276840912981029,0.7337361621636682
0.522913,0.6237358762130749,0.686771791150388,0.7019519185162085,0.6269133681975677,0.7341617903944079
0.5259125,0.6223688690788487,0.6865439173664755,0.7042035593113551,0.626124832840128,0.7345541285000546
0.528912,0.6209971958662984,0.6862898898807227,0.7063977998962995,0.6253188582625333,0.7349135329351103
0.5319115,0.6196210108761773,0.686010099172371,0.7085349947635662,0.6244958117401405,0.7352403584235737
0.534911,0.6182404655905354,0.6857049317369497,0.7106155065265842,0.6236560548627733,0.735534957930518
0.5379105,0.6168557087268017,0.6853747701034236,0.7126397055571473,0.6227999436100017,0.7357976826350169
0.54091,0.6154668862906045,0.685019992852006,0.7146079696311891,0.6219278284257796,0.7360288819042657
0.5439095,0.614074141627434,0.6846409746327041,0.7165206835827128,0.6210400542924609,0.7362289032689454
0.546909,0.61267761547311,0.6842380861844647,0.718378238965754,0.6201369608041447,0.7363980923997779
0.5499085,0.6112774460031467,0.6838116943549816,0.7201810337243774,0.619218882239392,0.7365367930852328
0.552908,0.6098737688809985,0.683362162121045,0.721929471870533,0.6182861476332465,0.7366453472103738
0.5559075,0.6084667173052529,0.6828898486094692,0.7236239631696505,0.6173390808486056,0.7367240947367377
0.558907,0.6070564220557642,0.6823951091185262,0.7252649228339885,0.6163780006468894,0.736773373683323
0.5619065,0.6056430115387926,0.681878295139865,0.7268527712234267,0.6154032207580279,0.7367935201085759
0.564906,0.6042266118311516,0.681339754380917,0.7283879335538579,0.6144150499497628,0.7367848680933802
0.5679055,0.6028073467233793,0.6807798307877011,0.7298708396127929,0.6134137920962262,0.736747749725028
0.570905,0.6013853377620149,0.6801988645680588,0.7313019234823228,0.6123997462458423,0.7366824950820696
0.5739045,0.5999607042909124,0.6795971922152766,0.7326816232691183,0.6113732066884938,0.7365894322201553
0.576904,0.5985335634917094,0.678975146532044,0.7340103808415204,0.6103344630220089,0.7364688871586874
0.5799035,0.5971040304234252,0.6783330566547763,0.7352886415734937,0.6092838002178993,0.7363211838684158
0.582903,0.5956722180611893,0.6776712480782212,0.7365168540953847,0.6082214986864205,0.7361466442597352
0.5859025,0.5942382373341974,0.6769900426803745,0.7376954700513719,0.6071478343408848,0.7359455881719461
0.588902,0.5928021971628206,0.6762897587476623,0.7388249438635021,0.6060630786612801,0.7357183333631656
0.5919015,0.5913642044949757,0.6755707110003727,0.7399057325021166,0.6049674987571612,0.7354651955010786
0.594901,0.5899243643417041,0.6748332106183182,0.7409382952627519,0.6038613574298217,0.7351864881544128
0.5979005,0.5884827798120467,0.674077565266705,0.7419230935491093,0.6027449132337676,0.7348825227850909
0.6009,0.5870395521471502,0.6733040791221987,0.7428605906622816,0.6016184205374515,0.7345536087411454
0.6038995,0.5855947807537157,0.6725130528991821,0.7437512515959432,0.6004821295833146,0.7342000532502306
0.606899,0.5841485632367441,0.6717047838761475,0.744595542837416,0.5993362865471086,0.733822161413862
0.6098985,0.5827009954315875,0.6708795659222557,0.7453939321745511,0.5981811335965133,0.7334202362022308
0.612898,0.5812521714353975,0.6700376895240046,0.7461468885082778,0.5970169089490361,0.7329945784496633
0.6158975,0.5798021836378907,0.6691794418120453,0.7468548816707419,0.5958438469292289,0.7325454868506758
0.618897,0.5783511227515247,0.6683051065880495,0.7475183822488852,0.5946621780251825,0.7320732579565868
0.6218965,0.5768990778410383,0.6674149643517095,0.7481378614133517,0.5934721289443445,0.7315781861727402
0.624896,0.5754461363524288,0.6665092923277922,0.7487137907527058,0.5922739226686253,0.731060563756174
0.6278955,0.573992384141332,0.6655883644932598,0.7492466421127436,0.5910677785088279,0.7305206808139627
0.630895,0.5725379055008442,0.6646524516044217,0.7497368874408472,0.5898539121583908,0.7299588253018879
0.6338945,0.5710827831887978,0.6637018212241622,0.7501849986352546,0.5886325357464391,0.7293752830237741
0.636894,0.5696270984544831,0.6627367377491554,0.750591447399215,0.5874038578901855,0.7287703376311985
0.6398935,0.5681709310648685,0.6617574624371296,0.7509567050997981,0.5861680837466178,0.7281442706236909
0.642893,0.5667143593302892,0.6607642534341116,0.7512812426313774,0.5849254150635628,0.7274973613494041
0.6458925,0.5652574601296415,0.6597573658016881,0.7515655302836233,0.5836760502300622,0.7268298870061692
0.648892,0.5638003089350844,0.6587370515442371,0.7518100376139298,0.5824201843260991,0.7261421226430292
0.6518915,0.5623429798362668,0.6577035596361553,0.7520152333241571,0.5811580091716703,0.7254343411621754
0.654891,0.5608855455640949,0.6566571360490443,0.7521815851416396,0.5798897133752215,0.7247068133211809
0.6578905,0.5594280775140121,0.6555980237788556,0.7523095597043002,0.5786154823814228,0.7239598077357822
0.66089,0.5579706457688762,0.6545264628730078,0.7523996224498318,0.5773354985183385,0.7231935908828765
0.6638895,0.5565133191213681,0.6534426904574182,0.7524522375088459,0.5760499410439338,0.7224084271039635
0.666889,0.555056165095984,0.6523469407635111,0.7524678676018439,0.5747589861919825,0.7216045786088885
0.6698885,0.5535992499706105,0.6512394451551292,0.7524469739400182,0.573462807217348,0.7207823054799731
0.672888,0.5521426387977019,0.650120432155382,0.7523900161296979,0.5721615744406503,0.7199418656763933
0.6758875,0.5506863954250378,0.6489901274734251,0.7522974520804144,0.5708554552923297,0.7190835150389192
0.678887,0.5492305825161014,0.64784875403113,0.7521697379164881,0.5695446143561121,0.7182075072949623
0.6818865,0.5477752615700977,0.6466965319896709,0.7520073278920137,0.5682292134118738,0.7173140940638748
0.684886,0.5463204929415549,0.6455336787760331,0.7518106743092547,0.5669094114779238,0.7164035248625489
0.6878855,0.5448663358596002,0.6443604091093864,0.7515802274402417,0.5655853648527045,0.715476047111314
0.690885,0.5434128484468554,0.6431769350273719,0.751316435451593,0.5642572271559094,0.714531906140021
0.6938845,0.5419600877380055,0.6419834659122784,0.7510197443324539,0.5629251493690449,0.713571345194485
0.696884,0.540508109697992,0.6407802085170796,0.7506905978254289,0.5615892798754096,0.712594605443043
0.6998835,0.5390569692399148,0.6395673669913918,0.7503294373605045,0.5602497644995325,0.7116019259834828
0.702883,0.5376067202425653,0.6383451429072479,0.7499367019918461,0.5589067465460527,0.7105935438500652
0.7058825,0.5361574155676749,0.6371137352848036,0.7495128283373812,0.5575603668380515,0.7095696940208713
0.708882,0.5347091070768195,0.6358733406178743,0.7490582505211649,0.5562107637548585,0.7085306094253019
0.7118815,0.5332618456480445,0.6346241528993377,0.7485734001183532,0.5548580732693008,0.7074765209517682
0.714881,0.5318156811921699,0.6333663636464171,0.7480587061028366,0.5535024289844555,0.706407657455628
0.7178805,0.5303706626688134,0.6321001619258059,0.7475145947973212,0.5521439621698591,0.7053242457672373
0.72088,0.5289268381021135,0.6308257343786438,0.7469414898259708,0.5507828017972061,0.7042265107002713
0.7238795,0.5274842545961879,0.6295432652453723,0.746339812069357,0.5494190745755553,0.7031146750601167
0.726879,0.5260429583503007,0.6282529363904019,0.7457099796217932,0.548052904986009,0.7019889596525027
0.7298785,0.5246029946737688,0.626954927326658,0.7450524077509184,0.5466844153159204,0.7008495832922378
0.732878,0.5231644080005924,0.6256494152399537,0.7443675088594908,0.5453137256925932,0.6996967628121774
0.7358775,0.5217272419038473,0.6243365750132206,0.7436556924493245,0.5439409541165069,0.698530713072214
0.738877,0.5202915391097918,0.6230165792505584,0.7429173650873558,0.5425662164940606,0.6973516469685137
0.7418765,0.5188573415117619,0.6216895983011481,0.7421529303736494,0.5411896266698435,0.6961597754428376
0.744876,0.5174246901837911,0.6203558002829951,0.7413627889114609,0.5398112964584468,0.6949553074920141
0.7478755,0.5159936253940106,0.6190153511064866,0.7405473382791974,0.5384313356758033,0.6937384501774714
0.750875,0.5145641866177981,0.6176684144978317,0.739706973004216,0.537049852170082,0.6925094086349811
0.7538745,0.5131364125507245,0.6163151520222747,0.738842084538448,0.5356669518521306,0.6912683860844143
0.756874,0.5117103411212459,0.6149557231071883,0.7379530612357823,0.5342827387254819,0.6900155838396873
0.7598735,0.5102860095031941,0.6135902850649805,0.7370402883311608,0.5328973149159049,0.6887512013187488
0.762873,0.5088634541280449,0.6122189931158188,0.7361041479212982,0.5315107807005444,0.6874754360536728
0.7658725,0.5074427106969834,0.6108420004102135,0.7351450189470653,0.5301232345366294,0.6861884837008724
0.768872,0.5060238141927362,0.6094594580513901,0.7341632771773822,0.5287347730897549,0.6848905380513531
0.7718715,0.5046067988912393,0.6080715151175281,0.7331592951946291,0.5273454912617519,0.6835817910410792
0.774871,0.503191698373069,0.6066783186837934,0.7321334423815443,0.5259554822181524,0.6822624327614031
0.7778705,0.5017785455347045,0.6052800138442236,0.7310860849095523,0.5245648374152447,0.6809326514695784
0.78087,0.5003673725995831,0.6038767437334143,0.7300175857284342,0.5231736466267394,0.679592633599311
0.7838695,0.4989582111289731,0.6024686495480598,0.7289283045573498,0.5217819979700298,0.6782425637714199
0.786869,0.49755109203266723,0.6010558705682778,0.7278185978771744,0.5203899779320759,0.6768826248044942
0.7898685,0.49614604557947806,0.599638544178806,0.7266888189240523,0.5189976713948953,0.6755129977256812
0.792868,0.49474310140758176,0.5982168058899896,0.7255393176841883,0.517605161660692,0.6741338617814552
0.7958675,0.49334228853466144,0.596790789358594,0.7243704408898011,0.516212530476597,0.6727453944484771
0.798867,0.49194363536789915,0.5953606264084716,0.723182532016239,0.5148198580590497,0.6713477714445123
0.8018665,0.4905471697138001,0.5939264470510064,0.7219759312801376,0.5134272231178203,0.669941166739314
0.804866,0.48915291878782996,0.5924883795054352,0.7207509756387039,0.5120347028796655,0.6685257525656286
0.8078655,0.4877609092239182,0.5910465502189464,0.7195079987899725,0.5106423731116476,0.6671016994301971
0.810865,0.4863711670837966,0.5896010838866286,0.7182473311741127,0.5092503081440853,0.665669176124789
0.8138645,0.48498371786616207,0.5881521034712428,0.7169692999756262,0.5078585808931818,0.6642283497372596
0.816864,0.48359858651572457,0.5866997302228101,0.7156742291265321,0.5064672628833049,0.6627793856626474
0.8198635,0.48221579743206894,0.5852440836980345,0.7143624393104038,0.5050764242689381,0.6613224476142845
0.822863,0.48083537447839714,0.583785281779539,0.7130342479672884,0.5036861338562983,0.6598576976349235
0.8258625,0.47945734099010556,0.5823234406949456,0.7116899692994538,0.5022964591246393,0.6583852961078908
0.828862,0.4780817197832341,0.5808586750357693,0.7103299142779247,0.5009074662472256,0.6569054017682331
0.8318615,0.4767085331627798,0.5793910977761332,0.7089543906498258,0.499519220112002,0.6554181717139212
0.834861,0.47533780293086497,0.5779208202913294,0.7075637029464193,0.49813178434194266,0.6539237614169908
0.8378605,0.4739695503947682,0.5764479523761962,0.7061581524919069,0.496745221315104,0.6524223247347559
0.84086,0.47260379637484184,0.5749726022633259,0.7047380374128704,0.4953595921843689,0.650914013920987
0.8438595,0.47124056121228136,0.5734948766410967,0.7033036526484504,0.4939749568969024,0.6493989796371257
0.846859,0.4698798647767831,0.57201488067155,0.7018552899610886,0.49259137421330373,0.6478773709634439
0.8498585,0.4685217264740672,0.5705327180080816,0.7003932379478955,0.4912089017264775,0.6463493354102581
0.852858,0.4671661652532815,0.569048490812975,0.6989177820526727,0.4898275958802214,0.644815018929101
0.8558575,0.4658131996143014,0.5675622997747555,0.697429204578406,0.4884475119875264,0.6432745659239005
0.858857,0.4644628476148778,0.5660742441254,0.6959277847003633,0.48706870424860843,0.6417281192621636
0.8618565,0.4631151268777027,0.564584421657353,0.6944137984796994,0.4856912257686613,0.6401758202861073
0.864856,0.4617700545973468,0.5630929287403902,0.6928875188775405,0.4843151285753491,0.6386178088238101
0.8678555,0.4604276475470861,0.5615998603383265,0.691349215769567,0.4829404636360233,0.6370542232003746
0.870855,0.4590879220856249,0.5601053100255402,0.6897991559610389,0.48156728087468675,0.6354852002490015
0.8738545,0.4577508941636996,0.5586093700033536,0.688237603202259,0.4801956291887059,0.6339108753220924
0.876854,0.456416579330593,0.5571121311162386,0.6866648182044671,0.47882555646525354,0.6323313823023518
0.8798535,0.45508499274052955,0.5556136828678647,0.685081058656092,0.4774571095975191,0.6307468536138089
0.882853,0.45375614915897927,0.5541141134369991,0.6834865792394272,0.4760903345006627,0.6291574202328891
0.8858525,0.452430062968863,0.5526135096932175,0.6818816316476537,0.4747252761275319,0.6275632116993811
0.888852,0.451106748176642,0.5511119572124971,0.6802664646021885,0.47336197848413675,0.6259643561274453
0.8918515,0.4497862184183374,0.5496095402926188,0.6786413238703547,0.4720004846448922,0.6243609802165772
0.894851,0.4484684869654292,0.5481063419684288,0.6770064522834117,0.4706408367676311,0.6227532092625077
0.8978505,0.4471535667306826,0.5466024440269432,0.6753620897548315,0.46928307610837816,0.6211411671681292
0.90085,0.4458414702738689,0.5450979270223049,0.6737084732988355,0.4679272430359123,0.6195249764543491
0.9038495,0.4445322098074017,0.5435928702905639,0.6720458370492777,0.46657337704610113,0.6179047582709248
0.906849,0.44322579720188027,0.5420873519643385,0.6703744122786622,0.46522151677601725,0.6162806324072745
0.9098485,0.4419222439915673,0.5405814489873008,0.6686944274175065,0.46387170001783845,0.6146527173032351
0.912848,0.4406215613797314,0.5390752371285229,0.6670061080738345,0.46252396373253785,0.613021130059805
0.9158475,0.4393237602439753,0.537568790996676,0.6653096770529295,0.4611783440633667,0.6113859864498428
0.918847,0.4380288511414105,0.5360621840540658,0.6636053543772582,0.45983487634912734,0.6097474009287052
0.9218465,0.4367368443138082,0.5345554886305502,0.6618933573065713,0.45849359513724597,0.6081054866449016
0.924846,0.4354477496926303,0.5330487759372787,0.6601739003581996,0.45715453419664764,0.6064603554506459
0.9278455,0.434161576904012,0.5315421160803209,0.6584471953274718,0.45581772653043184,0.6048121179123975
0.930845,0.4328783352736397,0.5300355780741117,0.6567134513082974,0.45448320438834955,0.603160883321395
0.9338445,0.4315980338315732,0.5285292298547963,0.6549728747138684,0.45315099927910524,0.6015067597040641
0.936844,0.43032068131699275,0.5270231382934079,0.6532256692975141,0.4518211419824508,0.5998498538325078
0.9398435,0.4290462861828545,0.525517369208907,0.6514720361736154,0.45049366256111073,0.5981902712347693
0.942843,0.4277748566004916,0.5240119873810909,0.6497121738386725,0.4491685903725138,0.5965281162052648
0.9458425,0.426506400464144,0.5225070565633647,0.6479462781924404,0.4478459540803533,0.5948634918150133
0.948842,0.42524092539540576,0.5210026394953633,0.6461745425591302,0.4465257816659618,0.5931964999218767
0.9518415,0.4239784387476191,0.5194987979154537,0.6443971577087211,0.4452081004395176,0.5915272411807493
0.954841,0.4227189476101851,0.5179955925730928,0.642614311878318,0.44389293705108357,0.5898558150537255
0.9578405,0.42146245881282157,0.5164930832410548,0.6408261907935339,0.4425803175014609,0.588182319820183
0.96084,0.42020897892975295,0.5149913287275283,0.6390329776899888,0.4412702671528932,0.5865068525868
0.9638395,0.4189585142838317,0.5134903868880719,0.6372348533347524,0.43996281073959864,0.5848295092976182
0.966839,0.4177110709505947,0.5119903146374677,0.6354319960479243,0.43865797237813964,0.5831503847439384
0.9698385,0.41646665476227057,0.5104911679614017,0.6336245817241548,0.43735577557763583,0.5814695725742397
0.972838,0.41522527131170944,0.5089930019280592,0.6318127838541883,0.4360562432498229,0.5797871653040403
0.9758375,0.4139869259562645,0.5074958706995645,0.6299967735464939,0.4347593977189463,0.5781032543256851
0.978837,0.41275162382160835,0.5059998275433193,0.628176719548783,0.43346526073151287,0.5764179299180954
0.9818365,0.41151936980549786,0.504504924843188,0.6263527882695955,0.43217385346589365,0.5747312812564872
0.984836,0.4102901685814733,0.5030112141105879,0.6245251437998833,0.43088519654176904,0.5730433964219901
0.9878355,0.4090640246025048,0.5015187459954297,0.622693947934504,0.4295993100294381,0.5713543624112414
0.990835,0.4078409421045899,0.5000275702969752,0.6208593601937724,0.42831621345897647,0.5696642651459648
0.9938345,0.4066209251102842,0.49853773597452555,0.6190215378449384,0.4270359258292648,0.5679731894824099
0.996834,0.40540397743219386,0.4970492911580349,0.6171806359236253,0.4257584656168632,0.5662812192208249
0.9998335,0.40419010267639477,0.49556228315857914,0.6153368072552585,0.42448385078476303,0.5645884371148233
1.0028329999999999,0.40297930424582834,0.4940767584787184,0.6134902024764252,0.42321209879099675,0.5628949248807122
1.0058325,0.4017715853436141,0.49259276282274167,0.611640970056173,0.4219432265971101,0.5612007632067797
1.008832,0.40056694897633965,0.49111034110680124,0.6097892563173113,0.4206772506765167,0.5595060317624915
1.0118315,0.3993653979572856,0.48962953746892474,0.607935205457565,0.4194141870227125,0.5578108092076807
1.0148309999999998,0.3981669349096048,0.48815039527891907,0.6060789595707329,0.4181540511573705,0.5561151732016594
1.0178304999999999,0.3969715622694555,0.486672957148171,0.60422065866777,0.41689685813829996,0.554419200412253
1.02083,0.39577928228909104,0.4851972649393205,0.6023604406977427,0.41564262256730333,0.5527229665248358
1.0238295,0.39459009703989806,0.48372335977584147,0.6004984415688033,0.41439135859788706,0.551026546251233
1.026829,0.39340400841538414,0.482251282051506,0.5986347951689793,0.4131430799428708,0.5493300133386675
1.0298284999999998,0.3922210181341375,0.4807810714397365,0.5967696333869472,0.4118977998818709,0.5476334405785582
1.0328279999999999,0.39104112774272076,0.4793127669028666,0.5949030861327136,0.4106555312686725,0.545936899815319
1.0358275,0.38986433861854375,0.4778464067012819,0.593035281358177,0.4094162865384846,0.5442404619550686
1.038827,0.38869065197267677,0.47638202840246774,0.591166345077614,0.40818007771508563,0.5425441969743111
1.0418265,0.38752006885262275,0.47491966888994536,0.589296401388086,0.4069469164178529,0.5408481739285724
1.0448259999999998,0.3863525901450604,0.4734593643721096,0.5874255724896907,0.4057168138686921,0.5391524609609117
1.0478254999999999,0.3851882165785367,0.4720011503909738,0.585553978705791,0.4044897808988514,0.5374571253104684
1.050825,0.3840269487261169,0.47054506183079103,0.583681738503077,0.40326582795563487,0.5357622333208891
1.0538245,0.3828687870080095,0.46909113292660654,0.5818089685115201,0.4020449651090103,0.5340678504487194
1.056824,0.3817137316941316,0.46763939727269527,0.5799357835442835,0.40082720205811406,0.5323740412717428
1.0598234999999998,0.38056178290665116,0.4661898878308977,0.5780622966174371,0.39961254813765434,0.5306808694972669
1.0628229999999999,0.37941294062248426,0.46474263693886914,0.5761886189696229,0.3984010123242192,0.5289883979703476
1.0658225,0.3782672046757687,0.4632976763182387,0.5743148600815431,0.397192603242484,0.5272966886819362
1.068822,0.3771245747602783,0.4618550370826511,0.5724411276954117,0.39598732917131835,0.5256058027770233
1.0718215,0.37598505043181374,0.4604147497457567,0.5705675278342135,0.39478519804981016,0.5239158005626768
1.0748209999999998,0.37484863111056943,0.4589768442290522,0.5686941648208451,0.393586217483179,0.5222267415160543
1.0778204999999998,0.3737153160834397,0.457541349869687,0.5668211412972121,0.3923903947486164,0.5205386842923331
1.08082,0.37258510450631216,0.45610829542813824,0.564948558243099,0.39119773680101794,0.5188516867326165
1.0838195,0.37145799540631896,0.454677709095823,0.5630765149949728,0.3900082502786412,0.5171658058717582
1.086819,0.37033398768405934,0.4532496185026014,0.5612051092646501,0.3888219415086658,0.515481097946152
1.0898184999999998,0.3692130801157749,0.4518240507242042,0.5593344371578209,0.38763881651266907,0.5137976184014434
1.0928179999999998,0.3680952713555112,0.4504010322895793,0.5574645931924608,0.3864588810120216,0.5121154219002089
1.0958174999999999,0.36698055993724066,0.448980589188132,0.5555956703171092,0.3852821404331897,0.5104345623295695
1.098817,0.36586894427694916,0.447562746876897,0.5537277599289826,0.38410859991296487,0.508755092808729
1.1018165,0.364760422674696,0.4461475302876302,0.5518609518920188,0.3829382643036062,0.5070770656965201
1.1048159999999998,0.36365499331665013,0.4447349638337977,0.5499953345547158,0.38177113817790254,0.5054005325988128
1.1078154999999998,0.36255265427707645,0.44332507141750094,0.5481309947678946,0.3806072258341572,0.5037255443759265
1.1108149999999999,0.36145340352031874,0.4419178764363109,0.5462680179023011,0.3794465313010993,0.5020521511499648
1.1138145,0.36035723890273413,0.4405134017900266,0.5444064878660475,0.3782890583427056,0.5003804023121133
1.116814,0.35926415817460805,0.43911166988735223,0.5425464871219778,0.37713481046296626,0.49871034652985147
1.1198134999999998,0.3581741589820359,0.4377127026524886,0.5406880967048412,0.37598379091055484,0.4970420317541561
1.1228129999999998,0.3570872388687843,0.4363165215316702,0.53883139623835,0.374836002683444,0.4953755052265928
1.1258124999999999,0.35600339527811337,0.4349231474995841,0.5369764639520925,0.3736914485334367,0.4937108134864124
1.128812,0.3549226255545862,0.43353260106575986,0.5351233766983226,0.3725501309706353,0.49204800237755597
1.1318115,0.3538449269458426,0.4321449022808454,0.533272209968605,0.37141205226783075,0.49038711705562504
1.1348109999999998,0.35277029660434545,0.4307600707428293,0.5314230379102822,0.3702772144648335,0.4887282019947775
1.1378104999999998,0.3516987315891103,0.4293781256031853,0.5295759333428858,0.36914561937273316,0.48707130099458823
1.1408099999999999,0.3506302288674013,0.4279990855729379,0.5277309677743041,0.3680172685780846,0.48541645718687665
1.1438095,0.3495647853164047,0.42662296892865964,0.5258882114169178,0.3668921634470385,0.4837637130424246
1.146809,0.3485023977248791,0.42524979351840286,0.5240477332035035,0.36577030512940467,0.4821131103776961
1.1498084999999998,0.3474430627947822,0.4238795767675485,0.5222096008030603,0.3646516945626472,0.4804646903614782
1.1528079999999998,0.34638677714286975,0.42251233568459423,0.5203738806364518,0.3635363324758169,0.47881849352147393
1.1558074999999999,0.3453335373022709,0.42114808686686733,0.5185406378919608,0.36242421939343306,0.4771745597508478
1.158807,0.344283339724051,0.4197868465061788,0.5167099365406358,0.3613153556392897,0.4755329283147191
1.1618065,0.34323618077873913,0.4184286303943984,0.5148818393515773,0.36020974134020933,0.47389363785659
1.1648059999999998,0.34219205675783154,0.4170734539289647,0.513056407907006,0.35910737642974094,0.47225672640476246
1.1678054999999998,0.3411509638752868,0.4157213321183431,0.5112337026172641,0.35800826065178987,0.47062223137863823
1.1708049999999999,0.34011289826899366,0.41437227958738715,0.5094137827356112,0.35691239356420196,0.46899018959504135
1.1738045,0.33907785600220497,0.4130263105826824,0.5075967063729476,0.35581977454228386,0.46736063727443344
1.176804,0.3380458330649672,0.4116834389777714,0.5057825305123442,0.354730402782268,0.4657336100471008
1.1798034999999998,0.3370168253755219,0.41034367827836193,0.5039713110234575,0.35364427730473064,0.4641091429593077
1.1828029999999998,0.3359908287816875,0.4090070416274441,0.5021631026768177,0.3525613969579424,0.46248727047936455
1.1858024999999999,0.33496783906221667,0.40767354181035853,0.500357959157982,0.35148176042118334,0.46086802650368175
1.188802,0.33394785192814536,0.4063431912597958,0.4985559330814881,0.35040536620798945,0.4592514443627318
1.1918015,0.332930863024103,0.40501600206074606,0.49675707600478514,0.3493322126693557,0.45763755682702983
1.1948009999999998,0.3319168679296263,0.40369198595537276,0.4949614384419245,0.3482622979968912,0.4560263961129826
1.1978004999999998,0.3309058621604353,0.4023711543478456,0.49316906987717624,0.3471956202259197,0.4544179938887432
1.2007999999999999,0.32989784116970094,0.40105351830909813,0.4913800187784758,0.3461321772385301,0.452812381280031
1.2037995,0.32889280034928636,0.3997390885815364,0.4895943326107818,0.3450719667665828,0.4512095888758343
1.206799,0.3278907350309817,0.39842787558369036,0.48781205784923576,0.34401498639466893,0.4496096467341366
1.2097985,0.3268916404877088,0.397119889414809,0.48603323999225534,0.342961233563015,0.44801258438755726
1.2127979999999998,0.32589551193471056,0.39581513985938976,0.48425792357445496,0.3419107055703525,0.4464184308489548
1.2157974999999999,0.32490234453073197,0.39451363639166914,0.4824861521794354,0.3408633995767327,0.4448272146169797
1.218797,0.32391213337917335,0.393215388180043,0.4807179684524702,0.33981931260630305,0.44323896368160265
1.2217965,0.32292487352922883,0.3919204040914489,0.4789534141130373,0.33877844155003745,0.44165370552955074
1.224796,0.32194055997701254,0.39062869269566636,0.47719252996721734,0.33774078316841777,0.4400714671497257
1.2277954999999998,0.32095918766666315,0.38934026226960944,0.4754353559199967,0.3367063340940848,0.4384922750386028
1.2307949999999999,0.31998075149143773,0.38805512080151605,0.4736819309874012,0.3356750908344349,0.43691615520551974
1.2337945,0.31900524629478677,0.3867732759951294,0.47193229330852315,0.334647049774183,0.4353431331779848
1.236794,0.3180326668714033,0.38549473527379935,0.47018648015743775,0.33362220717788066,0.43377323400689016
1.2397935,0.31706300796827924,0.38421950578454006,0.4684445279549457,0.33260055919239756,0.43220648227170705
1.2427929999999998,0.31609626428572574,0.3829475944020563,0.46670647228024614,0.3315821018493566,0.4306429020856364
1.2457924999999999,0.3151324304783887,0.38167900773268354,0.46497234788245567,0.3305668310675415,0.42908251710071543
1.248792,0.3141715011562425,0.38041375211832085,0.46324218869199274,0.3295547426552533,0.42752535051284424
1.2517915,0.31321347088558044,0.37915183364027966,0.46151602783188034,0.3285458323126398,0.425971425066826
1.254791,0.31225833418997334,0.377893258123108,0.45979389762887485,0.3275400956339816,0.42442076306133036
1.2577904999999998,0.3113060855512368,0.376638031138357,0.458075829624521,0.3265375281099412,0.42287338635380645
1.2607899999999999,0.31035671941035886,0.375386158008309,0.45636185458605416,0.3255381251297772,0.4213293163653741
1.2637895,0.30941023016843455,0.3741376438096476,0.4546520025171944,0.3245418819835332,0.4197885740856651
1.266789,0.30846661218757593,0.3728924933770872,0.4529463026688371,0.32354879386416624,0.4182511800776298
1.2697885,0.3075258597918093,0.37165071130697047,0.4512447835495878,0.32255885586967226,0.41671715448225255
1.2727879999999998,0.30658796726796844,0.37041230196079405,0.44954747293623054,0.3215720630051513,0.4151865170233135
1.2757874999999999,0.30565292886656026,0.3691772694687195,0.4478543978840245,0.320588410184857,0.4136592870120264
1.278787,0.3047207388026249,0.3679456177330182,0.4461655847369403,0.3196078922341999,0.41213548335169276
1.2817865,0.30379139125658833,0.3667173504314849,0.44448105913774144,0.3186305038917326,0.4106151245422654
1.284786,0.3028648803750944,0.36549247102081095,0.4428008460379652,0.31765623981108815,0.4090982286849108
1.2877854999999998,0.30194120027182497,0.36427098273990016,0.44112496970780307,0.31668509456289906,0.40758481348651615
1.2907849999999998,0.3010203450283149,0.3630528886131659,0.43945345374584976,0.3157170626366782,0.40607489626415094
1.2937845,0.3001023086947443,0.36183819145376056,0.4377863210887556,0.31475213844266964,0.4045684939495035
1.296784,0.299187085290731,0.3606268938667935,0.436123594020766,0.3137903163136772,0.40306562309324867
1.2997835,0.298274668806101,0.35941899825248175,0.43446529418313556,0.3128315905068504,0.4015662998694137
1.3027829999999998,0.29736505320165546,0.35821450680928096,0.43281144258346993,0.3118759552054533,0.4000705400796842
1.3057824999999998,0.29645823240991315,0.35701342153696664,0.431162059604925,0.3109234045205998,0.39857835915766515
1.308782,0.29555420033586693,0.3558157442396766,0.4295171650153104,0.30997393249295674,0.3970897721731118
1.3117815,0.2946529508576965,0.3546214765289272,0.4278767779761125,0.30902753309442876,0.3956047938361292
1.314781,0.29375447782750086,0.35343061982657076,0.4262409170513625,0.3080842002298058,0.3941234385013273
1.3177804999999998,0.29285877507199537,0.35224317536773503,0.4246096002164442,0.30714392773839266,0.39264572017192656
1.3207799999999998,0.29196583639321855,0.351059144203719,0.42298284486679005,0.306206709395602,0.3911716525038323
1.3237794999999999,0.2910756555692109,0.34987852720484264,0.42136066782645215,0.30527253891453365,0.3897012488096994
1.326779,0.2901882263546966,0.3487013250632785,0.41974308535661053,0.3043414099475136,0.38823452206291864
1.3297785,0.2893035424817513,0.34752753829583516,0.4181301131639401,0.3034133160876224,0.38677148490157665
1.3327779999999998,0.28842159766045,0.34635716724670607,0.4165217664089158,0.3024882508701872,0.38531214963240734
1.3357774999999998,0.28754238557952544,0.34519021209018724,0.4149180597139887,0.30156620777425713,0.383856528234673
1.3387769999999999,0.2866658999069985,0.3440266728333627,0.41331900717167697,0.30064718022404574,0.3824046323640177
1.3417765,0.28579213429080297,0.3428665493187484,0.4117246223525853,0.29973116159036217,0.380956473356295
1.344776,0.28492108235941216,0.3417098412269062,0.41013491831327975,0.2988181451920047,0.3795120622313676
1.3477754999999998,0.28405273772243866,0.34055654807902797,0.40854990760409404,0.2979081242971426,0.378071409696835
1.3507749999999998,0.28318709397123976,0.33940666923948093,0.4069696022768535,0.2970010921246677,0.376634526151765
1.3537744999999999,0.2823241446795057,0.33826020391832723,0.4053940138924864,0.296097041845529,0.3752014216903679
1.356774,0.2814638834038403,0.3371171511738038,0.4038231535285512,0.2951959665840431,0.3737721061056562
1.3597735,0.28060630368433653,0.3359775099147741,0.4022570317866725,0.2942978594191786,0.3723465888930403
1.3627729999999998,0.27975139904513574,0.33484127890315324,0.40069565879987873,0.2934027133858291,0.3709248792539143
1.3657724999999998,0.27889916299498924,0.3337084567562922,0.39913904423986346,0.2925105214760531,0.3695069860992109
1.3687719999999999,0.2780495890277997,0.33257904194934224,0.3975871973241511,0.29162127664030435,0.3680929180528953
1.3717715,0.2772026706231625,0.3314530328175785,0.3960401268231663,0.2907349717886322,0.36668268345546323
1.374771,0.2763584012468963,0.3303304275587028,0.39449784106724706,0.28985159979187153,0.36527629036736614
1.3777704999999998,0.2755167743515684,0.3292112242351104,0.39296034795351603,0.288971153482801,0.3638737465724341
1.3807699999999998,0.2746777833770001,0.32809542077613335,0.39142765495273196,0.2880936256572954,0.36247505958126347
1.3837694999999999,0.2738414217507835,0.32698301498025145,0.389899769116009,0.28721900907544634,0.3610802366345505
1.386769,0.27300768288877203,0.32587400451727205,0.3883766970814669,0.2863472964626724,0.3596892847064158
1.3897685,0.27217656019558073,0.3247683869304838,0.3868584450808129,0.2854784805108068,0.3583022105076855
1.3927679999999998,0.2713480470650598,0.3236661596387945,0.38534501894580997,0.28461255387916806,0.35691902048914564
1.3957674999999998,0.27052213688077803,0.3225673199388187,0.38383642411470154,0.28374950919561326,0.3555397208447636
1.3987669999999999,0.26969882301648773,0.32147186500695235,0.38233266563852353,0.2828893390575697,0.35416431751488303
1.4017665,0.26887809883658936,0.320379791901424,0.38083374818735627,0.2820320360330523,0.35279281618937147
1.404766,0.26805995769658264,0.3192910975643081,0.37933967605649116,0.28117759266167,0.3514252223107587
1.4077654999999998,0.26724439294351715,0.31820577882352125,0.37785045317252564,0.2803260014555977,0.35006154107734133
1.4107649999999998,0.2664313979164327,0.3171238323947868,0.3763660830993595,0.2794772549005486,0.34870177744623293
1.4137644999999999,0.2656209659467874,0.31604525488357904,0.37488656904414785,0.2786313454567256,0.34734593613642084
1.416764,0.2648130903588922,0.3149700427870383,0.373411913863163,0.2777882655597482,0.34599402163177123
1.4197635,0.2640077644703297,0.3138981924958593,0.37194212006755806,0.27694800762157706,0.3446460381840041
1.4227629999999998,0.2632049815923596,0.3128297002961585,0.370477189829111,0.27611056403141027,0.34330198981565857
1.4257624999999998,0.2624047350303387,0.3117645623713227,0.36901712498584294,0.2752759271565706,0.34196188032299446
1.4287619999999999,0.26160701808411335,0.3107027748038189,0.36756192704758495,0.2744440893433796,0.34062571327889146
1.4317615,0.26081182404841396,0.30964433357699084,0.36611159720148545,0.27361504291801064,0.3392934920357339
1.434761,0.2600191462132486,0.3085892345768361,0.36466613631742867,0.27278878018732977,0.33796521972822774
1.4377605,0.2592289778642804,0.30753747359374345,0.3632255449533852,0.2719652934397247,0.33664089927621027
1.4407599999999998,0.258441312283207,0.3064890463242208,0.3617898233607038,0.2711445749459147,0.3353205333874443
1.4437594999999999,0.2576561427481272,0.3054439483726051,0.3603589714893195,0.27032661695975,0.3340041245603606
1.446759,0.2568734625339093,0.30440217525272956,0.3589329889929216,0.2695114117189969,0.33269167508678615
1.4497585,0.2560932649125443,0.30336372238958864,0.3575118752340105,0.26869895144610684,0.33138318705465425
1.452758,0.25531554315350874,0.3023285851209762,0.35609562928893157,0.26788922834897366,0.33007866235065975
1.4557574999999998,0.2545402905240996,0.3012967586990872,0.35468424995281705,0.26708223462167985,0.3287781026629255
1.4587569999999999,0.25376750028978495,0.30026823829212484,0.35327773574447413,0.26627796244522317,0.32748150948359994
1.4617565,0.25299716571453695,0.2992430189858627,0.3518760849112103,0.26547640398823985,0.32618888411147556
1.464756,0.2522292800611618,0.29822109578520095,0.35047929543357453,0.2646775514077046,0.3249002276545342
1.4677555,0.25146383659162796,0.29720246361568947,0.349087365030078,0.2638813968496275,0.32361554103250156
1.4707549999999998,0.2507008285673837,0.2961871173250472,0.3477002911617979,0.2630879324497341,0.32233482497935984
1.4737544999999999,0.24994024924967526,0.2951750516846438,0.3463180710369762,0.26229715033413104,0.3210580800458436
1.476754,0.2491820918998507,0.29416626139097113,0.3449407016155108,0.26150904261996644,0.31978530660189897
1.4797535,0.24842634977967412,0.2931607410671012,0.3435681796134177,0.26072360141607115,0.31851650483912686
1.482753,0.24767301615161808,0.29215848526410393,0.34220050150721315,0.2599408188235965,0.31725167477320976
1.4857524999999998,0.24692208427916285,0.2911594884624701,0.3408376635382579,0.2591606869366318,0.31599081624628667
1.4887519999999999,0.2461735474270821,0.29016374507349985,0.3394796617170175,0.2583831978428184,0.3147339289293324
1.4917515,0.24542739886173337,0.28917124944067485,0.33812649182729415,0.2576083436239486,0.3134810123244988
1.494751,0.2446836318513375,0.2881819958410194,0.33677814943038076,0.25683611635655257,0.3122320657674296
1.4977505,0.2439422396662525,0.2871959784864344,0.3354346298691656,0.25606650811248266,0.3109870884295683
1.5007499999999998,0.24320321557924796,0.286213191525015,0.3340959282721836,0.25529951095947184,0.30974607932042597
1.5037494999999999,0.24246655286577048,0.2852336290423622,0.33276203955760775,0.25453511696170095,0.30850903728982426
1.506749,0.2417322448042071,0.2842572850628536,0.3314329584371911,0.25377331818033966,0.3072759610301261
1.5097485,0.24100028467614243,0.283284153550918,0.3301086794201629,0.2530141066740846,0.3060468490784485
1.512748,0.24027066576661382,0.2823142284122864,0.3287891968170429,0.25225747449969005,0.30482169981882434
1.5157474999999998,0.23954338136436057,0.28134750349522175,0.3274745047434428,0.2515034137124819,0.30360051148439
1.5187469999999998,0.23881842476207063,0.28038397259173775,0.3261645971237885,0.2507519163668679,0.3023832821594855
1.5217465,0.23809578925661753,0.2794236294387928,0.32485946769499785,0.2500029745168343,0.3011700097817976
1.524746,0.23737546814930588,0.27846646771948197,0.32355911001011034,0.24925658021643868,0.29996069214444043
1.5277455,0.23665745474609284,0.27751248106419624,0.3222635174418695,0.2485127255202871,0.2987553268980333
1.5307449999999998,0.2359417423578302,0.27656166305177826,0.32097268318625183,0.24777140248400642,0.2975539115527379
1.5337444999999998,0.2352283243004788,0.2756140072106585,0.3196866002659355,0.24703260316470615,0.2963564434802998
1.5367439999999999,0.2345171938953377,0.2746695070199707,0.3184052615337603,0.2462963196214346,0.2951629199160435
1.5397435,0.23380834446925808,0.27372815591066363,0.3171286596760787,0.24556254391562038,0.2939733379608665
1.542743,0.23310176935485605,0.27278994726658434,0.31585678721612365,0.2448312681115125,0.2927876945832119
1.5457424999999998,0.232397461890726,0.27185487442555456,0.31458963651728356,0.2441024842766058,0.2916059866209808
1.5487419999999998,0.23169541542164526,0.27092293068043444,0.3133271997863551,0.2433761844820643,0.290428210783499
1.5517414999999999,0.2309956232987771,0.2699941092801599,0.3120694690767347,0.24265236080312996,0.2892543636533967
1.554741,0.23029807887986992,0.26906840343078153,0.31081643629159345,0.24193100531953005,0.2880844416884924
1.5577405,0.22960277552945485,0.26814580629647666,0.3095680931869674,0.2412121101158711,0.28691844122366167
1.5607399999999998,0.22890970661903326,0.26722631100055405,0.3083244313748316,0.24049566728202898,0.28575635847268666
1.5637394999999998,0.22821886552727313,0.26630991062643866,0.3070854423261377,0.23978166891352873,0.2845981895300727
1.5667389999999999,0.2275302456401862,0.26539659821865325,0.3058511173737803,0.23907010711192198,0.28344393037285587
1.5697385,0.22684384035131933,0.2644863667837689,0.3046214477155334,0.23836097398514808,0.2822935768623928
1.572738,0.22615964306192538,0.26357920929136974,0.30339642441697473,0.23765426164789627,0.28114712474613096
1.5757374999999998,0.22547764718114122,0.2626751186749694,0.30217603841430907,0.236949962221958,0.2800045696593414
1.5787369999999998,0.22479784612616555,0.26177408783294354,0.300960280517207,0.2362480678365714,0.278865907126869
1.5817364999999999,0.22412023332242037,0.260876109629438,0.2997491414115733,0.23554857062875817,0.2777311325648327
1.584736,0.2234448022037218,0.25998117689525746,0.29854261166228596,0.23485146274365712,0.27660024128231986
1.5877355,0.22277154621244402,0.259089282428762,0.29734068171588707,0.23415673633484643,0.27547322848306666
1.5907349999999998,0.22210045879967688,0.2582004189967246,0.29614334190325076,0.2334643835646669,0.27435008926710347
1.5937344999999998,0.2214315334253833,0.2573145793351963,0.29495058244219446,0.23277439660452545,0.2732308186324079
1.5967339999999999,0.22076476355855837,0.25643175615035535,0.29376239344006944,0.23208676763520836,0.2721154114765228
1.5997335,0.220100142677373,0.2555519421193329,0.2925787648962979,0.23140148884717587,0.2710038625981516
1.602733,0.21943766426932976,0.2546751298910461,0.2913996867048887,0.23071855244085626,0.26989616669875577
1.6057324999999998,0.21877732183140286,0.25380131208700524,0.29022514865690546,0.23003795062693433,0.26879231838411183
1.6087319999999998,0.21811910887018765,0.2529304813021099,0.28905514044290415,0.22935967562662776,0.2676923121658905
1.6117314999999999,0.2174630189020351,0.25206263010543994,0.2878896516553312,0.22868371967196668,0.26659614246315555
1.614731,0.21680904545319024,0.2511977510410338,0.28672867179088796,0.22801007500606293,0.26550380360391107
1.6177305,0.21615718205993134,0.25033583662865444,0.28557219025287156,0.22733873388336864,0.2644152898265887
1.6207299999999998,0.21550742226869923,0.24947687936454174,0.2844201963534591,0.22666968856994124,0.26333059528154856
1.6237294999999998,0.21485975963622522,0.24862087172215339,0.28327267931597383,0.2260029313436892,0.2622497140325304
1.6267289999999999,0.21421418772966266,0.24776780615291008,0.2821296282771214,0.22533845449462225,0.2611726400581184
1.6297285,0.21357070012670773,0.24691767508690762,0.2809910322891807,0.22467625032509478,0.26009936725318283
1.632728,0.21292929041572456,0.24607047093362894,0.27985688032216427,0.22401631115003812,0.25902988943028715
1.6357274999999998,0.21228995219586352,0.2452261860826537,0.2787271612659644,0.22335862929719477,0.257964200321109
1.6387269999999998,0.21165267907717816,0.2443848129043461,0.2776018639324381,0.22270319710734424,0.2569022935778238
1.6417264999999999,0.2110174646807442,0.2435463437505354,0.2764809770574822,0.22205000693452182,0.25584416277448535
1.644726,0.2103843026387641,0.24271077095518787,0.2753644893030728,0.22139905114623845,0.25478980140836943
1.6477255,0.2097531865946857,0.24187808683507328,0.2742523892592757,0.22075032212368795,0.2537392029013463
1.650725,0.20912411020330737,0.2410482836904111,0.2731446654462161,0.22010381226195913,0.25269236060118433
1.6537244999999998,0.20849706713088204,0.24022135380551818,0.2720413063160326,0.2194595139702301,0.2516492677828839
1.6567239999999999,0.20787205105522336,0.2393972894494417,0.27094230025479243,0.21881741967197427,0.2506099176499637
1.6597235,0.20724905566580548,0.2385760828765773,0.2698476355843852,0.2181775218051441,0.24957430333575778
1.662723,0.20662807466386285,0.23775772632729597,0.26875730056437663,0.217539812822367,0.24854241790468212
1.6657225,0.20600910176248838,0.23694221202853563,0.26767128339385216,0.21690428519112523,0.2475142543534928
1.6687219999999998,0.20539213068672657,0.23612953219440783,0.26658957221320745,0.21627093139393533,0.24648980561252457
1.6717214999999999,0.20477715517367062,0.23531967902678627,0.26551215510593745,0.21563974392852445,0.24546906454693238
1.674721,0.20416416897254744,0.23451264471587824,0.2644390201003835,0.21501071530800123,0.24445202395788773
1.6777205,0.20355316584481062,0.23370842144080123,0.2633701551714542,0.21438383806102318,0.24343867658380428
1.68072,0.202944139564229,0.23290700137014406,0.2623055482423206,0.21375910473195756,0.24242901510150103
1.6837194999999998,0.2023370839169668,0.23210837666252002,0.26124518718609274,0.21313650788104277,0.24142303212739344
1.6867189999999999,0.20173199270166992,0.23131253946711228,0.2601890598274596,0.21251604008454153,0.24042072021864996
1.6897185,0.20112885972954683,0.23051948192421065,0.2591371539443098,0.2118976939348914,0.23942207187433695
1.692718,0.2005276788244503,0.2297291961657431,0.258089457269333,0.21128146204085543,0.23842707953655848
1.6957175,0.1999284438229483,0.22894167431579088,0.25704595749156817,0.21066733702766238,0.23743573559157122
1.6987169999999998,0.19933114857440828,0.22815690849111064,0.2560066422579746,0.21005531153714588,0.2364480323709061
1.7017164999999999,0.19873578694106245,0.22737489080162987,0.2549714991749389,0.2094453782278853,0.23546396215244514
1.704716,0.19814235279808975,0.22659561335095252,0.25394051580976595,0.20883752977533315,0.23448351716152208
1.7077155,0.19755084003367718,0.2258190682368457,0.25291367969217143,0.20823175887194628,0.23350668957199008
1.710715,0.19696124254909342,0.2250452475517204,0.251890978315711,0.20762805822731328,0.23253347150727163
1.7137144999999998,0.1963735542587558,0.2242741433831119,0.25087239913921944,0.20702642056827547,0.23156385504141747
1.7167139999999999,0.1957877690902932,0.22350574781414115,0.2498579295882167,0.20642683863904188,0.2305978322001264
1.7197135,0.19520388098461253,0.22274005292398089,0.2488475570562791,0.2058293052013127,0.22963539496178886
1.722713,0.1946218838959608,0.22197705078830582,0.24784126890641137,0.2052338130343874,0.22867653525846915
1.7257125,0.19404177179198268,0.2212167334797406,0.2468390524723764,0.2046403549352708,0.2277212449769307
1.7287119999999998,0.1934635386537826,0.2204590930682971,0.2458408950600189,0.20404892371878677,0.22676951595960862
1.7317114999999998,0.19288717847598186,0.21970412162181013,0.2448467839485558,0.20345951221767494,0.22582134000559134
1.734711,0.192312685266772,0.2189518112063614,0.2438567063918507,0.20287211328269292,0.2248767088715725
1.7377105,0.19174005304797187,0.2182021538866984,0.24287064961967705,0.2022867197827147,0.22393561427282316
1.74071,0.1911692758550813,0.21745514172664573,0.24188860083893976,0.2017033246048231,0.22299804788411873
1.7437094999999998,0.19060034773732776,0.21671076678951584,0.24091054723489594,0.20112192065440193,0.22206400134067167
1.7467089999999998,0.19003326275772245,0.21596902113850464,0.23993647597234896,0.200542500855223,0.22113346623905758
1.7497084999999999,0.18946801499310467,0.21522989683708374,0.23896637419681852,0.19996505814953375,0.22020643413811236
1.752708,0.18890459853419,0.21449338594939246,0.23800022903570087,0.19938958549813915,0.21928289655984318
1.7557075,0.18834300748561908,0.21375948054061003,0.23703802759940132,0.19881607588048317,0.21836284499030176
1.7587069999999998,0.1877832359659956,0.21302817267734042,0.23607975698245895,0.1982445222947237,0.21744627088047283
1.7617064999999998,0.18722527810793743,0.21229945442797493,0.23512540426462797,0.19767491775781043,0.21653316564713143
1.7647059999999999,0.18666912805811198,0.2115733178630524,0.23417495651197628,0.19710725530555578,0.21562352067370327
1.7677055,0.18611477997727932,0.21084975505562387,0.23322840077794213,0.19654152799270577,0.2147173273111063
1.770705,0.18556222804033293,0.21012875808159615,0.23228572410437606,0.19597772889300666,0.21381457687859404
1.7737044999999998,0.18501146643633354,0.20941031902007995,0.23134691352257014,0.19541585109926998,0.21291526066456065
1.7767039999999998,0.18446248936854892,0.20869442995373036,0.23041195605426307,0.19485588772343718,0.21201936992738712
1.7797034999999999,0.18391529105449056,0.20798108296908036,0.22948083871264507,0.19429783189663644,0.21112689589621633
1.782703,0.18336986572594483,0.20727027015686664,0.22855354850332268,0.19374167676924295,0.2102378297717646
1.7857025,0.18282620762900662,0.20656198361235528,0.2276300724252757,0.19318741551093685,0.20935216272710944
1.7887019999999998,0.18228431102411347,0.20585621543566063,0.22671039747181587,0.19263504131075057,0.2084698859084444
1.7917014999999998,0.18174417018607383,0.20515295773205383,0.22579451063149364,0.1920845473771268,0.20759099043588228
1.7947009999999999,0.18120577940409804,0.20445220261227126,0.22488239888902306,0.1915359269379632,0.20671546740417227
1.7977005,0.18066913298182646,0.20375394219281934,0.22397404922617611,0.19098917324066197,0.20584330788348565
1.8007,0.18013422523735834,0.2030581685962677,0.2230694486226499,0.1904442795521732,0.20497450292011654
1.8036994999999998,0.17960105050327554,0.20236487395154323,0.22216858405694606,0.18990123915903898,0.20410904353724335
1.8066989999999998,0.17906960312666798,0.20167405039421477,0.22127144250720823,0.189360045367434,0.20324692073563638
1.8096984999999999,0.17853987746916072,0.20098569006677652,0.22037801095206325,0.18882069150320405,0.2023881254943621
1.812698,0.17801186790693393,0.20029978511892674,0.21948827637144236,0.18828317091190414,0.2015326487714994
1.8156975,0.17748556883074765,0.1996163277078372,0.21860222574737562,0.18774747695883176,0.20068048150483322
1.8186969999999998,0.17696097464596075,0.19893530999842363,0.2177198460647935,0.18721360302906295,0.19983161461252058
1.8216964999999998,0.17643807977255022,0.1982567241636026,0.21684112431229655,0.18668154252747995,0.19898603899379294
1.8246959999999999,0.17591687864513533,0.19758056238456032,0.21596604748292605,0.18615128887880406,0.19814374552961064
1.8276955,0.17539736571299008,0.19690681685099665,0.21509460257490134,0.1856228355276219,0.1973047250833215
1.830695,0.1748795354400628,0.19623547976137803,0.21422677659236586,0.18509617593841363,0.1964689685013226
1.8336944999999998,0.17436338230499196,0.19556654332318588,0.21336255654610847,0.18457130359557272,0.19563646661368686
1.8366939999999998,0.1738489008011242,0.19489999975315275,0.21250192945426202,0.18404821200343288,0.19480721023481545
1.8396934999999999,0.1733360854365236,0.19423584127749938,0.21164488234301268,0.1835268946862876,0.19398119016406057
1.842693,0.17282493073399016,0.19357406013216777,0.21079140224727722,0.18300734518841014,0.1931583971863326
1.8456925,0.17231543123106902,0.1929146485630509,0.20994147621137133,0.1824895570740693,0.192338822072729
1.8486919999999998,0.17180758148006367,0.19225759882620996,0.20909509128967424,0.18197352392754937,0.19152245558112457
1.8516914999999998,0.17130137604804752,0.19160290318810383,0.2082522345472662,0.18145923935315958,0.19070928845677199
1.8546909999999999,0.17079680951687368,0.19095055392579674,0.20741289306057797,0.18094669697525345,0.189899311432889
1.8576905,0.1702938764831834,0.1903005433271721,0.20657705391798864,0.18043589043823452,0.18909251523124368
1.86069,0.16979257155841412,0.1896528636911423,0.20574470422045954,0.17992681340657146,0.1882888905627114
1.8636894999999998,0.1692928893688087,0.18900750732785168,0.20491583108212225,0.17941945956480446,0.18748842812786393
1.8666889999999998,0.16879482455542194,0.1883644665588767,0.2040904216308634,0.1789138226175519,0.1866911186175061
1.8696884999999999,0.1682983717741261,0.18772373371741902,0.20326846300890777,0.17840989628951806,0.18589695271324463
1.872688,0.16780352569561655,0.18708530114850377,0.20244994237337968,0.1779076743254976,0.1851059210880077
1.8756875,0.16731028100541437,0.1864491612091654,0.2016348468968546,0.17740715049037772,0.18431801440661236
1.878687,0.1668186324038759,0.18581530626863482,0.20082316376791018,0.17690831856914083,0.18353322332626848
1.8816864999999998,0.1663285746061864,0.18518372870851654,0.20001488019165045,0.17641117236686596,0.18275153849710946
1.8846859999999999,0.16584010234237356,0.1845544209229739,0.19920998339023058,0.17591570570872753,0.18197295056270973
1.8876855,0.16535321035729922,0.18392737531889938,0.19840846060337414,0.1754219124399935,0.18119745016059227
1.890685,0.1648678934106666,0.18330258431608562,0.19761029908886804,0.17492978642602247,0.1804250279227336
1.8936845,0.16438414627701817,0.1826800403473984,0.1968154861230555,0.17443932155225989,0.1796556744760458
1.8966839999999998,0.16390196374573682,0.18205973585893526,0.19602400900132008,0.17395051172423195,0.17888938044288485
1.8996834999999999,0.1634213406210406,0.18144166331018918,0.1952358550385607,0.17346335086754064,0.17812613644151534
1.902683,0.16294227172198675,0.18082581517420943,0.19445101156964179,0.172977832927855,0.17736593308659382
1.9056825,0.1624647518824653,0.18021218393775185,0.19366946594986026,0.17249395187090125,0.17660876098963463
1.908682,0.161988775951197,0.17960076210143747,0.19289120555538386,0.17201170168245594,0.17585461075948108
1.9116814999999998,0.16151433879173144,0.17899154217989124,0.19211621778368254,0.17153107636833234,0.1751034730027472
1.9146809999999999,0.1610414352824396,0.1783845167018986,0.19134449005395515,0.1710520699543711,0.17435533832427744
1.9176805,0.1605700603165119,0.1777796782105388,0.1905760098075538,0.17057467648642502,0.17361019732758923
1.92068,0.16010020880195172,0.17717701926333207,0.18981076450837586,0.17009889003034578,0.17286804061531405
1.9236795,0.15963187566156822,0.17657653243236915,0.18904874164328075,0.16962470467197036,0.17212885878961767
1.9266789999999998,0.1591650558329711,0.17597821030445399,0.18828992872246533,0.16915211451710319,0.17139264245263608
1.9296784999999999,0.15869974426856362,0.1753820454812248,0.18753431327985232,0.16868111369150163,0.1706593822068973
1.932678,0.15823593593553412,0.17478803057928924,0.18678188287346875,0.16821169634085628,0.1699290686557267
1.9356775,0.15777362581584836,0.17419615823034634,0.18603262508580282,0.16774385663077276,0.16920169240365568
1.938677,0.15731280890623855,0.17360642108130958,0.18528652752416458,0.16727758874675253,0.16847724405683454
1.9416764999999998,0.15685348021819728,0.1730188117944297,0.18454357782103656,0.16681288689417345,0.1677557142234208
1.9446759999999998,0.156395634777966,0.17243332304740702,0.18380376363441658,0.1663497452982667,0.16703709351396756
1.9476755,0.15593926762652452,0.17184994753350843,0.18306707264814914,0.1658881582040961,0.1663213725418192
1.950675,0.1554843738195807,0.17126867796168027,0.18233349257224998,0.165428119876533,0.16560854192348237
1.9536745,0.15503094842755738,0.17068950705665548,0.18160301114323038,0.1649696246002375,0.16489859227900816
1.9566739999999998,0.1545789865355836,0.1701124275590625,0.1808756161244066,0.16451266667962774,0.164191514232353
1.9596734999999998,0.15412848324348025,0.1695374322255278,0.18015129530620053,0.16405724043885905,0.16348729841175216
1.962673,0.15367943366574563,0.16896451382877808,0.17943003650644096,0.16360334022179626,0.16278593545006964
1.9656725,0.15323183293154663,0.16839366515774218,0.17871182757065365,0.16315096039198626,0.162087415985162
1.968672,0.15278567618470007,0.167824879017642,0.17799665637234047,0.16270009533263322,0.161391730660214
1.9716714999999998,0.15234095858366337,0.16725814823009585,0.17728451081326396,0.1622507394465671,0.16069887012409073
1.9746709999999998,0.15189767530151613,0.16669346563320356,0.17657537882370222,0.16180288715621668,0.1600088250316765
1.9776704999999999,0.15145582152594494,0.16613082408163982,0.17586924836272944,0.1613565329035801,0.1593215860442083
1.98067,0.15101539245923115,0.16557021644674036,0.17516610741846156,0.16091167115019303,0.1586371438295909
1.9836695,0.15057638331823306,0.1650116356165896,0.17446594400830484,0.16046829637710053,0.1579554890627406
1.9866689999999998,0.15013878933436947,0.16445507449610136,0.1737687461792043,0.16002640308482172,0.15727661242589558
1.9896684999999998,0.14970260575360275,0.16390052600710334,0.17307450200788482,0.1595859857933212,0.15660050460892158
1.9926679999999999,0.14926782783642253,0.16334798308841236,0.17238319960107024,0.15914703904197489,0.1559271563096327
1.9956675,0.1488344508578285,0.1627974386959131,0.1716948270957194,0.1587095573895357,0.15525655823409254
1.998667,0.14840247010731006,0.1622488858026348,0.17100937265924085,0.1582735354141012,0.1545887010969132
2.0016665,0.147971880888832,0.16170231739882032,0.17032682448970451,0.1578389677130787,0.15392357562154788
2.004666,0.14754267852081285,0.16115772649199928,0.1696471708160554,0.15740584890314907,0.15326117254058697
2.0076655,0.14711485833610702,0.1606151061070588,0.16897039989830914,0.15697417362023322,0.15260148259604012
2.010665,0.14668841568198437,0.16007444928630332,0.16829650002774857,0.15654393651945325,0.15194449653962727
2.0136645,0.14626334592011336,0.1595357490895262,0.16762545952712227,0.15611513227509824,0.15129020513303953
2.016664,0.14583964442653788,0.15899899859407332,0.16695726675081723,0.15568775558058537,0.1506385991482297
2.0196635,0.14541730659165802,0.15846419089489625,0.1662919100850491,0.1552618011484236,0.1499896693676707
2.022663,0.14499632782020996,0.15793131910461866,0.1656293779480328,0.154837263710175,0.1493434065846272
2.0256624999999997,0.14457670353124394,0.1574003763535928,0.1649696587901501,0.15441413801641504,0.14869980160340432
2.0286619999999997,0.14415842915810453,0.1568713557899532,0.16431274109412053,0.15399241883669465,0.14805884523962423
2.0316615,0.14374150014840653,0.15634425057966955,0.16365861337515147,0.1535721009595019,0.14742052832045965
2.034661,0.14332591196401553,0.15581905390660133,0.16300726418110276,0.15315317919221777,0.1467848416848882
2.0376605,0.1429116600810238,0.1552957589725495,0.16235868209262394,0.1527356483610815,0.14615177618394382
2.04066,0.14249873998972928,0.15477435899729816,0.16171285572331193,0.15231950331114402,0.1455213226809477
2.0436595,0.1420871471946118,0.1542548472186706,0.1610697737198416,0.15190473890623168,0.1448934720517504
2.046659,0.14167687721430872,0.15373721689256664,0.16042942476210703,0.1514913500289005,0.1442682151849589
2.0496585,0.1412679255815947,0.15322146129301129,0.15979179756334613,0.15107933158039694,0.1436455429821743
2.052658,0.1408602878433558,0.15270757371219668,0.15915688087027277,0.15066867848061422,0.1430254463582099
2.0556574999999997,0.14045395956056558,0.15219554746051922,0.15852466346319585,0.15025938566805033,0.1424079162413117
2.0586569999999997,0.14004893630826296,0.15168537586662098,0.15789513415613649,0.1498514480997629,0.14179294357338063
2.0616565,0.13964521367552207,0.15117705227742664,0.1572682817969425,0.14944486075132785,0.14118051931018538
2.064656,0.13924278726543735,0.15067057005818005,0.1566440952673985,0.14903961861679565,0.14057063442157364
2.0676555,0.13884165269508836,0.15016592259247633,0.1560225634833234,0.1486357167086449,0.13996327989167018
2.070655,0.13844180559551994,0.1496631032822983,0.15540367539468386,0.14823315005773877,0.13935844671909559
2.0736545,0.13804324161171866,0.14916210554804504,0.15478741998567727,0.14783191371328322,0.13875612591715178
2.076654,0.13764595640258112,0.1486629228285632,0.15417378627483644,0.14743200274277582,0.13815630851402633
2.0796535,0.1372499456408934,0.1481655485811748,0.15356276331510904,0.14703341223196692,0.13755898555298046
2.082653,0.13685520501330176,0.14766997628170614,0.1529543401939488,0.14663613728480715,0.136964148092544
2.0856524999999997,0.1364617302202888,0.14717619942451177,0.15234850603339412,0.14624017302340814,0.1363717872066983
2.0886519999999997,0.13606951697614472,0.14668421152250014,0.1517452499901461,0.14584551458799122,0.13578189398505888
2.0916514999999998,0.13567856100894138,0.1461940061071574,0.15114456125564205,0.14545215713684423,0.13519445953305334
2.094651,0.1352888580605062,0.14570557672856763,0.15054642905612656,0.14506009584627103,0.13460947497210196
2.0976505,0.13490040388639316,0.1452189169554346,0.14995084265271955,0.14466932591054776,0.13402693143979127
2.10065,0.13451319425585825,0.14473402037510186,0.14935779134147428,0.14427984254187556,0.13344682009003545
2.1036495,0.1341272249518282,0.14425088059356936,0.14876726445344643,0.14389164097033003,0.1328691320932546
2.106649,0.13374249177087638,0.14376949123551105,0.14817925135473947,0.14350471644381566,0.13229385863653406
2.1096485,0.13335899052319297,0.1432898459442908,0.14759374144656834,0.14311906422801793,0.13172099092377992
2.112648,0.1329767170325562,0.14281193838197762,0.14701072416530356,0.1427346796063548,0.13115052017588322
2.1156474999999997,0.13259566713630713,0.1423357622293555,0.14643018898251775,0.1423515578799273,0.1305824376308772
2.1186469999999997,0.13221583668531717,0.14186131118594195,0.14585212540503337,0.14196969436747203,0.1300167345440773
2.1216464999999998,0.13183722154396238,0.14138857896999313,0.1452765229749616,0.14158908440531318,0.1294534021882452
2.124646,0.13145981759009423,0.14091755931851652,0.14470337126973656,0.14120972334731108,0.12889243185372326
2.1276455,0.1310836207150103,0.14044824598727906,0.1441326599021549,0.14083160656481458,0.1283338148485821
2.130645,0.13070862682342405,0.1399806327508156,0.14356437852040632,0.14045472944661241,0.1277775424987639
2.1336445,0.13033483183343836,0.13951471340243748,0.14299851680809797,0.14007908739888222,0.1272236061482134
2.136644,0.12996223167651286,0.13905048175423024,0.1424350644842888,0.13970467584514148,0.12667199715901795
2.1396435,0.129590822297438,0.13858793163707075,0.1418740113035036,0.13933149022619737,0.12612270691153818
2.142643,0.12922059965430263,0.13812705690061997,0.1413153470557616,0.1389595260000978,0.12557572680454007
2.1456424999999997,0.12885155971846435,0.1376678514133295,0.14075906156658724,0.13858877864207966,0.12503104825531447
2.1486419999999997,0.1284836984745217,0.13721030906244674,0.1402051446970304,0.13821924364452084,0.12448866269981305
2.1516414999999998,0.1281170119202821,0.13675442375400837,0.13965358634367833,0.13785091651688713,0.12394856159275694
2.154641,0.12775149606673206,0.13630018941284566,0.1391043764386616,0.1374837927856838,0.12341073640776336
2.1576405,0.12738714693800807,0.1358475999825828,0.13855750494966904,0.13711786799440365,0.12287517863746625
2.16064,0.12702396057136384,0.13539664942563054,0.1380129618799434,0.13675313770347755,0.12234187979362057
2.1636395,0.12666193301714246,0.1349473317231891,0.13747073726829362,0.13638959749022234,0.12181083140721584
2.166639,0.12630106033874475,0.13449964087523913,0.13693082118908706,0.13602724294879087,0.12128202502859675
2.1696385,0.12594133861259582,0.13405357090053877,0.13639320375225358,0.13566606969011988,0.1207554522275538
2.172638,0.1255827639281199,0.13360911583661977,0.13585787510327704,0.13530607334187966,0.12023110459344118
2.1756374999999997,0.12522533238770323,0.13316626973977838,0.13532482542318958,0.13494724954842227,0.11970897373526751
2.1786369999999997,0.12486904010666723,0.13272502668506883,0.13479404492856764,0.13458959397073159,0.11918905128180236
2.1816364999999998,0.12451388321323645,0.13228538076629512,0.13426552387151033,0.13423310228636892,0.11867132888167714
2.184636,0.1241598578485047,0.13184732609600305,0.13373925253964072,0.1338777701894254,0.11815579820347209
2.1876355,0.12380696016640806,0.13141085680546769,0.13321522125607527,0.1335235933904669,0.11764245093581213
2.190635,0.1234551863336898,0.1309759670446857,0.13269342037942003,0.13317056761648438,0.11713127878746066
2.1936345,0.12310453252987039,0.1305426509823631,0.13217384030374263,0.132818688610842,0.11662227348740378
2.196634,0.12275499494721598,0.13011090280590165,0.13165647145855647,0.13246795213322485,0.11611542678493997
2.1996335,0.12240656979070562,0.12968071672138956,0.13114130430879176,0.13211835395958713,0.11561073044976278
2.202633,0.122059253278002,0.12925208695358215,0.13062832935477928,0.13176988988210134,0.11510817627204493
2.2056325,0.12171304163941515,0.1288250077458934,0.13011753713221322,0.1314225557091049,0.11460775606251383
2.2086319999999997,0.12136793111787572,0.1283994733603786,0.12960891821212803,0.1310763472650493,0.11410946165253827
2.2116314999999998,0.12102391796889861,0.12797547807771623,0.12910246320087124,0.13073126039044747,0.11361328489419203
2.214631,0.12068099846055515,0.12755301619719644,0.12859816274006347,0.13038729094182253,0.11311921766034166
2.2176305,0.12033916887343517,0.1271320820366996,0.12809600750656924,0.13004443479165467,0.11262725184470719
2.22063,0.11999842550062083,0.12671266993268085,0.12759598821246004,0.1297026878283304,0.1121373793619365
2.2236295,0.11965876464765189,0.12629477424015229,0.12709809560497703,0.12936204595608933,0.11164959214767621
2.226629,0.11932018263249074,0.12587838933266007,0.12660232046649256,0.12902250509497293,0.1111638821586374
2.2296285,0.11898267578549486,0.12546350960227054,0.12610865361446968,0.12868406118077164,0.11068024137265116
2.232628,0.11864624044938231,0.12505012945954544,0.12561708590141768,0.12834671016497312,0.11019866178874672
2.2356275,0.1183108729791971,0.12463824333352302,0.1251276082148506,0.1280104480147107,0.10971913542719477
2.2386269999999997,0.11797656974227996,0.12422784567169548,0.12464021147724304,0.12767527071271031,0.10924165432957986
2.2416264999999997,0.11764332711823397,0.12381893093998818,0.12415488664597944,0.12734117425723862,0.10876621055885441
2.244626,0.11731114149889316,0.1234114936227375,0.12367162471330931,0.12700815466205084,0.10829279619938827
2.2476255,0.11698000928828725,0.12300552822266345,0.12319041670629859,0.12667620795634005,0.10782140335702803
2.250625,0.11664992690261367,0.12260102926085273,0.1227112536867741,0.12634533018468208,0.10735202415914565
2.2536245,0.11632089077019876,0.12219799127672748,0.12223412675127497,0.12601551740698624,0.10688465075469
2.256624,0.11599289733147011,0.12179640882802745,0.12175902703099829,0.1256867656984425,0.10641927531424215
2.2596235,0.11566594303892222,0.12139627649077746,0.12128594569174402,0.12535907114946812,0.1059558900300425
2.262623,0.11534002435708154,0.12099758885926659,0.12081487393385851,0.12503242986565685,0.10549448711606116
2.2656225,0.11501513776247692,0.12060034054602138,0.12034580299217487,0.12470683796772715,0.10503505880801922
2.2686219999999997,0.11469127974360506,0.12020452618177642,0.11987872413596039,0.12438229159146907,0.1045775973634491
2.2716214999999997,0.1143684468008957,0.11981014041544806,0.11941362866884765,0.12405878688769309,0.1041220950617197
2.274621,0.11404663544668313,0.11941717791410988,0.11895050792878394,0.12373632002217842,0.10366854420408632
2.2776205,0.1137258422051694,0.11902563336295792,0.11848935328796036,0.1234148871756205,0.10321693711372264
2.28062,0.11340606361239332,0.11863550146528966,0.11803015615275013,0.12309448454357881,0.10276726613575221
2.2836195,0.11308729621619613,0.11824677694246692,0.1175729079636483,0.1227751083364264,0.10231952363729681
2.286619,0.11276953657618986,0.11785945453389328,0.11711760019520424,0.12245675477929675,0.10187370200749336
2.2896185,0.11245278126372325,0.11747352899697923,0.11666422435595018,0.12213942011203326,0.10142979365753586
2.292618,0.11213702686184927,0.11708899510711387,0.11621277198834119,0.12182310058913597,0.10098779102069846
2.2956175,0.11182226996529114,0.11670584765763287,0.11576323466868166,0.12150779247971219,0.10054768655236881
2.2986169999999997,0.11150850718041042,0.11632408145978894,0.11531560400705586,0.12119349206742204,0.10010947273007433
2.3016164999999997,0.11119573512517415,0.11594369134271724,0.11486987164726144,0.12088019565042984,0.09967314205350637
2.3046159999999998,0.11088395042911998,0.11556467215340813,0.11442602926673161,0.12056789954135068,0.09923868704454122
2.3076155,0.11057314973332512,0.11518701875666856,0.11398406857646834,0.1202566000672004,0.0988061002472745
2.310615,0.11026332969037134,0.11481072603509315,0.11354398132096476,0.11994629356934275,0.09837537422802826
2.3136145,0.10995448696431281,0.11443578888903035,0.11310575927813411,0.11963697640343873,0.09794650157538083
2.316614,0.10964661823064432,0.11406220223654955,0.1126693942592328,0.11932864493939659,0.09751947490018624
2.3196135,0.10933972017626634,0.11368996101340434,0.11223487810878481,0.11902129556131884,0.09709428683558351
2.322613,0.10903378949945122,0.1133190601730012,0.11180220270450711,0.11871492466745229,0.09667093003702201
2.3256125,0.10872882290981307,0.11294949468636338,0.11137135995722676,0.11840952867013646,0.09624939718227264
2.3286119999999997,0.10842481712827194,0.11258125954209663,0.11094234181080835,0.1181051039957534,0.09582968097144529
2.3316114999999997,0.1081217688870221,0.11221434974635311,0.11051514024207114,0.11780164708467576,0.09541177412699357
2.3346109999999998,0.10781967492949879,0.1118487603227977,0.11008974726071245,0.1174991543912173,0.09499566939373637
2.3376105,0.10751853201034466,0.11148448631256798,0.10966615490922384,0.11719762238358125,0.09458135953886235
2.34061,0.10721833689537659,0.11112152277424402,0.10924435526281133,0.11689704754381001,0.09416883735194033
2.3436095,0.10691908636155487,0.1107598647838055,0.1088243404293153,0.11659742636773425,0.09375809564492663
2.346609,0.10662077719694632,0.11039950743460035,0.10840610254912265,0.1162987553649231,0.09334912725217719
2.3496085,0.10632340620069426,0.11004044583730573,0.10798963379509115,0.1160010310586339,0.09294192503044614
2.352608,0.10602697018298538,0.10968267511988604,0.10757492637245758,0.11570424998576108,0.09253648185889522
2.3556075,0.105731465965015,0.10932619042756568,0.10716197251876028,0.11540840869678619,0.09213279063909634
2.3586069999999997,0.1054368903789556,0.10897098692278008,0.10675076450374807,0.11511350375572824,0.09173084429503231
2.3616064999999997,0.10514324026792307,0.10861705978514485,0.1063412946292995,0.11481953174009364,0.09133063577310335
2.3646059999999998,0.10485051248594499,0.10826440421141353,0.10593355522933336,0.1145264892408265,0.09093215804212205
2.3676055,0.1045587038979254,0.10791301541544288,0.10552753866972392,0.11423437286225735,0.09053540409331905
2.370605,0.10426781137961497,0.10756288862814829,0.10512323734821112,0.11394317922205555,0.09014036694033363
2.3736045,0.10397783181757617,0.10721401909747079,0.10472064369431441,0.11365290495117837,0.08974703961921698
2.376604,0.10368876210914994,0.10686640208833242,0.10431975016924615,0.11336354669382127,0.08935541518843046
2.3796035,0.10340059916242524,0.10652003288260099,0.10392054926582063,0.11307510110736989,0.08896548672883359
2.382603,0.1031133398962034,0.10617490677904606,0.10352303350836284,0.11278756486234932,0.08857724734368634
2.3856025,0.10282698123996821,0.10583101909330396,0.10312719545262203,0.11250093464237497,0.0881906901586404
2.3886019999999997,0.10254152013385191,0.10548836515783212,0.10273302768568193,0.11221520714410445,0.08780580832172706
2.3916014999999997,0.1022569535286009,0.10514694032187302,0.10234052282586568,0.1119303790771881,0.08742259500335758
2.3946009999999998,0.10197327838554607,0.1048067399514101,0.10194967352264957,0.1116464471642187,0.08704104339630805
2.3976005,0.10169049167656845,0.10446775942913111,0.10156047245656913,0.111363408140686,0.08666114671571298
2.4006,0.10140859038406728,0.10412999415438266,0.10117291233912731,0.11108125875492436,0.08628289819904757
2.4035995,0.10112757150092545,0.10379343954313178,0.10078698591270299,0.11079999576806643,0.08590629110612932
2.406599,0.10084743203048085,0.10345809102792326,0.10040268595045826,0.11051961595399372,0.08553131871909085
2.4095985,0.10056816898649092,0.10312394405784026,0.10002000525624537,0.11024011609928869,0.08515797434237624
2.412598,0.10028977939310117,0.10279099409845918,0.09963893666451111,0.10996149300318692,0.08478625130272142
2.4155975,0.10001226028481174,0.10245923663181151,0.09925947304020875,0.10968374347752771,0.0844161429491466
2.418597,0.09973560870644686,0.10212866715633716,0.09888160727869837,0.10940686434670754,0.08404764265292967
2.4215964999999997,0.09945982171312225,0.10179928118684815,0.09850533230565627,0.10913085244763064,0.08368074380759903
2.4245959999999998,0.09918489637021029,0.10147107425448221,0.09813064107697683,0.10885570462966247,0.08331543982891157
2.4275955,0.09891082975331103,0.10114404190666049,0.09775752657868331,0.10858141775458247,0.08295172415483669
2.430595,0.09863761894821897,0.10081817970704675,0.09738598182682581,0.10830798869653391,0.08258959024553315
2.4335945,0.09836526105088905,0.10049348323550349,0.09701599986739222,0.10803541434197929,0.08222903158333748
2.436594,0.0980937531674083,0.10016994808804952,0.09664757377620971,0.10776369158965195,0.08187004167273536
2.4395935,0.09782309241395948,0.099847569876816,0.09628069665884666,0.1074928173505093,0.08151261404034629
2.442593,0.09755327591679325,0.0995263442300056,0.09591536165052199,0.10722278854768413,0.08115674223489787
2.4455925,0.09728430081219161,0.09920626679184522,0.09555156191600445,0.10695360211644046,0.080802419827205
2.448592,0.09701616424644065,0.09888733322254822,0.09518929064951619,0.10668525500412353,0.08044964041015154
2.4515914999999997,0.09674886337579608,0.09856953919826603,0.09482854107464209,0.10641774417011589,0.08009839759865565
2.4545909999999997,0.09648239536645076,0.0982528804110466,0.09446930644422206,0.10615106658578975,0.07974868502965476
2.4575905,0.09621675739450462,0.0979373525687913,0.09411158004026592,0.10588521923445966,0.07940049636207776
2.46059,0.09595194664593362,0.09762295139520903,0.09375535517384652,0.10562019911133774,0.07905382527681665
2.4635895,0.09568796031655506,0.09730967262977651,0.09340062518500887,0.10535600322348657,0.07870866547670563
2.466589,0.09542479561199797,0.09699751202768955,0.09304738344266952,0.10509262858977284,0.07836501068648706
2.4695885,0.09516244974767213,0.09668646535982045,0.0926956233445182,0.10483007224082241,0.07802285465278938
2.472588,0.09490091994873444,0.09637652841267717,0.09234533831692418,0.10456833121897403,0.07768219114409644
2.4755875,0.0946402034500592,0.09606769698835478,0.09199652181483252,0.10430740257823308,0.07734301395072035
2.478587,0.09438029749620744,0.09575996690449329,0.09164916732167207,0.10404728338422733,0.07700531688476929
2.4815864999999997,0.0941211993413926,0.095453333994232,0.09130326834925137,0.10378797071415981,0.07666909378011973
2.4845859999999997,0.09386290624945103,0.09514779410616768,0.09095881843766497,0.10352946165676494,0.07633433849238601
2.4875855,0.09360541549381123,0.09484334310430757,0.09061581115519622,0.10327175331226274,0.07600104489888768
2.490585,0.09334872435746258,0.09453997686802572,0.0902742400982125,0.10301484279231403,0.07566920689862129
2.4935845,0.09309283013292285,0.09423769129201806,0.08993409889107139,0.10275872721997574,0.07533881841222032
2.496584,0.09283773012220789,0.09393648228625907,0.08959538118602459,0.10250340372965473,0.07500987338193235
2.4995835,0.092583421636801,0.0936363457759554,0.0892580806631119,0.10224886946706487,0.0746823657715819
2.502583,0.09232990199762205,0.09333727770150126,0.08892219103007015,0.10199512158918227,0.0743562895665316
2.5055825,0.0920771685349955,0.09303927401843536,0.08858770602222997,0.10174215726420027,0.07403163877365532
2.508582,0.09182521858862042,0.09274233069739424,0.08825461940241888,0.10148997367148474,0.07370840742130266
2.5115814999999997,0.09157404950753978,0.09244644372406728,0.0879229249608617,0.10123856800153203,0.07338658955925692
2.5145809999999997,0.09132365865010901,0.09215160909915274,0.08759261651508361,0.10098793745592244,0.0730661792587071
2.5175804999999998,0.09107404338396609,0.09185782283831392,0.08726368790980962,0.10073807924727839,0.07274717061220826
2.52058,0.09082520108600092,0.09156508097213141,0.08693613301686483,0.10048899059921969,0.07242955773364522
2.5235795,0.09057712914232408,0.09127337954605831,0.08660994573508032,0.10024066874631987,0.07211333475819626
2.526579,0.09032982494823716,0.09098271462037952,0.08628511999018872,0.09999311093406367,0.07179849584229561
2.5295785,0.0900832859082014,0.09069308227016035,0.08596164973473007,0.09974631441880275,0.07148503516359113
2.532578,0.08983750943580797,0.09040447858520609,0.08563952894794902,0.09950027646771324,0.07117294692091566
2.5355775,0.08959249295374788,0.09011689967001447,0.08531875163570174,0.09925499435875192,0.07086222533423743
2.538577,0.08934823389378177,0.08983034164373185,0.08499931183035053,0.09901046538061427,0.07055286464462907
2.5415764999999997,0.08910472969670924,0.08954480064010757,0.08468120359067101,0.09876668683269132,0.07024485911422276
2.5445759999999997,0.08886197781233839,0.08926027280744829,0.08436442100175001,0.09852365602502687,0.06993820302617214
2.5475754999999998,0.08861997569945677,0.0889767543085737,0.08404895817488904,0.09828137027827467,0.06963289068461216
2.550575,0.08837872082580069,0.08869424132077149,0.08373480924750516,0.09803982692365686,0.06932891641462023
2.5535745,0.08813821066802661,0.08841273003575066,0.08342196838303167,0.09779902330292173,0.06902627456217002
2.556574,0.08789844271167918,0.08813221665959778,0.08311042977082114,0.09755895676830086,0.06872495949409431
2.5595735,0.08765941445116278,0.08785269741273165,0.08280018762604811,0.0973196246824679,0.06842496559804215
2.562573,0.08742112338971228,0.0875741685298571,0.08249123618960791,0.0970810244184962,0.06812628728243567
2.5655725,0.08718356703936236,0.08729662625992195,0.08218356972802209,0.09684315335981834,0.06782891897642702
2.568572,0.08694674292091775,0.08702006686606838,0.0818771825333358,0.09660600890018256,0.067532855129859
2.5715714999999997,0.08671064856392484,0.08674448662559212,0.08157206892302524,0.0963695884436134,0.0672380902132156
2.5745709999999997,0.08647528150664217,0.08646988182989337,0.08126822323989717,0.09613388940436955,0.06694461871758532
2.5775704999999998,0.08624063929600924,0.08619624878443419,0.08096563985199053,0.09589890920690221,0.06665243515461405
2.58057,0.08600671948762059,0.08592358380869251,0.08066431315248117,0.09566464528581564,0.0663615340564583
2.5835695,0.08577351964569185,0.08565188323611671,0.08036423755958166,0.09543109508582472,0.06607190997574698
2.586569,0.0855410373430358,0.08538114341408146,0.08006540751644575,0.09519825606171504,0.06578355748552937
2.5895685,0.08530927016102892,0.0851113607038415,0.07976781749107155,0.0949661256783024,0.06549647117923686
2.592568,0.08507821568958514,0.08484253148048795,0.07947146197620222,0.09473470141039231,0.0652106456706299
2.5955675,0.08484787152712527,0.08457465213290218,0.07917633548923214,0.09450398074273912,0.06492607559376297
2.598567,0.08461823528054975,0.08430771906371216,0.07888243257210638,0.09427396117000715,0.0646427556029273
2.6015664999999997,0.08438930456520731,0.08404172868924503,0.07858974779122711,0.09404464019672899,0.06436068037261118
2.6045659999999997,0.08416107700486938,0.0837766774394851,0.07829827573735658,0.09381601533726781,0.0640798445974529
2.6075654999999998,0.08393355023169838,0.08351256175802732,0.07800801102551876,0.09358808411577504,0.0638002429921931
2.610565,0.08370672188622139,0.08324937810203285,0.07771894829490482,0.09336084406615293,0.06352187029162777
2.6135645,0.0834805896172999,0.08298712294218406,0.07743108220877622,0.0931342927320141,0.0632447212505598
2.616564,0.0832551510821036,0.08272579276264029,0.07714440745437093,0.09290842766664237,0.06296879064375457
2.6195635,0.08303040394607876,0.08246538406099209,0.07685891874280253,0.09268324643295317,0.0626940732658907
2.622563,0.08280634588292311,0.08220589334821791,0.0765746108089712,0.09245874660345633,0.06242056393151032
2.6255625,0.08258297457455543,0.08194731714863895,0.07629147841146333,0.09223492576021364,0.06214825747497378
2.628562,0.08236028771108848,0.08168965199987265,0.07600951633245803,0.09201178149480427,0.061877148750410976
2.6315614999999997,0.08213828299080014,0.08143289445279235,0.07572871937763156,0.09178931140828316,0.06160723263166942
2.6345609999999997,0.08191695812010577,0.08117704107147838,0.07544908237606368,0.09156751311114329,0.06133850401227007
2.6375604999999998,0.08169631081353147,0.08092208843317611,0.07517060018014096,0.09134638422327816,0.06107095780535413
2.64056,0.08147633879368289,0.0806680331282512,0.0748932676654639,0.09112592237394193,0.060804588943638126
2.6435595,0.08125703979122102,0.08041487176014496,0.07461707973075153,0.09090612520171346,0.0605393923793608
2.646559,0.0810384115448325,0.0801626009453309,0.07434203129774726,0.09068699035445617,0.06027536308423603
2.6495585,0.08082045180120218,0.0799112173132671,0.07406811731112546,0.09046851548928256,0.06001249604940083
2.652558,0.08060315831498563,0.07966071750635725,0.07379533273839642,0.09025069827251397,0.05975078628536745
2.6555575,0.08038652884878164,0.07941109817990395,0.07352367256981625,0.09003353637964501,0.05949022882197322
2.658557,0.08017056117310585,0.07916235600206231,0.07325313181828767,0.08981702749530557,0.059230818708326805
2.6615565,0.07995525306636007,0.0789144876538005,0.07298370551927225,0.08960116931322307,0.058972551012763746
2.6645559999999997,0.0797406023148099,0.07866748982885238,0.07271538873069325,0.08938595953618657,0.05871542082279113
2.6675554999999997,0.0795266067125527,0.07842135923367567,0.07244817653284699,0.08917139587600743,0.05845942324503779
2.670555,0.07931326406149382,0.07817609258740565,0.07218206402830663,0.08895747605348568,0.05820455340520508
2.6735545,0.07910057217131726,0.0779316866218157,0.07191704634183131,0.08874419779837085,0.05795080644801381
2.676554,0.07888852885945995,0.07768813808126838,0.07165311862027461,0.08853155884932591,0.057698177537154414
2.6795535,0.07867713195108522,0.07744544372267538,0.07139027603249146,0.08831955695389156,0.057446661855234095
2.682553,0.0784663792790546,0.07720360031545292,0.071128513769246,0.0881081898684494,0.05719625460372874
2.6855525,0.07825626868390125,0.0769626046414785,0.07086782704312292,0.08789745535818498,0.05694695100292662
2.688552,0.07804679801380429,0.07672245349504739,0.07060821108843275,0.08768735119705365,0.05669874629188047
2.6915515,0.0778379651245611,0.07648314368282924,0.07034966116112275,0.08747787516774282,0.05645163572835386
2.6945509999999997,0.07762976787956088,0.07624467202382401,0.07009217253868551,0.0872690250616374,0.05620561458876986
2.6975504999999997,0.07742220414975992,0.07600703534932064,0.06983574052006909,0.08706079867878279,0.05596067816815837
2.70055,0.07721527181365118,0.07577023050285206,0.0695803604255855,0.08685319382785169,0.05571682178010463
2.7035495,0.07700896875724245,0.07553425434015382,0.06932602759682252,0.08664620832610596,0.055474040756696034
2.706549,0.07680329287402758,0.07529910372911953,0.06907273739654955,0.08643983999936322,0.05523233044847198
2.7095485,0.07659824206496031,0.07506477554975922,0.06882048520863444,0.08623408668196135,0.05499168622436858
2.712548,0.07639381423842849,0.07483126669415573,0.06856926643794777,0.08602894621672345,0.05475210347166835
2.7155475,0.07619000731022971,0.07459857406642297,0.06831907651027853,0.08582441645492207,0.0545135775959448
2.718547,0.0759868192035412,0.07436669458266153,0.06806991087224186,0.0856204952562469,0.05427610402101393
2.7215465,0.07578424784889866,0.07413562517091868,0.06782176499119183,0.08541718048876731,0.05403967818887713
2.7245459999999997,0.0755822911841671,0.07390536277114367,0.06757463435513353,0.08521447002890031,0.05380429555967135
2.7275454999999997,0.07538094715451672,0.07367590433514634,0.06732851447263412,0.08501236176137378,0.053569951611613514
2.7305449999999998,0.0751802137123971,0.0734472468265537,0.06708340087273373,0.08481085357919547,0.05333664184095088
2.7335445,0.07498008881750999,0.07321938722077007,0.06683928910486006,0.08460994338361555,0.05310436176190463
2.736544,0.07478057043678644,0.07299232250493279,0.06659617473874065,0.08440962908409552,0.052873106906617846
2.7395435,0.0745816565443592,0.07276604967787051,0.06635405336431381,0.08420990859827225,0.05264287282510427
2.742543,0.07438334512153846,0.07254056575006299,0.06611292059164209,0.08401077985192634,0.05241365508519024
2.7455425,0.07418563415678595,0.07231586774359595,0.06587277205082881,0.08381224077894654,0.0521854492724678
2.748542,0.07398852164568988,0.07209195269212273,0.065633603391927,0.08361428932129734,0.05195825099023438
2.7515415,0.07379200559094046,0.07186881764082036,0.06539541028485651,0.08341692342898671,0.05173205585944653
2.7545409999999997,0.07359608400230336,0.07164645964634844,0.0651581884193168,0.08322014106003081,0.05150685951866031
2.7575404999999997,0.0734007548965963,0.07142487577680874,0.06492193350470085,0.08302394018042289,0.051282657623980175
2.7605399999999998,0.07320601629766255,0.07120406311170191,0.06468664127001192,0.08282831876409891,0.05105944584900631
2.7635395,0.07301186623634827,0.07098401874188796,0.06445230746377584,0.08263327479290598,0.050837219884780495
2.766539,0.07281830275047468,0.07076473976954314,0.06421892785395746,0.08243880625656928,0.050615975439732334
2.7695385,0.0726253238848167,0.0705462233081207,0.0639864982278761,0.082244911152659,0.050395708239623305
2.772538,0.07243292769107496,0.07032846648230957,0.06375501439212115,0.0820515874865593,0.0501764140274969
2.7755375,0.07224111222785484,0.07011146642799117,0.0635244721724671,0.0818588332714344,0.04995808856362448
2.778537,0.07204987556063829,0.06989522029220142,0.06329486741379156,0.08166664652819745,0.049740727625447824
2.7815365,0.07185921576176235,0.06967972523308882,0.06306619597998972,0.08147502528547916,0.04952432700752789
2.7845359999999997,0.07166913091039341,0.06946497841987281,0.06283845375389242,0.08128396757959415,0.049308882521493735
2.7875354999999997,0.07147961909250326,0.06925097703280537,0.06261163663718348,0.08109347145451083,0.04909438999598346
2.7905349999999998,0.07129067840084438,0.06903771826312874,0.06238574055031412,0.08090353496181897,0.04888084527659315
2.7935345,0.07110230693492699,0.06882519931303525,0.062160761432425944,0.08071415616069819,0.048668244225825226
2.796534,0.07091450280099416,0.06861341739562818,0.06193669524126273,0.08052533311788727,0.048456582723029
2.7995335,0.0707272641119975,0.06840236973488018,0.061713537953091716,0.08033706390765206,0.04824585666435317
2.802533,0.07054058898757534,0.06819205356559474,0.06149128556262176,0.08014934661175478,0.048036061962686845
2.8055325,0.07035447555402476,0.06798246613336445,0.061269934082923035,0.07996217931942315,0.047827194547609544
2.808532,0.07016892194428265,0.06777360469453242,0.06104947954534223,0.07977556012731916,0.04761925036533373
2.8115315,0.06998392629789962,0.06756546651615222,0.06082991799942508,0.07958948713950859,0.04741222537865547
2.8145309999999997,0.06979948676101543,0.06735804887594758,0.06061124551283566,0.0794039584674307,0.04720611556689837
2.8175304999999997,0.06961560148633768,0.06715134906227427,0.060393458171274624,0.07921897222986642,0.04700091692585683
2.8205299999999998,0.06943226863311687,0.0669453643740784,0.06017655207839863,0.07903452655290949,0.04679662546774784
2.8235295,0.06924948636712437,0.06674009212085963,0.05996052335574379,0.07885061956993539,0.046593237221154576
2.826529,0.06906725286062709,0.06653552962263003,0.059745368142643154,0.0786672494215717,0.04639074823097087
2.8295285,0.06888556629236575,0.0663316742098753,0.059531082596148435,0.07848441425566764,0.046189154558349974
2.832528,0.06870442484753198,0.06612852322351633,0.05931766289095167,0.07830211222726395,0.04598845228065199
2.8355275,0.0685238267177442,0.06592607401487036,0.0591051052193065,0.07812034149856406,0.04578863749138641
2.838527,0.06834377010102527,0.06572432394560991,0.058893405790948344,0.0779391002389032,0.04558970630016233
2.8415265,0.06816425320177916,0.0655232703877278,0.05868256083301899,0.07775838662471973,0.04539165483263075
2.8445259999999997,0.06798527423076803,0.06532291072349487,0.05847256658998716,0.07757819883952614,0.045194479230435756
2.8475254999999997,0.06780683140509061,0.065123242345424,0.05826341932356911,0.07739853507387814,0.044998175651157296
2.8505249999999998,0.06762892294815723,0.06492426265623048,0.05805511531265584,0.07721939352534715,0.04480274026825985
2.8535245,0.06745154708967008,0.06472596906879391,0.057847650853232645,0.07704077239848989,0.044608169271037605
2.856524,0.0672747020655976,0.06452835900611949,0.057641022258303344,0.07686266990482062,0.0444144588645609
2.8595235,0.06709838611815458,0.06433142990130183,0.05743522585781444,0.07668508426278209,0.04422160526962472
2.862523,0.06692259749577759,0.06413517919748343,0.05723025799857803,0.07650801369771533,0.044029604722694037
2.8655225,0.06674733445310521,0.06393960434782126,0.05702611504419682,0.07633145644183333,0.04383845347584978
2.868522,0.06657259525095223,0.06374470281544431,0.05682279337498841,0.07615541073419095,0.043648147796737514
2.8715215,0.06639837815629077,0.06355047207342003,0.05662028938790886,0.07597987482065749,0.04345868396851288
2.874521,0.0662246814422263,0.06335690960471366,0.05641859949648007,0.07580484695388766,0.04327005828978847
2.8775204999999997,0.06605150338797576,0.06316401290215308,0.05621772013071226,0.07563032539329359,0.04308226707458105
2.8805199999999997,0.06587884227884698,0.06297177946838953,0.05601764773703078,0.07545630840501795,0.042895306652259095
2.8835195,0.0657066964062143,0.06278020681586156,0.05581837877820241,0.07528279426190439,0.04270917336748832
2.886519,0.06553506406749833,0.0625892924667576,0.0556199097332617,0.07510978124347069,0.042523863580180864
2.8895185,0.06536394356614449,0.062399033952978744,0.05542223709743474,0.0749372676358811,0.04233937366544006
2.892518,0.06519333321160012,0.062209428816101836,0.05522535738206924,0.07476525173191857,0.04215570001351095
2.8955175,0.06502323131929405,0.06202047460734312,0.055029267114558904,0.07459373183095735,0.041972839029722195
2.898517,0.06485363621061359,0.061832168887520494,0.05483396283827254,0.07442270623893538,0.041790787134439136
2.9015165,0.06468454621288441,0.06164450922701848,0.054639441112479585,0.0742521732683276,0.041609540763007956
2.904516,0.06451595965934821,0.06145749320574962,0.054445698512279435,0.0740821312381181,0.04142909636570349
2.9075154999999997,0.0643478748891421,0.06127111841312077,0.05425273162852873,0.07391257847377498,0.04124945040767743
2.9105149999999997,0.06418029024727671,0.061085382447994344,0.0540605370677701,0.07374351330722058,0.04107059936890569
2.9135145,0.0640132040846149,0.06090028291865304,0.05386911145215968,0.07357493407680674,0.04089253974413531
2.916514,0.06384661475785158,0.06071581744276462,0.05367845141939756,0.07340683912728767,0.04071526804283398
2.9195135,0.0636805206294916,0.0605319836473441,0.05348855362265552,0.07323922680979343,0.04053878078913629
2.922513,0.06351492006782845,0.0603487791687206,0.05329941473050809,0.0730720954818033,0.04036307452179165
2.9255125,0.06334981144692535,0.06016620165249858,0.053111031426859495,0.07290544350711961,0.04018814579411189
2.928512,0.06318519314659204,0.059984248753524906,0.052923400410876856,0.07273926925584126,0.04001399117392221
2.9315115,0.0630210635523655,0.05980291813585095,0.05273651839691715,0.07257357110433829,0.039840607243504626
2.934511,0.0628574210554881,0.05962220747269904,0.0525503821144617,0.0724083474352248,0.03966799059955086
2.9375104999999997,0.06269426405288822,0.059442114446426955,0.052364988308042835,0.07224359663733415,0.039496137853106794
2.9405099999999997,0.06253159094715872,0.05926263674849098,0.05218033373717707,0.07207931710569207,0.03932504562952297
2.9435095,0.062369400146536406,0.05908377207941296,0.05199641517629645,0.07191550724149201,0.03915471056840291
2.946509,0.06220769006488203,0.05890551814874513,0.05181322941468004,0.07175216545206932,0.03898512932355129
2.9495085,0.06204645912166003,0.058727872675033134,0.05163077325638574,0.07158929015087503,0.03881629856292102
2.952508,0.061885705741918,0.058550833385784234,0.05144904352018136,0.07142687975745124,0.03864821496856524
2.9555075,0.06172542835626552,0.05837439801743001,0.05126803703947852,0.07126493269740605,0.038480875236582945
2.958507,0.06156562540085646,0.058198564315294125,0.05108775066226521,0.07110344740238737,0.03831427607707001
2.9615065,0.06140629531736567,0.058023330033555906,0.05090818125103711,0.07094242231005908,0.03814841421406701
2.964506,0.06124743655297125,0.057848692935218125,0.05072932568273409,0.07078185586407502,0.03798328638550875
2.9675054999999997,0.06108904756033369,0.05767465079207104,0.0505511808486695,0.07062174651405524,0.037818889343173095
2.9705049999999997,0.06093112679757633,0.057501201384658154,0.0503737436544674,0.07046209271556027,0.03765521985262993
2.9735044999999998,0.06077367272826578,0.05732834250224477,0.05019701101999483,0.0703028929300669,0.03749227469319232
2.976504,0.060616683821390495,0.057156071942781154,0.05002097987929651,0.0701441456249438,0.037330050657862726
2.9795035,0.06046015855134364,0.0569843875128699,0.04984564718053035,0.06998584927342721,0.037168544553285186
2.982503,0.06030409539790121,0.056813287027733785,0.04967100988589989,0.06982800235459594,0.03700775319969544
2.9855025,0.060148492846203896,0.05664276831117871,0.04949706497159268,0.06967060335334757,0.03684767343086696
2.988502,0.059993349386736936,0.056472829195564844,0.049323809427712216,0.06951365076037491,0.03668830209406501
2.9915015,0.0598386635153104,0.056303467521769165,0.049151240258217196,0.06935714307214043,0.03652963604999445
2.994501,0.05968443373304123,0.05613468113915424,0.04897935448085408,0.06920107879085449,0.036371672172747976
2.9975004999999997,0.05953065854633205,0.05596646790553603,0.048808149127094955,0.06904545642444944,0.036214407349761474
3.0004999999999997,0.05937733646685293,0.055798825687148064,0.048637621242074804,0.06889027448655705,0.03605783848175856
3.0034994999999998,0.05922446601152288,0.05563175235861172,0.048467767884525795,0.0687355314964851,0.03590196248270482
3.006499,0.05907204570248921,0.05546524580290103,0.048298586126715955,0.06858122597919307,0.035746776279756275
3.0094985,0.058920074067109474,0.05529930391131115,0.048130073054387296,0.0684273564652689,0.03559227681321017
3.012498,0.058768549637932856,0.055133924583426225,0.047962225766690056,0.06827392149090632,0.03543846103645751
3.0154975,0.05861747095267975,0.05496910572708611,0.0477950413761246,0.06812091959788084,0.03528532591592976
3.018497,0.05846683655422528,0.05480484525835367,0.04762851700847523,0.06796834933352726,0.035132868431053906
3.0214965,0.05831664499057752,0.0546411411014843,0.04746264980275242,0.06781620925071592,0.03498108557420163
3.024496,0.058166894814861876,0.05447799118889147,0.04729743691112756,0.06766449790783069,0.03482997435064005
3.0274954999999997,0.058017584585299826,0.0543153934611173,0.0471328754988757,0.06751321386874526,0.0346795317784832
3.0304949999999997,0.05786871286519275,0.05415334586679811,0.04696896274431133,0.06736235570280114,0.03452975488864342
3.0334944999999998,0.05772027822290108,0.053991846362634655,0.046805695838729504,0.06721192198478437,0.03438064072478387
3.036494,0.05757227923182734,0.05383089291335946,0.04664307198634368,0.06706191129490364,0.034232186343266933
3.0394935,0.05742471447039753,0.05367048349170514,0.04648108840422885,0.06691232221876722,0.03408438881310964
3.042493,0.05727758252204261,0.053510616078373534,0.04631974232225745,0.06676315334736073,0.03393724521593357
3.0454925,0.05713088197518023,0.05335128866200405,0.046159030983042984,0.06661440327702595,0.033790752645915585
3.048492,0.05698461142319626,0.05319249923914227,0.04599895164187901,0.06646607060943649,0.03364490820974168
3.0514915,0.0568387694644278,0.053034245814209076,0.04583950156667979,0.06631815395157814,0.033499709026558654
3.054491,0.05669335470214343,0.05287652639946931,0.04568067803792374,0.0661706519157249,0.03335515222792622
3.0574904999999997,0.056548365744526534,0.052719339015001504,0.045522478348590405,0.06602356311941868,0.03321123495776805
3.0604899999999997,0.056403801204657426,0.05256268168866585,0.045364899804106976,0.06587688618544618,0.033067954372326
3.0634894999999998,0.05625965970049346,0.0524065524560754,0.04520793972228666,0.06573061974181783,0.03292530764011254
3.066489,0.056115939854854295,0.052250949360563216,0.04505159543327262,0.06558476242174696,0.0327832919418622
3.0694885,0.05597264029540167,0.052095870453153045,0.04489586427947897,0.0654393128636267,0.032641904470484484
3.072488,0.05582975965462316,0.05194131379252979,0.04474074361553523,0.06529426971100932,0.032501142431019064
3.0754875,0.05568729656981348,0.05178727744500768,0.044586230808226886,0.06514963161258541,0.03236100304058496
3.078487,0.05554524968305811,0.05163375948450062,0.04443232323644036,0.06500539722216236,0.03222148352833669
3.0814865,0.05540361764121439,0.051480757992492375,0.04427901829110568,0.06486156519864203,0.03208258113541652
3.084486,0.0552623990958949,0.05132827105800624,0.04412631337514004,0.06471813420600173,0.031944293114908914
3.0874855,0.05512159270345104,0.051176296777576215,0.043974205903391655,0.06457510291327162,0.03180661673179083
3.0904849999999997,0.05498119712495367,0.05102483325521521,0.04382269330258412,0.06443246999451503,0.03166954926288918
3.0934844999999997,0.05484121102617677,0.05087387860238738,0.04367177301126,0.0642902341288061,0.0315330879968331
3.096484,0.054701633077581004,0.05072343093797783,0.04352144247972692,0.06414839400021125,0.031397230234006944
3.0994835,0.054562461954295344,0.05057348838826277,0.043371699170000756,0.06400694829776649,0.03126197328650447
3.102483,0.0544236963361012,0.05042404908688112,0.04322254055575132,0.06386589571545824,0.031127314478084683
3.1054825,0.054285334907414336,0.050275111174804536,0.043073964122248155,0.06372523495220246,0.03099325114412428
3.108482,0.05414737635726862,0.050126672800308435,0.042925967366305225,0.06358496471182386,0.03085978063157244
3.1114815,0.0540098193792983,0.04997873211894286,0.04277854779622812,0.06344508370303664,0.030726900298905735
3.114481,0.05387266267172244,0.04983128729350442,0.04263170293175742,0.06330559063942337,0.03059460751608206
3.1174805,0.0537359049373275,0.049684336494006096,0.04248543030401882,0.06316648423941551,0.03046289966449645
3.1204799999999997,0.05359954488345001,0.04953787789764961,0.0423397274554656,0.06302776322627311,0.030331774136933786
3.1234794999999997,0.05346358122196075,0.04939190968879685,0.04219459193982823,0.0628894263280651,0.030201228337527006
3.126479,0.05332801266924808,0.04924643005894001,0.04205002132206019,0.06275147227764899,0.030071259681708547
3.1294785,0.053192837946201006,0.04910143720667531,0.041906013178285316,0.06261389981265196,0.029941865596169473
3.132478,0.05305805577819313,0.048956929337673,0.04176256509574565,0.06247670767545028,0.029813043518810766
3.1354775,0.05292366489506581,0.048812904664649395,0.04161967467274803,0.06233989461315028,0.029684790898702046
3.138477,0.052789664031112335,0.04866936140734026,0.041477339518613994,0.06220345937756894,0.029557105196035483
3.1414765,0.05265605192506098,0.04852629779247057,0.04133555725362575,0.06206740072521421,0.029429983882082
3.144476,0.05252282732005967,0.048383712053728455,0.04119432550897577,0.06193171741726552,0.02930342443914758
3.1474755,0.05238998896365825,0.04824160243173677,0.041053641926715456,0.06179640821955519,0.02917742436052803
3.1504749999999997,0.052257535607794205,0.04809996717402485,0.04091350415970332,0.0616614719025486,0.029051981150465988
3.1534744999999997,0.052125466008775684,0.04795880453500197,0.04077390987155461,0.061526907241325555,0.028927092324108224
3.156474,0.0519937789272652,0.047818112775929116,0.040634856736590834,0.061392713015560714,0.028802755407458757
3.1594735,0.05186247312826427,0.04767789016489224,0.0404963424397884,0.061258888009505574,0.02867896793733851
3.162473,0.05173154738109715,0.04753813497677418,0.04035836467672891,0.06112543101196896,0.028555727461341558
3.1654725,0.05160100045939508,0.047398845493228266,0.04022092115354956,0.06099234081629842,0.028433031537789286
3.168472,0.051470831141080746,0.04726002000265052,0.04008400958689278,0.060859616220361394,0.02831087773569081
3.1714715,0.05134103820835238,0.047121656800153774,0.039947627703856604,0.06072725602652714,0.028189263634697183
3.174471,0.051211620447668076,0.04698375418753922,0.03981177324194541,0.06059525904164796,0.028068186825060844
3.1774705,0.05108257664972981,0.04684631047327112,0.03967644394902214,0.06046362407704028,0.027947644907589348
3.1804699999999997,0.05095390560946893,0.046709323972449354,0.03954163758325653,0.06033234994846703,0.027827635493608015
3.1834694999999997,0.05082560612602938,0.04657279300678301,0.039407351913079224,0.06020143547611912,0.02770815620491255
3.1864689999999998,0.05069767700275324,0.046436715904564205,0.03927358471713226,0.060070879484596926,0.027589204673729183
3.1894685,0.05057011704716487,0.046301091000641094,0.03914033378422011,0.05994068080289271,0.027470778542671534
3.192468,0.050442925070955824,0.04616591663639165,0.03900759691326281,0.059810838264372425,0.027352875464699986
3.1954675,0.05031609988996948,0.046031191159698566,0.038875371913248344,0.059681350706757154,0.02723549310307727
3.198467,0.050189640324185464,0.045896912924921804,0.03874365660318343,0.05955221697210617,0.027118629131328877
3.2014665,0.050063545197704985,0.04576308029287329,0.038612448812047964,0.0594234359067984,0.027002281233200292
3.204466,0.049937813338735836,0.04562969163079115,0.03848174637874675,0.05929500636151526,0.026886447102615323
3.2074655,0.04981244357957695,0.04549674531231342,0.03835154715206327,0.05916692719122252,0.026771124443635337
3.2104649999999997,0.049687434756603054,0.04536423971745267,0.038221848990612296,0.059039197255153,0.026656310970417665
3.2134644999999997,0.04956278571025089,0.04523217323257022,0.03809264976279398,0.05891181541678875,0.026542004407173022
3.2164639999999998,0.04943849528500306,0.0451005442503515,0.037963947346747705,0.05878478054384447,0.026428202488127207
3.2194635,0.049314562329374256,0.04496935116977913,0.037835739630305225,0.058658091508248904,0.026314902957478205
3.222463,0.049190985695895514,0.04483859239610848,0.037708024510945,0.05853174718612848,0.026202103569356087
3.2254625,0.04906776424110028,0.04470826634084307,0.03758079989574806,0.05840574645778983,0.026089802087780594
3.228462,0.04894489682550956,0.04457837142170807,0.03745406370135005,0.05828008820770316,0.025977996286624443
3.2314615,0.048822382313616526,0.04444890606262651,0.037327813853897544,0.05815477132448378,0.025866683949569334
3.234461,0.04870021957387334,0.0443198686936935,0.037202048289003475,0.058029794700876755,0.025755862870066915
3.2374605,0.04857840747867537,0.04419125775115214,0.03707676495170105,0.05790515723373892,0.025645530851298944
3.2404599999999997,0.04845694490434729,0.04406307167736777,0.036951961796399896,0.05778085782402305,0.02553568570613668
3.2434594999999997,0.048335830731128945,0.043935308920804904,0.036827636786841186,0.05765689537675968,0.025426325257101662
3.2464589999999998,0.04821506384316066,0.043807967936000204,0.036703787896053934,0.057533268801041704,0.02531744733632593
3.2494585,0.04809464312846866,0.04368104718354152,0.03658041310631083,0.05740997701000713,0.025209049785510876
3.252458,0.04797456747895099,0.04355454513004013,0.0364575104090853,0.05728701892082276,0.0251011304558899
3.2554575,0.04785483579036396,0.04342846024810855,0.03633507780500558,0.057164393454667665,0.024993687208187926
3.258457,0.04773544696230702,0.043302791016335156,0.036213113303813646,0.05704209953671658,0.02488671791258192
3.2614565,0.0476163998982096,0.043177535919261406,0.03609161492432145,0.05692013609612393,0.024780220448662325
3.264456,0.047497693505316296,0.04305269344735682,0.035970580694367454,0.05679850206600727,0.024674192705394386
3.2674555,0.04737932669467347,0.04292826209699514,0.03585000865077382,0.05667719638343116,0.02456863258107787
3.2704549999999997,0.04726129838111438,0.04280424037043122,0.035729896839305095,0.05655621798939124,0.024463537983310257
3.2734544999999997,0.04714360748324654,0.042680626775776255,0.035610243314623674,0.05643556582879796,0.024358906828946893
3.2764539999999998,0.04702625292343713,0.04255741982697553,0.03549104614024964,0.056315238850460594,0.02425473704406236
3.2794535,0.04690923362779939,0.04243461804378352,0.03537230338851779,0.05619523600707159,0.024151026563912804
3.282453,0.04679254852617894,0.0423122199517413,0.03525401314053621,0.056075556255190576,0.024047773332898252
3.2854525,0.04667619655213955,0.042190224082153324,0.03513617348614384,0.05595619855522811,0.023944975304522793
3.288452,0.04656017664295056,0.04206862897206296,0.0350187825238707,0.05583716187143073,0.023842630441358183
3.2914515,0.046444487739572486,0.04194743316423112,0.03490183836089537,0.05571844517186516,0.02374073671500584
3.294451,0.046329128786643484,0.04182663520711144,0.03478533911300358,0.05560004742840227,0.023639292106057475
3.2974505,0.046214098732466624,0.041706233654828735,0.03466928290454909,0.055481967616701974,0.023538294604060726
3.30045,0.0460993965289952,0.041586227067154855,0.034553667868411964,0.055364204716197796,0.02343774220747838
3.3034494999999997,0.045985021131820736,0.04146661400948698,0.0344384921459578,0.05524675771008125,0.023337632923653408
3.3064489999999997,0.045870971500158515,0.04134739305282416,0.034323753886998765,0.055129625585286564,0.023237964768770145
3.3094485,0.045757246596835076,0.04122856277374486,0.03420945124975173,0.055012807332475905,0.02313873576781907
3.312448,0.04564384538827446,0.041110121754384596,0.0340955824008002,0.05489630194602354,0.02303994395455793
3.3154475,0.045530766844484934,0.04099206858241336,0.03398214551505367,0.05478010842400144,0.022941587371475936
3.318447,0.04541800993904719,0.040874401851013126,0.03386913877570801,0.054664225768163266,0.02284366406975812
3.3214465,0.04530557364909887,0.04075712015885592,0.03375656037420676,0.054548652983930294,0.022746172109246343
3.324446,0.04519345695532355,0.04064022211008092,0.03364440851020139,0.0544333890803763,0.022649109558404733
3.3274455,0.045081658841937065,0.04052370631427342,0.03353268139151303,0.05431843307021239,0.02255247449428341
3.330445,0.04497017829667443,0.0404075713864421,0.03342137723409272,0.05420378396977247,0.022456265002481376
3.3334444999999997,0.04485901431077724,0.040291815946996615,0.033310494261984444,0.054089440798998606,0.02236047917711119
3.3364439999999997,0.044748165878979985,0.04017643862172704,0.03320003070728447,0.05397540258142606,0.022265115120761958
3.3394435,0.04463763199949898,0.04006143804178104,0.033089984810105375,0.05386166834416856,0.02217017094446569
3.342443,0.04452741167401718,0.039946812843642675,0.03298035481853663,0.05374823711790492,0.022075644767660055
3.3454425,0.04441750390767423,0.03983256166911072,0.03287113898860717,0.053635107936863005,0.02198153471815278
3.348442,0.044307907709051256,0.0397186831652772,0.03276233558424821,0.05352227983880629,0.02188783893208723
3.3514415,0.04419862209016001,0.03960517598450564,0.032653942877254406,0.05340975186501956,0.021794555553905602
3.354441,0.04408964606642943,0.03949203878441019,0.03254595914724787,0.0532975230602939,0.021701682736315873
3.3574405,0.043980978656693336,0.03937927022783417,0.032438382681640496,0.05318559247291298,0.02160921864025556
3.36044,0.04387261888317841,0.03926686898282868,0.03233121177559695,0.05307395915463905,0.02151716143485627
3.3634394999999997,0.04376456577149053,0.03915483372263203,0.032224444731998175,0.05296262216069885,0.021425509297410224
3.3664389999999997,0.043656818350604074,0.039043163125648615,0.03211807986140438,0.052851580549768774,0.021334260413335183
3.3694385,0.04354937565284803,0.0389318558754269,0.032012115482018856,0.05274083338396192,0.02124341297613847
3.372438,0.04344223671389473,0.0388209106606408,0.03190654991965165,0.052630379728813764,0.02115296518738523
3.3754375,0.04333540057274718,0.03871032617506673,0.03180138150768345,0.052520218653267864,0.021062915256662828
3.378437,0.043228866271726785,0.03860010111756391,0.03169660858702933,0.05241034922966289,0.02097326140154572
3.3814365,0.04312263285646186,0.03849023419205408,0.03159222950610386,0.05230077053371842,0.020884001847562547
3.384436,0.0430166993758743,0.03838072410750029,0.031488242620784854,0.052191481644521205,0.020795134828163055
3.3874355,0.04291106488216863,0.038271569577887105,0.031384646294377976,0.05208248164451196,0.020706658584682725
3.390435,0.0428057284308196,0.03816276932219951,0.03128143889758179,0.0519737696194713,0.020618571366309346
3.3934344999999997,0.04270068908055991,0.03805432206440358,0.031178618808452442,0.05186534465850614,0.02053087143005061
3.3964339999999997,0.04259594589336909,0.03794622653342559,0.031076184412368417,0.051757205854037196,0.020443557040699716
3.3994334999999998,0.0424914979344604,0.03783848146313221,0.03097413410199691,0.051649352301784655,0.020356626470802178
3.402433,0.04238734427226996,0.037731085592309886,0.030872466277257864,0.051541783100755446,0.020270078000623457
3.4054325,0.04228348397844519,0.03762403766464636,0.030771179345290937,0.05143449735322923,0.02018390991811471
3.408432,0.04217991612783169,0.03751733642870885,0.030670271720419775,0.05132749416474603,0.02009812051888093
3.4114315,0.042076639798463,0.03741098063792605,0.030569741824119288,0.051220772644092916,0.02001270810614754
3.414431,0.04197365407154764,0.03730496905056752,0.030469588084980605,0.05111433190329017,0.019927670990728077
3.4174305,0.04187095803145908,0.03719930042972359,0.030369808938678567,0.05100817105757911,0.01984300749099128
3.42043,0.04176855076572232,0.03709397354328713,0.03027040282793667,0.05090228922540892,0.019758715932828772
3.4234294999999997,0.04166643136500398,0.03698898716393302,0.03017136820249479,0.0507966855284232,0.01967479464962365
3.4264289999999997,0.04156459892309971,0.03688434006909925,0.030072703519075008,0.050691359091447855,0.019591241982216845
3.4294284999999998,0.04146305253692325,0.03678003104096732,0.029974407241349536,0.05058630904247772,0.019508056278875845
3.432428,0.041361791306494866,0.03667605886644289,0.02987647783990696,0.05048153451266386,0.01942523589526242
3.4354275,0.04126081433493009,0.03657242233713748,0.029778913792219225,0.050377034636301395,0.019342779194401416
3.438427,0.04116012072842809,0.03646912024934852,0.029681713582610233,0.05027280855081628,0.019260684546648612
3.4414265,0.04105970959626114,0.036366151404040016,0.029584875702221954,0.05016885539675259,0.0191789503296592
3.444426,0.040959580050762494,0.036263514606825496,0.029488398648982606,0.05006517431776042,0.019097574928355864
3.4474255,0.04085973120731557,0.03616120866794636,0.029392280927574798,0.04996176446058373,0.019016556734898347
3.450425,0.04076016218434289,0.036059232402255635,0.02929652104940336,0.049858624975046555,0.018935894148652037
3.4534244999999997,0.04066087210329498,0.03595758462919804,0.02920111753256286,0.04975575501404223,0.018855585576155454
3.4564239999999997,0.04056186008863889,0.03585626417279118,0.02910606890180683,0.04965315373352003,0.01877562943109153
3.4594234999999998,0.040463125267848066,0.03575526986160782,0.029011373688515956,0.04955082029247319,0.018696024134255175
3.462423,0.04036466677138999,0.035654600528757074,0.02891703043066567,0.049448753852926644,0.018616768113522666
3.4654225,0.040266483732716574,0.03555425501186511,0.028823037672796314,0.049346953579925044,0.018537859803821596
3.468422,0.04016857528825257,0.03545423215305852,0.028729393965981332,0.04924541864152071,0.018459297647100213
3.4714215,0.04007094057738469,0.03535453079894457,0.02863609786779629,0.049144148208760584,0.018381080092296293
3.474421,0.039973578742451006,0.03525514980059371,0.028543147942288,0.049043141455675884,0.018303205595307768
3.4774205,0.03987648892873049,0.03515608801352181,0.02845054275994406,0.048942397559268845,0.01822567261896275
3.48042,0.03977967028443114,0.03505734429767103,0.028358280897662666,0.048841915699501276,0.018148479632987265
3.4834194999999997,0.03968312196068042,0.034958917517392656,0.02826636093872134,0.04874169505928259,0.01807162511397903
3.4864189999999997,0.03958684311151413,0.03486080654142955,0.02817478147274744,0.04864173482445827,0.017995107545373968
3.4894184999999998,0.03949083289386593,0.03476301024289704,0.028083541095687812,0.04854203418379759,0.017918925417418956
3.492418,0.03939509046755645,0.03466552749926666,0.02799263840977886,0.0484425923289825,0.017843077227141013
3.4954175,0.03929961499528301,0.03456835719234778,0.027902072023517015,0.04834340845459555,0.017767561478318462
3.498417,0.03920440564260931,0.034471498208269266,0.027811840551628702,0.048244481758108824,0.017692376681450895
3.5014165,0.03910946157795454,0.03437494943746351,0.02772194261504068,0.0481458114398712,0.017617521353731038
3.504416,0.039014781972583124,0.03427870977464805,0.027632376840851514,0.0480473967030984,0.017542994019013963
3.5074155,0.038920366000594446,0.03418277811880797,0.027543141862301893,0.04794923675386043,0.017468793207789803
3.510415,0.03882621283891222,0.034087153373179094,0.027454236318744805,0.047851330801070846,0.017394917457153315
3.5134145,0.038732321667274576,0.03399183444523066,0.027365658855618417,0.04775367805647456,0.0173213653107767
3.5164139999999997,0.03863869166822344,0.033896820246648085,0.027277408124415065,0.04765627773463755,0.017248135318879157
3.5194134999999998,0.03854532202709476,0.033802109693315464,0.027189482782654113,0.04755912905293485,0.01717522603819977
3.522413,0.03845221193200746,0.03370770170529927,0.027101881493853088,0.04746223123153952,0.01710263603196832
3.5254125,0.03835936057385422,0.03361359520683097,0.02701460292749925,0.04736558349341207,0.017030363869876906
3.528412,0.038266767146291,0.03351978912628979,0.02692764575902141,0.04726918506428828,0.016958408128052074
3.5314115,0.0381744308457268,0.03342628239618691,0.026841008669761083,0.04717303517266897,0.01688676738902631
3.534411,0.03808235087131362,0.03333307395314751,0.026754690346945956,0.04707713304980848,0.016815440241710396
3.5374105,0.037990526424937034,0.033240162737894895,0.026668689483660926,0.046981477929704474,0.016744425281365348
3.54041,0.03789895671120538,0.033147547695233405,0.026583004778820384,0.04688606904908587,0.01667372110957417
3.5434095,0.0378076409374403,0.03305522777403228,0.026497634937141735,0.04679090564740271,0.016603326334215695
3.5464089999999997,0.03771657831366686,0.03296320192720897,0.026412578669116348,0.046695986966815414,0.01653323956943452
3.5494084999999997,0.03762576805260384,0.03287146911171209,0.026327834690983723,0.046601312252183724,0.01646345943561566
3.552408,0.03753520936965332,0.0327800282885066,0.026243401724703443,0.04650688075105577,0.01639398455935674
3.5554075,0.037444901482891375,0.03268887842255611,0.026159278497928783,0.04641269171365798,0.016324813573439775
3.558407,0.03735484361305857,0.03259801848280686,0.026075463743979017,0.04631874439288357,0.016255945116805465
3.5614065,0.03726503498354956,0.03250744744217244,0.025991956201812823,0.04622503804428301,0.01618737783452476
3.564406,0.03717547482040392,0.03241716427751646,0.025908754616002626,0.04613157192605291,0.016119110377772857
3.5674055,0.0370861623522964,0.032327167969637874,0.02582585773670642,0.04603834529902483,0.016051141403802628
3.570405,0.036997096810527444,0.032237457503253714,0.025743264319643085,0.045945357426656216,0.015983469575916766
3.5734045,0.03690827742901334,0.03214803186698392,0.02566097312606476,0.04585260757501899,0.0159160935634421
3.5764039999999997,0.036819703444276784,0.03205889005333561,0.025578982922731704,0.04576009501278956,0.01584901204170278
3.5794034999999997,0.03673137409543756,0.03197003105868711,0.025497292481885172,0.04566781901123837,0.015782223691994213
3.582403,0.036643288624203185,0.031881453883271904,0.025415900581222638,0.04557577884421947,0.015715727201556243
3.5854025,0.03655544627485909,0.0317931575311636,0.025334806003871745,0.04548397378816059,0.015649521263546982
3.588402,0.0364678462942596,0.03170514101026039,0.025254007538364317,0.045392403122052886,0.015583604577017638
3.5914015,0.03638048793181813,0.031617403332268354,0.025173503978610685,0.04530106612744055,0.015517975846885888
3.594401,0.03629337043949857,0.03152994351268814,0.025093294123875717,0.045209962088410965,0.015452633783909374
3.5974005,0.03620649307180519,0.03144276057079731,0.025013376778751168,0.04511909029158436,0.015387577104661166
3.6004,0.036119855085774616,0.03135585352963675,0.02493375075313312,0.045028450026103964,0.015322804531503578
3.6033995,0.03603345574096496,0.031269221415994364,0.024854414862194668,0.04493804058362628,0.015258314792562191
3.6063989999999997,0.03594729429944796,0.03118286326039056,0.024775367926363076,0.0448478612583107,0.015194106621701408
3.6093984999999997,0.03586137002579958,0.031096778097062617,0.02469660877129333,0.044757911346809676,0.01513017875849836
3.6123979999999998,0.03577568218709038,0.031010964963950106,0.024618136227844468,0.0446681901482593,0.015066529948217047
3.6153975,0.03569023005287692,0.030925422902679266,0.024539949132054973,0.04457869696426887,0.015003158941785256
3.618397,0.03560501289519275,0.030840150958548827,0.02446204632511715,0.04448943109891151,0.01494006449576751
3.6213965,0.03552002998853936,0.03075514818051419,0.024384426653355207,0.04440039185871449,0.0148772453723409
3.624396,0.035435280609876774,0.03067041362117382,0.02430708896819891,0.04431157855264927,0.014814700339270495
3.6273955,0.03535076403861524,0.030585946336753215,0.024230032126160168,0.04422299049212232,0.014752428169884091
3.630395,0.03526647955660623,0.030501745387091102,0.024153254988809526,0.044134626990964855,0.01469042764304783
3.6333945,0.03518242644813305,0.03041780983562461,0.024076756422752033,0.044046487365423506,0.014628697543142206
3.6363939999999997,0.03509860399990258,0.030334138749374084,0.024000535299603627,0.04395857093415154,0.014567236660036618
3.6393934999999997,0.035015011501036385,0.030250731198929556,0.023924590495966895,0.04387087701819809,0.014506043789065799
3.6423929999999998,0.03493164824306158,0.03016758625843579,0.023848920893408978,0.043783404940999894,0.014445117731004887
3.6453925,0.034848513519902674,0.030084703005577598,0.0237735253784367,0.04369615402837111,0.014384457292046555
3.648392,0.03476560662787205,0.03000208052156607,0.023698402842474285,0.04360912360849421,0.014324061283775268
3.6513915,0.03468292686566251,0.029919717891123885,0.023623552181839987,0.043522313011910924,0.014263928523144807
3.654391,0.034600473534337456,0.029837614202471486,0.02354897229772277,0.04343572157151245,0.014204057832453954
3.6573905,0.03451824593732281,0.029755768547312166,0.023474662096159594,0.04334934862253089,0.014144448039322183
3.66039,0.034436243380398676,0.02967418002081889,0.023400620488012964,0.04326319350252921,0.014085097976667257
3.6633895,0.03435446517169028,0.029592847721619943,0.023326846388947386,0.04317725555139284,0.014026006482680214
3.6663889999999997,0.03427291062165958,0.029511770751784374,0.02325333871940788,0.04309153411132002,0.013967172400803363
3.6693884999999997,0.03419157904309765,0.029430948216808715,0.023180096404596562,0.043006028526813164,0.013908594579705757
3.6723879999999998,0.03411046975111458,0.02935037922560328,0.023107118374450824,0.04292073814466961,0.013850271873260794
3.6753875,0.03402958206313279,0.02927006289047753,0.023034403563620534,0.042835662313972275,0.013792203140522092
3.678387,0.03394891529887767,0.02918999832712713,0.022961950911446764,0.04275080038608143,0.013734387245701848
3.6813865,0.03386846878036915,0.02911018465461951,0.022889759361939137,0.04266615171462492,0.013676823058146837
3.684386,0.033788241831913944,0.029030620995380937,0.02281782786375386,0.04258171565549017,0.013619509452315572
3.6873855,0.03370823378009712,0.028951306475182542,0.022746155370172026,0.04249749156681448,0.013562445307756063
3.690385,0.033628443953773526,0.028872240223126722,0.02267474083907788,0.04241347880897694,0.013505629509082302
3.6933845,0.033548871684059976,0.028793421371634046,0.02260358323293739,0.042329676744589005,0.013449060945952974
3.6963839999999997,0.03346951630432679,0.028714849056429553,0.02253268151877667,0.04224608473848638,0.013392738513047849
3.6993834999999997,0.03339037715018961,0.02863652241652893,0.022462034668160175,0.04216270215771959,0.013336661110045715
3.7023829999999998,0.03331145355950152,0.028558440594226606,0.022391641657170305,0.042079528371546396,0.013280827641601742
3.7053825,0.03323274487234485,0.028480602735080577,0.02232150146638472,0.041996562751421954,0.01322523701732682
3.708382,0.03315425043102305,0.028403007987901015,0.022251613080857224,0.04191380467099085,0.013169888151763124
3.7113815,0.033075969580052614,0.028325655504736147,0.022181975490094773,0.04183125350607861,0.013114779964363926
3.714381,0.03299790166615518,0.028248544440859228,0.02211258768803822,0.041748908634683106,0.013059911379470573
3.7173805,0.032920046038249696,0.028171673954755658,0.022043448673040568,0.04166676943696579,0.013005281326291354
3.72038,0.03284240204744404,0.028095043208109956,0.021974557447846342,0.04158483529524365,0.012950888738879502
3.7233795,0.032764969047027435,0.028018651365792784,0.021905913019571788,0.04150310559398067,0.01289673255611131
3.7263789999999997,0.03268774639246278,0.027942497595848638,0.0218375143996831,0.04142157971977903,0.0128428117216648
3.7293784999999997,0.032610733441378076,0.027866581069481977,0.02176936060397752,0.04134025706137172,0.012789125183998646
3.7323779999999998,0.032533929553559444,0.02779090096104512,0.021701450652561707,0.04125913700961337,0.012735671896329565
3.7353775,0.0324573340909427,0.02771545644802578,0.02163378356983249,0.04117821895747198,0.012682450816612791
3.738377,0.03238094641760588,0.027640246711033774,0.021566358384456204,0.041097502300021516,0.012629460907519013
3.7413765,0.03230476589976143,0.027565270933788386,0.021499174129349246,0.04101698643443292,0.012576701136414934
3.744376,0.03222879190574845,0.02749052830310702,0.0214322298416574,0.040936670759966216,0.012524170475340844
3.7473755,0.03215302380602524,0.027416018008890833,0.02136552456273681,0.04085655467796236,0.012471867900990816
3.750375,0.032077460973161546,0.02734173924411368,0.02129905733813441,0.04077663759183527,0.012419792394691178
3.7533745,0.03200210278183053,0.02726769120480961,0.02123282721756696,0.04069691890706337,0.012367942942379893
3.756374,0.031926948608801936,0.027193873090059578,0.021166833254903213,0.040617398031182333,0.01231631853458585
3.7593734999999997,0.03185199783293412,0.027120284101980106,0.021101074508143712,0.040538074373776205,0.012264918166408846
3.7623729999999997,0.03177724983516587,0.027046923445710705,0.021035550039401045,0.04045894734647001,0.012213740837498006
3.7653725,0.03170270399851034,0.026973790329401545,0.020970258914881672,0.04038001636292148,0.012162785552032198
3.768372,0.031628359708046665,0.026900883964201285,0.020905200204865883,0.040301280838813826,0.012112051318699678
3.7713715,0.03155421635091215,0.02682820356424562,0.020840372983689365,0.04022274019184676,0.012061537150677723
3.774371,0.031480273316295784,0.026755748346644254,0.020775776329723526,0.040144393841729804,0.012011242065612349
3.7773705,0.031406529995430366,0.026683517531469622,0.020711409325358116,0.0400662412101739,0.01196116508559771
3.78037,0.03133298578158481,0.026611510341744936,0.020647271056980335,0.03998828172088377,0.01191130523715804
3.7833695,0.031259640070057736,0.02653972600343122,0.020583360614958152,0.0399105147995501,0.01186166155122508
3.786369,0.031186492258169104,0.026468163745417595,0.020519677093620427,0.039832939873841844,0.011812233063120696
3.7893684999999997,0.031113541745253805,0.02639682279950703,0.02045621959123879,0.03975555637339909,0.011763018812535685
3.7923679999999997,0.0310407879326537,0.026325702400406523,0.02039298721001004,0.039678363729824556,0.011714017843510593
3.7953675,0.030968230223710883,0.02625480178571427,0.020329979056036555,0.03960136137667659,0.011665229204416061
3.798367,0.030895868023760275,0.02618412019590882,0.020267194239308527,0.039524548749461715,0.011616651947933637
3.8013665,0.030823700740122494,0.02611365687433644,0.020204631873686534,0.03944792528562626,0.011568285131035855
3.804366,0.03075172778209691,0.02604341106720073,0.020142291076882462,0.03937149042455002,0.011520127814967737
3.8073655,0.030679948560953997,0.025973382023550196,0.020080170970442412,0.03929524360753806,0.011472179065226532
3.810365,0.03060836248992884,0.025903568995267308,0.020018270679728195,0.039219184277813235,0.0114244379515437
3.8133645,0.03053696898421353,0.025833971237057163,0.019956589333899804,0.03914331188050912,0.011376903547864763
3.816364,0.0304657674609508,0.025764588006435475,0.019895126065897793,0.039067625862662735,0.011329574932330782
3.8193634999999997,0.030394757339226343,0.02569541856371805,0.01983388001242547,0.038992125673206354,0.011282451187260324
3.8223629999999997,0.030323938040061962,0.02562646217200879,0.019772850313931906,0.03891681076296161,0.011235531399129
3.8253624999999998,0.0302533089864091,0.025557718097189347,0.019712036114593934,0.038841680584630674,0.011188814658551996
3.828362,0.030182869603141312,0.02548918560790704,0.019651436562298414,0.03876673459279027,0.011142300060264825
3.8313615,0.030112619317047763,0.02542086397556434,0.01959105080862651,0.03869197224388377,0.011095986703104972
3.834361,0.03004255755682595,0.0253527524743075,0.01953087800883501,0.038617392996214105,0.011049873689993685
3.8373605,0.029972683753075473,0.025284850381015602,0.019470917321839653,0.03854299630993673,0.011003960127916514
3.84036,0.029902997338290563,0.025217156975289555,0.019411167910198278,0.038468781647052454,0.010958245127906522
3.8433595,0.029833497746853326,0.025149671539441316,0.019351628940094134,0.03839474847140034,0.010912727805024594
3.846359,0.02976418441502765,0.025082393358482627,0.01929229958131834,0.03832089624865045,0.010867407278342255
3.8493584999999997,0.029695056780951624,0.02501532172011459,0.019233179007253787,0.03824722444629739,0.010822282670923077
3.8523579999999997,0.02962611428463149,0.0249484559147165,0.019174266394858187,0.038173732533652485,0.010777353109804636
3.8553574999999998,0.029557356367934245,0.024881795235335156,0.019115560924647147,0.03810041998183739,0.010732617725980786
3.858357,0.029488782474581667,0.024815338977674586,0.019057061780678168,0.03802728626377693,0.010688075654384073
3.8613565,0.029420392050143265,0.02474908644008483,0.01899876815053414,0.03795433085419207,0.010643726033866933
3.864356,0.029352184542029536,0.024683036923551296,0.018940679225306616,0.03788155322959367,0.010599568007185185
3.8673555,0.02928415939948556,0.024617189731684544,0.018882794199579684,0.03780895286827462,0.010555600720979835
3.870355,0.02921631607358509,0.02455154417070971,0.018825112271414188,0.03773652925030347,0.01051182332575928
3.8733545,0.029148654017222414,0.024486099549455582,0.01876763264233091,0.03766428185751799,0.010468234975882416
3.876354,0.029081172685107445,0.024420855179344676,0.018710354517295073,0.03759221017351786,0.010424834829540227
3.8793534999999997,0.029013871533758145,0.024355810374382628,0.018653277104699748,0.037520313683658275,0.010381622048740236
3.8823529999999997,0.028946750021494473,0.02429096445114757,0.018596399616351116,0.037448591875042875,0.010338595799287153
3.8853524999999998,0.028879807608432104,0.02422631672878024,0.018539721267451164,0.037377044236517436,0.0102957552507673
3.888352,0.02881304375647569,0.02416186652897345,0.018483241276583236,0.0373056702586628,0.010253099576530759
3.8913515,0.028746457929312446,0.024097613175961742,0.018426958865695554,0.03723446943378869,0.010210627953674467
3.894351,0.028680049592406005,0.024033555996511802,0.018370873260085983,0.03716344125592684,0.01016833956302496
3.8973505,0.028613818212990104,0.023969694319911364,0.018314983688386504,0.03709258522082454,0.010126233589122489
3.90035,0.028547763260061688,0.023906027477959713,0.01825928938254768,0.03702190082593769,0.010084309220203248
3.9033495,0.028481884204375287,0.02384255480495793,0.018203789577823464,0.036951387570424814,0.010042565648182847
3.906349,0.028416180518436536,0.023779275637697866,0.01814848351275576,0.03688104495514028,0.010001002068639643
3.9093484999999997,0.02835065167649558,0.02371618931545301,0.018093370429159247,0.03681087248262788,0.009959617680798479
3.9123479999999997,0.0282852971545414,0.023653295179968368,0.01803844957210608,0.03674086965711456,0.009918411687513812
3.9153474999999998,0.02822011643029482,0.023590592575450146,0.017983720189911657,0.036671035984503386,0.0098773832952536
3.918347,0.028155108983203374,0.02352808084855675,0.01792918153411805,0.03660137097236816,0.00983653171408242
3.9213465,0.028090274294434062,0.023465759348387853,0.017874832859480924,0.036531874129945914,0.009795856157645666
3.924346,0.02802561184686806,0.02340362742647565,0.017820673423953198,0.036462544968131866,0.009755355843153206
3.9273455,0.027961121125094187,0.023341684436774358,0.017766702488671213,0.03639338299947168,0.009715029991362823
3.930345,0.02789680161540245,0.02327992973565112,0.01771291931793969,0.03632438773815638,0.009674877826564794
3.9333445,0.0278326528057791,0.023218362681875934,0.017659323179216754,0.03625555870001556,0.009634898576565382
3.936344,0.02776867418589919,0.023156982636612197,0.017605913343100188,0.036186895402510924,0.009595091472671013
3.9393434999999997,0.027704865247121666,0.023095788963407,0.01755268908331248,0.03611839736473069,0.009555455749672533
3.9423429999999997,0.02764122548248288,0.023034781028181985,0.01749964967668595,0.036050064107383,0.009515990645829314
3.9453424999999998,0.02757775438669032,0.022973958199223286,0.01744679440314938,0.03598189515278982,0.009476695402853303
3.948342,0.027514451456117375,0.022913319847172507,0.017394122545713167,0.03591389002488091,0.009437569265893491
3.9513415,0.02745131618879679,0.022852865345017046,0.01734163339045502,0.035846048249187565,0.009398611483520766
3.954341,0.0273883480844151,0.022792594068081064,0.017289326226506137,0.03577836935283671,0.009359821307711768
3.9573405,0.027325546644306378,0.022732505394015667,0.017237200346037037,0.03571085286454479,0.009321197993833623
3.96034,0.027262911371446902,0.022672598702789946,0.017185255044243244,0.03564349831461166,0.009282740800628466
3.9633395,0.02720044177044861,0.02261287337668179,0.0171334896193322,0.03557630523491473,0.009244448990198455
3.966339,0.027138137347554186,0.022553328800268207,0.017081903372508325,0.0355092731589028,0.009206321827990152
3.9693385,0.0270759976106301,0.022493964360416705,0.01703049560795979,0.03544240162159046,0.009168358582779406
3.9723379999999997,0.027014022069161918,0.02243477944627585,0.01697926563284504,0.03537569015955159,0.009130558526656476
3.9753374999999997,0.026952210234248052,0.022375773449265907,0.01692821275727865,0.035309138310914256,0.009092920935010509
3.978337,0.026890561618593736,0.022316945763070445,0.016877336294317768,0.03524274561535393,0.009055445086514936
3.9813365,0.02682907573650582,0.022258295783626827,0.01682663555994899,0.03517651161408814,0.009018130263112474
3.984336,0.026767752103886922,0.02219982290911715,0.016776109873074357,0.035110435849870884,0.00898097575000038
3.9873355,0.026706590238229678,0.022141526539959627,0.01672575855549828,0.035044517866986265,0.008943980835614962
3.990335,0.02664558965861104,0.022083406078799356,0.0166755809319145,0.034978757211243,0.00890714481161805
3.9933345,0.026584749885686636,0.022025460930499695,0.016625576329892044,0.03491315342996876,0.008870466972881113
3.996334,0.02652407044168554,0.021967690502133354,0.016575744079862398,0.03484770607200414,0.008833946617471371
3.9993335,0.026463550850404093,0.02191009420297328,0.01652608351510698,0.03478241468769723,0.008797583046637365
4.002333,0.02640319063720074,0.021852671444484606,0.01647659397174283,0.0347172788288981,0.008761375564793924
4.005332500000001,0.026342989328990395,0.02179542164031486,0.016427274788710634,0.03465229804895196,0.008725323479508258
4.008332,0.026282946454238933,0.021738344206286495,0.016378125307761136,0.03458747190269561,0.008689426101485175
4.011331500000001,0.02622306154295752,0.0216814385603871,0.016329144873442964,0.03452279994644975,0.008653682744553356
4.014331,0.026163334126697295,0.021624704122761643,0.01628033283308891,0.03445828173801478,0.008618092725650586
4.0173305,0.026103763738543815,0.02156814031570319,0.016231688536803807,0.03439391683666457,0.008582655364809967
4.02033,0.026044349913111685,0.021511746563644997,0.0161832113374513,0.034329704803140945,0.008547369985145579
4.0233295,0.025985092186539206,0.021455522293151386,0.016134900590642102,0.03426564519964851,0.00851223591283888
4.0263290000000005,0.025925990096482707,0.021399466932909828,0.016086755654720453,0.034201737589848756,0.008477252477124135
4.0293285,0.025867043182111322,0.021343579913722113,0.016038775890752102,0.03413798153885506,0.008442419010275107
4.032328000000001,0.025808250984101788,0.021287860668495896,0.01599096066251161,0.034074376613226466,0.00840773484759039
4.0353275,0.025749613044632972,0.021232308632236862,0.015943309336470354,0.03401092238096332,0.008373199327380995
4.038327000000001,0.02569112890738009,0.0211769232420395,0.015895821281783507,0.03394761841150078,0.008338811790955138
4.0413265,0.025632798117510448,0.021121703937079718,0.015848495870278475,0.033884464275704226,0.008304571582605664
4.044326000000001,0.025574620221676975,0.021066650158605982,0.015801332476442356,0.03382145954586332,0.008270478049595548
4.0473255,0.025516594768014007,0.021011761349931185,0.01575433047740965,0.033758603795687306,0.008236530542145674
4.050325,0.025458721306131343,0.02095703695642475,0.01570748925295044,0.033695896600298925,0.008202728413419584
4.0533245,0.02540099938710901,0.020902476425503885,0.01566080818545824,0.033633337536229636,0.008169071019511769
4.056324,0.02534342856349278,0.02084807920662608,0.01561428665993767,0.033570926181414544,0.008135557719433318
4.0593235000000005,0.02528600838928827,0.020793844751280485,0.015567924063993143,0.033508662115186216,0.0081021878750988
4.062323,0.025228738419955817,0.020739772512980238,0.015521719787816662,0.03344654491827044,0.008068960851313088
4.065322500000001,0.025171618212405905,0.020685861947254098,0.01547567322417606,0.03338457417278092,0.008035876015758352
4.068322,0.025114647324993435,0.020632112511638816,0.015429783768402865,0.03332274946221305,0.008002932738980605
4.071321500000001,0.02505782531751272,0.02057852366567083,0.015384050818381697,0.03326107037143994,0.007970130394376924
4.074321,0.02500115175119292,0.020525094870878502,0.015338473774537103,0.03319953648670704,0.007937468358182452
4.0773205,0.02494462618869201,0.02047182559077416,0.015293052039823214,0.03313814739562618,0.007904946009457176
4.08032,0.024888248194092914,0.02041871529084618,0.015247785019711801,0.03307690268717164,0.007872562730073154
4.0833195,0.02483201733289737,0.020365763438551475,0.015202672122180572,0.03301580195167414,0.007840317904701972
4.0863190000000005,0.02477593317202141,0.020312969503307042,0.015157712757701974,0.03295484478081636,0.007808210920801641
4.0893185,0.024719995279790897,0.020260332956483107,0.015112906339231848,0.032894030767627654,0.007776241168603996
4.092318000000001,0.02466420322593535,0.020207853271394384,0.015068252282197997,0.03283335950647909,0.007744408041102045
4.0953175,0.024608556581584104,0.020155529923293114,0.015023750004489378,0.032772830593078166,0.007712710934037151
4.098317000000001,0.02455305491926075,0.020103362389361137,0.014979398926444046,0.03271244362446429,0.0076811492458871535
4.1013165,0.024497697812878257,0.020051350148702195,0.014935198470838709,0.03265219819900372,0.0076497223778531145
4.104316000000001,0.024442484837734386,0.019999492682334426,0.014891148062877585,0.03259209391638425,0.007618429733847113
4.1073155,0.024387415570506603,0.019947789473182657,0.014847247130180895,0.03253213037761095,0.007587270720480305
4.110315,0.02433248958924727,0.019896240006071035,0.01480349510277457,0.03247230718500034,0.0075562447470498015
4.1133145,0.024277706473378496,0.01984484376771546,0.014759891413078532,0.0324126239421765,0.007525351225527213
4.116314,0.024223065803688,0.01979360024671592,0.01471643549589651,0.032353080254065775,0.007494589570546068
4.1193135000000005,0.02416856716232353,0.01974250893354926,0.014673126788404897,0.03229367572689148,0.007463959199389344
4.122313,0.024114210132788604,0.01969156932056168,0.014629964730142041,0.03223440996816988,0.00743345953197817
4.125312500000001,0.024059994299937534,0.019640780901961467,0.014586948762997216,0.032175282586705274,0.007403089990858884
4.128312,0.02400591924997054,0.019590143173811338,0.014544078331200527,0.03211629319258413,0.007372850001191841
4.131311500000001,0.023951984570429494,0.019539655634021273,0.014501352881311887,0.032057441397172246,0.007342738990738636
4.134311,0.02389818985019259,0.019489317782341524,0.01445877186221071,0.031998726813108114,0.007312756389851222
4.1373105,0.023844534679469915,0.019439129120354667,0.01441633472508479,0.031940149054299524,0.00728290163145899
4.14031,0.02379101864979889,0.01938908915146902,0.014374040923420709,0.031881707735917926,0.007253174151058037
4.1433095,0.02373764135403964,0.019339197380911267,0.014331889912992774,0.0318234024743947,0.0072235733866987195
4.1463090000000005,0.02368440238636981,0.019289453315718727,0.014289881151853106,0.03176523288741568,0.007194098778974095
4.1493085,0.023631301342280604,0.019239856464733304,0.014248014100320828,0.031707198593916706,0.007164749771008614
4.1523080000000006,0.02357833781857187,0.019190406338593122,0.014206288220972122,0.03164929921407941,0.007135525808446259
4.1553075,0.02352551141334728,0.019141102449726593,0.014164702978630008,0.031591534369326046,0.007106426339439027
4.158307000000001,0.023472821726010184,0.019091944312344192,0.014123257840354094,0.031533903682315255,0.00707745081463599
4.1613065,0.023420268357258984,0.019042931442432777,0.01408195227543041,0.03147640677693752,0.0070485986871708685
4.164306000000001,0.023367850909082,0.018994063357747316,0.014040785755361504,0.03141904327831043,0.007019869412651601
4.1673055,0.023315568984753787,0.018945339577804487,0.013999757753856378,0.03136181281277392,0.006991262449148726
4.170305,0.023263422188830114,0.01889675962387609,0.013958867746820074,0.03130471500788653,0.00696277725718404
4.1733045,0.02321141012714361,0.018848323018981303,0.013918115212344562,0.031247749492420127,0.0069344132997191015
4.176304,0.023159532406799146,0.0188000292878807,0.01387749963069822,0.031190915896356076,0.006906170042145069
4.1793035000000005,0.023107788636169496,0.018751877957068466,0.013837020484316414,0.031134213850879913,0.0068780469522706136
4.182303,0.023056178424891015,0.01870386855476642,0.013796677257791082,0.031077642988377823,0.006850043500310977
4.185302500000001,0.023004701383859006,0.018656000610916636,0.013756469437862053,0.031021202942431866,0.006822159158877409
4.188302,0.022953357125223364,0.0186082736571751,0.013716396513405981,0.030964893347815277,0.006794393402966126
4.191301500000001,0.022902145262384134,0.018560687226904342,0.013676457975428045,0.03090871384048859,0.006766745709947018
4.194301,0.02285106540998731,0.018513240855167538,0.013636653317051533,0.03085266405759498,0.006739215559553144
4.197300500000001,0.022800117183920224,0.018465934078721182,0.013596982033508545,0.030796743637455843,0.00671180243386974
4.2003,0.022749300201307575,0.018418766436008874,0.013557443622130405,0.030740952219566638,0.006684505817323797
4.2032995,0.022698614080506527,0.01837173746715412,0.013518037582338362,0.03068528944459262,0.0066573251966725545
4.2062990000000005,0.022648058441102858,0.01832484671395433,0.01347876341563385,0.03062975495436424,0.006630260060993991
4.2092985,0.022597632903906616,0.018278093719874038,0.013439620625589515,0.03057434839187326,0.006603309901675213
4.2122980000000005,0.02254733709094765,0.018231478030038165,0.013400608717839815,0.030519069401268122,0.006576474212402332
4.2152975,0.022497170625471456,0.01818499919122555,0.013361727200071505,0.030463917627850078,0.006549752489150003
4.218297000000001,0.02244713313193487,0.018138656751862783,0.01332297558201424,0.030408892718068466,0.006523144230170676
4.2212965,0.022397224236002104,0.018092450262017404,0.013284353375432146,0.030353994319517175,0.006496648935984468
4.224296000000001,0.022347443564539785,0.018046379273391543,0.013245860094113942,0.030299222080929684,0.006470266109368516
4.2272955,0.022297790745613857,0.018000443339315476,0.013207495253864122,0.030244575652175486,0.006443995255346936
4.230295,0.022248265408484316,0.017954642014741277,0.013169258372494063,0.030190054684255868,0.006417835881180275
4.2332945,0.02219886718360208,0.017908974856236534,0.013131148969812408,0.030135658829299247,0.0063917874963552845
4.236294,0.022149595702603636,0.017863441421977745,0.013093166567616906,0.03008138774055752,0.006365849612575289
4.2392935000000005,0.02210045059830797,0.017818041271744602,0.01305531068968485,0.030027241072402084,0.0063400217437488745
4.242293,0.022051431504711803,0.01777277396691305,0.013017580861764515,0.029973218480319336,0.006314303405981247
4.245292500000001,0.02200253805698586,0.017727639070449108,0.012979976611565979,0.029919319620906645,0.006288694117563021
4.248292,0.021953769891470448,0.01768263614690321,0.012942497468752973,0.029865544151868574,0.006263193398960628
4.251291500000001,0.021905126645671635,0.017637764762403176,0.012905142964933348,0.02981189173201266,0.006237800772806506
4.254291,0.021856607958257075,0.01759302448464897,0.012867912633650799,0.029758362021245363,0.006212515763889011
4.257290500000001,0.021808213469051978,0.017548414882905688,0.012830806010376108,0.02970495468056809,0.006187337899142473
4.26029,0.021759942819034934,0.017503935527997786,0.012793822632498569,0.02965166937207333,0.006162266707637692
4.2632895,0.02171179565033428,0.017459585992303187,0.012756962039317137,0.029598505758940435,0.006137301720571724
4.266289,0.02166377160622348,0.017415365849746872,0.012720223772032082,0.02954546350543171,0.0061124424712585565
4.2692885,0.021615870331118014,0.017371274675794916,0.012683607373736711,0.029492542276888634,0.006087688495119032
4.2722880000000005,0.021568091470570257,0.017327312047448497,0.012647112389408466,0.029439741739727857,0.006063039329671473
4.2752875,0.021520434671266762,0.01728347754323811,0.012610738365900423,0.02938706156143723,0.00603849451452218
4.278287000000001,0.021472899581023278,0.017239770743217073,0.012574484851933543,0.029334501410571846,0.006014053591355358
4.2812865,0.02142548584878149,0.017196191228956156,0.012538351398087627,0.029282060956750337,0.00598971610392422
4.284286000000001,0.021378193124604754,0.017152738583536893,0.012502337556793464,0.029229739870650896,0.005965481598041094
4.2872855,0.021331021059674205,0.017109412391546817,0.012466442882324272,0.029177537824007418,0.005941349621568135
4.290285,0.021283969306285278,0.01706621223907238,0.012430666930787617,0.029125454489605795,0.00591731972440803
4.2932845,0.021237037517843168,0.017023137713694063,0.012395009260117232,0.02907348954127987,0.005893391458494376
4.296284,0.021190225348859604,0.01698018840447965,0.012359469430064583,0.0290216426539076,0.005869564377782638
4.2992835000000005,0.021143532454948596,0.01693736390197939,0.012324047002191382,0.028969913503407874,0.005845838038240988
4.302283,0.021096958492822688,0.01689466379821931,0.012288741539860875,0.028918301766735887,0.005822211997840637
4.305282500000001,0.02105050312028937,0.016852087686696184,0.012253552608229861,0.02886680712187982,0.005798685816547051
4.308282,0.02100416599624704,0.016809635162371273,0.012218479774241207,0.028815429247857228,0.005775259056310743
4.311281500000001,0.02095794678068109,0.016767305821664948,0.012183522606615448,0.028764167824710928,0.005751931281058031
4.314281,0.020911845134660753,0.016725099262450693,0.012148680675842816,0.02871302253350573,0.005728702056682285
4.317280500000001,0.020865860720334452,0.016683015084049943,0.012113953554175669,0.028661993056324307,0.005705570951034443
4.32028,0.02081999320092675,0.016641052887225817,0.012079340815620445,0.02861107907626368,0.0056825375339145815
4.3232795,0.020774242240734517,0.016599212274177908,0.012044842035929789,0.02856028027743159,0.0056596013770625975
4.326279,0.02072860750512271,0.016557492848536772,0.01201045679259475,0.028509596344943072,0.0056367620541494965
4.3292785,0.020683088660521452,0.01651589421535792,0.011976184664837547,0.028459026964916284,0.005614019140768597
4.3322780000000005,0.020637685374421715,0.01647441598111654,0.011942025233603236,0.02840857182446901,0.00559137221442654
4.3352775,0.020592397315371894,0.016433057753702258,0.01190797808155241,0.028358230611715596,0.005568820854534535
4.338277000000001,0.020547224152974018,0.01639181914241306,0.011874042793053093,0.028308003015762858,0.005546364642400047
4.3412765,0.020502165557880498,0.01635069975795015,0.011840218954174047,0.028257888726706336,0.00552400316121733
4.344276000000001,0.020457221201790003,0.016309699212412314,0.011806506152676269,0.02820788743562716,0.005501735996059703
4.3472755,0.020412390757443877,0.016268817119291068,0.011772903978006004,0.028157998834588527,0.005479562733870171
4.350275,0.02036767389862298,0.01622805309346421,0.011739412021287279,0.028108222616631578,0.005457482963453219
4.3532745,0.020323070300143516,0.016187406751191315,0.011706029875313974,0.028058558475772457,0.005435496275466346
4.356274,0.020278579637854007,0.016146877710108185,0.01167275713454318,0.028009006106998642,0.0054136022624114224
4.3592735000000005,0.02023420158863133,0.016106465589221002,0.011639593395087014,0.02795956520626505,0.005391800518626224
4.362273,0.02018993583037715,0.016066170008901648,0.011606538254705876,0.027910235470491502,0.0053700906402760285
4.3652725000000006,0.020145782042014726,0.016025990590882003,0.011573591312800715,0.027861016597558033,0.005348472225345529
4.368272,0.020101739903485048,0.01598592695824901,0.011540752170406218,0.027811908286302554,0.005326944873630122
4.371271500000001,0.020057809095743433,0.01594597873543905,0.011508020430183116,0.027762910236516496,0.00530550818672756
4.374271,0.020013989300756103,0.01590614554823273,0.011475395696411188,0.027714022148942058,0.005284161768030267
4.377270500000001,0.019970280201496556,0.015866427023750178,0.011442877574982094,0.027665243725268577,0.005262905222716452
4.38027,0.019926681481942217,0.015826822790445248,0.01141046567339216,0.027616574668128946,0.0052417381577423965
4.3832695,0.019883192827070788,0.015787332478100394,0.01137815960073551,0.027568014681096122,0.005220660181833977
4.386269,0.01983981392285701,0.01574795571782206,0.011345958967696657,0.027519563468680612,0.005199670905478726
4.3892685,0.019796544456269133,0.015708692142035015,0.011313863386543683,0.027471220736325852,0.00517876994091781
4.3922680000000005,0.019753384115265483,0.01566954138447742,0.011281872471121066,0.027422986190405896,0.005157956902137972
4.3952675,0.019710332588791128,0.01563050308019592,0.011249985836842934,0.027374859538221594,0.00513723140486336
4.398267000000001,0.01966738956677416,0.015591576865540115,0.011218203100686108,0.027326840487997165,0.005116593066547802
4.4012665,0.01962455474012292,0.015552762378158015,0.011186523881182941,0.027278928748877412,0.005096041506366681
4.404266000000001,0.019581827800721943,0.015514059256990703,0.011154947798414675,0.027231124030924054,0.0050755763452092
4.4072655,0.019539208441429097,0.015475467142267649,0.011123474474004578,0.027183426045111998,0.005055197205670474
4.410265000000001,0.019496696356071895,0.015436985675501154,0.011092103531110934,0.027135834503327256,0.005034903712043691
4.4132645,0.01945429123944442,0.01539861449948209,0.011060834594420756,0.027088349118362755,0.005014695490312382
4.416264,0.01941199278730385,0.01536035325827439,0.011029667290142405,0.02704096960391502,0.004994572168142586
4.4192635000000005,0.019369800696367172,0.015322201597210431,0.010998601245999487,0.026993695674581614,0.004974533374875257
4.422263,0.01932771466430791,0.015284159162886175,0.010967636091223457,0.026946527045857545,0.004954578741518538
4.4252625000000005,0.019285734389752725,0.015246225603155996,0.010936771456547895,0.026899463434131864,0.004934707900740132
4.428262,0.019243859572278373,0.015208400567128069,0.01090600697420113,0.026852504556685076,0.0049149204868597154
4.431261500000001,0.019202089912408186,0.015170683705159461,0.010875342277899807,0.02680565013168517,0.004895216135841174
4.434261,0.019160425111608915,0.015133074668851245,0.010844777002842766,0.02675889987818525,0.004875594485285468
4.437260500000001,0.019118864872287495,0.01509557311104377,0.010814310785704018,0.026712253516119597,0.004856055174422758
4.44026,0.01907740889778806,0.015058178685812048,0.01078394326462627,0.026665710766301223,0.0048365978441052065
4.4432595,0.019036056892388024,0.015020891048460468,0.01075367407921495,0.026619271350418302,0.00481722213679938
4.446259,0.018994808561295668,0.01498370985551854,0.010723502870531226,0.026572934991031402,0.004797927696578702
4.4492585,0.01895366361064659,0.014946634764736245,0.010693429281085976,0.026526701411569893,0.0047787141691166156
4.4522580000000005,0.018912621747500514,0.014909665435078795,0.010663452954833131,0.026480570336329265,0.004759581201678789
4.4552575,0.018871682679838117,0.014872801526722507,0.010633573537163628,0.02643454149046798,0.004740528443115873
4.458257000000001,0.018830846116557803,0.014836042701049653,0.010603790674898748,0.026388614600004433,0.004721555543856489
4.4612565,0.0187901117674729,0.014799388620644373,0.01057410401628427,0.026342789391813493,0.004702662155899811
4.464256000000001,0.018749479343308208,0.014762838949287403,0.010544513210983758,0.02629706559362407,0.004683847932808222
4.4672555,0.018708948555696884,0.014726393351951977,0.010515017910072814,0.02625144293401567,0.004665112529700594
4.470255000000001,0.018668519117177332,0.014690051494799117,0.010485617766032341,0.026205921142415555,0.004646455603244716
4.4732545,0.01862819074119042,0.014653813045172895,0.010456312432742866,0.02616049994909562,0.004627876811650469
4.476254,0.01858796314207581,0.01461767767159601,0.010427101565478158,0.026115179085169613,0.0046093758146626826
4.4792535,0.01854783603506942,0.014581645043765308,0.010397984820899299,0.02606995828258962,0.00459095227355392
4.482253,0.018507809136300228,0.014545714832547033,0.010368961857048187,0.026024837274143998,0.004572605851117952
4.4852525000000005,0.018467882162786834,0.014509886709972636,0.010340032333342027,0.02597981579345344,0.004554336211662218
4.488252,0.018428054832435,0.014474160349234226,0.010311195910567086,0.025934893574968722,0.00453614302100136
4.491251500000001,0.018388326864034136,0.014438535424679893,0.010282452250872492,0.025890070353967353,0.004518025946450075
4.494251,0.018348697977254615,0.014403011611809352,0.010253801017764567,0.025845345866551083,0.00449998465681613
4.497250500000001,0.01830916789264447,0.014367588587269923,0.010225241876100976,0.025800719849642273,0.004482018822393958
4.50025,0.01826973633162678,0.014332266028851388,0.01019677449208412,0.025756192040981955,0.004464128114957538
4.5032495,0.018230403016496186,0.014297043615482263,0.010168398533256339,0.025711762179126133,0.004446312207753381
4.506249,0.018191167670416324,0.014261921027225103,0.010140113668493097,0.02566743000344307,0.004428570775494439
4.5092485,0.01815203001741658,0.014226897945272245,0.01011191956799755,0.025623195254110852,0.004410903494352733
4.5122480000000005,0.018112989782389486,0.014191974051941354,0.010083815903295027,0.025579057672114023,0.004393310041953131
4.5152475,0.018074046691087354,0.014157149030671303,0.010055802347226769,0.025535016999241024,0.00437579009736658
4.518247000000001,0.018035200470119587,0.014122422566017707,0.010027878573944262,0.025491072978081352,0.0043583433411030935
4.5212465,0.017996450846949657,0.014087794343648938,0.010000044258903927,0.025447225352022398,0.0043409694551058645
4.524246000000001,0.017957797549892355,0.014053264050341286,0.00997229907886082,0.025403473865247155,0.0043236681227442125
4.5272455,0.017919240308110644,0.014018831373975313,0.00994464271186352,0.025359818262731173,0.0043064390288070145
4.530245000000001,0.01788077885161303,0.013984496003531355,0.00991707483724835,0.02531625829023935,0.004289281859496584
4.5332445,0.017842412911250476,0.013950257629085258,0.009889595135633462,0.025272793694324024,0.004272196302421845
4.536244,0.0178041422187136,0.013916115941804317,0.009862203288913499,0.025229424222321568,0.004255182046592094
4.5392435,0.017765966506529618,0.01388207063394298,0.009834898980254053,0.025186149622349833,0.0042382387824104134
4.542243,0.017727885508060166,0.01384812139883889,0.009807681894086205,0.02514296964330529,0.004221366201667613
4.5452425000000005,0.017689898957497573,0.013814267930908529,0.009780551716100644,0.025099884034860187,0.0042045639975354055
4.548242,0.017652006589862667,0.013780509925643166,0.009753508133242543,0.02505689254746057,0.00418783186456055
4.551241500000001,0.017614208141001515,0.013746847079604808,0.00972655083370632,0.02501399493232239,0.004171169498658185
4.554241,0.017576503347583115,0.01371327909042193,0.00969967950692941,0.024971190941429883,0.004154576597105811
4.557240500000001,0.017538891947096093,0.013679805656785794,0.00967289384358741,0.024928480327532067,0.004138052858536986
4.56024,0.01750137367784632,0.013646426478445689,0.009646193535589029,0.024885862844140526,0.00412159798293501
4.5632395,0.017463948278953652,0.013613141256205804,0.009619578276069862,0.024843338245526723,0.004105211671626939
4.566239,0.017426615490349916,0.013579949691920558,0.00959304775938785,0.024800906286719132,0.004088893627277359
4.5692385,0.017389375052775366,0.013546851488490538,0.009566601681117445,0.024758566723500585,0.004072643553882019
4.5722380000000005,0.017352226707776273,0.01351384634985893,0.00954023973804467,0.024716319312405765,0.004056461156762245
4.5752375,0.017315170197702467,0.013480933981007425,0.009513961628161614,0.024674163810718665,0.004040346142558362
4.578237000000001,0.017278205265703978,0.01344811408795202,0.009487767050661467,0.02463209997646973,0.004024298219224114
4.5812365,0.01724133165572888,0.01341538637773925,0.009461655705933134,0.024590127568433418,0.00400831709602011
4.584236000000001,0.01720454911252033,0.013382750558442201,0.009435627295555974,0.024548246346125364,0.003992402483508413
4.5872355,0.0171678573816139,0.013350206339156878,0.009409681522294978,0.024506456069800123,0.003976554093546275
4.590235000000001,0.017131256209334957,0.01331775342999777,0.009383818090095055,0.02446475650044829,0.003960771639280203
4.5932345,0.01709474534279593,0.013285391542094394,0.009358036704076679,0.024423147399794298,0.003945054835140098
4.596234,0.01705832452989341,0.013253120387587317,0.009332337070530067,0.02438162853029344,0.003929403396833429
4.5992335,0.017021993519306104,0.013220939679624307,0.009306718896910706,0.024340199655129447,0.003913817041339564
4.602233,0.01698575206049152,0.013188849132356436,0.009281181891833936,0.02429886053821196,0.003898295486903302
4.6052325000000005,0.016949599903683703,0.013156848460934394,0.009255725765069972,0.024257610944174415,0.003882838453029983
4.608232,0.016913536799890643,0.013124937381504406,0.009230350227539158,0.02421645063837077,0.0038674456604790154
4.611231500000001,0.01687756250089129,0.013093115611205079,0.009205054991306697,0.02417537938687346,0.003852116831258377
4.614231,0.016841676759233357,0.013061382868162691,0.009179839769578028,0.02413439695647091,0.0038368516886191878
4.617230500000001,0.016805879328230446,0.01302973887148832,0.0091547042766936,0.024093503114664724,0.0038216499570493836
4.62023,0.0167701699619597,0.012998183341273567,0.0091296482281239,0.024052697629667753,0.0038065113622687006
4.623229500000001,0.016734548415258933,0.012966715998587024,0.009104671340465062,0.024011980270400947,0.0037914356312225644
4.626229,0.016699014443724257,0.012935336565470499,0.009079773331433666,0.02397135080649128,0.0037764224920769315
4.6292285,0.016663567803707365,0.012904044764935589,0.009054953919861755,0.02393080900826955,0.0037614716742123445
4.6322280000000005,0.01662820825231328,0.012872840320959304,0.00903021282569246,0.023890354646767396,0.0037465829082183903
4.6352275,0.016592935547397526,0.012841722958481402,0.009005549769974724,0.02384998749371507,0.003731755925888401
4.6382270000000005,0.01655774944756349,0.012810692403399769,0.008980964474859018,0.02380970732153893,0.003716990460213882
4.6412265,0.01652264971216034,0.01277974838256755,0.00895645666359229,0.023769513903359553,0.003702286245378756
4.644226000000001,0.016487636101280036,0.012748890623788884,0.008932026060513224,0.02372940701298858,0.003687643016754373
4.6472255,0.01645270837575532,0.012718118855815927,0.008907672391047707,0.023689386424926663,0.0036730605108937528
4.650225000000001,0.016417866297156487,0.012687432808344794,0.008883395381704096,0.023649451914361245,0.003658538465526198
4.6532245,0.01638310962778979,0.012656832212011979,0.008859194760068578,0.023609603257163804,0.0036440766195521114
4.656224,0.01634843813069417,0.012626316798391326,0.00883507025480028,0.023569840229887826,0.0036296747130373963
4.6592235,0.01631385156963936,0.012595886299989794,0.00881102159562719,0.0235301626097662,0.0036153324872083502
4.662223,0.01627934970912302,0.012565540450244233,0.008787048513341018,0.023490570174708993,0.0036010496844462187
4.6652225000000005,0.016244932314368552,0.012535278983518219,0.008763150739792934,0.02345106270330106,0.0035868260482819314
4.668222,0.01621059915132243,0.012505101635097769,0.008739328007888993,0.023411639974799787,0.0035726613233909876
4.671221500000001,0.016176349986652086,0.012475008141188485,0.008715580051585455,0.02337230176913276,0.0035585552555879333
4.674221,0.016142184587742983,0.012444998238911875,0.00869190660588436,0.02333304786689517,0.0035445075918215255
4.677220500000001,0.016108102722696842,0.012415071666301809,0.008668307406829228,0.023293878049348068,0.003530518080169157
4.68022,0.01607410416032863,0.012385228162301358,0.008644782191500177,0.023254792098415415,0.0035165864698320924
4.683219500000001,0.01604018867016448,0.012355467466758792,0.008621330698010037,0.023215789796682318,0.0035027125111299663
4.686219,0.01600635602243934,0.012325789320424888,0.008597952665499233,0.023176870927392457,0.0034888959554960157
4.6892185,0.015972605988094343,0.012296193464948875,0.008574647834131944,0.02313803527444598,0.0034751365554717036
4.692218,0.01593893833877459,0.012266679642875493,0.008551415945091656,0.02309928262239708,0.0034614340647017953
4.6952175,0.015905352846826905,0.012237247597641365,0.008528256740576433,0.02306061275645196,0.003447788237929308
4.6982170000000005,0.015871849285297043,0.01220789707357183,0.008505169963794898,0.023022025462466164,0.003434198830990479
4.7012165,0.015838427427928018,0.012178627815877238,0.008482155358961959,0.02298352052694301,0.0034206656008097646
4.704216000000001,0.015805087049157118,0.012149439570650048,0.008459212671294123,0.022945097737030667,0.0034071883053948815
4.7072155,0.01577182792411392,0.012120332084861261,0.008436341647005675,0.02290675688052048,0.0033937667038319206
4.710215000000001,0.015738649828617845,0.012091305106357085,0.008413542033304052,0.022868497745844374,0.003380400556280242
4.7132145,0.01570555253917597,0.012062358383855729,0.008390813578385689,0.022830320122072877,0.0033670896239677323
4.716214,0.01567253583298046,0.01203349166694414,0.008368156031432145,0.022792223798912842,0.003353833669185938
4.7192135,0.0156395994879067,0.012004704706074537,0.008345569142605204,0.022754208566705268,0.003340632455285102
4.722213,0.015606743282510415,0.011975997252561531,0.008323052663043316,0.02271627421642311,0.0033274857466693906
4.7252125000000005,0.015573966996025958,0.01194736905857837,0.008300606344857145,0.02267842053966927,0.003314393308791975
4.728212,0.015541270408363825,0.01191881987715425,0.008278229941125407,0.022640647328674067,0.0033013549081504718
4.731211500000001,0.015508653300108187,0.01189034946217062,0.008255923205890924,0.0226029543762935,0.0032883703122820415
4.734211,0.015476115452514856,0.011861957568358311,0.008233685894156201,0.022565341476006914,0.0032754392897585425
4.737210500000001,0.01544365664750906,0.011833643951294255,0.008211517761879766,0.022527808421914756,0.00326256161018189
4.74021,0.01541127666768306,0.011805408367398082,0.008189418565971732,0.022490355008736532,0.0032497370441795315
4.743209500000001,0.015378975296294,0.011777250573929162,0.00816738806428964,0.022452981031809018,0.0032369653633993836
4.746209,0.015346752317261762,0.011749170328983694,0.008145426015635083,0.02241568628708345,0.003224246340505536
4.7492085,0.015314607515166449,0.011721167391490974,0.008123532179748984,0.022378470571124052,0.0032115797491734654
4.752208,0.015282540675246628,0.011693241521210882,0.008101706317307888,0.02234133368110571,0.0031989653640853853
4.7552075,0.015250551583396601,0.011665392478730139,0.00807994818992004,0.022304275414811774,0.003186402960925693
4.7582070000000005,0.015218640026164706,0.011637620025459861,0.008058257560121176,0.02226729557063216,0.0031738923163764266
4.7612065,0.015186805790750905,0.011609923923631924,0.008036634191370998,0.02223039394756114,0.0031614332081126195
4.764206000000001,0.01515504866500448,0.011582303936296124,0.0080150778480488,0.02219357034519549,0.0031490254147978907
4.7672055,0.015123368437422144,0.011554759827317315,0.007993588295449904,0.022156824563732126,0.0031366687160798165
4.770205000000001,0.015091764897145766,0.011527291361371768,0.00797216529978137,0.022120156403966206,0.003124362892585588
4.7732045,0.015060237833959893,0.011499898303944787,0.007950808628158635,0.02208356566728924,0.0031121077259174427
4.776204,0.015028787038290354,0.011472580421327299,0.007929518048601366,0.022047052155686832,0.003099902998648079
4.7792035,0.014997412301201314,0.011445337480612836,0.007908293330029539,0.0220106156717368,0.0030877484943166145
4.782203,0.014966113414393654,0.011418169249694682,0.00788713424225976,0.021974256018607013,0.003075643997423732
4.7852025000000005,0.014934890170202634,0.011391075497262879,0.007866040556001623,0.021937973000053467,0.0030635892934276145
4.788202,0.014903742361595848,0.011364055992800956,0.007845012042853369,0.021901766420418373,0.0030515841687395024
4.791201500000001,0.014872669782171152,0.011337110506583476,0.00782404847529898,0.021865636084628094,0.003039628410719233
4.794201,0.014841672226154476,0.011310238809672513,0.007803149626703509,0.021829581798190997,0.003027721807670991
4.797200500000001,0.014810749488397704,0.011283440673915226,0.007782315271309951,0.021793603367195703,0.0030158641488391485
4.8002,0.01477990136437683,0.011256715871940472,0.007761545184235445,0.02175770059830911,0.003004055224403623
4.803199500000001,0.014749127650189455,0.011230064177156204,0.007740839141467382,0.02172187329877416,0.002992294825476036
4.806199,0.014718428142553261,0.011203485363746398,0.007720196919859771,0.0216861212764083,0.0029805827440951764
4.8091985,0.014687802638803435,0.011176979206668223,0.007699618297129822,0.021650444339600984,0.0029689187732227494
4.812198,0.01465725093689084,0.011150545481649114,0.007679103051853881,0.021614842297312472,0.002957302706739476
4.8151975,0.014626772835380171,0.011124183965183856,0.007658650963464131,0.021579314959071137,0.0029457343394406034
4.8181970000000005,0.01459636813344746,0.01109789443453198,0.00763826181224483,0.021543862134971878,0.0029342134670318123
4.8211965,0.014566036630878361,0.011071676667714489,0.0076179353793287986,0.021508483635674546,0.002922739886125185
4.824196000000001,0.014535778128066083,0.011045530443511387,0.007597671446693883,0.021473179272401277,0.0029113133942348423
4.8271955,0.014505592426009416,0.01101945554145851,0.00757746979715904,0.02143794885693519,0.0028999337897731734
4.830195000000001,0.014475479326310442,0.010993451741845118,0.007557330214381192,0.021402792201618157,0.0028886008720463677
4.8331945,0.01444543863117298,0.010967518825710787,0.007537252482851577,0.021367709119349404,0.002877314441250642
4.836194000000001,0.014415470143400036,0.010941656574842673,0.007517236387892126,0.02133269942358287,0.0028660742984680564
4.8391935,0.014385573666392322,0.01091586477177269,0.00749728171565196,0.021297762928325872,0.002854880245662431
4.842193,0.014355749004146138,0.010890143199774889,0.007477388253104223,0.02126289944813707,0.0028437320856753634
4.8451925000000005,0.01432599596125107,0.010864491642862573,0.007457555788042074,0.021228108798124812,0.0028326296222224248
4.848192,0.014296314342888498,0.01083890988578562,0.007437784109075711,0.021193390793944698,0.002821572659888831
4.8511915000000005,0.014266703954829289,0.01081339771402766,0.007418073005628621,0.02115874525179859,0.0028105610041257775
4.854191,0.014237164603432056,0.010787954913803232,0.00739842226793443,0.021124171988431868,0.0027995944612463257
4.857190500000001,0.01420769609564097,0.010762581272055432,0.007378831687033193,0.021089670821132427,0.0027886728384215547
4.86019,0.014178298238984258,0.010737276576452992,0.007359301054768256,0.0210552415677283,0.0027777959436766668
4.863189500000001,0.014148970841571629,0.010712040615387327,0.007339830163782672,0.021020884046585808,0.0027669635858869925
4.866189,0.01411971371209294,0.0106868731779704,0.007320418807515963,0.020986598076608277,0.002756175574774273
4.8691885,0.014090526659816001,0.010661774054031571,0.007301066780201018,0.02095238347723363,0.0027454317209027403
4.872188,0.014061409494584592,0.010636743034115131,0.007281773876860123,0.020918240068432882,0.0027347318356751795
4.8751875,0.014032362026816798,0.010611779909477747,0.0072625398933022275,0.020884167670708522,0.0027240757313293
4.8781870000000005,0.014003384067502811,0.010586884472085552,0.007243364626119325,0.02085016610509206,0.0027134632209338118
4.8811865,0.01397447542820337,0.010562056514611671,0.007224247872683478,0.020816235193143316,0.0027028941183846796
4.884186000000001,0.013945635921047611,0.010537295830433656,0.007205189431143056,0.02078237475694745,0.002692368238401386
4.8871855,0.013916865358731273,0.010512602213630803,0.0071861891004200195,0.020748584619114094,0.0026818853965231435
4.890185000000001,0.013888163554514946,0.010487975458981509,0.0071672466802064185,0.020714864602775208,0.0026714454091050625
4.8931845,0.013859530322221932,0.010463415361960677,0.007148361970961014,0.020681214531583354,0.0026610480933147752
4.896184000000001,0.013830965476236605,0.010438921718737353,0.0071295347739063685,0.02064763422971003,0.0026506932671283173
4.8991835,0.013802468831502587,0.010414494326171782,0.0071107648910255245,0.02061412352184378,0.002640380749326822
4.902183,0.013774040203520684,0.010390132981813184,0.007092052125058613,0.020580682233188728,0.0026301103594925323
4.9051825000000004,0.013745679408347351,0.010365837483897007,0.007073396279500117,0.020547310189462657,0.002619881918005434
4.908182,0.013717386262592408,0.010341607631342462,0.007054797158595334,0.02051400721689515,0.0026096952460394523
4.9111815000000005,0.013689160583417794,0.010317443223749988,0.007036254567337468,0.0204807731422262,0.0025995501655589125
4.914181,0.013661002188535309,0.010293344061398807,0.007017768311464297,0.020447607792704308,0.0025894464993150303
4.917180500000001,0.0136329108962049,0.01026930994524415,0.00699933819745531,0.020414510996084923,0.0025793840708420173
4.92018,0.013604886525232965,0.010245340676915085,0.006980964032528413,0.02038148258062832,0.0025693627044539925
4.923179500000001,0.013576928894970398,0.01022143605871177,0.006962645624637014,0.020348522375098637,0.0025593822252410283
4.926179,0.01354903782531103,0.01019759589360326,0.006944382782466584,0.020315630208761436,0.0025494424590658017
4.9291785,0.013521213136689567,0.010173819985224635,0.006926175315432192,0.020282805911382564,0.0025395432325602397
4.932178,0.01349345465007985,0.01015010813787501,0.006908023033674847,0.020250049313226454,0.002529684373121512
4.9351775,0.013465762186993422,0.010126460156514569,0.006889925748059105,0.02021736024505392,0.0025198657089093037
4.9381770000000005,0.013438135569477202,0.010102875846762671,0.006871883270169247,0.020184738538121173,0.0025100870688415573
4.9411765,0.013410574620112305,0.010079355014894906,0.006853895412307182,0.02015218402417781,0.0025003482825917004
4.944176000000001,0.013383079162011698,0.010055897467841145,0.006835961987488823,0.0201196965354652,0.0024906491805848164
4.9471755,0.013355649018818973,0.010032503013182616,0.006818082809441163,0.020087275904714767,0.0024809895939942603
4.950175000000001,0.01332828401470634,0.010009171459150071,0.0068002576925997454,0.02005492196514695,0.002471369354738433
4.9531745,0.013300983974372934,0.009985902614620868,0.0067824864521052386,0.02002263455046838,0.0024617882954773708
4.956174000000001,0.01327374872304295,0.009962696289116958,0.006764768903800689,0.01999041349487153,0.002452246249609113
4.9591735,0.01324657808646429,0.009939552292802347,0.006747104864228721,0.019958258633032428,0.0024427430512667793
4.962173,0.013219471890906397,0.009916470436480727,0.006729494150628341,0.019926169800108945,0.002433278535314776
4.9651725,0.013192429963158803,0.009893450531593174,0.0067119365809323065,0.019894146831739692,0.0024238525373459397
4.968172,0.013165452130529465,0.00987049239021579,0.006694431973764337,0.019862189564042027,0.0024144648936777896
4.9711715000000005,0.013138538220842903,0.00984759582505741,0.006676980148435506,0.019830297833610587,0.002405115441349529
4.974171,0.013111688062438483,0.009824760649457046,0.006659580924942551,0.01979847147751568,0.002395804018118713
4.977170500000001,0.013084901484168961,0.009801986677381974,0.006642234123964081,0.019766710333301664,0.0023865304624578793
4.98017,0.013058178315398591,0.009779273723425045,0.006624939566858096,0.019735014238985663,0.0023772946135514673
4.983169500000001,0.013031518386001422,0.009756621602802627,0.0066076970756591994,0.019703383033055466,0.0023680963112924676
4.986169,0.013004921526359957,0.009734030131352139,0.006590506473075695,0.019671816554468403,0.0023589353962792502
4.9891685,0.012978387567363019,0.009711499125529901,0.006573367582486935,0.01964031464264987,0.002349811709812327
4.992168,0.012951916340404403,0.009689028402408796,0.006556280227940325,0.01960887713749114,0.002340725093891244
4.9951675,0.012925507677381189,0.009666617779676244,0.006539244234148706,0.019577503879348507,0.0023316753912113403
4.9981670000000005,0.012899161410692006,0.009644267075631223,0.006522259426487612,0.01954619470904143,0.002322662445160653
5.0011665,0.012872877373235394,0.00962197610918312,0.006505325630992554,0.019514949467851112,0.00231368609981664
5.004166000000001,0.012846655398408237,0.009599744699848464,0.006488442674355992,0.019483767997518737,0.0023047461999432597
5.0071655,0.012820495320104154,0.009577572667749381,0.006471610383925114,0.019452650140244384,0.0022958425909877754
5.010165000000001,0.012794396972711782,0.009555459833611064,0.0064548285876986355,0.019421595738685005,0.0022869751190775015
5.0131645,0.012768360191113206,0.009533406018759636,0.006438097114324395,0.01939060463595322,0.0022781436310170128
5.016164000000001,0.012742384810682307,0.009511411045119864,0.006421415793096584,0.019359676675615747,0.0022693479742847576
5.0191635,0.012716470667283323,0.009489474735213183,0.006404784453953258,0.019328811701692046,0.00226058799703026
5.022163,0.012690617597268876,0.00946759691215537,0.0063882029274733125,0.019298009558652476,0.0022518635480709773
5.0251625,0.012664825437478823,0.009445777399654224,0.006371671044874135,0.01926727009141714,0.00224317447688925
5.028162,0.012639094025238419,0.009424016022007679,0.006355188638008856,0.019236593145354402,0.00223452063362935
5.0311615000000005,0.012613423198356665,0.009402312604101465,0.0063387555393636785,0.019205978566278824,0.0022259018690944285
5.034161,0.012587812795124958,0.009380666971407098,0.0063223715820554735,0.01917542620045075,0.002217318034743496
5.037160500000001,0.012562262654315284,0.009359078949979463,0.0063060365998288855,0.019144935894573827,0.0022087689826885562
5.04016,0.012536772615178979,0.009337548366455088,0.006289750427053994,0.01911450749579408,0.0022002545656916593
5.043159500000001,0.01251134251744464,0.009316075048049608,0.006273512898723644,0.019084140851698263,0.002191774637161765
5.046159,0.012485972201317133,0.009294658822555955,0.006257323850450819,0.01905383581031274,0.0021833290511520907
5.049158500000001,0.01246066150747562,0.009273299518342078,0.006241183118466171,0.01902359222010147,0.0021749176623568783
5.052158,0.01243541027707232,0.009251996964349007,0.0062250905396155284,0.01899340992996517,0.00216654032610878
5.0551575,0.012410218351730732,0.009230750990088436,0.006209045951357009,0.018963288789239224,0.0021581968983758436
5.0581570000000005,0.01238508557354427,0.009209561425641022,0.006193049191759228,0.01893322864769296,0.0021498872357586275
5.0611565,0.012360011785074584,0.009188428101654192,0.0061771000994979555,0.018903229355527608,0.002141611195487275
5.0641560000000005,0.012334996829350128,0.009167350849339895,0.006161198513854189,0.018873290763375596,0.002133368635418905
5.0671555,0.01231004054986472,0.00914632950047272,0.006145344274711425,0.018843412722298038,0.0021251594140344627
5.070155000000001,0.012285142790575866,0.009125363887387834,0.0061295372225532345,0.01881359508378458,0.002116983390436093
5.0731545,0.012260303395903307,0.009104453842978909,0.006113777198460814,0.018783837699751105,0.0021088404243442944
5.076154000000001,0.012235522210727504,0.00908359920069599,0.006098064044110599,0.018754140422538725,0.002100730376095116
5.0791535,0.01221079908038833,0.009062799794543759,0.006082397601771566,0.018724503104912273,0.0020926531066373546
5.082153,0.01218613385068319,0.00904205545907909,0.006066777714303233,0.01869492560005882,0.002084608477529794
5.0851525,0.012161526367865976,0.009021366029409493,0.006051204225152758,0.018665407761586695,0.0020765963509383973
5.088152,0.012136976478645244,0.009000731341190726,0.006035676978352777,0.018635949443523547,0.0020686165896337183
5.0911515000000005,0.012112484030182865,0.008980151230624954,0.006020195818519233,0.018606550500315348,0.002060669056987989
5.094151,0.012088048870092603,0.008959625534458953,0.006004760590848307,0.018577210786825064,0.0020527536169724376
5.097150500000001,0.012063670846438578,0.008939154089981787,0.005989371141114917,0.018547930158330794,0.002044870134154722
5.10015,0.01203934980773388,0.008918736735023048,0.005974027315669706,0.01851870847052517,0.002037018473695997
5.103149500000001,0.012015085602938885,0.008898373307950796,0.005958728961436797,0.018489545579513305,0.002029198501348462
5.106149,0.011990878081460292,0.008878063647669772,0.005943475925911575,0.01846044134181193,0.0020214100834525083
5.109148500000001,0.011966727093148955,0.008857807593619182,0.005928268057158475,0.01843139561434793,0.002013653086934203
5.112148,0.01194263248829926,0.008837604985771014,0.005913105203808238,0.018402408254456583,0.002005927379302511
5.1151475,0.011918594117647032,0.008817455664627853,0.005897987215056075,0.018373479119881034,0.0019982328286467683
5.1181470000000004,0.011894611832368363,0.008797359471221296,0.005882913940658949,0.01834460806877018,0.0019905693036340734
5.1211465,0.011870685484078358,0.008777316247109626,0.0058678852309335715,0.01831579495967787,0.0019829366735065013
5.1241460000000005,0.011846814924829285,0.008757325834376222,0.0058529009367540305,0.018287039651561313,0.001975334808078715
5.1271455,0.01182300000710966,0.008737388075627545,0.0058379609095493565,0.01825834200377992,0.0019677635777353344
5.130145000000001,0.011799240583842333,0.008717502813991192,0.005823065001301522,0.01822970187609388,0.001960222853428132
5.1331445,0.011775536508383649,0.008697669893114067,0.005808213064543008,0.01820111912866294,0.0019527125066739045
5.136144000000001,0.011751887634521384,0.008677889157160465,0.0057934049523546555,0.018172593622045076,0.0019452324095514694
5.1391435,0.011728293816473986,0.008658160450810288,0.005778640518363273,0.01814412521719512,0.0019377824346995414
5.142143,0.01170475490888874,0.008638483619257065,0.005763919616739614,0.018115713775463636,0.0019303624553137458
5.1451425,0.01168127076684056,0.008618858508206111,0.005749242102196123,0.018087359158595457,0.0019229723451446507
5.148142,0.011657841245830676,0.008599284963872746,0.005734607829984565,0.0180590612287286,0.00191561197849467
5.1511415000000005,0.011634466201785066,0.008579762832980412,0.005720016655893978,0.018030819848392693,0.0019082812302161425
5.154141,0.011611145491053241,0.008560291962758773,0.005705468436248461,0.01800263488050812,0.001900979975708344
5.157140500000001,0.011587878970406846,0.008540872200942018,0.005690963027904964,0.017974506188384386,0.0018937080909155312
5.16014,0.011564666497038205,0.008521503395766931,0.0056765002882512815,0.017946433635719024,0.0018864654523238977
5.163139500000001,0.011541507928559147,0.008502185395971083,0.0056620800752034085,0.017918417086596167,0.0018792519369597064
5.166139,0.011518403122999444,0.008482918050791053,0.0056477022472041635,0.017890456405485786,0.0018720674223863525
5.169138500000001,0.011495351938805597,0.008463701209960622,0.005633366663220385,0.017862551457241728,0.0018649117867024197
5.172138,0.011472354234839421,0.008444534723709101,0.005619073182741045,0.017834702107101027,0.0018577849085388233
5.1751375,0.011449409870376926,0.008425418442759179,0.00560482166577525,0.017806908220682302,0.0018506866670567376
5.178137,0.0114265187051065,0.008406352218325596,0.005590611972849855,0.01777916966398498,0.001843616941944966
5.1811365,0.011403680599128222,0.008387335902113038,0.005576443965007674,0.017751486303387475,0.0018365756134178068
5.1841360000000005,0.011380895412951883,0.008368369346314512,0.0055623175038050626,0.01772385800564653,0.001829562562212421
5.1871355,0.011358163007496161,0.00834945240360954,0.005548232451310242,0.017696284637895486,0.00182257766958668
5.190135000000001,0.011335483244087176,0.008330584927162512,0.0055341886701006406,0.01766876606764341,0.0018156208173167251
5.1931345,0.011312855984456964,0.008311766770620824,0.005520186023261578,0.017641302162773865,0.0018086918876946683
5.196134000000001,0.011290281090742454,0.008292997788113023,0.005506224374383441,0.017613892791543462,0.001801790763526224
5.1991335,0.011267758425484022,0.00827427783424742,0.005492303587560249,0.01758653782258089,0.0017949173281283945
5.202133,0.011245287851624224,0.008255606764110052,0.005478423527387189,0.017559237124885715,0.001788071465327289
5.2051325,0.011222869232506533,0.008236984433263156,0.005464584058958975,0.017531990567827012,0.0017812530594556889
5.208132,0.0112005024318739,0.008218410697743317,0.00545078504786738,0.01750479802114219,0.0017744619953507738
5.2111315000000005,0.011178187313867775,0.008199885414059785,0.005437026360199739,0.017477659354936004,0.0017676981583518874
5.214131,0.011155923743026477,0.008181408439192867,0.005423307862536457,0.017450574439679335,0.001760961434298322
5.217130500000001,0.011133711584284228,0.008162979630592178,0.00540962942194929,0.017423543146207737,0.0017542517095270646
5.22013,0.011111550702969684,0.008144598846174916,0.005395990905999302,0.017396565345720552,0.0017475688708704154
5.223129500000001,0.011089440964804671,0.008126265944324307,0.005382392182734973,0.017369640909779657,0.0017409128056539067
5.226129,0.011067382235903082,0.008107980783887697,0.005368833120690052,0.01734276971030817,0.0017342834016940037
5.229128500000001,0.011045374382769422,0.008089743224175145,0.005355313588881645,0.017315951619589605,0.0017276805472960287
5.232128,0.011023417272297735,0.008071553124957704,0.005341833456808491,0.01728918651026642,0.0017211041312516875
5.2351275,0.011001510771770221,0.00805341034646551,0.0053283925944487024,0.01726247425533879,0.0017145540428371976
5.238127,0.01097965474885611,0.008035314749386561,0.0053149908722580535,0.017235814728164003,0.001708030171810909
5.2411265,0.010957849071610262,0.008017266194864711,0.005301628161167934,0.017209207802454517,0.0017015324084111699
5.2441260000000005,0.0109360936084721,0.007999264544498225,0.005288304332583466,0.01718265335227752,0.001695060643354201
5.2471255,0.010914388228264273,0.007981309660338077,0.005275019258381634,0.01715615125205347,0.001688614767831968
5.250125000000001,0.010892732800191568,0.007963401404886456,0.0052617728109093,0.017129701376554913,0.0016821946735099305
5.2531245,0.01087112719383938,0.007945539641094937,0.005248564862981475,0.017103303600905527,0.0016758002525250905
5.256124000000001,0.010849571279172809,0.007927724232362975,0.00523539528787927,0.017076957800578916,0.0016694313974836546
5.2591235,0.010828064926535456,0.00790995504253642,0.005222263959348047,0.017050663851397446,0.0016630880014591365
5.262123,0.010806608006647895,0.007892231935905776,0.005209170751595657,0.017024421629531238,0.0016567699579901228
5.2651225,0.010785200390606717,0.007874554777204524,0.0051961155392904424,0.016998231011497,0.0016504771610781923
5.268122,0.010763841949883328,0.007856923431607769,0.00518309819755951,0.016972091874156856,0.0016442095051859154
5.2711215000000005,0.010742532556322754,0.007839337764730569,0.005170118601986714,0.016946004094717214,0.0016379668852347094
5.274121,0.01072127208214218,0.007821797642626282,0.005157176628611129,0.016919967550728023,0.001631749196602797
5.2771205000000005,0.010700060399930243,0.00780430293178506,0.005144272153924969,0.016893982120081166,0.0016255563351231413
5.28012,0.010678897382645365,0.00778685349913239,0.005131405054871774,0.01686804768100967,0.0016193881970814233
5.283119500000001,0.010657782903614903,0.007769449212027215,0.005118575208844672,0.01684216411208652,0.0016132446792140743
5.286119,0.010636716836533801,0.007752089938260907,0.005105782493684629,0.01681633129222373,0.001607125678706055
5.289118500000001,0.010615699055463536,0.007734775546055148,0.005093026787678465,0.016790549100671057,0.001601031093189033
5.292118,0.010594729434830861,0.007717505904060889,0.005080307969557437,0.0167648174170149,0.0015949608207393294
5.2951175,0.010573807849426622,0.007700280881356511,0.005067625918494982,0.0167391361211775,0.0015889147598758858
5.298117,0.010552934174404718,0.007683100347446337,0.005054980514105162,0.016713505093415692,0.0015828928095583197
5.3011165,0.010532108285280766,0.007665964172259274,0.005042371636441148,0.016687924214319826,0.001576894869184832
5.3041160000000005,0.010511330057931185,0.0076488722261471055,0.005029799165993027,0.016662393364812598,0.0015709208385904171
5.3071155,0.010490599368591813,0.007631824379883153,0.005017262983686365,0.016636912426148284,0.0015649706180448314
5.310115000000001,0.010469916093856908,0.0076148205046606375,0.005004762970880297,0.016611481279911484,0.0015590441082505633
5.3131145,0.010449280110677936,0.00759786047209129,0.004992299009365916,0.01658609980801603,0.0015531412103409782
5.316114000000001,0.01042869129636253,0.007580944154203731,0.004979870981364378,0.016560767892704328,0.0015472618258783723
5.3191135,0.010408149528573208,0.007564071423442199,0.004967478769525457,0.01653548541654555,0.0015414058568520026
5.322113000000001,0.010387654685326339,0.007547242152664832,0.004955122256925579,0.01651025226243542,0.0015355732056762789
5.3251125,0.010367206644991052,0.007530456215142302,0.004942801327066206,0.01648506831359464,0.0015297637751887031
5.328112,0.010346805286288068,0.007513713484556482,0.004930515863872104,0.016459933453568068,0.001523977468648143
5.3311115000000004,0.01032645048828849,0.0074970138349986625,0.004918265751689799,0.01643484756622378,0.0015182141897327897
5.334111,0.010306142130412942,0.0074803571409684496,0.004906050875285721,0.01640981053575169,0.001512473842538384
5.3371105000000005,0.010285880092430175,0.0074637432773720395,0.004893871119844617,0.01638482224666291,0.0015067563315762772
5.34011,0.010265664254456124,0.007447172119521046,0.004881726370967853,0.01635988258378855,0.0015010615617716322
5.343109500000001,0.010245494496952749,0.007430643543130636,0.004869616514671753,0.016334991432278748,0.0014953894384614906
5.346109,0.010225370700727059,0.007414157424318651,0.004857541437386056,0.016310148677601666,0.0014897398673930006
5.349108500000001,0.01020529274692973,0.00739771363960368,0.004845501025952025,0.016285354205542387,0.001484112754721546
5.352108,0.010185260517054444,0.007381312065903978,0.004833495167621105,0.016260607902202108,0.0014785080070089458
5.3551075,0.010165273892936299,0.00736495258053584,0.004821523750053003,0.016235909653996898,0.001472925531221559
5.358107,0.010145332756751254,0.00734863506121232,0.004809586661314321,0.01621125934765692,0.0014673652347285031
5.3611065,0.010125436991014548,0.007332359386041772,0.004797683789876787,0.016186656870225313,0.001461827025300045
5.3641060000000005,0.010105586478580007,0.007316125433526348,0.0047858150246156755,0.016162102109057226,0.0014563108111053666
5.3671055,0.01008578110263876,0.007299933082560863,0.004773980254808162,0.016137594951818903,0.0014508165007112758
5.370105000000001,0.010066020746718269,0.007283782212431115,0.004762179370131895,0.016113135286486578,0.0014453440030800608
5.3731045,0.010046305294681205,0.007267672702812713,0.004750412260663134,0.0160887230013456,0.0014398932275678845
5.376104000000001,0.010026634630724441,0.007251604433769593,0.004738678816875409,0.016064357984989456,0.0014344640839230195
5.3791035,0.010007008639377969,0.007235577285752696,0.004726978929637893,0.016040040126318624,0.001429056482284029
5.382103000000001,0.009987427205503784,0.007219591139598467,0.004715312490213668,0.0160157693145398,0.0014236703331781122
5.3851025,0.009967890214294948,0.007203645876527707,0.004703679390258465,0.015991545439165023,0.00141830554751923
5.388102,0.00994839755127458,0.007187741378144048,0.0046920795218186725,0.01596736839001046,0.0014129620366065358
5.3911015,0.009928949102294526,0.007171877526432689,0.00468051277733033,0.015943238057195473,0.0014076397121225094
5.394101,0.009909544753534665,0.007156054203758989,0.00466897904961713,0.015919154331141903,0.0014023384861313322
5.3971005000000005,0.009890184391501708,0.007140271292867129,0.004657478231889087,0.01589511710257284,0.0013970582710771768
5.4001,0.009870867903028172,0.007124528676878849,0.00464601021774098,0.015871126262511866,0.0013917989797824376
5.403099500000001,0.009851595175271247,0.00710882623929204,0.004634574901150772,0.01584718170228213,0.0013865605254461274
5.406099,0.009832366095712189,0.00709316386397934,0.004623172176478306,0.015823283313505094,0.0013813428216421326
5.409098500000001,0.00981318055215464,0.007077541435187095,0.004611801938463476,0.01579943098810006,0.001376145782317585
5.412098,0.009794038432724236,0.007061958837533681,0.004600464082224972,0.01577562461828283,0.0013709693217911335
5.4150975,0.009774939625867179,0.007046415956008476,0.0045891585032586425,0.01575186409656507,0.0013658133547513507
5.418097,0.009755884020349433,0.007030912675970346,0.004577885097436085,0.015728149315753073,0.001360677796255039
5.4210965,0.009736871505255698,0.007015448883146549,0.004566643761003128,0.015704480168947328,0.0013555625617255652
5.4240960000000005,0.009717901969988257,0.007000024463631258,0.004555434390578345,0.015680856549541003,0.0013504675669513558
5.4270955,0.009698975304266114,0.006984639303884301,0.004544256883151712,0.015657278351219397,0.0013453927280839965
5.430095000000001,0.009680091398124042,0.006969293290730041,0.0045331111360828345,0.01563374546795903,0.0013403379616369624
5.4330945,0.009661250141911465,0.006953986311355847,0.004521997047099816,0.015610257794026534,0.0013353031844836668
5.436094000000001,0.009642451426291474,0.0069387182533108705,0.004510914514297648,0.015586815223977929,0.0013302883138560815
5.4390935,0.009623695142239898,0.00692348900450504,0.004499863436136761,0.015563417652657558,0.001325293267343095
5.442093000000001,0.00960498118104438,0.006908298453207453,0.00448884371144167,0.01554006497519733,0.001320317962888806
5.4450925,0.00958630943430321,0.0068931464880452285,0.004477855239399461,0.015516757087015743,0.0013153623187910392
5.448092,0.009567679793924535,0.006878032998002309,0.004466897919558335,0.015493493883817053,0.0013104262536997844
5.4510915,0.009549092152125276,0.006862957872418174,0.004455971651826278,0.015470275261590206,0.001305509686615558
5.454091,0.009530546401430168,0.006847921000986548,0.004445076336469625,0.015447101116608294,0.0013006125368878844
5.4570905000000005,0.00951204243467093,0.006832922273754179,0.004434211874111611,0.015423971345427173,0.001295734724213663
5.46009,0.009493580144985036,0.0068179615811196715,0.004423378165731005,0.01540088584488521,0.001290876168635775
5.463089500000001,0.00947515942581494,0.0068030388138321345,0.004412575112660637,0.015377844512101613,0.0012860367905413908
5.466089,0.0094567801709072,0.006788153862990022,0.004401802616586195,0.015354847244476388,0.0012812165106604889
5.469088500000001,0.0094384422743113,0.006773306620039862,0.004391060579544496,0.015331893939688852,0.0012764152500643168
5.472088,0.009420145630378785,0.006758496976775178,0.004380348903922531,0.015308984495697044,0.001271632930163896
5.4750875,0.009401890133762423,0.00674372482533499,0.0043696674924557175,0.015286118810736812,0.0012668694727085493
5.478087,0.009383675679415195,0.006728990058202934,0.004359016248226878,0.015263296783320831,0.0012621247997841954
5.4810865,0.009365502162589126,0.006714292568205771,0.004348395074664473,0.015240518312238022,0.001257398833812125
5.4840860000000005,0.009347369478834848,0.0066996322485124256,0.004337803875541667,0.015217783296552264,0.0012526914975473172
5.4870855,0.009329277524000144,0.006685008992632526,0.0043272425549746385,0.015195091635602027,0.0012480027140769775
5.4900850000000005,0.009311226194229395,0.006670422694415494,0.004316711017421422,0.015172443228999103,0.0012433324068191556
5.4930845,0.009293215385962355,0.0066558732480491494,0.004306209167680556,0.015149837976628088,0.0012386804995211719
5.496084000000001,0.009275244995933563,0.006641360548058615,0.004295736910889644,0.015127275778645182,0.0012340469162581231
5.4990835,0.009257314921171019,0.006626884489305069,0.004285294152524163,0.015104756535477682,0.001229431581431616
5.502083000000001,0.009239425058995599,0.006612444966984741,0.004274880798395998,0.015082280147822967,0.0012248344197680477
5.5050825,0.009221575307020112,0.006598041876627494,0.004264496754652255,0.015059846516647647,0.001220255356317361
5.508082,0.009203765563148036,0.006583675114095792,0.004254141927773992,0.015037455543186891,0.001215694316451558
5.5110815,0.009185995725573073,0.006569344575583618,0.004243816224574616,0.01501510712894327,0.0012111512258631439
5.514081,0.009168265692777967,0.0065550501576151395,0.004233519552198915,0.014992801175686363,0.0012066260105639433
5.5170805000000005,0.009150575363533713,0.006540791757043695,0.00422325181812165,0.014970537585451537,0.0012021185968834256
5.52008,0.009132924636898545,0.006526569271050571,0.004213012930146169,0.014948316260539378,0.0011976289114674383
5.523079500000001,0.009115313412217121,0.006512382597143886,0.004202802796403317,0.014926137103514777,0.0011931568812768062
5.526079,0.009097741589119654,0.0064982316331573834,0.004192621325349905,0.014904000017206069,0.001188702433585818
5.529078500000001,0.009080209067520988,0.00648411627724952,0.004182468425767728,0.014881904904704178,0.0011842654959809684
5.532078,0.009062715747619651,0.006470036427901953,0.004172344006762101,0.014859851669362233,0.0011798459963594898
5.535077500000001,0.009045261529897035,0.006455991983918841,0.004162247977760599,0.01483784021479391,0.001175443862927963
5.538077,0.009027846315116527,0.006441982844425294,0.004152180248511837,0.014815870444873496,0.0011710590242009742
5.5410765,0.009010470004322611,0.006428008908866732,0.004142140729084422,0.014793942263734811,0.0011666914089997775
5.5440760000000004,0.00899313249883999,0.006414070077007268,0.004132129329865212,0.014772055575769868,0.0011623409464508387
5.5470755,0.008975833700272601,0.006400166248928966,0.004122145961558662,0.014750210285628979,0.001158007565984587
5.5500750000000005,0.008958573510503031,0.006386297325030597,0.004112190535185111,0.014728406298219202,0.0011536911973339383
5.5530745,0.00894135183169133,0.006372463206026517,0.004102262962079884,0.014706643518704068,0.0011493917705331308
5.556074000000001,0.0089241685662744,0.006358663792945614,0.0040923631538918705,0.0146849218525023,0.001145109215916157
5.5590735,0.008907023616964889,0.006344898987130237,0.004082491022582347,0.014663241205287662,0.0011408434641156586
5.562073000000001,0.008889916886750589,0.006331168690235018,0.004072646480423753,0.014641601482987461,0.0011365944460614375
5.5650725,0.008872848278893364,0.00631747280422588,0.00406282943999871,0.01462000259178242,0.0011323620929792552
5.568072,0.008855817696928437,0.0063038112313788825,0.004053039814198331,0.014598444438105294,0.0011281463363893656
5.5710715,0.008838825044663573,0.006290183874279176,0.004043277516221515,0.014576926928640694,0.001123947108105391
5.574071,0.00882187022617795,0.006276590635819967,0.004033542459573463,0.014555449970323783,0.0011197643402328667
5.5770705000000005,0.008804953145821713,0.006263031419201409,0.004023834558064566,0.014534013470339878,0.0011155979651681037
5.58007,0.008788073708214864,0.00624950612792947,0.00401415372580932,0.014512617336123414,0.0011114479155966825
5.583069500000001,0.008771231818246484,0.006236014665815027,0.004004499877224906,0.014491261475357436,0.0011073141244923672
5.586069,0.008754427381073874,0.006222556936972702,0.003994872927030308,0.014469945795972569,0.0011031965251157704
5.589068500000001,0.008737660302121829,0.006209132845819807,0.003985272790244924,0.014448670206146527,0.0010990950510130157
5.592068,0.008720930487081799,0.006195742297075293,0.003975699382187465,0.014427434614303163,0.0010950096360145274
5.595067500000001,0.008704237841910817,0.0061823851957588235,0.003966152618474854,0.014406238929111739,0.0010909402142337745
5.598067,0.008687582272831066,0.006169061447189528,0.0039566324150209775,0.014385083059486246,0.0010868867200660077
5.6010665,0.008670963686328656,0.006155770956985146,0.003947138688035696,0.014363966914584584,0.001082849088186955
5.604066,0.00865438198915314,0.006142513631060927,0.003937671354023447,0.014342890403807798,0.0010788272535517238
5.6070655,0.008637837088316468,0.006129289375628578,0.00392823032978228,0.01432185343679958,0.0010748211513934068
5.6100650000000005,0.008621328891092338,0.0061160980971952,0.003918815532402784,0.014300855923445016,0.0010708307172218967
5.6130645,0.008604857305015284,0.006102939702562435,0.0039094268792667876,0.01427989777387048,0.0010668558868226882
5.616064000000001,0.0085884222378799,0.00608981409882528,0.0039000642880462535,0.014258978898442336,0.0010628965962556868
5.6190635,0.008572023597739958,0.006076721193371089,0.003890727676702349,0.014238099207766482,0.0010589527818538778
5.622063000000001,0.008555661292907822,0.006063660893878681,0.0038814169634840447,0.014217258612687664,0.0010550243802222598
5.6250625,0.008539335231953387,0.006050633108317196,0.0038721320669272497,0.014196457024288617,0.0010511113282365334
5.628062,0.008523045323703458,0.00603763774494516,0.0038628729058536133,0.014175694353889287,0.001047213563041902
5.6310615,0.008506791477240828,0.006024674712309489,0.0038536393993693265,0.014154970513046353,0.001043331022052004
5.634061,0.008490573601903658,0.006011743919244492,0.0038444314668641772,0.014134285413552309,0.0010394636429475453
5.6370605000000005,0.008474391607284507,0.005998845274870819,0.0038352490280104323,0.014113638967434602,0.001035611363675279
5.64006,0.00845824540322965,0.005985978688594617,0.0038260920027615715,0.014093031086955385,0.001031774122446716
5.643059500000001,0.008442134899838276,0.005973144070106321,0.0038169603113515213,0.014072461684610273,0.0010279518577370045
5.646059,0.008426060007461702,0.005960341329379942,0.003807853874293236,0.01405193067312808,0.001024144508283748
5.649058500000001,0.008410020636702594,0.005947570376671799,0.003798772612377909,0.01403143796546966,0.0010203520130858646
5.652058,0.00839401669841412,0.005934831122519866,0.003789716446673675,0.014010983474827713,0.0010165743114024157
5.655057500000001,0.008378048103699394,0.0059221234777425,0.0037806852985247216,0.013990567114625513,0.0010128113427514617
5.658057,0.00836211476391041,0.005909447353437714,0.003771679089550135,0.01397018879851677,0.001009063046908873
5.6610565,0.008346216590647514,0.00589680266098192,0.0037626977416428168,0.013949848440384511,0.0010053293639072467
5.664056,0.008330353495758516,0.005884189312029453,0.003753741176968516,0.013929545954340565,0.0010016102340348056
5.6670555,0.008314525391337936,0.00587160721851105,0.0037448093179647934,0.013909281254724862,0.0009979055978341469
5.6700550000000005,0.008298732189726269,0.005859056292633382,0.003735902087339808,0.013889054256104613,0.00099421539610123
5.6730545,0.008282973803509347,0.005846536446877687,0.003727019408071478,0.013868864873273812,0.0009905395698841864
5.676054000000001,0.00826725014551726,0.005834047593999246,0.003718161203406381,0.013848713021252457,0.0009868780604822805
5.6790535,0.00825156112882395,0.005821589647026067,0.003709327396858541,0.013828598615285796,0.0009832308094446603
5.682053000000001,0.00823590666674626,0.005809162519258196,0.003700517912208837,0.01380852157084368,0.0009795977585694683
5.6850525,0.008220286672843224,0.0057967661242666205,0.0036917326735034714,0.013788481803620092,0.000975978849902547
5.688052,0.00820470106091537,0.005784400375892546,0.00368297160505332,0.013768479229532104,0.0009723740257364122
5.6910515,0.008189149745003997,0.005772065188246219,0.0036742346314327106,0.013748513764719429,0.0009687832286092333
5.694051,0.008173632639390282,0.0057597604757061134,0.0036655216774785985,0.013728585325543692,0.0009652064013035888
5.6970505000000005,0.008158149658594684,0.005747486152918128,0.0036568326682892894,0.013708693828587736,0.0009616434868455996
5.70005,0.008142700717376172,0.00573524213479447,0.0036481675292238435,0.013688839190655108,0.0009580944285036274
5.7030495000000005,0.008127285730731527,0.005723028336512884,0.003639526185900598,0.01366902132876921,0.0009545591697874093
5.706049,0.008111904613894532,0.00571084467351562,0.0036309085641965414,0.01364924016017247,0.0009510376544468493
5.709048500000001,0.008096557282335288,0.005698691061508672,0.0036223145902461967,0.013629495602326297,0.0009475298264710325
5.712048,0.00808124365175952,0.005686567416460771,0.003613744190440585,0.01360978757290963,0.0009440356300871348
5.715047500000001,0.008065963638107783,0.0056744736546024905,0.003605197291426391,0.01359011598981889,0.0009405550097593999
5.718047,0.0080507171575548,0.005662409692425407,0.003596673820104781,0.013570480771167077,0.0009370879101880653
5.7210465,0.008035504126508705,0.005650375446681191,0.0035881737036306508,0.013550881835283142,0.0009336342763083679
5.724046,0.008020324461610337,0.005638370834380634,0.0035796968694114424,0.013531319100711219,0.0009301940532894209
5.7270455,0.008005178079732621,0.005626395772792868,0.003571243245106436,0.013511792486210285,0.0009267671865333143
5.7300450000000005,0.007990064897979675,0.005614450179444399,0.0035628127586254848,0.01349230191075309,0.0009233536216739615
5.7330445,0.007974984833686218,0.005602533972118407,0.003554405338128355,0.013472847293525981,0.000919953304576117
5.736044000000001,0.007959937804416848,0.005590647068853536,0.003546020912023494,0.013453428553927841,0.0009165661813344173
5.7390435,0.0079449237279654,0.005578789387943338,0.0035376594089674015,0.013434045611569655,0.0009131921982723013
5.742043000000001,0.00792994252235404,0.0055669608479352395,0.0035293207578632954,0.013414698386273903,0.0009098313019410285
5.7450425,0.007914994105832834,0.005555161367629763,0.0035210048878606373,0.013395386798073826,0.0009064834391186549
5.748042000000001,0.007900078396878852,0.005543390866079558,0.0035127117283536716,0.013376110767212792,0.0009031485568090592
5.7510415,0.007885195314195561,0.005531649262588588,0.0035044412089809463,0.013356870214143791,0.0008998266022409548
5.754041,0.00787034477671208,0.005519936476711363,0.00349619325962417,0.01333766505952863,0.0008965175228668721
5.7570405000000004,0.00785552670358261,0.005508252428251939,0.003487967810407305,0.013318495224237357,0.0008932212663621931
5.76004,0.007840741014185562,0.00549659703726314,0.0034797647916955817,0.013299360629347763,0.0008899377806241499
5.7630395000000005,0.007825987628123018,0.005484970224045733,0.0034715841340948106,0.013280261196144602,0.000886667013770848
5.766039,0.007811266465220026,0.005473371909147502,0.003463425768450206,0.013261196846119077,0.0008834089141403633
5.769038500000001,0.007796577445523816,0.005461802013362551,0.0034552896258455788,0.013242167500968082,0.0008801634302896843
5.772038,0.007781920489303259,0.005450260457730226,0.003447175637602557,0.01322317308259376,0.0008769305109937624
5.775037500000001,0.0077672955170481105,0.005438747163534577,0.003439083735279435,0.013204213513102735,0.0008737101052446331
5.778037,0.007752702449468362,0.00542726205230329,0.0034310138506704765,0.01318528871480562,0.0008705021622503421
5.7810365,0.007738141207493546,0.005415805045806936,0.0034229659158049827,0.013166398610216352,0.0008673066314341128
5.784036,0.007723611712272107,0.005404376066058187,0.003414939862946208,0.01314754312205151,0.0008641234624333008
5.7870355,0.007709113885170678,0.005392975035310919,0.0034069356245908394,0.013128722173229848,0.0008609526050985073
5.7900350000000005,0.007694647647773452,0.005381601876059518,0.0033989531334677626,0.013109935686871544,0.0008577940094926716
5.7930345,0.007680212921881591,0.0053702565110378435,0.0033909923225374002,0.01309118358629785,0.0008546476258900513
5.796034000000001,0.00766580962951233,0.0053589388632186395,0.0033830531249906923,0.01307246579503005,0.0008515134047753369
5.7990335,0.0076514376928986695,0.005347648855812573,0.003375135474248335,0.013053782236789319,0.0008483912968427798
5.802033000000001,0.00763709703448838,0.005336386412267522,0.003367239303959922,0.013035132835495919,0.0008452812529951514
5.8050325,0.007622787576943526,0.0053251514562676966,0.0033593645480028546,0.013016517515268543,0.0008421832243429702
5.808032000000001,0.007608509243139818,0.005313943911732929,0.003351511140481876,0.012997936200423854,0.0008390971622034752
5.8110315,0.007594261956165931,0.005302763702817711,0.003343679015727782,0.012979388815475782,0.000836023018099777
5.814031,0.007580045639322822,0.005291610753910619,0.0033358681082968807,0.012960875285134964,0.0008329607437599239
5.8170305,0.007565860216123057,0.0052804849896333364,0.0033280783529700325,0.012942395534308352,0.0008299102911160487
5.82003,0.007551705610290356,0.005269386334839937,0.00332030968475177,0.012923949488098297,0.0008268716123033902
5.8230295000000005,0.007537581745758741,0.005258314714616046,0.0033125620388694535,0.012905537071802123,0.0008238446596594888
5.826029,0.007523488546672015,0.0052472700542782426,0.0033048353507724912,0.012887158210911664,0.0008208293857232751
5.829028500000001,0.007509425937383007,0.0052362522793729755,0.0032971295561314796,0.012868812831112445,0.000817825743234133
5.832028,0.007495393842453074,0.005225261315676052,0.0032894445908373472,0.012850500858283376,0.0008148336851310896
5.835027500000001,0.007481392186651462,0.005214297089191656,0.003281780391000537,0.012832222218495865,0.0008118531645519046
5.838027,0.007467420894954516,0.005203359526151816,0.003274136892950226,0.012813976838013545,0.0008088841348322089
5.8410265,0.0074534798925452485,0.0051924485530153415,0.0032665140332333296,0.01279576464329144,0.0008059265495046199
5.844026,0.007439569104812585,0.005181564096467296,0.0032589117486138924,0.012777585560975612,0.0008029803622979225
5.8470255,0.007425688457350753,0.005170706083418083,0.0032513299760722233,0.01275943951790248,0.0008000455271361404
5.8500250000000005,0.007411837875958737,0.0051598744410028385,0.003243768652803947,0.012741326441098318,0.0007971219981377537
5.8530245,0.007398017286639547,0.005149069096580464,0.0032362277162193078,0.012723246257778596,0.0007942097296147895
5.856024000000001,0.007384226615599669,0.00513828997773308,0.003228707103942436,0.012705198895347509,0.0007913086760719958
5.8590235,0.007370465789248582,0.005127537012265118,0.003221206753810313,0.012687184281397321,0.0007884187922060191
5.862023000000001,0.007356734734197713,0.005116810128202618,0.0032137266038721798,0.012669202343707962,0.0007855400329045183
5.8650225,0.007343033377260424,0.005106109253792507,0.0032062665923887064,0.012651253010246201,0.0007826723532453837
5.868022000000001,0.007329361645450805,0.0050954343175018835,0.003198826657831073,0.012633336209165597,0.0007798157084958301
5.8710215,0.007315719465983628,0.005084785248017121,0.003191406738880342,0.01261545186880519,0.0007769700541116521
5.874021,0.007302106766273192,0.005074161974243373,0.00318400677442651,0.012597599917689687,0.0007741353457363189
5.8770205,0.007288523473933125,0.005063564425303578,0.003176626703567875,0.012579780284528495,0.0007713115392002306
5.88002,0.007274969516775759,0.00505299253053791,0.0031692664656101308,0.012561992898215246,0.0007684985905198435
5.8830195000000005,0.007261444822811163,0.005042446219502971,0.0031619260000657484,0.012544237687827437,0.0007656964558968401
5.886019,0.007247949320246961,0.005031925421971034,0.003154605246653033,0.012526514582625521,0.0007629050917174156
5.889018500000001,0.007234482937487535,0.005021430067929439,0.0031473041452953444,0.012508823512052734,0.0007601244545513613
5.892018,0.007221045603133491,0.005010960087579691,0.0031400226361205305,0.012491164405734334,0.0007573545011513321
5.895017500000001,0.0072076372459810665,0.0050005154113368835,0.0031327606594599064,0.012473537193477137,0.0007545951884519863
5.898017,0.007194257795021393,0.004990095969828946,0.003125518155847773,0.012455941805268982,0.0007518464735692857
5.9010165,0.007180907179440137,0.004979701693895875,0.003118295066020345,0.012438378171278198,0.0007491083137995693
5.904016,0.007167585328616818,0.004969332514589077,0.003111091330915257,0.012420846221853,0.0007463806666189132
5.9070155,0.007154292172124173,0.004958988363170638,0.003103906891670662,0.01240334588752114,0.0007436634896822061
5.9100150000000005,0.007141027639727566,0.004948669171112636,0.003096741689624519,0.01238587709898911,0.0007409567408224628
5.9130145,0.007127791661384577,0.004938374870096368,0.003089595666313937,0.012368439787141885,0.0007382603780500246
5.9160140000000006,0.007114584167244219,0.004928105392011731,0.0030824687634742093,0.012351033883042166,0.0007355743595517515
5.9190135,0.007101405087646415,0.004917860668956492,0.003075360923038318,0.012333659317930052,0.0007328986436902986
5.922013000000001,0.007088254353121551,0.004907640633235575,0.003068272087136012,0.012316316023222302,0.0007302331890032956
5.9250125,0.007075131894389747,0.004897445217360359,0.0030612021980932886,0.012299003930512144,0.000727577954202644
5.928012000000001,0.007062037642360295,0.004887274354048033,0.0030541511984313067,0.01228172297156834,0.000724932898173704
5.9310115,0.007048971528131235,0.0048771279762208596,0.0030471190308660723,0.012264473078334993,0.0007222979799745422
5.934011,0.007035933482988588,0.004867006017005463,0.0030401056383073766,0.012247254182930935,0.0007196731588352541
5.9370105,0.007022923438405994,0.004856908409732282,0.0030331109638582904,0.01223006621764909,0.0007170583941570691
5.94001,0.007009941326043914,0.0048468350879346915,0.0030261349508143185,0.012212909114956204,0.0007144536455117417
5.9430095000000005,0.006996987077749336,0.004836785985348487,0.003019177542662789,0.01219578280749207,0.0007118588726407399
5.946009,0.006984060625555012,0.004826761035911067,0.003012238683081991,0.012178687228069215,0.0007092740354545307
5.949008500000001,0.006971161901678919,0.00481676017376093,0.003005318315940659,0.012161622309672398,0.0007066990940317856
5.952008,0.006958290838523846,0.004806783333236813,0.0029984163852970177,0.012144587985457924,0.0007041340086187436
5.955007500000001,0.006945447368676661,0.0047968304488771474,0.0029915328353983354,0.012127584188753275,0.0007015787396283937
5.958007,0.006932631424907888,0.004786901455419368,0.00298466761068002,0.01211061085305653,0.0006990332476398026
5.961006500000001,0.006919842940171031,0.004776996287799201,0.0029778206557650806,0.012093667912036065,0.0006964974933973558
5.964006,0.006907081847602247,0.00476711488115009,0.002970991915463251,0.012076755299529802,0.0006939714378100456
5.9670055,0.006894348080519491,0.004757257170802411,0.002964181334770486,0.01205987294954485,0.0006914550419508088
5.9700050000000005,0.0068816415724222224,0.004747423092282923,0.0029573888588680843,0.012043020796256914,0.0006889482670556972
5.9730045,0.006868962256990746,0.0047376125813140425,0.002950614433122232,0.01202619877400995,0.0006864510745232561
5.9760040000000005,0.0068563100680856465,0.004727825573813308,0.0029438580030830214,0.012009406817315516,0.0006839634259138248
5.9790035,0.00684368493974739,0.004718062005892515,0.002937119514484014,0.011992644860852414,0.0006814852829487637
5.982003000000001,0.006831086806195606,0.0047083218138572825,0.0029303989132414463,0.01197591283946606,0.000679016607509811
5.9850025,0.006818515601828731,0.00469860493420626,0.002923696145453623,0.011959210688168197,0.0006765573616383493
5.988002000000001,0.006805971261223213,0.004688911303630585,0.0029170111574000923,0.011942538342136115,0.0006741075075347207
5.9910015,0.00679345371913331,0.004679240859013187,0.0029103438955412103,0.011925895736712476,0.000671667007557563
5.994001,0.006780962910490291,0.004669593537428157,0.0029036943065172374,0.011909282807404728,0.0006692358242230813
5.9970005,0.006768498770402043,0.004659969276140106,0.0028970623371478155,0.011892699489884384,0.0006668139202043865
6.0,0.006756061234152491,0.004650368012603534,0.002890447934431245,0.011876145719986984,0.0006644012583307974
